800000
800001
800002
800003
800004
800005
800006
800007
800008
800009
800010
800011
800012
800013
800014
800015
800016
800017
800018
800019
800020
800021
800022
800023
800024
800025
800026
800027
800028
800029
800030
800031
800032
800033
800034
800035
800036
800037
800038
800039
800040
800041
800042
800043
800044
800045
800046
800047
800048
800049
800050
800051
800052
800053
800054
800055
800056
800057
800058
800059
800060
800061
800062
800063
800064
800065
800066
800067
800068
800069
800070
800071
800072
800073
800074
800075
800076
800077
800078
800079
800080
800081
800082
800083
800084
800085
800086
800087
800088
800089
800090
800091
800092
800093
800094
800095
800096
800097
800098
800099
801000
801001
801002
801003
801004
801005
801006
801007
801008
801009
801010
801011
801012
801013
801014
801015
801016
801017
801018
801019
801020
801021
801022
801023
801024
801025
801026
801027
801028
801029
801030
801031
801032
801033
801034
801035
801036
801037
801038
801039
801040
801041
801042
801043
801044
801045
801046
801047
801048
801049
801050
801051
801052
801053
801054
801055
801056
801057
801058
801059
801060
801061
801062
801063
801064
801065
801066
801067
801068
801069
801070
801071
801072
801073
801074
801075
801076
801077
801078
801079
801080
801081
801082
801083
801084
801085
801086
801087
801088
801089
801090
801091
801092
801093
801094
801095
801096
801097
801098
801099
802000
802001
802002
802003
802004
802005
802006
802007
802008
802009
802010
802011
802012
802013
802014
802015
802016
802017
802018
802019
802020
802021
802022
802023
802024
802025
802026
802027
802028
802029
802030
802031
802032
802033
802034
802035
802036
802037
802038
802039
802040
802041
802042
802043
802044
802045
802046
802047
802048
802049
802050
802051
802052
802053
802054
802055
802056
802057
802058
802059
802060
802061
802062
802063
802064
802065
802066
802067
802068
802069
802070
802071
802072
802073
802074
802075
802076
802077
802078
802079
802080
802081
802082
802083
802084
802085
802086
802087
802088
802089
802090
802091
802092
802093
802094
802095
802096
802097
802098
802099
803000
803001
803002
803003
803004
803005
803006
803007
803008
803009
803010
803011
803012
803013
803014
803015
803016
803017
803018
803019
803020
803021
803022
803023
803024
803025
803026
803027
803028
803029
803030
803031
803032
803033
803034
803035
803036
803037
803038
803039
803040
803041
803042
803043
803044
803045
803046
803047
803048
803049
803050
803051
803052
803053
803054
803055
803056
803057
803058
803059
803060
803061
803062
803063
803064
803065
803066
803067
803068
803069
803070
803071
803072
803073
803074
803075
803076
803077
803078
803079
803080
803081
803082
803083
803084
803085
803086
803087
803088
803089
803090
803091
803092
803093
803094
803095
803096
803097
803098
803099
804000
804001
804002
804003
804004
804005
804006
804007
804008
804009
804010
804011
804012
804013
804014
804015
804016
804017
804018
804019
804020
804021
804022
804023
804024
804025
804026
804027
804028
804029
804030
804031
804032
804033
804034
804035
804036
804037
804038
804039
804040
804041
804042
804043
804044
804045
804046
804047
804048
804049
804050
804051
804052
804053
804054
804055
804056
804057
804058
804059
804060
804061
804062
804063
804064
804065
804066
804067
804068
804069
804070
804071
804072
804073
804074
804075
804076
804077
804078
804079
804080
804081
804082
804083
804084
804085
804086
804087
804088
804089
804090
804091
804092
804093
804094
804095
804096
804097
804098
804099
805000
805001
805002
805003
805004
805005
805006
805007
805008
805009
805010
805011
805012
805013
805014
805015
805016
805017
805018
805019
805020
805021
805022
805023
805024
805025
805026
805027
805028
805029
805030
805031
805032
805033
805034
805035
805036
805037
805038
805039
805040
805041
805042
805043
805044
805045
805046
805047
805048
805049
805050
805051
805052
805053
805054
805055
805056
805057
805058
805059
805060
805061
805062
805063
805064
805065
805066
805067
805068
805069
805070
805071
805072
805073
805074
805075
805076
805077
805078
805079
805080
805081
805082
805083
805084
805085
805086
805087
805088
805089
805090
805091
805092
805093
805094
805095
805096
805097
805098
805099
806000
806001
806002
806003
806004
806005
806006
806007
806008
806009
806010
806011
806012
806013
806014
806015
806016
806017
806018
806019
806020
806021
806022
806023
806024
806025
806026
806027
806028
806029
806030
806031
806032
806033
806034
806035
806036
806037
806038
806039
806040
806041
806042
806043
806044
806045
806046
806047
806048
806049
806050
806051
806052
806053
806054
806055
806056
806057
806058
806059
806060
806061
806062
806063
806064
806065
806066
806067
806068
806069
806070
806071
806072
806073
806074
806075
806076
806077
806078
806079
806080
806081
806082
806083
806084
806085
806086
806087
806088
806089
806090
806091
806092
806093
806094
806095
806096
806097
806098
806099
807000
807001
807002
807003
807004
807005
807006
807007
807008
807009
807010
807011
807012
807013
807014
807015
807016
807017
807018
807019
807020
807021
807022
807023
807024
807025
807026
807027
807028
807029
807030
807031
807032
807033
807034
807035
807036
807037
807038
807039
807040
807041
807042
807043
807044
807045
807046
807047
807048
807049
807050
807051
807052
807053
807054
807055
807056
807057
807058
807059
807060
807061
807062
807063
807064
807065
807066
807067
807068
807069
807070
807071
807072
807073
807074
807075
807076
807077
807078
807079
807080
807081
807082
807083
807084
807085
807086
807087
807088
807089
807090
807091
807092
807093
807094
807095
807096
807097
807098
807099
808000
808001
808002
808003
808004
808005
808006
808007
808008
808009
808010
808011
808012
808013
808014
808015
808016
808017
808018
808019
808020
808021
808022
808023
808024
808025
808026
808027
808028
808029
808030
808031
808032
808033
808034
808035
808036
808037
808038
808039
808040
808041
808042
808043
808044
808045
808046
808047
808048
808049
808050
808051
808052
808053
808054
808055
808056
808057
808058
808059
808060
808061
808062
808063
808064
808065
808066
808067
808068
808069
808070
808071
808072
808073
808074
808075
808076
808077
808078
808079
808080
808081
808082
808083
808084
808085
808086
808087
808088
808089
808090
808091
808092
808093
808094
808095
808096
808097
808098
808099
809000
809001
809002
809003
809004
809005
809006
809007
809008
809009
809010
809011
809012
809013
809014
809015
809016
809017
809018
809019
809020
809021
809022
809023
809024
809025
809026
809027
809028
809029
809030
809031
809032
809033
809034
809035
809036
809037
809038
809039
809040
809041
809042
809043
809044
809045
809046
809047
809048
809049
809050
809051
809052
809053
809054
809055
809056
809057
809058
809059
809060
809061
809062
809063
809064
809065
809066
809067
809068
809069
809070
809071
809072
809073
809074
809075
809076
809077
809078
809079
809080
809081
809082
809083
809084
809085
809086
809087
809088
809089
809090
809091
809092
809093
809094
809095
809096
809097
809098
809099
810000
810001
810002
810003
810004
810005
810006
810007
810008
810009
810010
810011
810012
810013
810014
810015
810016
810017
810018
810019
810020
810021
810022
810023
810024
810025
810026
810027
810028
810029
810030
810031
810032
810033
810034
810035
810036
810037
810038
810039
810040
810041
810042
810043
810044
810045
810046
810047
810048
810049
810050
810051
810052
810053
810054
810055
810056
810057
810058
810059
810060
810061
810062
810063
810064
810065
810066
810067
810068
810069
810070
810071
810072
810073
810074
810075
810076
810077
810078
810079
810080
810081
810082
810083
810084
810085
810086
810087
810088
810089
810090
810091
810092
810093
810094
810095
810096
810097
810098
810099
811000
811001
811002
811003
811004
811005
811006
811007
811008
811009
811010
811011
811012
811013
811014
811015
811016
811017
811018
811019
811020
811021
811022
811023
811024
811025
811026
811027
811028
811029
811030
811031
811032
811033
811034
811035
811036
811037
811038
811039
811040
811041
811042
811043
811044
811045
811046
811047
811048
811049
811050
811051
811052
811053
811054
811055
811056
811057
811058
811059
811060
811061
811062
811063
811064
811065
811066
811067
811068
811069
811070
811071
811072
811073
811074
811075
811076
811077
811078
811079
811080
811081
811082
811083
811084
811085
811086
811087
811088
811089
811090
811091
811092
811093
811094
811095
811096
811097
811098
811099
812000
812001
812002
812003
812004
812005
812006
812007
812008
812009
812010
812011
812012
812013
812014
812015
812016
812017
812018
812019
812020
812021
812022
812023
812024
812025
812026
812027
812028
812029
812030
812031
812032
812033
812034
812035
812036
812037
812038
812039
812040
812041
812042
812043
812044
812045
812046
812047
812048
812049
812050
812051
812052
812053
812054
812055
812056
812057
812058
812059
812060
812061
812062
812063
812064
812065
812066
812067
812068
812069
812070
812071
812072
812073
812074
812075
812076
812077
812078
812079
812080
812081
812082
812083
812084
812085
812086
812087
812088
812089
812090
812091
812092
812093
812094
812095
812096
812097
812098
812099
813000
813001
813002
813003
813004
813005
813006
813007
813008
813009
813010
813011
813012
813013
813014
813015
813016
813017
813018
813019
813020
813021
813022
813023
813024
813025
813026
813027
813028
813029
813030
813031
813032
813033
813034
813035
813036
813037
813038
813039
813040
813041
813042
813043
813044
813045
813046
813047
813048
813049
813050
813051
813052
813053
813054
813055
813056
813057
813058
813059
813060
813061
813062
813063
813064
813065
813066
813067
813068
813069
813070
813071
813072
813073
813074
813075
813076
813077
813078
813079
813080
813081
813082
813083
813084
813085
813086
813087
813088
813089
813090
813091
813092
813093
813094
813095
813096
813097
813098
813099
814000
814001
814002
814003
814004
814005
814006
814007
814008
814009
814010
814011
814012
814013
814014
814015
814016
814017
814018
814019
814020
814021
814022
814023
814024
814025
814026
814027
814028
814029
814030
814031
814032
814033
814034
814035
814036
814037
814038
814039
814040
814041
814042
814043
814044
814045
814046
814047
814048
814049
814050
814051
814052
814053
814054
814055
814056
814057
814058
814059
814060
814061
814062
814063
814064
814065
814066
814067
814068
814069
814070
814071
814072
814073
814074
814075
814076
814077
814078
814079
814080
814081
814082
814083
814084
814085
814086
814087
814088
814089
814090
814091
814092
814093
814094
814095
814096
814097
814098
814099
815000
815001
815002
815003
815004
815005
815006
815007
815008
815009
815010
815011
815012
815013
815014
815015
815016
815017
815018
815019
815020
815021
815022
815023
815024
815025
815026
815027
815028
815029
815030
815031
815032
815033
815034
815035
815036
815037
815038
815039
815040
815041
815042
815043
815044
815045
815046
815047
815048
815049
815050
815051
815052
815053
815054
815055
815056
815057
815058
815059
815060
815061
815062
815063
815064
815065
815066
815067
815068
815069
815070
815071
815072
815073
815074
815075
815076
815077
815078
815079
815080
815081
815082
815083
815084
815085
815086
815087
815088
815089
815090
815091
815092
815093
815094
815095
815096
815097
815098
815099
816000
816001
816002
816003
816004
816005
816006
816007
816008
816009
816010
816011
816012
816013
816014
816015
816016
816017
816018
816019
816020
816021
816022
816023
816024
816025
816026
816027
816028
816029
816030
816031
816032
816033
816034
816035
816036
816037
816038
816039
816040
816041
816042
816043
816044
816045
816046
816047
816048
816049
816050
816051
816052
816053
816054
816055
816056
816057
816058
816059
816060
816061
816062
816063
816064
816065
816066
816067
816068
816069
816070
816071
816072
816073
816074
816075
816076
816077
816078
816079
816080
816081
816082
816083
816084
816085
816086
816087
816088
816089
816090
816091
816092
816093
816094
816095
816096
816097
816098
816099
817000
817001
817002
817003
817004
817005
817006
817007
817008
817009
817010
817011
817012
817013
817014
817015
817016
817017
817018
817019
817020
817021
817022
817023
817024
817025
817026
817027
817028
817029
817030
817031
817032
817033
817034
817035
817036
817037
817038
817039
817040
817041
817042
817043
817044
817045
817046
817047
817048
817049
817050
817051
817052
817053
817054
817055
817056
817057
817058
817059
817060
817061
817062
817063
817064
817065
817066
817067
817068
817069
817070
817071
817072
817073
817074
817075
817076
817077
817078
817079
817080
817081
817082
817083
817084
817085
817086
817087
817088
817089
817090
817091
817092
817093
817094
817095
817096
817097
817098
817099
818000
818001
818002
818003
818004
818005
818006
818007
818008
818009
818010
818011
818012
818013
818014
818015
818016
818017
818018
818019
818020
818021
818022
818023
818024
818025
818026
818027
818028
818029
818030
818031
818032
818033
818034
818035
818036
818037
818038
818039
818040
818041
818042
818043
818044
818045
818046
818047
818048
818049
818050
818051
818052
818053
818054
818055
818056
818057
818058
818059
818060
818061
818062
818063
818064
818065
818066
818067
818068
818069
818070
818071
818072
818073
818074
818075
818076
818077
818078
818079
818080
818081
818082
818083
818084
818085
818086
818087
818088
818089
818090
818091
818092
818093
818094
818095
818096
818097
818098
818099
819000
819001
819002
819003
819004
819005
819006
819007
819008
819009
819010
819011
819012
819013
819014
819015
819016
819017
819018
819019
819020
819021
819022
819023
819024
819025
819026
819027
819028
819029
819030
819031
819032
819033
819034
819035
819036
819037
819038
819039
819040
819041
819042
819043
819044
819045
819046
819047
819048
819049
819050
819051
819052
819053
819054
819055
819056
819057
819058
819059
819060
819061
819062
819063
819064
819065
819066
819067
819068
819069
819070
819071
819072
819073
819074
819075
819076
819077
819078
819079
819080
819081
819082
819083
819084
819085
819086
819087
819088
819089
819090
819091
819092
819093
819094
819095
819096
819097
819098
819099
820000
820001
820002
820003
820004
820005
820006
820007
820008
820009
820010
820011
820012
820013
820014
820015
820016
820017
820018
820019
820020
820021
820022
820023
820024
820025
820026
820027
820028
820029
820030
820031
820032
820033
820034
820035
820036
820037
820038
820039
820040
820041
820042
820043
820044
820045
820046
820047
820048
820049
820050
820051
820052
820053
820054
820055
820056
820057
820058
820059
820060
820061
820062
820063
820064
820065
820066
820067
820068
820069
820070
820071
820072
820073
820074
820075
820076
820077
820078
820079
820080
820081
820082
820083
820084
820085
820086
820087
820088
820089
820090
820091
820092
820093
820094
820095
820096
820097
820098
820099
821000
821001
821002
821003
821004
821005
821006
821007
821008
821009
821010
821011
821012
821013
821014
821015
821016
821017
821018
821019
821020
821021
821022
821023
821024
821025
821026
821027
821028
821029
821030
821031
821032
821033
821034
821035
821036
821037
821038
821039
821040
821041
821042
821043
821044
821045
821046
821047
821048
821049
821050
821051
821052
821053
821054
821055
821056
821057
821058
821059
821060
821061
821062
821063
821064
821065
821066
821067
821068
821069
821070
821071
821072
821073
821074
821075
821076
821077
821078
821079
821080
821081
821082
821083
821084
821085
821086
821087
821088
821089
821090
821091
821092
821093
821094
821095
821096
821097
821098
821099
822000
822001
822002
822003
822004
822005
822006
822007
822008
822009
822010
822011
822012
822013
822014
822015
822016
822017
822018
822019
822020
822021
822022
822023
822024
822025
822026
822027
822028
822029
822030
822031
822032
822033
822034
822035
822036
822037
822038
822039
822040
822041
822042
822043
822044
822045
822046
822047
822048
822049
822050
822051
822052
822053
822054
822055
822056
822057
822058
822059
822060
822061
822062
822063
822064
822065
822066
822067
822068
822069
822070
822071
822072
822073
822074
822075
822076
822077
822078
822079
822080
822081
822082
822083
822084
822085
822086
822087
822088
822089
822090
822091
822092
822093
822094
822095
822096
822097
822098
822099
823000
823001
823002
823003
823004
823005
823006
823007
823008
823009
823010
823011
823012
823013
823014
823015
823016
823017
823018
823019
823020
823021
823022
823023
823024
823025
823026
823027
823028
823029
823030
823031
823032
823033
823034
823035
823036
823037
823038
823039
823040
823041
823042
823043
823044
823045
823046
823047
823048
823049
823050
823051
823052
823053
823054
823055
823056
823057
823058
823059
823060
823061
823062
823063
823064
823065
823066
823067
823068
823069
823070
823071
823072
823073
823074
823075
823076
823077
823078
823079
823080
823081
823082
823083
823084
823085
823086
823087
823088
823089
823090
823091
823092
823093
823094
823095
823096
823097
823098
823099
824000
824001
824002
824003
824004
824005
824006
824007
824008
824009
824010
824011
824012
824013
824014
824015
824016
824017
824018
824019
824020
824021
824022
824023
824024
824025
824026
824027
824028
824029
824030
824031
824032
824033
824034
824035
824036
824037
824038
824039
824040
824041
824042
824043
824044
824045
824046
824047
824048
824049
824050
824051
824052
824053
824054
824055
824056
824057
824058
824059
824060
824061
824062
824063
824064
824065
824066
824067
824068
824069
824070
824071
824072
824073
824074
824075
824076
824077
824078
824079
824080
824081
824082
824083
824084
824085
824086
824087
824088
824089
824090
824091
824092
824093
824094
824095
824096
824097
824098
824099
825000
825001
825002
825003
825004
825005
825006
825007
825008
825009
825010
825011
825012
825013
825014
825015
825016
825017
825018
825019
825020
825021
825022
825023
825024
825025
825026
825027
825028
825029
825030
825031
825032
825033
825034
825035
825036
825037
825038
825039
825040
825041
825042
825043
825044
825045
825046
825047
825048
825049
825050
825051
825052
825053
825054
825055
825056
825057
825058
825059
825060
825061
825062
825063
825064
825065
825066
825067
825068
825069
825070
825071
825072
825073
825074
825075
825076
825077
825078
825079
825080
825081
825082
825083
825084
825085
825086
825087
825088
825089
825090
825091
825092
825093
825094
825095
825096
825097
825098
825099
826000
826001
826002
826003
826004
826005
826006
826007
826008
826009
826010
826011
826012
826013
826014
826015
826016
826017
826018
826019
826020
826021
826022
826023
826024
826025
826026
826027
826028
826029
826030
826031
826032
826033
826034
826035
826036
826037
826038
826039
826040
826041
826042
826043
826044
826045
826046
826047
826048
826049
826050
826051
826052
826053
826054
826055
826056
826057
826058
826059
826060
826061
826062
826063
826064
826065
826066
826067
826068
826069
826070
826071
826072
826073
826074
826075
826076
826077
826078
826079
826080
826081
826082
826083
826084
826085
826086
826087
826088
826089
826090
826091
826092
826093
826094
826095
826096
826097
826098
826099
827000
827001
827002
827003
827004
827005
827006
827007
827008
827009
827010
827011
827012
827013
827014
827015
827016
827017
827018
827019
827020
827021
827022
827023
827024
827025
827026
827027
827028
827029
827030
827031
827032
827033
827034
827035
827036
827037
827038
827039
827040
827041
827042
827043
827044
827045
827046
827047
827048
827049
827050
827051
827052
827053
827054
827055
827056
827057
827058
827059
827060
827061
827062
827063
827064
827065
827066
827067
827068
827069
827070
827071
827072
827073
827074
827075
827076
827077
827078
827079
827080
827081
827082
827083
827084
827085
827086
827087
827088
827089
827090
827091
827092
827093
827094
827095
827096
827097
827098
827099
828000
828001
828002
828003
828004
828005
828006
828007
828008
828009
828010
828011
828012
828013
828014
828015
828016
828017
828018
828019
828020
828021
828022
828023
828024
828025
828026
828027
828028
828029
828030
828031
828032
828033
828034
828035
828036
828037
828038
828039
828040
828041
828042
828043
828044
828045
828046
828047
828048
828049
828050
828051
828052
828053
828054
828055
828056
828057
828058
828059
828060
828061
828062
828063
828064
828065
828066
828067
828068
828069
828070
828071
828072
828073
828074
828075
828076
828077
828078
828079
828080
828081
828082
828083
828084
828085
828086
828087
828088
828089
828090
828091
828092
828093
828094
828095
828096
828097
828098
828099
829000
829001
829002
829003
829004
829005
829006
829007
829008
829009
829010
829011
829012
829013
829014
829015
829016
829017
829018
829019
829020
829021
829022
829023
829024
829025
829026
829027
829028
829029
829030
829031
829032
829033
829034
829035
829036
829037
829038
829039
829040
829041
829042
829043
829044
829045
829046
829047
829048
829049
829050
829051
829052
829053
829054
829055
829056
829057
829058
829059
829060
829061
829062
829063
829064
829065
829066
829067
829068
829069
829070
829071
829072
829073
829074
829075
829076
829077
829078
829079
829080
829081
829082
829083
829084
829085
829086
829087
829088
829089
829090
829091
829092
829093
829094
829095
829096
829097
829098
829099
830000
830001
830002
830003
830004
830005
830006
830007
830008
830009
830010
830011
830012
830013
830014
830015
830016
830017
830018
830019
830020
830021
830022
830023
830024
830025
830026
830027
830028
830029
830030
830031
830032
830033
830034
830035
830036
830037
830038
830039
830040
830041
830042
830043
830044
830045
830046
830047
830048
830049
830050
830051
830052
830053
830054
830055
830056
830057
830058
830059
830060
830061
830062
830063
830064
830065
830066
830067
830068
830069
830070
830071
830072
830073
830074
830075
830076
830077
830078
830079
830080
830081
830082
830083
830084
830085
830086
830087
830088
830089
830090
830091
830092
830093
830094
830095
830096
830097
830098
830099
831000
831001
831002
831003
831004
831005
831006
831007
831008
831009
831010
831011
831012
831013
831014
831015
831016
831017
831018
831019
831020
831021
831022
831023
831024
831025
831026
831027
831028
831029
831030
831031
831032
831033
831034
831035
831036
831037
831038
831039
831040
831041
831042
831043
831044
831045
831046
831047
831048
831049
831050
831051
831052
831053
831054
831055
831056
831057
831058
831059
831060
831061
831062
831063
831064
831065
831066
831067
831068
831069
831070
831071
831072
831073
831074
831075
831076
831077
831078
831079
831080
831081
831082
831083
831084
831085
831086
831087
831088
831089
831090
831091
831092
831093
831094
831095
831096
831097
831098
831099
832000
832001
832002
832003
832004
832005
832006
832007
832008
832009
832010
832011
832012
832013
832014
832015
832016
832017
832018
832019
832020
832021
832022
832023
832024
832025
832026
832027
832028
832029
832030
832031
832032
832033
832034
832035
832036
832037
832038
832039
832040
832041
832042
832043
832044
832045
832046
832047
832048
832049
832050
832051
832052
832053
832054
832055
832056
832057
832058
832059
832060
832061
832062
832063
832064
832065
832066
832067
832068
832069
832070
832071
832072
832073
832074
832075
832076
832077
832078
832079
832080
832081
832082
832083
832084
832085
832086
832087
832088
832089
832090
832091
832092
832093
832094
832095
832096
832097
832098
832099
833000
833001
833002
833003
833004
833005
833006
833007
833008
833009
833010
833011
833012
833013
833014
833015
833016
833017
833018
833019
833020
833021
833022
833023
833024
833025
833026
833027
833028
833029
833030
833031
833032
833033
833034
833035
833036
833037
833038
833039
833040
833041
833042
833043
833044
833045
833046
833047
833048
833049
833050
833051
833052
833053
833054
833055
833056
833057
833058
833059
833060
833061
833062
833063
833064
833065
833066
833067
833068
833069
833070
833071
833072
833073
833074
833075
833076
833077
833078
833079
833080
833081
833082
833083
833084
833085
833086
833087
833088
833089
833090
833091
833092
833093
833094
833095
833096
833097
833098
833099
834000
834001
834002
834003
834004
834005
834006
834007
834008
834009
834010
834011
834012
834013
834014
834015
834016
834017
834018
834019
834020
834021
834022
834023
834024
834025
834026
834027
834028
834029
834030
834031
834032
834033
834034
834035
834036
834037
834038
834039
834040
834041
834042
834043
834044
834045
834046
834047
834048
834049
834050
834051
834052
834053
834054
834055
834056
834057
834058
834059
834060
834061
834062
834063
834064
834065
834066
834067
834068
834069
834070
834071
834072
834073
834074
834075
834076
834077
834078
834079
834080
834081
834082
834083
834084
834085
834086
834087
834088
834089
834090
834091
834092
834093
834094
834095
834096
834097
834098
834099
835000
835001
835002
835003
835004
835005
835006
835007
835008
835009
835010
835011
835012
835013
835014
835015
835016
835017
835018
835019
835020
835021
835022
835023
835024
835025
835026
835027
835028
835029
835030
835031
835032
835033
835034
835035
835036
835037
835038
835039
835040
835041
835042
835043
835044
835045
835046
835047
835048
835049
835050
835051
835052
835053
835054
835055
835056
835057
835058
835059
835060
835061
835062
835063
835064
835065
835066
835067
835068
835069
835070
835071
835072
835073
835074
835075
835076
835077
835078
835079
835080
835081
835082
835083
835084
835085
835086
835087
835088
835089
835090
835091
835092
835093
835094
835095
835096
835097
835098
835099
836000
836001
836002
836003
836004
836005
836006
836007
836008
836009
836010
836011
836012
836013
836014
836015
836016
836017
836018
836019
836020
836021
836022
836023
836024
836025
836026
836027
836028
836029
836030
836031
836032
836033
836034
836035
836036
836037
836038
836039
836040
836041
836042
836043
836044
836045
836046
836047
836048
836049
836050
836051
836052
836053
836054
836055
836056
836057
836058
836059
836060
836061
836062
836063
836064
836065
836066
836067
836068
836069
836070
836071
836072
836073
836074
836075
836076
836077
836078
836079
836080
836081
836082
836083
836084
836085
836086
836087
836088
836089
836090
836091
836092
836093
836094
836095
836096
836097
836098
836099
837000
837001
837002
837003
837004
837005
837006
837007
837008
837009
837010
837011
837012
837013
837014
837015
837016
837017
837018
837019
837020
837021
837022
837023
837024
837025
837026
837027
837028
837029
837030
837031
837032
837033
837034
837035
837036
837037
837038
837039
837040
837041
837042
837043
837044
837045
837046
837047
837048
837049
837050
837051
837052
837053
837054
837055
837056
837057
837058
837059
837060
837061
837062
837063
837064
837065
837066
837067
837068
837069
837070
837071
837072
837073
837074
837075
837076
837077
837078
837079
837080
837081
837082
837083
837084
837085
837086
837087
837088
837089
837090
837091
837092
837093
837094
837095
837096
837097
837098
837099
838000
838001
838002
838003
838004
838005
838006
838007
838008
838009
838010
838011
838012
838013
838014
838015
838016
838017
838018
838019
838020
838021
838022
838023
838024
838025
838026
838027
838028
838029
838030
838031
838032
838033
838034
838035
838036
838037
838038
838039
838040
838041
838042
838043
838044
838045
838046
838047
838048
838049
838050
838051
838052
838053
838054
838055
838056
838057
838058
838059
838060
838061
838062
838063
838064
838065
838066
838067
838068
838069
838070
838071
838072
838073
838074
838075
838076
838077
838078
838079
838080
838081
838082
838083
838084
838085
838086
838087
838088
838089
838090
838091
838092
838093
838094
838095
838096
838097
838098
838099
839000
839001
839002
839003
839004
839005
839006
839007
839008
839009
839010
839011
839012
839013
839014
839015
839016
839017
839018
839019
839020
839021
839022
839023
839024
839025
839026
839027
839028
839029
839030
839031
839032
839033
839034
839035
839036
839037
839038
839039
839040
839041
839042
839043
839044
839045
839046
839047
839048
839049
839050
839051
839052
839053
839054
839055
839056
839057
839058
839059
839060
839061
839062
839063
839064
839065
839066
839067
839068
839069
839070
839071
839072
839073
839074
839075
839076
839077
839078
839079
839080
839081
839082
839083
839084
839085
839086
839087
839088
839089
839090
839091
839092
839093
839094
839095
839096
839097
839098
839099
840000
840001
840002
840003
840004
840005
840006
840007
840008
840009
840010
840011
840012
840013
840014
840015
840016
840017
840018
840019
840020
840021
840022
840023
840024
840025
840026
840027
840028
840029
840030
840031
840032
840033
840034
840035
840036
840037
840038
840039
840040
840041
840042
840043
840044
840045
840046
840047
840048
840049
840050
840051
840052
840053
840054
840055
840056
840057
840058
840059
840060
840061
840062
840063
840064
840065
840066
840067
840068
840069
840070
840071
840072
840073
840074
840075
840076
840077
840078
840079
840080
840081
840082
840083
840084
840085
840086
840087
840088
840089
840090
840091
840092
840093
840094
840095
840096
840097
840098
840099
841000
841001
841002
841003
841004
841005
841006
841007
841008
841009
841010
841011
841012
841013
841014
841015
841016
841017
841018
841019
841020
841021
841022
841023
841024
841025
841026
841027
841028
841029
841030
841031
841032
841033
841034
841035
841036
841037
841038
841039
841040
841041
841042
841043
841044
841045
841046
841047
841048
841049
841050
841051
841052
841053
841054
841055
841056
841057
841058
841059
841060
841061
841062
841063
841064
841065
841066
841067
841068
841069
841070
841071
841072
841073
841074
841075
841076
841077
841078
841079
841080
841081
841082
841083
841084
841085
841086
841087
841088
841089
841090
841091
841092
841093
841094
841095
841096
841097
841098
841099
842000
842001
842002
842003
842004
842005
842006
842007
842008
842009
842010
842011
842012
842013
842014
842015
842016
842017
842018
842019
842020
842021
842022
842023
842024
842025
842026
842027
842028
842029
842030
842031
842032
842033
842034
842035
842036
842037
842038
842039
842040
842041
842042
842043
842044
842045
842046
842047
842048
842049
842050
842051
842052
842053
842054
842055
842056
842057
842058
842059
842060
842061
842062
842063
842064
842065
842066
842067
842068
842069
842070
842071
842072
842073
842074
842075
842076
842077
842078
842079
842080
842081
842082
842083
842084
842085
842086
842087
842088
842089
842090
842091
842092
842093
842094
842095
842096
842097
842098
842099
843000
843001
843002
843003
843004
843005
843006
843007
843008
843009
843010
843011
843012
843013
843014
843015
843016
843017
843018
843019
843020
843021
843022
843023
843024
843025
843026
843027
843028
843029
843030
843031
843032
843033
843034
843035
843036
843037
843038
843039
843040
843041
843042
843043
843044
843045
843046
843047
843048
843049
843050
843051
843052
843053
843054
843055
843056
843057
843058
843059
843060
843061
843062
843063
843064
843065
843066
843067
843068
843069
843070
843071
843072
843073
843074
843075
843076
843077
843078
843079
843080
843081
843082
843083
843084
843085
843086
843087
843088
843089
843090
843091
843092
843093
843094
843095
843096
843097
843098
843099
844000
844001
844002
844003
844004
844005
844006
844007
844008
844009
844010
844011
844012
844013
844014
844015
844016
844017
844018
844019
844020
844021
844022
844023
844024
844025
844026
844027
844028
844029
844030
844031
844032
844033
844034
844035
844036
844037
844038
844039
844040
844041
844042
844043
844044
844045
844046
844047
844048
844049
844050
844051
844052
844053
844054
844055
844056
844057
844058
844059
844060
844061
844062
844063
844064
844065
844066
844067
844068
844069
844070
844071
844072
844073
844074
844075
844076
844077
844078
844079
844080
844081
844082
844083
844084
844085
844086
844087
844088
844089
844090
844091
844092
844093
844094
844095
844096
844097
844098
844099
845000
845001
845002
845003
845004
845005
845006
845007
845008
845009
845010
845011
845012
845013
845014
845015
845016
845017
845018
845019
845020
845021
845022
845023
845024
845025
845026
845027
845028
845029
845030
845031
845032
845033
845034
845035
845036
845037
845038
845039
845040
845041
845042
845043
845044
845045
845046
845047
845048
845049
845050
845051
845052
845053
845054
845055
845056
845057
845058
845059
845060
845061
845062
845063
845064
845065
845066
845067
845068
845069
845070
845071
845072
845073
845074
845075
845076
845077
845078
845079
845080
845081
845082
845083
845084
845085
845086
845087
845088
845089
845090
845091
845092
845093
845094
845095
845096
845097
845098
845099
846000
846001
846002
846003
846004
846005
846006
846007
846008
846009
846010
846011
846012
846013
846014
846015
846016
846017
846018
846019
846020
846021
846022
846023
846024
846025
846026
846027
846028
846029
846030
846031
846032
846033
846034
846035
846036
846037
846038
846039
846040
846041
846042
846043
846044
846045
846046
846047
846048
846049
846050
846051
846052
846053
846054
846055
846056
846057
846058
846059
846060
846061
846062
846063
846064
846065
846066
846067
846068
846069
846070
846071
846072
846073
846074
846075
846076
846077
846078
846079
846080
846081
846082
846083
846084
846085
846086
846087
846088
846089
846090
846091
846092
846093
846094
846095
846096
846097
846098
846099
847000
847001
847002
847003
847004
847005
847006
847007
847008
847009
847010
847011
847012
847013
847014
847015
847016
847017
847018
847019
847020
847021
847022
847023
847024
847025
847026
847027
847028
847029
847030
847031
847032
847033
847034
847035
847036
847037
847038
847039
847040
847041
847042
847043
847044
847045
847046
847047
847048
847049
847050
847051
847052
847053
847054
847055
847056
847057
847058
847059
847060
847061
847062
847063
847064
847065
847066
847067
847068
847069
847070
847071
847072
847073
847074
847075
847076
847077
847078
847079
847080
847081
847082
847083
847084
847085
847086
847087
847088
847089
847090
847091
847092
847093
847094
847095
847096
847097
847098
847099
848000
848001
848002
848003
848004
848005
848006
848007
848008
848009
848010
848011
848012
848013
848014
848015
848016
848017
848018
848019
848020
848021
848022
848023
848024
848025
848026
848027
848028
848029
848030
848031
848032
848033
848034
848035
848036
848037
848038
848039
848040
848041
848042
848043
848044
848045
848046
848047
848048
848049
848050
848051
848052
848053
848054
848055
848056
848057
848058
848059
848060
848061
848062
848063
848064
848065
848066
848067
848068
848069
848070
848071
848072
848073
848074
848075
848076
848077
848078
848079
848080
848081
848082
848083
848084
848085
848086
848087
848088
848089
848090
848091
848092
848093
848094
848095
848096
848097
848098
848099
849000
849001
849002
849003
849004
849005
849006
849007
849008
849009
849010
849011
849012
849013
849014
849015
849016
849017
849018
849019
849020
849021
849022
849023
849024
849025
849026
849027
849028
849029
849030
849031
849032
849033
849034
849035
849036
849037
849038
849039
849040
849041
849042
849043
849044
849045
849046
849047
849048
849049
849050
849051
849052
849053
849054
849055
849056
849057
849058
849059
849060
849061
849062
849063
849064
849065
849066
849067
849068
849069
849070
849071
849072
849073
849074
849075
849076
849077
849078
849079
849080
849081
849082
849083
849084
849085
849086
849087
849088
849089
849090
849091
849092
849093
849094
849095
849096
849097
849098
849099
850000
850001
850002
850003
850004
850005
850006
850007
850008
850009
850010
850011
850012
850013
850014
850015
850016
850017
850018
850019
850020
850021
850022
850023
850024
850025
850026
850027
850028
850029
850030
850031
850032
850033
850034
850035
850036
850037
850038
850039
850040
850041
850042
850043
850044
850045
850046
850047
850048
850049
850050
850051
850052
850053
850054
850055
850056
850057
850058
850059
850060
850061
850062
850063
850064
850065
850066
850067
850068
850069
850070
850071
850072
850073
850074
850075
850076
850077
850078
850079
850080
850081
850082
850083
850084
850085
850086
850087
850088
850089
850090
850091
850092
850093
850094
850095
850096
850097
850098
850099
851000
851001
851002
851003
851004
851005
851006
851007
851008
851009
851010
851011
851012
851013
851014
851015
851016
851017
851018
851019
851020
851021
851022
851023
851024
851025
851026
851027
851028
851029
851030
851031
851032
851033
851034
851035
851036
851037
851038
851039
851040
851041
851042
851043
851044
851045
851046
851047
851048
851049
851050
851051
851052
851053
851054
851055
851056
851057
851058
851059
851060
851061
851062
851063
851064
851065
851066
851067
851068
851069
851070
851071
851072
851073
851074
851075
851076
851077
851078
851079
851080
851081
851082
851083
851084
851085
851086
851087
851088
851089
851090
851091
851092
851093
851094
851095
851096
851097
851098
851099
852000
852001
852002
852003
852004
852005
852006
852007
852008
852009
852010
852011
852012
852013
852014
852015
852016
852017
852018
852019
852020
852021
852022
852023
852024
852025
852026
852027
852028
852029
852030
852031
852032
852033
852034
852035
852036
852037
852038
852039
852040
852041
852042
852043
852044
852045
852046
852047
852048
852049
852050
852051
852052
852053
852054
852055
852056
852057
852058
852059
852060
852061
852062
852063
852064
852065
852066
852067
852068
852069
852070
852071
852072
852073
852074
852075
852076
852077
852078
852079
852080
852081
852082
852083
852084
852085
852086
852087
852088
852089
852090
852091
852092
852093
852094
852095
852096
852097
852098
852099
853000
853001
853002
853003
853004
853005
853006
853007
853008
853009
853010
853011
853012
853013
853014
853015
853016
853017
853018
853019
853020
853021
853022
853023
853024
853025
853026
853027
853028
853029
853030
853031
853032
853033
853034
853035
853036
853037
853038
853039
853040
853041
853042
853043
853044
853045
853046
853047
853048
853049
853050
853051
853052
853053
853054
853055
853056
853057
853058
853059
853060
853061
853062
853063
853064
853065
853066
853067
853068
853069
853070
853071
853072
853073
853074
853075
853076
853077
853078
853079
853080
853081
853082
853083
853084
853085
853086
853087
853088
853089
853090
853091
853092
853093
853094
853095
853096
853097
853098
853099
854000
854001
854002
854003
854004
854005
854006
854007
854008
854009
854010
854011
854012
854013
854014
854015
854016
854017
854018
854019
854020
854021
854022
854023
854024
854025
854026
854027
854028
854029
854030
854031
854032
854033
854034
854035
854036
854037
854038
854039
854040
854041
854042
854043
854044
854045
854046
854047
854048
854049
854050
854051
854052
854053
854054
854055
854056
854057
854058
854059
854060
854061
854062
854063
854064
854065
854066
854067
854068
854069
854070
854071
854072
854073
854074
854075
854076
854077
854078
854079
854080
854081
854082
854083
854084
854085
854086
854087
854088
854089
854090
854091
854092
854093
854094
854095
854096
854097
854098
854099
855000
855001
855002
855003
855004
855005
855006
855007
855008
855009
855010
855011
855012
855013
855014
855015
855016
855017
855018
855019
855020
855021
855022
855023
855024
855025
855026
855027
855028
855029
855030
855031
855032
855033
855034
855035
855036
855037
855038
855039
855040
855041
855042
855043
855044
855045
855046
855047
855048
855049
855050
855051
855052
855053
855054
855055
855056
855057
855058
855059
855060
855061
855062
855063
855064
855065
855066
855067
855068
855069
855070
855071
855072
855073
855074
855075
855076
855077
855078
855079
855080
855081
855082
855083
855084
855085
855086
855087
855088
855089
855090
855091
855092
855093
855094
855095
855096
855097
855098
855099
856000
856001
856002
856003
856004
856005
856006
856007
856008
856009
856010
856011
856012
856013
856014
856015
856016
856017
856018
856019
856020
856021
856022
856023
856024
856025
856026
856027
856028
856029
856030
856031
856032
856033
856034
856035
856036
856037
856038
856039
856040
856041
856042
856043
856044
856045
856046
856047
856048
856049
856050
856051
856052
856053
856054
856055
856056
856057
856058
856059
856060
856061
856062
856063
856064
856065
856066
856067
856068
856069
856070
856071
856072
856073
856074
856075
856076
856077
856078
856079
856080
856081
856082
856083
856084
856085
856086
856087
856088
856089
856090
856091
856092
856093
856094
856095
856096
856097
856098
856099
857000
857001
857002
857003
857004
857005
857006
857007
857008
857009
857010
857011
857012
857013
857014
857015
857016
857017
857018
857019
857020
857021
857022
857023
857024
857025
857026
857027
857028
857029
857030
857031
857032
857033
857034
857035
857036
857037
857038
857039
857040
857041
857042
857043
857044
857045
857046
857047
857048
857049
857050
857051
857052
857053
857054
857055
857056
857057
857058
857059
857060
857061
857062
857063
857064
857065
857066
857067
857068
857069
857070
857071
857072
857073
857074
857075
857076
857077
857078
857079
857080
857081
857082
857083
857084
857085
857086
857087
857088
857089
857090
857091
857092
857093
857094
857095
857096
857097
857098
857099
858000
858001
858002
858003
858004
858005
858006
858007
858008
858009
858010
858011
858012
858013
858014
858015
858016
858017
858018
858019
858020
858021
858022
858023
858024
858025
858026
858027
858028
858029
858030
858031
858032
858033
858034
858035
858036
858037
858038
858039
858040
858041
858042
858043
858044
858045
858046
858047
858048
858049
858050
858051
858052
858053
858054
858055
858056
858057
858058
858059
858060
858061
858062
858063
858064
858065
858066
858067
858068
858069
858070
858071
858072
858073
858074
858075
858076
858077
858078
858079
858080
858081
858082
858083
858084
858085
858086
858087
858088
858089
858090
858091
858092
858093
858094
858095
858096
858097
858098
858099
859000
859001
859002
859003
859004
859005
859006
859007
859008
859009
859010
859011
859012
859013
859014
859015
859016
859017
859018
859019
859020
859021
859022
859023
859024
859025
859026
859027
859028
859029
859030
859031
859032
859033
859034
859035
859036
859037
859038
859039
859040
859041
859042
859043
859044
859045
859046
859047
859048
859049
859050
859051
859052
859053
859054
859055
859056
859057
859058
859059
859060
859061
859062
859063
859064
859065
859066
859067
859068
859069
859070
859071
859072
859073
859074
859075
859076
859077
859078
859079
859080
859081
859082
859083
859084
859085
859086
859087
859088
859089
859090
859091
859092
859093
859094
859095
859096
859097
859098
859099
860000
860001
860002
860003
860004
860005
860006
860007
860008
860009
860010
860011
860012
860013
860014
860015
860016
860017
860018
860019
860020
860021
860022
860023
860024
860025
860026
860027
860028
860029
860030
860031
860032
860033
860034
860035
860036
860037
860038
860039
860040
860041
860042
860043
860044
860045
860046
860047
860048
860049
860050
860051
860052
860053
860054
860055
860056
860057
860058
860059
860060
860061
860062
860063
860064
860065
860066
860067
860068
860069
860070
860071
860072
860073
860074
860075
860076
860077
860078
860079
860080
860081
860082
860083
860084
860085
860086
860087
860088
860089
860090
860091
860092
860093
860094
860095
860096
860097
860098
860099
861000
861001
861002
861003
861004
861005
861006
861007
861008
861009
861010
861011
861012
861013
861014
861015
861016
861017
861018
861019
861020
861021
861022
861023
861024
861025
861026
861027
861028
861029
861030
861031
861032
861033
861034
861035
861036
861037
861038
861039
861040
861041
861042
861043
861044
861045
861046
861047
861048
861049
861050
861051
861052
861053
861054
861055
861056
861057
861058
861059
861060
861061
861062
861063
861064
861065
861066
861067
861068
861069
861070
861071
861072
861073
861074
861075
861076
861077
861078
861079
861080
861081
861082
861083
861084
861085
861086
861087
861088
861089
861090
861091
861092
861093
861094
861095
861096
861097
861098
861099
862000
862001
862002
862003
862004
862005
862006
862007
862008
862009
862010
862011
862012
862013
862014
862015
862016
862017
862018
862019
862020
862021
862022
862023
862024
862025
862026
862027
862028
862029
862030
862031
862032
862033
862034
862035
862036
862037
862038
862039
862040
862041
862042
862043
862044
862045
862046
862047
862048
862049
862050
862051
862052
862053
862054
862055
862056
862057
862058
862059
862060
862061
862062
862063
862064
862065
862066
862067
862068
862069
862070
862071
862072
862073
862074
862075
862076
862077
862078
862079
862080
862081
862082
862083
862084
862085
862086
862087
862088
862089
862090
862091
862092
862093
862094
862095
862096
862097
862098
862099
863000
863001
863002
863003
863004
863005
863006
863007
863008
863009
863010
863011
863012
863013
863014
863015
863016
863017
863018
863019
863020
863021
863022
863023
863024
863025
863026
863027
863028
863029
863030
863031
863032
863033
863034
863035
863036
863037
863038
863039
863040
863041
863042
863043
863044
863045
863046
863047
863048
863049
863050
863051
863052
863053
863054
863055
863056
863057
863058
863059
863060
863061
863062
863063
863064
863065
863066
863067
863068
863069
863070
863071
863072
863073
863074
863075
863076
863077
863078
863079
863080
863081
863082
863083
863084
863085
863086
863087
863088
863089
863090
863091
863092
863093
863094
863095
863096
863097
863098
863099
864000
864001
864002
864003
864004
864005
864006
864007
864008
864009
864010
864011
864012
864013
864014
864015
864016
864017
864018
864019
864020
864021
864022
864023
864024
864025
864026
864027
864028
864029
864030
864031
864032
864033
864034
864035
864036
864037
864038
864039
864040
864041
864042
864043
864044
864045
864046
864047
864048
864049
864050
864051
864052
864053
864054
864055
864056
864057
864058
864059
864060
864061
864062
864063
864064
864065
864066
864067
864068
864069
864070
864071
864072
864073
864074
864075
864076
864077
864078
864079
864080
864081
864082
864083
864084
864085
864086
864087
864088
864089
864090
864091
864092
864093
864094
864095
864096
864097
864098
864099
865000
865001
865002
865003
865004
865005
865006
865007
865008
865009
865010
865011
865012
865013
865014
865015
865016
865017
865018
865019
865020
865021
865022
865023
865024
865025
865026
865027
865028
865029
865030
865031
865032
865033
865034
865035
865036
865037
865038
865039
865040
865041
865042
865043
865044
865045
865046
865047
865048
865049
865050
865051
865052
865053
865054
865055
865056
865057
865058
865059
865060
865061
865062
865063
865064
865065
865066
865067
865068
865069
865070
865071
865072
865073
865074
865075
865076
865077
865078
865079
865080
865081
865082
865083
865084
865085
865086
865087
865088
865089
865090
865091
865092
865093
865094
865095
865096
865097
865098
865099
866000
866001
866002
866003
866004
866005
866006
866007
866008
866009
866010
866011
866012
866013
866014
866015
866016
866017
866018
866019
866020
866021
866022
866023
866024
866025
866026
866027
866028
866029
866030
866031
866032
866033
866034
866035
866036
866037
866038
866039
866040
866041
866042
866043
866044
866045
866046
866047
866048
866049
866050
866051
866052
866053
866054
866055
866056
866057
866058
866059
866060
866061
866062
866063
866064
866065
866066
866067
866068
866069
866070
866071
866072
866073
866074
866075
866076
866077
866078
866079
866080
866081
866082
866083
866084
866085
866086
866087
866088
866089
866090
866091
866092
866093
866094
866095
866096
866097
866098
866099
867000
867001
867002
867003
867004
867005
867006
867007
867008
867009
867010
867011
867012
867013
867014
867015
867016
867017
867018
867019
867020
867021
867022
867023
867024
867025
867026
867027
867028
867029
867030
867031
867032
867033
867034
867035
867036
867037
867038
867039
867040
867041
867042
867043
867044
867045
867046
867047
867048
867049
867050
867051
867052
867053
867054
867055
867056
867057
867058
867059
867060
867061
867062
867063
867064
867065
867066
867067
867068
867069
867070
867071
867072
867073
867074
867075
867076
867077
867078
867079
867080
867081
867082
867083
867084
867085
867086
867087
867088
867089
867090
867091
867092
867093
867094
867095
867096
867097
867098
867099
868000
868001
868002
868003
868004
868005
868006
868007
868008
868009
868010
868011
868012
868013
868014
868015
868016
868017
868018
868019
868020
868021
868022
868023
868024
868025
868026
868027
868028
868029
868030
868031
868032
868033
868034
868035
868036
868037
868038
868039
868040
868041
868042
868043
868044
868045
868046
868047
868048
868049
868050
868051
868052
868053
868054
868055
868056
868057
868058
868059
868060
868061
868062
868063
868064
868065
868066
868067
868068
868069
868070
868071
868072
868073
868074
868075
868076
868077
868078
868079
868080
868081
868082
868083
868084
868085
868086
868087
868088
868089
868090
868091
868092
868093
868094
868095
868096
868097
868098
868099
869000
869001
869002
869003
869004
869005
869006
869007
869008
869009
869010
869011
869012
869013
869014
869015
869016
869017
869018
869019
869020
869021
869022
869023
869024
869025
869026
869027
869028
869029
869030
869031
869032
869033
869034
869035
869036
869037
869038
869039
869040
869041
869042
869043
869044
869045
869046
869047
869048
869049
869050
869051
869052
869053
869054
869055
869056
869057
869058
869059
869060
869061
869062
869063
869064
869065
869066
869067
869068
869069
869070
869071
869072
869073
869074
869075
869076
869077
869078
869079
869080
869081
869082
869083
869084
869085
869086
869087
869088
869089
869090
869091
869092
869093
869094
869095
869096
869097
869098
869099
870000
870001
870002
870003
870004
870005
870006
870007
870008
870009
870010
870011
870012
870013
870014
870015
870016
870017
870018
870019
870020
870021
870022
870023
870024
870025
870026
870027
870028
870029
870030
870031
870032
870033
870034
870035
870036
870037
870038
870039
870040
870041
870042
870043
870044
870045
870046
870047
870048
870049
870050
870051
870052
870053
870054
870055
870056
870057
870058
870059
870060
870061
870062
870063
870064
870065
870066
870067
870068
870069
870070
870071
870072
870073
870074
870075
870076
870077
870078
870079
870080
870081
870082
870083
870084
870085
870086
870087
870088
870089
870090
870091
870092
870093
870094
870095
870096
870097
870098
870099
871000
871001
871002
871003
871004
871005
871006
871007
871008
871009
871010
871011
871012
871013
871014
871015
871016
871017
871018
871019
871020
871021
871022
871023
871024
871025
871026
871027
871028
871029
871030
871031
871032
871033
871034
871035
871036
871037
871038
871039
871040
871041
871042
871043
871044
871045
871046
871047
871048
871049
871050
871051
871052
871053
871054
871055
871056
871057
871058
871059
871060
871061
871062
871063
871064
871065
871066
871067
871068
871069
871070
871071
871072
871073
871074
871075
871076
871077
871078
871079
871080
871081
871082
871083
871084
871085
871086
871087
871088
871089
871090
871091
871092
871093
871094
871095
871096
871097
871098
871099
872000
872001
872002
872003
872004
872005
872006
872007
872008
872009
872010
872011
872012
872013
872014
872015
872016
872017
872018
872019
872020
872021
872022
872023
872024
872025
872026
872027
872028
872029
872030
872031
872032
872033
872034
872035
872036
872037
872038
872039
872040
872041
872042
872043
872044
872045
872046
872047
872048
872049
872050
872051
872052
872053
872054
872055
872056
872057
872058
872059
872060
872061
872062
872063
872064
872065
872066
872067
872068
872069
872070
872071
872072
872073
872074
872075
872076
872077
872078
872079
872080
872081
872082
872083
872084
872085
872086
872087
872088
872089
872090
872091
872092
872093
872094
872095
872096
872097
872098
872099
873000
873001
873002
873003
873004
873005
873006
873007
873008
873009
873010
873011
873012
873013
873014
873015
873016
873017
873018
873019
873020
873021
873022
873023
873024
873025
873026
873027
873028
873029
873030
873031
873032
873033
873034
873035
873036
873037
873038
873039
873040
873041
873042
873043
873044
873045
873046
873047
873048
873049
873050
873051
873052
873053
873054
873055
873056
873057
873058
873059
873060
873061
873062
873063
873064
873065
873066
873067
873068
873069
873070
873071
873072
873073
873074
873075
873076
873077
873078
873079
873080
873081
873082
873083
873084
873085
873086
873087
873088
873089
873090
873091
873092
873093
873094
873095
873096
873097
873098
873099
874000
874001
874002
874003
874004
874005
874006
874007
874008
874009
874010
874011
874012
874013
874014
874015
874016
874017
874018
874019
874020
874021
874022
874023
874024
874025
874026
874027
874028
874029
874030
874031
874032
874033
874034
874035
874036
874037
874038
874039
874040
874041
874042
874043
874044
874045
874046
874047
874048
874049
874050
874051
874052
874053
874054
874055
874056
874057
874058
874059
874060
874061
874062
874063
874064
874065
874066
874067
874068
874069
874070
874071
874072
874073
874074
874075
874076
874077
874078
874079
874080
874081
874082
874083
874084
874085
874086
874087
874088
874089
874090
874091
874092
874093
874094
874095
874096
874097
874098
874099
875000
875001
875002
875003
875004
875005
875006
875007
875008
875009
875010
875011
875012
875013
875014
875015
875016
875017
875018
875019
875020
875021
875022
875023
875024
875025
875026
875027
875028
875029
875030
875031
875032
875033
875034
875035
875036
875037
875038
875039
875040
875041
875042
875043
875044
875045
875046
875047
875048
875049
875050
875051
875052
875053
875054
875055
875056
875057
875058
875059
875060
875061
875062
875063
875064
875065
875066
875067
875068
875069
875070
875071
875072
875073
875074
875075
875076
875077
875078
875079
875080
875081
875082
875083
875084
875085
875086
875087
875088
875089
875090
875091
875092
875093
875094
875095
875096
875097
875098
875099
876000
876001
876002
876003
876004
876005
876006
876007
876008
876009
876010
876011
876012
876013
876014
876015
876016
876017
876018
876019
876020
876021
876022
876023
876024
876025
876026
876027
876028
876029
876030
876031
876032
876033
876034
876035
876036
876037
876038
876039
876040
876041
876042
876043
876044
876045
876046
876047
876048
876049
876050
876051
876052
876053
876054
876055
876056
876057
876058
876059
876060
876061
876062
876063
876064
876065
876066
876067
876068
876069
876070
876071
876072
876073
876074
876075
876076
876077
876078
876079
876080
876081
876082
876083
876084
876085
876086
876087
876088
876089
876090
876091
876092
876093
876094
876095
876096
876097
876098
876099
877000
877001
877002
877003
877004
877005
877006
877007
877008
877009
877010
877011
877012
877013
877014
877015
877016
877017
877018
877019
877020
877021
877022
877023
877024
877025
877026
877027
877028
877029
877030
877031
877032
877033
877034
877035
877036
877037
877038
877039
877040
877041
877042
877043
877044
877045
877046
877047
877048
877049
877050
877051
877052
877053
877054
877055
877056
877057
877058
877059
877060
877061
877062
877063
877064
877065
877066
877067
877068
877069
877070
877071
877072
877073
877074
877075
877076
877077
877078
877079
877080
877081
877082
877083
877084
877085
877086
877087
877088
877089
877090
877091
877092
877093
877094
877095
877096
877097
877098
877099
878000
878001
878002
878003
878004
878005
878006
878007
878008
878009
878010
878011
878012
878013
878014
878015
878016
878017
878018
878019
878020
878021
878022
878023
878024
878025
878026
878027
878028
878029
878030
878031
878032
878033
878034
878035
878036
878037
878038
878039
878040
878041
878042
878043
878044
878045
878046
878047
878048
878049
878050
878051
878052
878053
878054
878055
878056
878057
878058
878059
878060
878061
878062
878063
878064
878065
878066
878067
878068
878069
878070
878071
878072
878073
878074
878075
878076
878077
878078
878079
878080
878081
878082
878083
878084
878085
878086
878087
878088
878089
878090
878091
878092
878093
878094
878095
878096
878097
878098
878099
879000
879001
879002
879003
879004
879005
879006
879007
879008
879009
879010
879011
879012
879013
879014
879015
879016
879017
879018
879019
879020
879021
879022
879023
879024
879025
879026
879027
879028
879029
879030
879031
879032
879033
879034
879035
879036
879037
879038
879039
879040
879041
879042
879043
879044
879045
879046
879047
879048
879049
879050
879051
879052
879053
879054
879055
879056
879057
879058
879059
879060
879061
879062
879063
879064
879065
879066
879067
879068
879069
879070
879071
879072
879073
879074
879075
879076
879077
879078
879079
879080
879081
879082
879083
879084
879085
879086
879087
879088
879089
879090
879091
879092
879093
879094
879095
879096
879097
879098
879099
880000
880001
880002
880003
880004
880005
880006
880007
880008
880009
880010
880011
880012
880013
880014
880015
880016
880017
880018
880019
880020
880021
880022
880023
880024
880025
880026
880027
880028
880029
880030
880031
880032
880033
880034
880035
880036
880037
880038
880039
880040
880041
880042
880043
880044
880045
880046
880047
880048
880049
880050
880051
880052
880053
880054
880055
880056
880057
880058
880059
880060
880061
880062
880063
880064
880065
880066
880067
880068
880069
880070
880071
880072
880073
880074
880075
880076
880077
880078
880079
880080
880081
880082
880083
880084
880085
880086
880087
880088
880089
880090
880091
880092
880093
880094
880095
880096
880097
880098
880099
881000
881001
881002
881003
881004
881005
881006
881007
881008
881009
881010
881011
881012
881013
881014
881015
881016
881017
881018
881019
881020
881021
881022
881023
881024
881025
881026
881027
881028
881029
881030
881031
881032
881033
881034
881035
881036
881037
881038
881039
881040
881041
881042
881043
881044
881045
881046
881047
881048
881049
881050
881051
881052
881053
881054
881055
881056
881057
881058
881059
881060
881061
881062
881063
881064
881065
881066
881067
881068
881069
881070
881071
881072
881073
881074
881075
881076
881077
881078
881079
881080
881081
881082
881083
881084
881085
881086
881087
881088
881089
881090
881091
881092
881093
881094
881095
881096
881097
881098
881099
882000
882001
882002
882003
882004
882005
882006
882007
882008
882009
882010
882011
882012
882013
882014
882015
882016
882017
882018
882019
882020
882021
882022
882023
882024
882025
882026
882027
882028
882029
882030
882031
882032
882033
882034
882035
882036
882037
882038
882039
882040
882041
882042
882043
882044
882045
882046
882047
882048
882049
882050
882051
882052
882053
882054
882055
882056
882057
882058
882059
882060
882061
882062
882063
882064
882065
882066
882067
882068
882069
882070
882071
882072
882073
882074
882075
882076
882077
882078
882079
882080
882081
882082
882083
882084
882085
882086
882087
882088
882089
882090
882091
882092
882093
882094
882095
882096
882097
882098
882099
883000
883001
883002
883003
883004
883005
883006
883007
883008
883009
883010
883011
883012
883013
883014
883015
883016
883017
883018
883019
883020
883021
883022
883023
883024
883025
883026
883027
883028
883029
883030
883031
883032
883033
883034
883035
883036
883037
883038
883039
883040
883041
883042
883043
883044
883045
883046
883047
883048
883049
883050
883051
883052
883053
883054
883055
883056
883057
883058
883059
883060
883061
883062
883063
883064
883065
883066
883067
883068
883069
883070
883071
883072
883073
883074
883075
883076
883077
883078
883079
883080
883081
883082
883083
883084
883085
883086
883087
883088
883089
883090
883091
883092
883093
883094
883095
883096
883097
883098
883099
884000
884001
884002
884003
884004
884005
884006
884007
884008
884009
884010
884011
884012
884013
884014
884015
884016
884017
884018
884019
884020
884021
884022
884023
884024
884025
884026
884027
884028
884029
884030
884031
884032
884033
884034
884035
884036
884037
884038
884039
884040
884041
884042
884043
884044
884045
884046
884047
884048
884049
884050
884051
884052
884053
884054
884055
884056
884057
884058
884059
884060
884061
884062
884063
884064
884065
884066
884067
884068
884069
884070
884071
884072
884073
884074
884075
884076
884077
884078
884079
884080
884081
884082
884083
884084
884085
884086
884087
884088
884089
884090
884091
884092
884093
884094
884095
884096
884097
884098
884099
885000
885001
885002
885003
885004
885005
885006
885007
885008
885009
885010
885011
885012
885013
885014
885015
885016
885017
885018
885019
885020
885021
885022
885023
885024
885025
885026
885027
885028
885029
885030
885031
885032
885033
885034
885035
885036
885037
885038
885039
885040
885041
885042
885043
885044
885045
885046
885047
885048
885049
885050
885051
885052
885053
885054
885055
885056
885057
885058
885059
885060
885061
885062
885063
885064
885065
885066
885067
885068
885069
885070
885071
885072
885073
885074
885075
885076
885077
885078
885079
885080
885081
885082
885083
885084
885085
885086
885087
885088
885089
885090
885091
885092
885093
885094
885095
885096
885097
885098
885099
886000
886001
886002
886003
886004
886005
886006
886007
886008
886009
886010
886011
886012
886013
886014
886015
886016
886017
886018
886019
886020
886021
886022
886023
886024
886025
886026
886027
886028
886029
886030
886031
886032
886033
886034
886035
886036
886037
886038
886039
886040
886041
886042
886043
886044
886045
886046
886047
886048
886049
886050
886051
886052
886053
886054
886055
886056
886057
886058
886059
886060
886061
886062
886063
886064
886065
886066
886067
886068
886069
886070
886071
886072
886073
886074
886075
886076
886077
886078
886079
886080
886081
886082
886083
886084
886085
886086
886087
886088
886089
886090
886091
886092
886093
886094
886095
886096
886097
886098
886099
887000
887001
887002
887003
887004
887005
887006
887007
887008
887009
887010
887011
887012
887013
887014
887015
887016
887017
887018
887019
887020
887021
887022
887023
887024
887025
887026
887027
887028
887029
887030
887031
887032
887033
887034
887035
887036
887037
887038
887039
887040
887041
887042
887043
887044
887045
887046
887047
887048
887049
887050
887051
887052
887053
887054
887055
887056
887057
887058
887059
887060
887061
887062
887063
887064
887065
887066
887067
887068
887069
887070
887071
887072
887073
887074
887075
887076
887077
887078
887079
887080
887081
887082
887083
887084
887085
887086
887087
887088
887089
887090
887091
887092
887093
887094
887095
887096
887097
887098
887099
888000
888001
888002
888003
888004
888005
888006
888007
888008
888009
888010
888011
888012
888013
888014
888015
888016
888017
888018
888019
888020
888021
888022
888023
888024
888025
888026
888027
888028
888029
888030
888031
888032
888033
888034
888035
888036
888037
888038
888039
888040
888041
888042
888043
888044
888045
888046
888047
888048
888049
888050
888051
888052
888053
888054
888055
888056
888057
888058
888059
888060
888061
888062
888063
888064
888065
888066
888067
888068
888069
888070
888071
888072
888073
888074
888075
888076
888077
888078
888079
888080
888081
888082
888083
888084
888085
888086
888087
888088
888089
888090
888091
888092
888093
888094
888095
888096
888097
888098
888099
889000
889001
889002
889003
889004
889005
889006
889007
889008
889009
889010
889011
889012
889013
889014
889015
889016
889017
889018
889019
889020
889021
889022
889023
889024
889025
889026
889027
889028
889029
889030
889031
889032
889033
889034
889035
889036
889037
889038
889039
889040
889041
889042
889043
889044
889045
889046
889047
889048
889049
889050
889051
889052
889053
889054
889055
889056
889057
889058
889059
889060
889061
889062
889063
889064
889065
889066
889067
889068
889069
889070
889071
889072
889073
889074
889075
889076
889077
889078
889079
889080
889081
889082
889083
889084
889085
889086
889087
889088
889089
889090
889091
889092
889093
889094
889095
889096
889097
889098
889099
890000
890001
890002
890003
890004
890005
890006
890007
890008
890009
890010
890011
890012
890013
890014
890015
890016
890017
890018
890019
890020
890021
890022
890023
890024
890025
890026
890027
890028
890029
890030
890031
890032
890033
890034
890035
890036
890037
890038
890039
890040
890041
890042
890043
890044
890045
890046
890047
890048
890049
890050
890051
890052
890053
890054
890055
890056
890057
890058
890059
890060
890061
890062
890063
890064
890065
890066
890067
890068
890069
890070
890071
890072
890073
890074
890075
890076
890077
890078
890079
890080
890081
890082
890083
890084
890085
890086
890087
890088
890089
890090
890091
890092
890093
890094
890095
890096
890097
890098
890099
891000
891001
891002
891003
891004
891005
891006
891007
891008
891009
891010
891011
891012
891013
891014
891015
891016
891017
891018
891019
891020
891021
891022
891023
891024
891025
891026
891027
891028
891029
891030
891031
891032
891033
891034
891035
891036
891037
891038
891039
891040
891041
891042
891043
891044
891045
891046
891047
891048
891049
891050
891051
891052
891053
891054
891055
891056
891057
891058
891059
891060
891061
891062
891063
891064
891065
891066
891067
891068
891069
891070
891071
891072
891073
891074
891075
891076
891077
891078
891079
891080
891081
891082
891083
891084
891085
891086
891087
891088
891089
891090
891091
891092
891093
891094
891095
891096
891097
891098
891099
892000
892001
892002
892003
892004
892005
892006
892007
892008
892009
892010
892011
892012
892013
892014
892015
892016
892017
892018
892019
892020
892021
892022
892023
892024
892025
892026
892027
892028
892029
892030
892031
892032
892033
892034
892035
892036
892037
892038
892039
892040
892041
892042
892043
892044
892045
892046
892047
892048
892049
892050
892051
892052
892053
892054
892055
892056
892057
892058
892059
892060
892061
892062
892063
892064
892065
892066
892067
892068
892069
892070
892071
892072
892073
892074
892075
892076
892077
892078
892079
892080
892081
892082
892083
892084
892085
892086
892087
892088
892089
892090
892091
892092
892093
892094
892095
892096
892097
892098
892099
893000
893001
893002
893003
893004
893005
893006
893007
893008
893009
893010
893011
893012
893013
893014
893015
893016
893017
893018
893019
893020
893021
893022
893023
893024
893025
893026
893027
893028
893029
893030
893031
893032
893033
893034
893035
893036
893037
893038
893039
893040
893041
893042
893043
893044
893045
893046
893047
893048
893049
893050
893051
893052
893053
893054
893055
893056
893057
893058
893059
893060
893061
893062
893063
893064
893065
893066
893067
893068
893069
893070
893071
893072
893073
893074
893075
893076
893077
893078
893079
893080
893081
893082
893083
893084
893085
893086
893087
893088
893089
893090
893091
893092
893093
893094
893095
893096
893097
893098
893099
894000
894001
894002
894003
894004
894005
894006
894007
894008
894009
894010
894011
894012
894013
894014
894015
894016
894017
894018
894019
894020
894021
894022
894023
894024
894025
894026
894027
894028
894029
894030
894031
894032
894033
894034
894035
894036
894037
894038
894039
894040
894041
894042
894043
894044
894045
894046
894047
894048
894049
894050
894051
894052
894053
894054
894055
894056
894057
894058
894059
894060
894061
894062
894063
894064
894065
894066
894067
894068
894069
894070
894071
894072
894073
894074
894075
894076
894077
894078
894079
894080
894081
894082
894083
894084
894085
894086
894087
894088
894089
894090
894091
894092
894093
894094
894095
894096
894097
894098
894099
895000
895001
895002
895003
895004
895005
895006
895007
895008
895009
895010
895011
895012
895013
895014
895015
895016
895017
895018
895019
895020
895021
895022
895023
895024
895025
895026
895027
895028
895029
895030
895031
895032
895033
895034
895035
895036
895037
895038
895039
895040
895041
895042
895043
895044
895045
895046
895047
895048
895049
895050
895051
895052
895053
895054
895055
895056
895057
895058
895059
895060
895061
895062
895063
895064
895065
895066
895067
895068
895069
895070
895071
895072
895073
895074
895075
895076
895077
895078
895079
895080
895081
895082
895083
895084
895085
895086
895087
895088
895089
895090
895091
895092
895093
895094
895095
895096
895097
895098
895099
896000
896001
896002
896003
896004
896005
896006
896007
896008
896009
896010
896011
896012
896013
896014
896015
896016
896017
896018
896019
896020
896021
896022
896023
896024
896025
896026
896027
896028
896029
896030
896031
896032
896033
896034
896035
896036
896037
896038
896039
896040
896041
896042
896043
896044
896045
896046
896047
896048
896049
896050
896051
896052
896053
896054
896055
896056
896057
896058
896059
896060
896061
896062
896063
896064
896065
896066
896067
896068
896069
896070
896071
896072
896073
896074
896075
896076
896077
896078
896079
896080
896081
896082
896083
896084
896085
896086
896087
896088
896089
896090
896091
896092
896093
896094
896095
896096
896097
896098
896099
897000
897001
897002
897003
897004
897005
897006
897007
897008
897009
897010
897011
897012
897013
897014
897015
897016
897017
897018
897019
897020
897021
897022
897023
897024
897025
897026
897027
897028
897029
897030
897031
897032
897033
897034
897035
897036
897037
897038
897039
897040
897041
897042
897043
897044
897045
897046
897047
897048
897049
897050
897051
897052
897053
897054
897055
897056
897057
897058
897059
897060
897061
897062
897063
897064
897065
897066
897067
897068
897069
897070
897071
897072
897073
897074
897075
897076
897077
897078
897079
897080
897081
897082
897083
897084
897085
897086
897087
897088
897089
897090
897091
897092
897093
897094
897095
897096
897097
897098
897099
898000
898001
898002
898003
898004
898005
898006
898007
898008
898009
898010
898011
898012
898013
898014
898015
898016
898017
898018
898019
898020
898021
898022
898023
898024
898025
898026
898027
898028
898029
898030
898031
898032
898033
898034
898035
898036
898037
898038
898039
898040
898041
898042
898043
898044
898045
898046
898047
898048
898049
898050
898051
898052
898053
898054
898055
898056
898057
898058
898059
898060
898061
898062
898063
898064
898065
898066
898067
898068
898069
898070
898071
898072
898073
898074
898075
898076
898077
898078
898079
898080
898081
898082
898083
898084
898085
898086
898087
898088
898089
898090
898091
898092
898093
898094
898095
898096
898097
898098
898099
899000
899001
899002
899003
899004
899005
899006
899007
899008
899009
899010
899011
899012
899013
899014
899015
899016
899017
899018
899019
899020
899021
899022
899023
899024
899025
899026
899027
899028
899029
899030
899031
899032
899033
899034
899035
899036
899037
899038
899039
899040
899041
899042
899043
899044
899045
899046
899047
899048
899049
899050
899051
899052
899053
899054
899055
899056
899057
899058
899059
899060
899061
899062
899063
899064
899065
899066
899067
899068
899069
899070
899071
899072
899073
899074
899075
899076
899077
899078
899079
899080
899081
899082
899083
899084
899085
899086
899087
899088
899089
899090
899091
899092
899093
899094
899095
899096
899097
899098
899099
900000
900001
900002
900003
900004
900005
900006
900007
900008
900009
900010
900011
900012
900013
900014
900015
900016
900017
900018
900019
900020
900021
900022
900023
900024
900025
900026
900027
900028
900029
900030
900031
900032
900033
900034
900035
900036
900037
900038
900039
900040
900041
900042
900043
900044
900045
900046
900047
900048
900049
900050
900051
900052
900053
900054
900055
900056
900057
900058
900059
900060
900061
900062
900063
900064
900065
900066
900067
900068
900069
900070
900071
900072
900073
900074
900075
900076
900077
900078
900079
900080
900081
900082
900083
900084
900085
900086
900087
900088
900089
900090
900091
900092
900093
900094
900095
900096
900097
900098
900099
901000
901001
901002
901003
901004
901005
901006
901007
901008
901009
901010
901011
901012
901013
901014
901015
901016
901017
901018
901019
901020
901021
901022
901023
901024
901025
901026
901027
901028
901029
901030
901031
901032
901033
901034
901035
901036
901037
901038
901039
901040
901041
901042
901043
901044
901045
901046
901047
901048
901049
901050
901051
901052
901053
901054
901055
901056
901057
901058
901059
901060
901061
901062
901063
901064
901065
901066
901067
901068
901069
901070
901071
901072
901073
901074
901075
901076
901077
901078
901079
901080
901081
901082
901083
901084
901085
901086
901087
901088
901089
901090
901091
901092
901093
901094
901095
901096
901097
901098
901099
902000
902001
902002
902003
902004
902005
902006
902007
902008
902009
902010
902011
902012
902013
902014
902015
902016
902017
902018
902019
902020
902021
902022
902023
902024
902025
902026
902027
902028
902029
902030
902031
902032
902033
902034
902035
902036
902037
902038
902039
902040
902041
902042
902043
902044
902045
902046
902047
902048
902049
902050
902051
902052
902053
902054
902055
902056
902057
902058
902059
902060
902061
902062
902063
902064
902065
902066
902067
902068
902069
902070
902071
902072
902073
902074
902075
902076
902077
902078
902079
902080
902081
902082
902083
902084
902085
902086
902087
902088
902089
902090
902091
902092
902093
902094
902095
902096
902097
902098
902099
903000
903001
903002
903003
903004
903005
903006
903007
903008
903009
903010
903011
903012
903013
903014
903015
903016
903017
903018
903019
903020
903021
903022
903023
903024
903025
903026
903027
903028
903029
903030
903031
903032
903033
903034
903035
903036
903037
903038
903039
903040
903041
903042
903043
903044
903045
903046
903047
903048
903049
903050
903051
903052
903053
903054
903055
903056
903057
903058
903059
903060
903061
903062
903063
903064
903065
903066
903067
903068
903069
903070
903071
903072
903073
903074
903075
903076
903077
903078
903079
903080
903081
903082
903083
903084
903085
903086
903087
903088
903089
903090
903091
903092
903093
903094
903095
903096
903097
903098
903099
904000
904001
904002
904003
904004
904005
904006
904007
904008
904009
904010
904011
904012
904013
904014
904015
904016
904017
904018
904019
904020
904021
904022
904023
904024
904025
904026
904027
904028
904029
904030
904031
904032
904033
904034
904035
904036
904037
904038
904039
904040
904041
904042
904043
904044
904045
904046
904047
904048
904049
904050
904051
904052
904053
904054
904055
904056
904057
904058
904059
904060
904061
904062
904063
904064
904065
904066
904067
904068
904069
904070
904071
904072
904073
904074
904075
904076
904077
904078
904079
904080
904081
904082
904083
904084
904085
904086
904087
904088
904089
904090
904091
904092
904093
904094
904095
904096
904097
904098
904099
905000
905001
905002
905003
905004
905005
905006
905007
905008
905009
905010
905011
905012
905013
905014
905015
905016
905017
905018
905019
905020
905021
905022
905023
905024
905025
905026
905027
905028
905029
905030
905031
905032
905033
905034
905035
905036
905037
905038
905039
905040
905041
905042
905043
905044
905045
905046
905047
905048
905049
905050
905051
905052
905053
905054
905055
905056
905057
905058
905059
905060
905061
905062
905063
905064
905065
905066
905067
905068
905069
905070
905071
905072
905073
905074
905075
905076
905077
905078
905079
905080
905081
905082
905083
905084
905085
905086
905087
905088
905089
905090
905091
905092
905093
905094
905095
905096
905097
905098
905099
906000
906001
906002
906003
906004
906005
906006
906007
906008
906009
906010
906011
906012
906013
906014
906015
906016
906017
906018
906019
906020
906021
906022
906023
906024
906025
906026
906027
906028
906029
906030
906031
906032
906033
906034
906035
906036
906037
906038
906039
906040
906041
906042
906043
906044
906045
906046
906047
906048
906049
906050
906051
906052
906053
906054
906055
906056
906057
906058
906059
906060
906061
906062
906063
906064
906065
906066
906067
906068
906069
906070
906071
906072
906073
906074
906075
906076
906077
906078
906079
906080
906081
906082
906083
906084
906085
906086
906087
906088
906089
906090
906091
906092
906093
906094
906095
906096
906097
906098
906099
907000
907001
907002
907003
907004
907005
907006
907007
907008
907009
907010
907011
907012
907013
907014
907015
907016
907017
907018
907019
907020
907021
907022
907023
907024
907025
907026
907027
907028
907029
907030
907031
907032
907033
907034
907035
907036
907037
907038
907039
907040
907041
907042
907043
907044
907045
907046
907047
907048
907049
907050
907051
907052
907053
907054
907055
907056
907057
907058
907059
907060
907061
907062
907063
907064
907065
907066
907067
907068
907069
907070
907071
907072
907073
907074
907075
907076
907077
907078
907079
907080
907081
907082
907083
907084
907085
907086
907087
907088
907089
907090
907091
907092
907093
907094
907095
907096
907097
907098
907099
908000
908001
908002
908003
908004
908005
908006
908007
908008
908009
908010
908011
908012
908013
908014
908015
908016
908017
908018
908019
908020
908021
908022
908023
908024
908025
908026
908027
908028
908029
908030
908031
908032
908033
908034
908035
908036
908037
908038
908039
908040
908041
908042
908043
908044
908045
908046
908047
908048
908049
908050
908051
908052
908053
908054
908055
908056
908057
908058
908059
908060
908061
908062
908063
908064
908065
908066
908067
908068
908069
908070
908071
908072
908073
908074
908075
908076
908077
908078
908079
908080
908081
908082
908083
908084
908085
908086
908087
908088
908089
908090
908091
908092
908093
908094
908095
908096
908097
908098
908099
909000
909001
909002
909003
909004
909005
909006
909007
909008
909009
909010
909011
909012
909013
909014
909015
909016
909017
909018
909019
909020
909021
909022
909023
909024
909025
909026
909027
909028
909029
909030
909031
909032
909033
909034
909035
909036
909037
909038
909039
909040
909041
909042
909043
909044
909045
909046
909047
909048
909049
909050
909051
909052
909053
909054
909055
909056
909057
909058
909059
909060
909061
909062
909063
909064
909065
909066
909067
909068
909069
909070
909071
909072
909073
909074
909075
909076
909077
909078
909079
909080
909081
909082
909083
909084
909085
909086
909087
909088
909089
909090
909091
909092
909093
909094
909095
909096
909097
909098
909099
910000
910001
910002
910003
910004
910005
910006
910007
910008
910009
910010
910011
910012
910013
910014
910015
910016
910017
910018
910019
910020
910021
910022
910023
910024
910025
910026
910027
910028
910029
910030
910031
910032
910033
910034
910035
910036
910037
910038
910039
910040
910041
910042
910043
910044
910045
910046
910047
910048
910049
910050
910051
910052
910053
910054
910055
910056
910057
910058
910059
910060
910061
910062
910063
910064
910065
910066
910067
910068
910069
910070
910071
910072
910073
910074
910075
910076
910077
910078
910079
910080
910081
910082
910083
910084
910085
910086
910087
910088
910089
910090
910091
910092
910093
910094
910095
910096
910097
910098
910099
911000
911001
911002
911003
911004
911005
911006
911007
911008
911009
911010
911011
911012
911013
911014
911015
911016
911017
911018
911019
911020
911021
911022
911023
911024
911025
911026
911027
911028
911029
911030
911031
911032
911033
911034
911035
911036
911037
911038
911039
911040
911041
911042
911043
911044
911045
911046
911047
911048
911049
911050
911051
911052
911053
911054
911055
911056
911057
911058
911059
911060
911061
911062
911063
911064
911065
911066
911067
911068
911069
911070
911071
911072
911073
911074
911075
911076
911077
911078
911079
911080
911081
911082
911083
911084
911085
911086
911087
911088
911089
911090
911091
911092
911093
911094
911095
911096
911097
911098
911099
912000
912001
912002
912003
912004
912005
912006
912007
912008
912009
912010
912011
912012
912013
912014
912015
912016
912017
912018
912019
912020
912021
912022
912023
912024
912025
912026
912027
912028
912029
912030
912031
912032
912033
912034
912035
912036
912037
912038
912039
912040
912041
912042
912043
912044
912045
912046
912047
912048
912049
912050
912051
912052
912053
912054
912055
912056
912057
912058
912059
912060
912061
912062
912063
912064
912065
912066
912067
912068
912069
912070
912071
912072
912073
912074
912075
912076
912077
912078
912079
912080
912081
912082
912083
912084
912085
912086
912087
912088
912089
912090
912091
912092
912093
912094
912095
912096
912097
912098
912099
913000
913001
913002
913003
913004
913005
913006
913007
913008
913009
913010
913011
913012
913013
913014
913015
913016
913017
913018
913019
913020
913021
913022
913023
913024
913025
913026
913027
913028
913029
913030
913031
913032
913033
913034
913035
913036
913037
913038
913039
913040
913041
913042
913043
913044
913045
913046
913047
913048
913049
913050
913051
913052
913053
913054
913055
913056
913057
913058
913059
913060
913061
913062
913063
913064
913065
913066
913067
913068
913069
913070
913071
913072
913073
913074
913075
913076
913077
913078
913079
913080
913081
913082
913083
913084
913085
913086
913087
913088
913089
913090
913091
913092
913093
913094
913095
913096
913097
913098
913099
914000
914001
914002
914003
914004
914005
914006
914007
914008
914009
914010
914011
914012
914013
914014
914015
914016
914017
914018
914019
914020
914021
914022
914023
914024
914025
914026
914027
914028
914029
914030
914031
914032
914033
914034
914035
914036
914037
914038
914039
914040
914041
914042
914043
914044
914045
914046
914047
914048
914049
914050
914051
914052
914053
914054
914055
914056
914057
914058
914059
914060
914061
914062
914063
914064
914065
914066
914067
914068
914069
914070
914071
914072
914073
914074
914075
914076
914077
914078
914079
914080
914081
914082
914083
914084
914085
914086
914087
914088
914089
914090
914091
914092
914093
914094
914095
914096
914097
914098
914099
915000
915001
915002
915003
915004
915005
915006
915007
915008
915009
915010
915011
915012
915013
915014
915015
915016
915017
915018
915019
915020
915021
915022
915023
915024
915025
915026
915027
915028
915029
915030
915031
915032
915033
915034
915035
915036
915037
915038
915039
915040
915041
915042
915043
915044
915045
915046
915047
915048
915049
915050
915051
915052
915053
915054
915055
915056
915057
915058
915059
915060
915061
915062
915063
915064
915065
915066
915067
915068
915069
915070
915071
915072
915073
915074
915075
915076
915077
915078
915079
915080
915081
915082
915083
915084
915085
915086
915087
915088
915089
915090
915091
915092
915093
915094
915095
915096
915097
915098
915099
916000
916001
916002
916003
916004
916005
916006
916007
916008
916009
916010
916011
916012
916013
916014
916015
916016
916017
916018
916019
916020
916021
916022
916023
916024
916025
916026
916027
916028
916029
916030
916031
916032
916033
916034
916035
916036
916037
916038
916039
916040
916041
916042
916043
916044
916045
916046
916047
916048
916049
916050
916051
916052
916053
916054
916055
916056
916057
916058
916059
916060
916061
916062
916063
916064
916065
916066
916067
916068
916069
916070
916071
916072
916073
916074
916075
916076
916077
916078
916079
916080
916081
916082
916083
916084
916085
916086
916087
916088
916089
916090
916091
916092
916093
916094
916095
916096
916097
916098
916099
917000
917001
917002
917003
917004
917005
917006
917007
917008
917009
917010
917011
917012
917013
917014
917015
917016
917017
917018
917019
917020
917021
917022
917023
917024
917025
917026
917027
917028
917029
917030
917031
917032
917033
917034
917035
917036
917037
917038
917039
917040
917041
917042
917043
917044
917045
917046
917047
917048
917049
917050
917051
917052
917053
917054
917055
917056
917057
917058
917059
917060
917061
917062
917063
917064
917065
917066
917067
917068
917069
917070
917071
917072
917073
917074
917075
917076
917077
917078
917079
917080
917081
917082
917083
917084
917085
917086
917087
917088
917089
917090
917091
917092
917093
917094
917095
917096
917097
917098
917099
918000
918001
918002
918003
918004
918005
918006
918007
918008
918009
918010
918011
918012
918013
918014
918015
918016
918017
918018
918019
918020
918021
918022
918023
918024
918025
918026
918027
918028
918029
918030
918031
918032
918033
918034
918035
918036
918037
918038
918039
918040
918041
918042
918043
918044
918045
918046
918047
918048
918049
918050
918051
918052
918053
918054
918055
918056
918057
918058
918059
918060
918061
918062
918063
918064
918065
918066
918067
918068
918069
918070
918071
918072
918073
918074
918075
918076
918077
918078
918079
918080
918081
918082
918083
918084
918085
918086
918087
918088
918089
918090
918091
918092
918093
918094
918095
918096
918097
918098
918099
919000
919001
919002
919003
919004
919005
919006
919007
919008
919009
919010
919011
919012
919013
919014
919015
919016
919017
919018
919019
919020
919021
919022
919023
919024
919025
919026
919027
919028
919029
919030
919031
919032
919033
919034
919035
919036
919037
919038
919039
919040
919041
919042
919043
919044
919045
919046
919047
919048
919049
919050
919051
919052
919053
919054
919055
919056
919057
919058
919059
919060
919061
919062
919063
919064
919065
919066
919067
919068
919069
919070
919071
919072
919073
919074
919075
919076
919077
919078
919079
919080
919081
919082
919083
919084
919085
919086
919087
919088
919089
919090
919091
919092
919093
919094
919095
919096
919097
919098
919099
920000
920001
920002
920003
920004
920005
920006
920007
920008
920009
920010
920011
920012
920013
920014
920015
920016
920017
920018
920019
920020
920021
920022
920023
920024
920025
920026
920027
920028
920029
920030
920031
920032
920033
920034
920035
920036
920037
920038
920039
920040
920041
920042
920043
920044
920045
920046
920047
920048
920049
920050
920051
920052
920053
920054
920055
920056
920057
920058
920059
920060
920061
920062
920063
920064
920065
920066
920067
920068
920069
920070
920071
920072
920073
920074
920075
920076
920077
920078
920079
920080
920081
920082
920083
920084
920085
920086
920087
920088
920089
920090
920091
920092
920093
920094
920095
920096
920097
920098
920099
921000
921001
921002
921003
921004
921005
921006
921007
921008
921009
921010
921011
921012
921013
921014
921015
921016
921017
921018
921019
921020
921021
921022
921023
921024
921025
921026
921027
921028
921029
921030
921031
921032
921033
921034
921035
921036
921037
921038
921039
921040
921041
921042
921043
921044
921045
921046
921047
921048
921049
921050
921051
921052
921053
921054
921055
921056
921057
921058
921059
921060
921061
921062
921063
921064
921065
921066
921067
921068
921069
921070
921071
921072
921073
921074
921075
921076
921077
921078
921079
921080
921081
921082
921083
921084
921085
921086
921087
921088
921089
921090
921091
921092
921093
921094
921095
921096
921097
921098
921099
922000
922001
922002
922003
922004
922005
922006
922007
922008
922009
922010
922011
922012
922013
922014
922015
922016
922017
922018
922019
922020
922021
922022
922023
922024
922025
922026
922027
922028
922029
922030
922031
922032
922033
922034
922035
922036
922037
922038
922039
922040
922041
922042
922043
922044
922045
922046
922047
922048
922049
922050
922051
922052
922053
922054
922055
922056
922057
922058
922059
922060
922061
922062
922063
922064
922065
922066
922067
922068
922069
922070
922071
922072
922073
922074
922075
922076
922077
922078
922079
922080
922081
922082
922083
922084
922085
922086
922087
922088
922089
922090
922091
922092
922093
922094
922095
922096
922097
922098
922099
923000
923001
923002
923003
923004
923005
923006
923007
923008
923009
923010
923011
923012
923013
923014
923015
923016
923017
923018
923019
923020
923021
923022
923023
923024
923025
923026
923027
923028
923029
923030
923031
923032
923033
923034
923035
923036
923037
923038
923039
923040
923041
923042
923043
923044
923045
923046
923047
923048
923049
923050
923051
923052
923053
923054
923055
923056
923057
923058
923059
923060
923061
923062
923063
923064
923065
923066
923067
923068
923069
923070
923071
923072
923073
923074
923075
923076
923077
923078
923079
923080
923081
923082
923083
923084
923085
923086
923087
923088
923089
923090
923091
923092
923093
923094
923095
923096
923097
923098
923099
924000
924001
924002
924003
924004
924005
924006
924007
924008
924009
924010
924011
924012
924013
924014
924015
924016
924017
924018
924019
924020
924021
924022
924023
924024
924025
924026
924027
924028
924029
924030
924031
924032
924033
924034
924035
924036
924037
924038
924039
924040
924041
924042
924043
924044
924045
924046
924047
924048
924049
924050
924051
924052
924053
924054
924055
924056
924057
924058
924059
924060
924061
924062
924063
924064
924065
924066
924067
924068
924069
924070
924071
924072
924073
924074
924075
924076
924077
924078
924079
924080
924081
924082
924083
924084
924085
924086
924087
924088
924089
924090
924091
924092
924093
924094
924095
924096
924097
924098
924099
925000
925001
925002
925003
925004
925005
925006
925007
925008
925009
925010
925011
925012
925013
925014
925015
925016
925017
925018
925019
925020
925021
925022
925023
925024
925025
925026
925027
925028
925029
925030
925031
925032
925033
925034
925035
925036
925037
925038
925039
925040
925041
925042
925043
925044
925045
925046
925047
925048
925049
925050
925051
925052
925053
925054
925055
925056
925057
925058
925059
925060
925061
925062
925063
925064
925065
925066
925067
925068
925069
925070
925071
925072
925073
925074
925075
925076
925077
925078
925079
925080
925081
925082
925083
925084
925085
925086
925087
925088
925089
925090
925091
925092
925093
925094
925095
925096
925097
925098
925099
926000
926001
926002
926003
926004
926005
926006
926007
926008
926009
926010
926011
926012
926013
926014
926015
926016
926017
926018
926019
926020
926021
926022
926023
926024
926025
926026
926027
926028
926029
926030
926031
926032
926033
926034
926035
926036
926037
926038
926039
926040
926041
926042
926043
926044
926045
926046
926047
926048
926049
926050
926051
926052
926053
926054
926055
926056
926057
926058
926059
926060
926061
926062
926063
926064
926065
926066
926067
926068
926069
926070
926071
926072
926073
926074
926075
926076
926077
926078
926079
926080
926081
926082
926083
926084
926085
926086
926087
926088
926089
926090
926091
926092
926093
926094
926095
926096
926097
926098
926099
927000
927001
927002
927003
927004
927005
927006
927007
927008
927009
927010
927011
927012
927013
927014
927015
927016
927017
927018
927019
927020
927021
927022
927023
927024
927025
927026
927027
927028
927029
927030
927031
927032
927033
927034
927035
927036
927037
927038
927039
927040
927041
927042
927043
927044
927045
927046
927047
927048
927049
927050
927051
927052
927053
927054
927055
927056
927057
927058
927059
927060
927061
927062
927063
927064
927065
927066
927067
927068
927069
927070
927071
927072
927073
927074
927075
927076
927077
927078
927079
927080
927081
927082
927083
927084
927085
927086
927087
927088
927089
927090
927091
927092
927093
927094
927095
927096
927097
927098
927099
928000
928001
928002
928003
928004
928005
928006
928007
928008
928009
928010
928011
928012
928013
928014
928015
928016
928017
928018
928019
928020
928021
928022
928023
928024
928025
928026
928027
928028
928029
928030
928031
928032
928033
928034
928035
928036
928037
928038
928039
928040
928041
928042
928043
928044
928045
928046
928047
928048
928049
928050
928051
928052
928053
928054
928055
928056
928057
928058
928059
928060
928061
928062
928063
928064
928065
928066
928067
928068
928069
928070
928071
928072
928073
928074
928075
928076
928077
928078
928079
928080
928081
928082
928083
928084
928085
928086
928087
928088
928089
928090
928091
928092
928093
928094
928095
928096
928097
928098
928099
929000
929001
929002
929003
929004
929005
929006
929007
929008
929009
929010
929011
929012
929013
929014
929015
929016
929017
929018
929019
929020
929021
929022
929023
929024
929025
929026
929027
929028
929029
929030
929031
929032
929033
929034
929035
929036
929037
929038
929039
929040
929041
929042
929043
929044
929045
929046
929047
929048
929049
929050
929051
929052
929053
929054
929055
929056
929057
929058
929059
929060
929061
929062
929063
929064
929065
929066
929067
929068
929069
929070
929071
929072
929073
929074
929075
929076
929077
929078
929079
929080
929081
929082
929083
929084
929085
929086
929087
929088
929089
929090
929091
929092
929093
929094
929095
929096
929097
929098
929099
930000
930001
930002
930003
930004
930005
930006
930007
930008
930009
930010
930011
930012
930013
930014
930015
930016
930017
930018
930019
930020
930021
930022
930023
930024
930025
930026
930027
930028
930029
930030
930031
930032
930033
930034
930035
930036
930037
930038
930039
930040
930041
930042
930043
930044
930045
930046
930047
930048
930049
930050
930051
930052
930053
930054
930055
930056
930057
930058
930059
930060
930061
930062
930063
930064
930065
930066
930067
930068
930069
930070
930071
930072
930073
930074
930075
930076
930077
930078
930079
930080
930081
930082
930083
930084
930085
930086
930087
930088
930089
930090
930091
930092
930093
930094
930095
930096
930097
930098
930099
931000
931001
931002
931003
931004
931005
931006
931007
931008
931009
931010
931011
931012
931013
931014
931015
931016
931017
931018
931019
931020
931021
931022
931023
931024
931025
931026
931027
931028
931029
931030
931031
931032
931033
931034
931035
931036
931037
931038
931039
931040
931041
931042
931043
931044
931045
931046
931047
931048
931049
931050
931051
931052
931053
931054
931055
931056
931057
931058
931059
931060
931061
931062
931063
931064
931065
931066
931067
931068
931069
931070
931071
931072
931073
931074
931075
931076
931077
931078
931079
931080
931081
931082
931083
931084
931085
931086
931087
931088
931089
931090
931091
931092
931093
931094
931095
931096
931097
931098
931099
932000
932001
932002
932003
932004
932005
932006
932007
932008
932009
932010
932011
932012
932013
932014
932015
932016
932017
932018
932019
932020
932021
932022
932023
932024
932025
932026
932027
932028
932029
932030
932031
932032
932033
932034
932035
932036
932037
932038
932039
932040
932041
932042
932043
932044
932045
932046
932047
932048
932049
932050
932051
932052
932053
932054
932055
932056
932057
932058
932059
932060
932061
932062
932063
932064
932065
932066
932067
932068
932069
932070
932071
932072
932073
932074
932075
932076
932077
932078
932079
932080
932081
932082
932083
932084
932085
932086
932087
932088
932089
932090
932091
932092
932093
932094
932095
932096
932097
932098
932099
933000
933001
933002
933003
933004
933005
933006
933007
933008
933009
933010
933011
933012
933013
933014
933015
933016
933017
933018
933019
933020
933021
933022
933023
933024
933025
933026
933027
933028
933029
933030
933031
933032
933033
933034
933035
933036
933037
933038
933039
933040
933041
933042
933043
933044
933045
933046
933047
933048
933049
933050
933051
933052
933053
933054
933055
933056
933057
933058
933059
933060
933061
933062
933063
933064
933065
933066
933067
933068
933069
933070
933071
933072
933073
933074
933075
933076
933077
933078
933079
933080
933081
933082
933083
933084
933085
933086
933087
933088
933089
933090
933091
933092
933093
933094
933095
933096
933097
933098
933099
934000
934001
934002
934003
934004
934005
934006
934007
934008
934009
934010
934011
934012
934013
934014
934015
934016
934017
934018
934019
934020
934021
934022
934023
934024
934025
934026
934027
934028
934029
934030
934031
934032
934033
934034
934035
934036
934037
934038
934039
934040
934041
934042
934043
934044
934045
934046
934047
934048
934049
934050
934051
934052
934053
934054
934055
934056
934057
934058
934059
934060
934061
934062
934063
934064
934065
934066
934067
934068
934069
934070
934071
934072
934073
934074
934075
934076
934077
934078
934079
934080
934081
934082
934083
934084
934085
934086
934087
934088
934089
934090
934091
934092
934093
934094
934095
934096
934097
934098
934099
935000
935001
935002
935003
935004
935005
935006
935007
935008
935009
935010
935011
935012
935013
935014
935015
935016
935017
935018
935019
935020
935021
935022
935023
935024
935025
935026
935027
935028
935029
935030
935031
935032
935033
935034
935035
935036
935037
935038
935039
935040
935041
935042
935043
935044
935045
935046
935047
935048
935049
935050
935051
935052
935053
935054
935055
935056
935057
935058
935059
935060
935061
935062
935063
935064
935065
935066
935067
935068
935069
935070
935071
935072
935073
935074
935075
935076
935077
935078
935079
935080
935081
935082
935083
935084
935085
935086
935087
935088
935089
935090
935091
935092
935093
935094
935095
935096
935097
935098
935099
936000
936001
936002
936003
936004
936005
936006
936007
936008
936009
936010
936011
936012
936013
936014
936015
936016
936017
936018
936019
936020
936021
936022
936023
936024
936025
936026
936027
936028
936029
936030
936031
936032
936033
936034
936035
936036
936037
936038
936039
936040
936041
936042
936043
936044
936045
936046
936047
936048
936049
936050
936051
936052
936053
936054
936055
936056
936057
936058
936059
936060
936061
936062
936063
936064
936065
936066
936067
936068
936069
936070
936071
936072
936073
936074
936075
936076
936077
936078
936079
936080
936081
936082
936083
936084
936085
936086
936087
936088
936089
936090
936091
936092
936093
936094
936095
936096
936097
936098
936099
937000
937001
937002
937003
937004
937005
937006
937007
937008
937009
937010
937011
937012
937013
937014
937015
937016
937017
937018
937019
937020
937021
937022
937023
937024
937025
937026
937027
937028
937029
937030
937031
937032
937033
937034
937035
937036
937037
937038
937039
937040
937041
937042
937043
937044
937045
937046
937047
937048
937049
937050
937051
937052
937053
937054
937055
937056
937057
937058
937059
937060
937061
937062
937063
937064
937065
937066
937067
937068
937069
937070
937071
937072
937073
937074
937075
937076
937077
937078
937079
937080
937081
937082
937083
937084
937085
937086
937087
937088
937089
937090
937091
937092
937093
937094
937095
937096
937097
937098
937099
938000
938001
938002
938003
938004
938005
938006
938007
938008
938009
938010
938011
938012
938013
938014
938015
938016
938017
938018
938019
938020
938021
938022
938023
938024
938025
938026
938027
938028
938029
938030
938031
938032
938033
938034
938035
938036
938037
938038
938039
938040
938041
938042
938043
938044
938045
938046
938047
938048
938049
938050
938051
938052
938053
938054
938055
938056
938057
938058
938059
938060
938061
938062
938063
938064
938065
938066
938067
938068
938069
938070
938071
938072
938073
938074
938075
938076
938077
938078
938079
938080
938081
938082
938083
938084
938085
938086
938087
938088
938089
938090
938091
938092
938093
938094
938095
938096
938097
938098
938099
939000
939001
939002
939003
939004
939005
939006
939007
939008
939009
939010
939011
939012
939013
939014
939015
939016
939017
939018
939019
939020
939021
939022
939023
939024
939025
939026
939027
939028
939029
939030
939031
939032
939033
939034
939035
939036
939037
939038
939039
939040
939041
939042
939043
939044
939045
939046
939047
939048
939049
939050
939051
939052
939053
939054
939055
939056
939057
939058
939059
939060
939061
939062
939063
939064
939065
939066
939067
939068
939069
939070
939071
939072
939073
939074
939075
939076
939077
939078
939079
939080
939081
939082
939083
939084
939085
939086
939087
939088
939089
939090
939091
939092
939093
939094
939095
939096
939097
939098
939099
940000
940001
940002
940003
940004
940005
940006
940007
940008
940009
940010
940011
940012
940013
940014
940015
940016
940017
940018
940019
940020
940021
940022
940023
940024
940025
940026
940027
940028
940029
940030
940031
940032
940033
940034
940035
940036
940037
940038
940039
940040
940041
940042
940043
940044
940045
940046
940047
940048
940049
940050
940051
940052
940053
940054
940055
940056
940057
940058
940059
940060
940061
940062
940063
940064
940065
940066
940067
940068
940069
940070
940071
940072
940073
940074
940075
940076
940077
940078
940079
940080
940081
940082
940083
940084
940085
940086
940087
940088
940089
940090
940091
940092
940093
940094
940095
940096
940097
940098
940099
941000
941001
941002
941003
941004
941005
941006
941007
941008
941009
941010
941011
941012
941013
941014
941015
941016
941017
941018
941019
941020
941021
941022
941023
941024
941025
941026
941027
941028
941029
941030
941031
941032
941033
941034
941035
941036
941037
941038
941039
941040
941041
941042
941043
941044
941045
941046
941047
941048
941049
941050
941051
941052
941053
941054
941055
941056
941057
941058
941059
941060
941061
941062
941063
941064
941065
941066
941067
941068
941069
941070
941071
941072
941073
941074
941075
941076
941077
941078
941079
941080
941081
941082
941083
941084
941085
941086
941087
941088
941089
941090
941091
941092
941093
941094
941095
941096
941097
941098
941099
942000
942001
942002
942003
942004
942005
942006
942007
942008
942009
942010
942011
942012
942013
942014
942015
942016
942017
942018
942019
942020
942021
942022
942023
942024
942025
942026
942027
942028
942029
942030
942031
942032
942033
942034
942035
942036
942037
942038
942039
942040
942041
942042
942043
942044
942045
942046
942047
942048
942049
942050
942051
942052
942053
942054
942055
942056
942057
942058
942059
942060
942061
942062
942063
942064
942065
942066
942067
942068
942069
942070
942071
942072
942073
942074
942075
942076
942077
942078
942079
942080
942081
942082
942083
942084
942085
942086
942087
942088
942089
942090
942091
942092
942093
942094
942095
942096
942097
942098
942099
943000
943001
943002
943003
943004
943005
943006
943007
943008
943009
943010
943011
943012
943013
943014
943015
943016
943017
943018
943019
943020
943021
943022
943023
943024
943025
943026
943027
943028
943029
943030
943031
943032
943033
943034
943035
943036
943037
943038
943039
943040
943041
943042
943043
943044
943045
943046
943047
943048
943049
943050
943051
943052
943053
943054
943055
943056
943057
943058
943059
943060
943061
943062
943063
943064
943065
943066
943067
943068
943069
943070
943071
943072
943073
943074
943075
943076
943077
943078
943079
943080
943081
943082
943083
943084
943085
943086
943087
943088
943089
943090
943091
943092
943093
943094
943095
943096
943097
943098
943099
944000
944001
944002
944003
944004
944005
944006
944007
944008
944009
944010
944011
944012
944013
944014
944015
944016
944017
944018
944019
944020
944021
944022
944023
944024
944025
944026
944027
944028
944029
944030
944031
944032
944033
944034
944035
944036
944037
944038
944039
944040
944041
944042
944043
944044
944045
944046
944047
944048
944049
944050
944051
944052
944053
944054
944055
944056
944057
944058
944059
944060
944061
944062
944063
944064
944065
944066
944067
944068
944069
944070
944071
944072
944073
944074
944075
944076
944077
944078
944079
944080
944081
944082
944083
944084
944085
944086
944087
944088
944089
944090
944091
944092
944093
944094
944095
944096
944097
944098
944099
945000
945001
945002
945003
945004
945005
945006
945007
945008
945009
945010
945011
945012
945013
945014
945015
945016
945017
945018
945019
945020
945021
945022
945023
945024
945025
945026
945027
945028
945029
945030
945031
945032
945033
945034
945035
945036
945037
945038
945039
945040
945041
945042
945043
945044
945045
945046
945047
945048
945049
945050
945051
945052
945053
945054
945055
945056
945057
945058
945059
945060
945061
945062
945063
945064
945065
945066
945067
945068
945069
945070
945071
945072
945073
945074
945075
945076
945077
945078
945079
945080
945081
945082
945083
945084
945085
945086
945087
945088
945089
945090
945091
945092
945093
945094
945095
945096
945097
945098
945099
946000
946001
946002
946003
946004
946005
946006
946007
946008
946009
946010
946011
946012
946013
946014
946015
946016
946017
946018
946019
946020
946021
946022
946023
946024
946025
946026
946027
946028
946029
946030
946031
946032
946033
946034
946035
946036
946037
946038
946039
946040
946041
946042
946043
946044
946045
946046
946047
946048
946049
946050
946051
946052
946053
946054
946055
946056
946057
946058
946059
946060
946061
946062
946063
946064
946065
946066
946067
946068
946069
946070
946071
946072
946073
946074
946075
946076
946077
946078
946079
946080
946081
946082
946083
946084
946085
946086
946087
946088
946089
946090
946091
946092
946093
946094
946095
946096
946097
946098
946099
947000
947001
947002
947003
947004
947005
947006
947007
947008
947009
947010
947011
947012
947013
947014
947015
947016
947017
947018
947019
947020
947021
947022
947023
947024
947025
947026
947027
947028
947029
947030
947031
947032
947033
947034
947035
947036
947037
947038
947039
947040
947041
947042
947043
947044
947045
947046
947047
947048
947049
947050
947051
947052
947053
947054
947055
947056
947057
947058
947059
947060
947061
947062
947063
947064
947065
947066
947067
947068
947069
947070
947071
947072
947073
947074
947075
947076
947077
947078
947079
947080
947081
947082
947083
947084
947085
947086
947087
947088
947089
947090
947091
947092
947093
947094
947095
947096
947097
947098
947099
948000
948001
948002
948003
948004
948005
948006
948007
948008
948009
948010
948011
948012
948013
948014
948015
948016
948017
948018
948019
948020
948021
948022
948023
948024
948025
948026
948027
948028
948029
948030
948031
948032
948033
948034
948035
948036
948037
948038
948039
948040
948041
948042
948043
948044
948045
948046
948047
948048
948049
948050
948051
948052
948053
948054
948055
948056
948057
948058
948059
948060
948061
948062
948063
948064
948065
948066
948067
948068
948069
948070
948071
948072
948073
948074
948075
948076
948077
948078
948079
948080
948081
948082
948083
948084
948085
948086
948087
948088
948089
948090
948091
948092
948093
948094
948095
948096
948097
948098
948099
949000
949001
949002
949003
949004
949005
949006
949007
949008
949009
949010
949011
949012
949013
949014
949015
949016
949017
949018
949019
949020
949021
949022
949023
949024
949025
949026
949027
949028
949029
949030
949031
949032
949033
949034
949035
949036
949037
949038
949039
949040
949041
949042
949043
949044
949045
949046
949047
949048
949049
949050
949051
949052
949053
949054
949055
949056
949057
949058
949059
949060
949061
949062
949063
949064
949065
949066
949067
949068
949069
949070
949071
949072
949073
949074
949075
949076
949077
949078
949079
949080
949081
949082
949083
949084
949085
949086
949087
949088
949089
949090
949091
949092
949093
949094
949095
949096
949097
949098
949099
950000
950001
950002
950003
950004
950005
950006
950007
950008
950009
950010
950011
950012
950013
950014
950015
950016
950017
950018
950019
950020
950021
950022
950023
950024
950025
950026
950027
950028
950029
950030
950031
950032
950033
950034
950035
950036
950037
950038
950039
950040
950041
950042
950043
950044
950045
950046
950047
950048
950049
950050
950051
950052
950053
950054
950055
950056
950057
950058
950059
950060
950061
950062
950063
950064
950065
950066
950067
950068
950069
950070
950071
950072
950073
950074
950075
950076
950077
950078
950079
950080
950081
950082
950083
950084
950085
950086
950087
950088
950089
950090
950091
950092
950093
950094
950095
950096
950097
950098
950099
951000
951001
951002
951003
951004
951005
951006
951007
951008
951009
951010
951011
951012
951013
951014
951015
951016
951017
951018
951019
951020
951021
951022
951023
951024
951025
951026
951027
951028
951029
951030
951031
951032
951033
951034
951035
951036
951037
951038
951039
951040
951041
951042
951043
951044
951045
951046
951047
951048
951049
951050
951051
951052
951053
951054
951055
951056
951057
951058
951059
951060
951061
951062
951063
951064
951065
951066
951067
951068
951069
951070
951071
951072
951073
951074
951075
951076
951077
951078
951079
951080
951081
951082
951083
951084
951085
951086
951087
951088
951089
951090
951091
951092
951093
951094
951095
951096
951097
951098
951099
952000
952001
952002
952003
952004
952005
952006
952007
952008
952009
952010
952011
952012
952013
952014
952015
952016
952017
952018
952019
952020
952021
952022
952023
952024
952025
952026
952027
952028
952029
952030
952031
952032
952033
952034
952035
952036
952037
952038
952039
952040
952041
952042
952043
952044
952045
952046
952047
952048
952049
952050
952051
952052
952053
952054
952055
952056
952057
952058
952059
952060
952061
952062
952063
952064
952065
952066
952067
952068
952069
952070
952071
952072
952073
952074
952075
952076
952077
952078
952079
952080
952081
952082
952083
952084
952085
952086
952087
952088
952089
952090
952091
952092
952093
952094
952095
952096
952097
952098
952099
953000
953001
953002
953003
953004
953005
953006
953007
953008
953009
953010
953011
953012
953013
953014
953015
953016
953017
953018
953019
953020
953021
953022
953023
953024
953025
953026
953027
953028
953029
953030
953031
953032
953033
953034
953035
953036
953037
953038
953039
953040
953041
953042
953043
953044
953045
953046
953047
953048
953049
953050
953051
953052
953053
953054
953055
953056
953057
953058
953059
953060
953061
953062
953063
953064
953065
953066
953067
953068
953069
953070
953071
953072
953073
953074
953075
953076
953077
953078
953079
953080
953081
953082
953083
953084
953085
953086
953087
953088
953089
953090
953091
953092
953093
953094
953095
953096
953097
953098
953099
954000
954001
954002
954003
954004
954005
954006
954007
954008
954009
954010
954011
954012
954013
954014
954015
954016
954017
954018
954019
954020
954021
954022
954023
954024
954025
954026
954027
954028
954029
954030
954031
954032
954033
954034
954035
954036
954037
954038
954039
954040
954041
954042
954043
954044
954045
954046
954047
954048
954049
954050
954051
954052
954053
954054
954055
954056
954057
954058
954059
954060
954061
954062
954063
954064
954065
954066
954067
954068
954069
954070
954071
954072
954073
954074
954075
954076
954077
954078
954079
954080
954081
954082
954083
954084
954085
954086
954087
954088
954089
954090
954091
954092
954093
954094
954095
954096
954097
954098
954099
955000
955001
955002
955003
955004
955005
955006
955007
955008
955009
955010
955011
955012
955013
955014
955015
955016
955017
955018
955019
955020
955021
955022
955023
955024
955025
955026
955027
955028
955029
955030
955031
955032
955033
955034
955035
955036
955037
955038
955039
955040
955041
955042
955043
955044
955045
955046
955047
955048
955049
955050
955051
955052
955053
955054
955055
955056
955057
955058
955059
955060
955061
955062
955063
955064
955065
955066
955067
955068
955069
955070
955071
955072
955073
955074
955075
955076
955077
955078
955079
955080
955081
955082
955083
955084
955085
955086
955087
955088
955089
955090
955091
955092
955093
955094
955095
955096
955097
955098
955099
956000
956001
956002
956003
956004
956005
956006
956007
956008
956009
956010
956011
956012
956013
956014
956015
956016
956017
956018
956019
956020
956021
956022
956023
956024
956025
956026
956027
956028
956029
956030
956031
956032
956033
956034
956035
956036
956037
956038
956039
956040
956041
956042
956043
956044
956045
956046
956047
956048
956049
956050
956051
956052
956053
956054
956055
956056
956057
956058
956059
956060
956061
956062
956063
956064
956065
956066
956067
956068
956069
956070
956071
956072
956073
956074
956075
956076
956077
956078
956079
956080
956081
956082
956083
956084
956085
956086
956087
956088
956089
956090
956091
956092
956093
956094
956095
956096
956097
956098
956099
957000
957001
957002
957003
957004
957005
957006
957007
957008
957009
957010
957011
957012
957013
957014
957015
957016
957017
957018
957019
957020
957021
957022
957023
957024
957025
957026
957027
957028
957029
957030
957031
957032
957033
957034
957035
957036
957037
957038
957039
957040
957041
957042
957043
957044
957045
957046
957047
957048
957049
957050
957051
957052
957053
957054
957055
957056
957057
957058
957059
957060
957061
957062
957063
957064
957065
957066
957067
957068
957069
957070
957071
957072
957073
957074
957075
957076
957077
957078
957079
957080
957081
957082
957083
957084
957085
957086
957087
957088
957089
957090
957091
957092
957093
957094
957095
957096
957097
957098
957099
958000
958001
958002
958003
958004
958005
958006
958007
958008
958009
958010
958011
958012
958013
958014
958015
958016
958017
958018
958019
958020
958021
958022
958023
958024
958025
958026
958027
958028
958029
958030
958031
958032
958033
958034
958035
958036
958037
958038
958039
958040
958041
958042
958043
958044
958045
958046
958047
958048
958049
958050
958051
958052
958053
958054
958055
958056
958057
958058
958059
958060
958061
958062
958063
958064
958065
958066
958067
958068
958069
958070
958071
958072
958073
958074
958075
958076
958077
958078
958079
958080
958081
958082
958083
958084
958085
958086
958087
958088
958089
958090
958091
958092
958093
958094
958095
958096
958097
958098
958099
959000
959001
959002
959003
959004
959005
959006
959007
959008
959009
959010
959011
959012
959013
959014
959015
959016
959017
959018
959019
959020
959021
959022
959023
959024
959025
959026
959027
959028
959029
959030
959031
959032
959033
959034
959035
959036
959037
959038
959039
959040
959041
959042
959043
959044
959045
959046
959047
959048
959049
959050
959051
959052
959053
959054
959055
959056
959057
959058
959059
959060
959061
959062
959063
959064
959065
959066
959067
959068
959069
959070
959071
959072
959073
959074
959075
959076
959077
959078
959079
959080
959081
959082
959083
959084
959085
959086
959087
959088
959089
959090
959091
959092
959093
959094
959095
959096
959097
959098
959099
960000
960001
960002
960003
960004
960005
960006
960007
960008
960009
960010
960011
960012
960013
960014
960015
960016
960017
960018
960019
960020
960021
960022
960023
960024
960025
960026
960027
960028
960029
960030
960031
960032
960033
960034
960035
960036
960037
960038
960039
960040
960041
960042
960043
960044
960045
960046
960047
960048
960049
960050
960051
960052
960053
960054
960055
960056
960057
960058
960059
960060
960061
960062
960063
960064
960065
960066
960067
960068
960069
960070
960071
960072
960073
960074
960075
960076
960077
960078
960079
960080
960081
960082
960083
960084
960085
960086
960087
960088
960089
960090
960091
960092
960093
960094
960095
960096
960097
960098
960099
961000
961001
961002
961003
961004
961005
961006
961007
961008
961009
961010
961011
961012
961013
961014
961015
961016
961017
961018
961019
961020
961021
961022
961023
961024
961025
961026
961027
961028
961029
961030
961031
961032
961033
961034
961035
961036
961037
961038
961039
961040
961041
961042
961043
961044
961045
961046
961047
961048
961049
961050
961051
961052
961053
961054
961055
961056
961057
961058
961059
961060
961061
961062
961063
961064
961065
961066
961067
961068
961069
961070
961071
961072
961073
961074
961075
961076
961077
961078
961079
961080
961081
961082
961083
961084
961085
961086
961087
961088
961089
961090
961091
961092
961093
961094
961095
961096
961097
961098
961099
962000
962001
962002
962003
962004
962005
962006
962007
962008
962009
962010
962011
962012
962013
962014
962015
962016
962017
962018
962019
962020
962021
962022
962023
962024
962025
962026
962027
962028
962029
962030
962031
962032
962033
962034
962035
962036
962037
962038
962039
962040
962041
962042
962043
962044
962045
962046
962047
962048
962049
962050
962051
962052
962053
962054
962055
962056
962057
962058
962059
962060
962061
962062
962063
962064
962065
962066
962067
962068
962069
962070
962071
962072
962073
962074
962075
962076
962077
962078
962079
962080
962081
962082
962083
962084
962085
962086
962087
962088
962089
962090
962091
962092
962093
962094
962095
962096
962097
962098
962099
963000
963001
963002
963003
963004
963005
963006
963007
963008
963009
963010
963011
963012
963013
963014
963015
963016
963017
963018
963019
963020
963021
963022
963023
963024
963025
963026
963027
963028
963029
963030
963031
963032
963033
963034
963035
963036
963037
963038
963039
963040
963041
963042
963043
963044
963045
963046
963047
963048
963049
963050
963051
963052
963053
963054
963055
963056
963057
963058
963059
963060
963061
963062
963063
963064
963065
963066
963067
963068
963069
963070
963071
963072
963073
963074
963075
963076
963077
963078
963079
963080
963081
963082
963083
963084
963085
963086
963087
963088
963089
963090
963091
963092
963093
963094
963095
963096
963097
963098
963099
964000
964001
964002
964003
964004
964005
964006
964007
964008
964009
964010
964011
964012
964013
964014
964015
964016
964017
964018
964019
964020
964021
964022
964023
964024
964025
964026
964027
964028
964029
964030
964031
964032
964033
964034
964035
964036
964037
964038
964039
964040
964041
964042
964043
964044
964045
964046
964047
964048
964049
964050
964051
964052
964053
964054
964055
964056
964057
964058
964059
964060
964061
964062
964063
964064
964065
964066
964067
964068
964069
964070
964071
964072
964073
964074
964075
964076
964077
964078
964079
964080
964081
964082
964083
964084
964085
964086
964087
964088
964089
964090
964091
964092
964093
964094
964095
964096
964097
964098
964099
965000
965001
965002
965003
965004
965005
965006
965007
965008
965009
965010
965011
965012
965013
965014
965015
965016
965017
965018
965019
965020
965021
965022
965023
965024
965025
965026
965027
965028
965029
965030
965031
965032
965033
965034
965035
965036
965037
965038
965039
965040
965041
965042
965043
965044
965045
965046
965047
965048
965049
965050
965051
965052
965053
965054
965055
965056
965057
965058
965059
965060
965061
965062
965063
965064
965065
965066
965067
965068
965069
965070
965071
965072
965073
965074
965075
965076
965077
965078
965079
965080
965081
965082
965083
965084
965085
965086
965087
965088
965089
965090
965091
965092
965093
965094
965095
965096
965097
965098
965099
966000
966001
966002
966003
966004
966005
966006
966007
966008
966009
966010
966011
966012
966013
966014
966015
966016
966017
966018
966019
966020
966021
966022
966023
966024
966025
966026
966027
966028
966029
966030
966031
966032
966033
966034
966035
966036
966037
966038
966039
966040
966041
966042
966043
966044
966045
966046
966047
966048
966049
966050
966051
966052
966053
966054
966055
966056
966057
966058
966059
966060
966061
966062
966063
966064
966065
966066
966067
966068
966069
966070
966071
966072
966073
966074
966075
966076
966077
966078
966079
966080
966081
966082
966083
966084
966085
966086
966087
966088
966089
966090
966091
966092
966093
966094
966095
966096
966097
966098
966099
967000
967001
967002
967003
967004
967005
967006
967007
967008
967009
967010
967011
967012
967013
967014
967015
967016
967017
967018
967019
967020
967021
967022
967023
967024
967025
967026
967027
967028
967029
967030
967031
967032
967033
967034
967035
967036
967037
967038
967039
967040
967041
967042
967043
967044
967045
967046
967047
967048
967049
967050
967051
967052
967053
967054
967055
967056
967057
967058
967059
967060
967061
967062
967063
967064
967065
967066
967067
967068
967069
967070
967071
967072
967073
967074
967075
967076
967077
967078
967079
967080
967081
967082
967083
967084
967085
967086
967087
967088
967089
967090
967091
967092
967093
967094
967095
967096
967097
967098
967099
968000
968001
968002
968003
968004
968005
968006
968007
968008
968009
968010
968011
968012
968013
968014
968015
968016
968017
968018
968019
968020
968021
968022
968023
968024
968025
968026
968027
968028
968029
968030
968031
968032
968033
968034
968035
968036
968037
968038
968039
968040
968041
968042
968043
968044
968045
968046
968047
968048
968049
968050
968051
968052
968053
968054
968055
968056
968057
968058
968059
968060
968061
968062
968063
968064
968065
968066
968067
968068
968069
968070
968071
968072
968073
968074
968075
968076
968077
968078
968079
968080
968081
968082
968083
968084
968085
968086
968087
968088
968089
968090
968091
968092
968093
968094
968095
968096
968097
968098
968099
969000
969001
969002
969003
969004
969005
969006
969007
969008
969009
969010
969011
969012
969013
969014
969015
969016
969017
969018
969019
969020
969021
969022
969023
969024
969025
969026
969027
969028
969029
969030
969031
969032
969033
969034
969035
969036
969037
969038
969039
969040
969041
969042
969043
969044
969045
969046
969047
969048
969049
969050
969051
969052
969053
969054
969055
969056
969057
969058
969059
969060
969061
969062
969063
969064
969065
969066
969067
969068
969069
969070
969071
969072
969073
969074
969075
969076
969077
969078
969079
969080
969081
969082
969083
969084
969085
969086
969087
969088
969089
969090
969091
969092
969093
969094
969095
969096
969097
969098
969099
970000
970001
970002
970003
970004
970005
970006
970007
970008
970009
970010
970011
970012
970013
970014
970015
970016
970017
970018
970019
970020
970021
970022
970023
970024
970025
970026
970027
970028
970029
970030
970031
970032
970033
970034
970035
970036
970037
970038
970039
970040
970041
970042
970043
970044
970045
970046
970047
970048
970049
970050
970051
970052
970053
970054
970055
970056
970057
970058
970059
970060
970061
970062
970063
970064
970065
970066
970067
970068
970069
970070
970071
970072
970073
970074
970075
970076
970077
970078
970079
970080
970081
970082
970083
970084
970085
970086
970087
970088
970089
970090
970091
970092
970093
970094
970095
970096
970097
970098
970099
971000
971001
971002
971003
971004
971005
971006
971007
971008
971009
971010
971011
971012
971013
971014
971015
971016
971017
971018
971019
971020
971021
971022
971023
971024
971025
971026
971027
971028
971029
971030
971031
971032
971033
971034
971035
971036
971037
971038
971039
971040
971041
971042
971043
971044
971045
971046
971047
971048
971049
971050
971051
971052
971053
971054
971055
971056
971057
971058
971059
971060
971061
971062
971063
971064
971065
971066
971067
971068
971069
971070
971071
971072
971073
971074
971075
971076
971077
971078
971079
971080
971081
971082
971083
971084
971085
971086
971087
971088
971089
971090
971091
971092
971093
971094
971095
971096
971097
971098
971099
972000
972001
972002
972003
972004
972005
972006
972007
972008
972009
972010
972011
972012
972013
972014
972015
972016
972017
972018
972019
972020
972021
972022
972023
972024
972025
972026
972027
972028
972029
972030
972031
972032
972033
972034
972035
972036
972037
972038
972039
972040
972041
972042
972043
972044
972045
972046
972047
972048
972049
972050
972051
972052
972053
972054
972055
972056
972057
972058
972059
972060
972061
972062
972063
972064
972065
972066
972067
972068
972069
972070
972071
972072
972073
972074
972075
972076
972077
972078
972079
972080
972081
972082
972083
972084
972085
972086
972087
972088
972089
972090
972091
972092
972093
972094
972095
972096
972097
972098
972099
973000
973001
973002
973003
973004
973005
973006
973007
973008
973009
973010
973011
973012
973013
973014
973015
973016
973017
973018
973019
973020
973021
973022
973023
973024
973025
973026
973027
973028
973029
973030
973031
973032
973033
973034
973035
973036
973037
973038
973039
973040
973041
973042
973043
973044
973045
973046
973047
973048
973049
973050
973051
973052
973053
973054
973055
973056
973057
973058
973059
973060
973061
973062
973063
973064
973065
973066
973067
973068
973069
973070
973071
973072
973073
973074
973075
973076
973077
973078
973079
973080
973081
973082
973083
973084
973085
973086
973087
973088
973089
973090
973091
973092
973093
973094
973095
973096
973097
973098
973099
974000
974001
974002
974003
974004
974005
974006
974007
974008
974009
974010
974011
974012
974013
974014
974015
974016
974017
974018
974019
974020
974021
974022
974023
974024
974025
974026
974027
974028
974029
974030
974031
974032
974033
974034
974035
974036
974037
974038
974039
974040
974041
974042
974043
974044
974045
974046
974047
974048
974049
974050
974051
974052
974053
974054
974055
974056
974057
974058
974059
974060
974061
974062
974063
974064
974065
974066
974067
974068
974069
974070
974071
974072
974073
974074
974075
974076
974077
974078
974079
974080
974081
974082
974083
974084
974085
974086
974087
974088
974089
974090
974091
974092
974093
974094
974095
974096
974097
974098
974099
975000
975001
975002
975003
975004
975005
975006
975007
975008
975009
975010
975011
975012
975013
975014
975015
975016
975017
975018
975019
975020
975021
975022
975023
975024
975025
975026
975027
975028
975029
975030
975031
975032
975033
975034
975035
975036
975037
975038
975039
975040
975041
975042
975043
975044
975045
975046
975047
975048
975049
975050
975051
975052
975053
975054
975055
975056
975057
975058
975059
975060
975061
975062
975063
975064
975065
975066
975067
975068
975069
975070
975071
975072
975073
975074
975075
975076
975077
975078
975079
975080
975081
975082
975083
975084
975085
975086
975087
975088
975089
975090
975091
975092
975093
975094
975095
975096
975097
975098
975099
976000
976001
976002
976003
976004
976005
976006
976007
976008
976009
976010
976011
976012
976013
976014
976015
976016
976017
976018
976019
976020
976021
976022
976023
976024
976025
976026
976027
976028
976029
976030
976031
976032
976033
976034
976035
976036
976037
976038
976039
976040
976041
976042
976043
976044
976045
976046
976047
976048
976049
976050
976051
976052
976053
976054
976055
976056
976057
976058
976059
976060
976061
976062
976063
976064
976065
976066
976067
976068
976069
976070
976071
976072
976073
976074
976075
976076
976077
976078
976079
976080
976081
976082
976083
976084
976085
976086
976087
976088
976089
976090
976091
976092
976093
976094
976095
976096
976097
976098
976099
977000
977001
977002
977003
977004
977005
977006
977007
977008
977009
977010
977011
977012
977013
977014
977015
977016
977017
977018
977019
977020
977021
977022
977023
977024
977025
977026
977027
977028
977029
977030
977031
977032
977033
977034
977035
977036
977037
977038
977039
977040
977041
977042
977043
977044
977045
977046
977047
977048
977049
977050
977051
977052
977053
977054
977055
977056
977057
977058
977059
977060
977061
977062
977063
977064
977065
977066
977067
977068
977069
977070
977071
977072
977073
977074
977075
977076
977077
977078
977079
977080
977081
977082
977083
977084
977085
977086
977087
977088
977089
977090
977091
977092
977093
977094
977095
977096
977097
977098
977099
978000
978001
978002
978003
978004
978005
978006
978007
978008
978009
978010
978011
978012
978013
978014
978015
978016
978017
978018
978019
978020
978021
978022
978023
978024
978025
978026
978027
978028
978029
978030
978031
978032
978033
978034
978035
978036
978037
978038
978039
978040
978041
978042
978043
978044
978045
978046
978047
978048
978049
978050
978051
978052
978053
978054
978055
978056
978057
978058
978059
978060
978061
978062
978063
978064
978065
978066
978067
978068
978069
978070
978071
978072
978073
978074
978075
978076
978077
978078
978079
978080
978081
978082
978083
978084
978085
978086
978087
978088
978089
978090
978091
978092
978093
978094
978095
978096
978097
978098
978099
979000
979001
979002
979003
979004
979005
979006
979007
979008
979009
979010
979011
979012
979013
979014
979015
979016
979017
979018
979019
979020
979021
979022
979023
979024
979025
979026
979027
979028
979029
979030
979031
979032
979033
979034
979035
979036
979037
979038
979039
979040
979041
979042
979043
979044
979045
979046
979047
979048
979049
979050
979051
979052
979053
979054
979055
979056
979057
979058
979059
979060
979061
979062
979063
979064
979065
979066
979067
979068
979069
979070
979071
979072
979073
979074
979075
979076
979077
979078
979079
979080
979081
979082
979083
979084
979085
979086
979087
979088
979089
979090
979091
979092
979093
979094
979095
979096
979097
979098
979099
980000
980001
980002
980003
980004
980005
980006
980007
980008
980009
980010
980011
980012
980013
980014
980015
980016
980017
980018
980019
980020
980021
980022
980023
980024
980025
980026
980027
980028
980029
980030
980031
980032
980033
980034
980035
980036
980037
980038
980039
980040
980041
980042
980043
980044
980045
980046
980047
980048
980049
980050
980051
980052
980053
980054
980055
980056
980057
980058
980059
980060
980061
980062
980063
980064
980065
980066
980067
980068
980069
980070
980071
980072
980073
980074
980075
980076
980077
980078
980079
980080
980081
980082
980083
980084
980085
980086
980087
980088
980089
980090
980091
980092
980093
980094
980095
980096
980097
980098
980099
981000
981001
981002
981003
981004
981005
981006
981007
981008
981009
981010
981011
981012
981013
981014
981015
981016
981017
981018
981019
981020
981021
981022
981023
981024
981025
981026
981027
981028
981029
981030
981031
981032
981033
981034
981035
981036
981037
981038
981039
981040
981041
981042
981043
981044
981045
981046
981047
981048
981049
981050
981051
981052
981053
981054
981055
981056
981057
981058
981059
981060
981061
981062
981063
981064
981065
981066
981067
981068
981069
981070
981071
981072
981073
981074
981075
981076
981077
981078
981079
981080
981081
981082
981083
981084
981085
981086
981087
981088
981089
981090
981091
981092
981093
981094
981095
981096
981097
981098
981099
982000
982001
982002
982003
982004
982005
982006
982007
982008
982009
982010
982011
982012
982013
982014
982015
982016
982017
982018
982019
982020
982021
982022
982023
982024
982025
982026
982027
982028
982029
982030
982031
982032
982033
982034
982035
982036
982037
982038
982039
982040
982041
982042
982043
982044
982045
982046
982047
982048
982049
982050
982051
982052
982053
982054
982055
982056
982057
982058
982059
982060
982061
982062
982063
982064
982065
982066
982067
982068
982069
982070
982071
982072
982073
982074
982075
982076
982077
982078
982079
982080
982081
982082
982083
982084
982085
982086
982087
982088
982089
982090
982091
982092
982093
982094
982095
982096
982097
982098
982099
983000
983001
983002
983003
983004
983005
983006
983007
983008
983009
983010
983011
983012
983013
983014
983015
983016
983017
983018
983019
983020
983021
983022
983023
983024
983025
983026
983027
983028
983029
983030
983031
983032
983033
983034
983035
983036
983037
983038
983039
983040
983041
983042
983043
983044
983045
983046
983047
983048
983049
983050
983051
983052
983053
983054
983055
983056
983057
983058
983059
983060
983061
983062
983063
983064
983065
983066
983067
983068
983069
983070
983071
983072
983073
983074
983075
983076
983077
983078
983079
983080
983081
983082
983083
983084
983085
983086
983087
983088
983089
983090
983091
983092
983093
983094
983095
983096
983097
983098
983099
984000
984001
984002
984003
984004
984005
984006
984007
984008
984009
984010
984011
984012
984013
984014
984015
984016
984017
984018
984019
984020
984021
984022
984023
984024
984025
984026
984027
984028
984029
984030
984031
984032
984033
984034
984035
984036
984037
984038
984039
984040
984041
984042
984043
984044
984045
984046
984047
984048
984049
984050
984051
984052
984053
984054
984055
984056
984057
984058
984059
984060
984061
984062
984063
984064
984065
984066
984067
984068
984069
984070
984071
984072
984073
984074
984075
984076
984077
984078
984079
984080
984081
984082
984083
984084
984085
984086
984087
984088
984089
984090
984091
984092
984093
984094
984095
984096
984097
984098
984099
985000
985001
985002
985003
985004
985005
985006
985007
985008
985009
985010
985011
985012
985013
985014
985015
985016
985017
985018
985019
985020
985021
985022
985023
985024
985025
985026
985027
985028
985029
985030
985031
985032
985033
985034
985035
985036
985037
985038
985039
985040
985041
985042
985043
985044
985045
985046
985047
985048
985049
985050
985051
985052
985053
985054
985055
985056
985057
985058
985059
985060
985061
985062
985063
985064
985065
985066
985067
985068
985069
985070
985071
985072
985073
985074
985075
985076
985077
985078
985079
985080
985081
985082
985083
985084
985085
985086
985087
985088
985089
985090
985091
985092
985093
985094
985095
985096
985097
985098
985099
986000
986001
986002
986003
986004
986005
986006
986007
986008
986009
986010
986011
986012
986013
986014
986015
986016
986017
986018
986019
986020
986021
986022
986023
986024
986025
986026
986027
986028
986029
986030
986031
986032
986033
986034
986035
986036
986037
986038
986039
986040
986041
986042
986043
986044
986045
986046
986047
986048
986049
986050
986051
986052
986053
986054
986055
986056
986057
986058
986059
986060
986061
986062
986063
986064
986065
986066
986067
986068
986069
986070
986071
986072
986073
986074
986075
986076
986077
986078
986079
986080
986081
986082
986083
986084
986085
986086
986087
986088
986089
986090
986091
986092
986093
986094
986095
986096
986097
986098
986099
987000
987001
987002
987003
987004
987005
987006
987007
987008
987009
987010
987011
987012
987013
987014
987015
987016
987017
987018
987019
987020
987021
987022
987023
987024
987025
987026
987027
987028
987029
987030
987031
987032
987033
987034
987035
987036
987037
987038
987039
987040
987041
987042
987043
987044
987045
987046
987047
987048
987049
987050
987051
987052
987053
987054
987055
987056
987057
987058
987059
987060
987061
987062
987063
987064
987065
987066
987067
987068
987069
987070
987071
987072
987073
987074
987075
987076
987077
987078
987079
987080
987081
987082
987083
987084
987085
987086
987087
987088
987089
987090
987091
987092
987093
987094
987095
987096
987097
987098
987099
988000
988001
988002
988003
988004
988005
988006
988007
988008
988009
988010
988011
988012
988013
988014
988015
988016
988017
988018
988019
988020
988021
988022
988023
988024
988025
988026
988027
988028
988029
988030
988031
988032
988033
988034
988035
988036
988037
988038
988039
988040
988041
988042
988043
988044
988045
988046
988047
988048
988049
988050
988051
988052
988053
988054
988055
988056
988057
988058
988059
988060
988061
988062
988063
988064
988065
988066
988067
988068
988069
988070
988071
988072
988073
988074
988075
988076
988077
988078
988079
988080
988081
988082
988083
988084
988085
988086
988087
988088
988089
988090
988091
988092
988093
988094
988095
988096
988097
988098
988099
989000
989001
989002
989003
989004
989005
989006
989007
989008
989009
989010
989011
989012
989013
989014
989015
989016
989017
989018
989019
989020
989021
989022
989023
989024
989025
989026
989027
989028
989029
989030
989031
989032
989033
989034
989035
989036
989037
989038
989039
989040
989041
989042
989043
989044
989045
989046
989047
989048
989049
989050
989051
989052
989053
989054
989055
989056
989057
989058
989059
989060
989061
989062
989063
989064
989065
989066
989067
989068
989069
989070
989071
989072
989073
989074
989075
989076
989077
989078
989079
989080
989081
989082
989083
989084
989085
989086
989087
989088
989089
989090
989091
989092
989093
989094
989095
989096
989097
989098
989099
990000
990001
990002
990003
990004
990005
990006
990007
990008
990009
990010
990011
990012
990013
990014
990015
990016
990017
990018
990019
990020
990021
990022
990023
990024
990025
990026
990027
990028
990029
990030
990031
990032
990033
990034
990035
990036
990037
990038
990039
990040
990041
990042
990043
990044
990045
990046
990047
990048
990049
990050
990051
990052
990053
990054
990055
990056
990057
990058
990059
990060
990061
990062
990063
990064
990065
990066
990067
990068
990069
990070
990071
990072
990073
990074
990075
990076
990077
990078
990079
990080
990081
990082
990083
990084
990085
990086
990087
990088
990089
990090
990091
990092
990093
990094
990095
990096
990097
990098
990099
991000
991001
991002
991003
991004
991005
991006
991007
991008
991009
991010
991011
991012
991013
991014
991015
991016
991017
991018
991019
991020
991021
991022
991023
991024
991025
991026
991027
991028
991029
991030
991031
991032
991033
991034
991035
991036
991037
991038
991039
991040
991041
991042
991043
991044
991045
991046
991047
991048
991049
991050
991051
991052
991053
991054
991055
991056
991057
991058
991059
991060
991061
991062
991063
991064
991065
991066
991067
991068
991069
991070
991071
991072
991073
991074
991075
991076
991077
991078
991079
991080
991081
991082
991083
991084
991085
991086
991087
991088
991089
991090
991091
991092
991093
991094
991095
991096
991097
991098
991099
992000
992001
992002
992003
992004
992005
992006
992007
992008
992009
992010
992011
992012
992013
992014
992015
992016
992017
992018
992019
992020
992021
992022
992023
992024
992025
992026
992027
992028
992029
992030
992031
992032
992033
992034
992035
992036
992037
992038
992039
992040
992041
992042
992043
992044
992045
992046
992047
992048
992049
992050
992051
992052
992053
992054
992055
992056
992057
992058
992059
992060
992061
992062
992063
992064
992065
992066
992067
992068
992069
992070
992071
992072
992073
992074
992075
992076
992077
992078
992079
992080
992081
992082
992083
992084
992085
992086
992087
992088
992089
992090
992091
992092
992093
992094
992095
992096
992097
992098
992099
993000
993001
993002
993003
993004
993005
993006
993007
993008
993009
993010
993011
993012
993013
993014
993015
993016
993017
993018
993019
993020
993021
993022
993023
993024
993025
993026
993027
993028
993029
993030
993031
993032
993033
993034
993035
993036
993037
993038
993039
993040
993041
993042
993043
993044
993045
993046
993047
993048
993049
993050
993051
993052
993053
993054
993055
993056
993057
993058
993059
993060
993061
993062
993063
993064
993065
993066
993067
993068
993069
993070
993071
993072
993073
993074
993075
993076
993077
993078
993079
993080
993081
993082
993083
993084
993085
993086
993087
993088
993089
993090
993091
993092
993093
993094
993095
993096
993097
993098
993099
994000
994001
994002
994003
994004
994005
994006
994007
994008
994009
994010
994011
994012
994013
994014
994015
994016
994017
994018
994019
994020
994021
994022
994023
994024
994025
994026
994027
994028
994029
994030
994031
994032
994033
994034
994035
994036
994037
994038
994039
994040
994041
994042
994043
994044
994045
994046
994047
994048
994049
994050
994051
994052
994053
994054
994055
994056
994057
994058
994059
994060
994061
994062
994063
994064
994065
994066
994067
994068
994069
994070
994071
994072
994073
994074
994075
994076
994077
994078
994079
994080
994081
994082
994083
994084
994085
994086
994087
994088
994089
994090
994091
994092
994093
994094
994095
994096
994097
994098
994099
995000
995001
995002
995003
995004
995005
995006
995007
995008
995009
995010
995011
995012
995013
995014
995015
995016
995017
995018
995019
995020
995021
995022
995023
995024
995025
995026
995027
995028
995029
995030
995031
995032
995033
995034
995035
995036
995037
995038
995039
995040
995041
995042
995043
995044
995045
995046
995047
995048
995049
995050
995051
995052
995053
995054
995055
995056
995057
995058
995059
995060
995061
995062
995063
995064
995065
995066
995067
995068
995069
995070
995071
995072
995073
995074
995075
995076
995077
995078
995079
995080
995081
995082
995083
995084
995085
995086
995087
995088
995089
995090
995091
995092
995093
995094
995095
995096
995097
995098
995099
996000
996001
996002
996003
996004
996005
996006
996007
996008
996009
996010
996011
996012
996013
996014
996015
996016
996017
996018
996019
996020
996021
996022
996023
996024
996025
996026
996027
996028
996029
996030
996031
996032
996033
996034
996035
996036
996037
996038
996039
996040
996041
996042
996043
996044
996045
996046
996047
996048
996049
996050
996051
996052
996053
996054
996055
996056
996057
996058
996059
996060
996061
996062
996063
996064
996065
996066
996067
996068
996069
996070
996071
996072
996073
996074
996075
996076
996077
996078
996079
996080
996081
996082
996083
996084
996085
996086
996087
996088
996089
996090
996091
996092
996093
996094
996095
996096
996097
996098
996099
997000
997001
997002
997003
997004
997005
997006
997007
997008
997009
997010
997011
997012
997013
997014
997015
997016
997017
997018
997019
997020
997021
997022
997023
997024
997025
997026
997027
997028
997029
997030
997031
997032
997033
997034
997035
997036
997037
997038
997039
997040
997041
997042
997043
997044
997045
997046
997047
997048
997049
997050
997051
997052
997053
997054
997055
997056
997057
997058
997059
997060
997061
997062
997063
997064
997065
997066
997067
997068
997069
997070
997071
997072
997073
997074
997075
997076
997077
997078
997079
997080
997081
997082
997083
997084
997085
997086
997087
997088
997089
997090
997091
997092
997093
997094
997095
997096
997097
997098
997099
998000
998001
998002
998003
998004
998005
998006
998007
998008
998009
998010
998011
998012
998013
998014
998015
998016
998017
998018
998019
998020
998021
998022
998023
998024
998025
998026
998027
998028
998029
998030
998031
998032
998033
998034
998035
998036
998037
998038
998039
998040
998041
998042
998043
998044
998045
998046
998047
998048
998049
998050
998051
998052
998053
998054
998055
998056
998057
998058
998059
998060
998061
998062
998063
998064
998065
998066
998067
998068
998069
998070
998071
998072
998073
998074
998075
998076
998077
998078
998079
998080
998081
998082
998083
998084
998085
998086
998087
998088
998089
998090
998091
998092
998093
998094
998095
998096
998097
998098
998099
999000
999001
999002
999003
999004
999005
999006
999007
999008
999009
999010
999011
999012
999013
999014
999015
999016
999017
999018
999019
999020
999021
999022
999023
999024
999025
999026
999027
999028
999029
999030
999031
999032
999033
999034
999035
999036
999037
999038
999039
999040
999041
999042
999043
999044
999045
999046
999047
999048
999049
999050
999051
999052
999053
999054
999055
999056
999057
999058
999059
999060
999061
999062
999063
999064
999065
999066
999067
999068
999069
999070
999071
999072
999073
999074
999075
999076
999077
999078
999079
999080
999081
999082
999083
999084
999085
999086
999087
999088
999089
999090
999091
999092
999093
999094
999095
999096
999097
999098
999099
1000000
1000001
1000002
1000003
1000004
1000005
1000006
1000007
1000008
1000009
1000010
1000011
1000012
1000013
1000014
1000015
1000016
1000017
1000018
1000019
1000020
1000021
1000022
1000023
1000024
1000025
1000026
1000027
1000028
1000029
1000030
1000031
1000032
1000033
1000034
1000035
1000036
1000037
1000038
1000039
1000040
1000041
1000042
1000043
1000044
1000045
1000046
1000047
1000048
1000049
1000050
1000051
1000052
1000053
1000054
1000055
1000056
1000057
1000058
1000059
1000060
1000061
1000062
1000063
1000064
1000065
1000066
1000067
1000068
1000069
1000070
1000071
1000072
1000073
1000074
1000075
1000076
1000077
1000078
1000079
1000080
1000081
1000082
1000083
1000084
1000085
1000086
1000087
1000088
1000089
1000090
1000091
1000092
1000093
1000094
1000095
1000096
1000097
1000098
1000099
1001000
1001001
1001002
1001003
1001004
1001005
1001006
1001007
1001008
1001009
1001010
1001011
1001012
1001013
1001014
1001015
1001016
1001017
1001018
1001019
1001020
1001021
1001022
1001023
1001024
1001025
1001026
1001027
1001028
1001029
1001030
1001031
1001032
1001033
1001034
1001035
1001036
1001037
1001038
1001039
1001040
1001041
1001042
1001043
1001044
1001045
1001046
1001047
1001048
1001049
1001050
1001051
1001052
1001053
1001054
1001055
1001056
1001057
1001058
1001059
1001060
1001061
1001062
1001063
1001064
1001065
1001066
1001067
1001068
1001069
1001070
1001071
1001072
1001073
1001074
1001075
1001076
1001077
1001078
1001079
1001080
1001081
1001082
1001083
1001084
1001085
1001086
1001087
1001088
1001089
1001090
1001091
1001092
1001093
1001094
1001095
1001096
1001097
1001098
1001099
1002000
1002001
1002002
1002003
1002004
1002005
1002006
1002007
1002008
1002009
1002010
1002011
1002012
1002013
1002014
1002015
1002016
1002017
1002018
1002019
1002020
1002021
1002022
1002023
1002024
1002025
1002026
1002027
1002028
1002029
1002030
1002031
1002032
1002033
1002034
1002035
1002036
1002037
1002038
1002039
1002040
1002041
1002042
1002043
1002044
1002045
1002046
1002047
1002048
1002049
1002050
1002051
1002052
1002053
1002054
1002055
1002056
1002057
1002058
1002059
1002060
1002061
1002062
1002063
1002064
1002065
1002066
1002067
1002068
1002069
1002070
1002071
1002072
1002073
1002074
1002075
1002076
1002077
1002078
1002079
1002080
1002081
1002082
1002083
1002084
1002085
1002086
1002087
1002088
1002089
1002090
1002091
1002092
1002093
1002094
1002095
1002096
1002097
1002098
1002099
1003000
1003001
1003002
1003003
1003004
1003005
1003006
1003007
1003008
1003009
1003010
1003011
1003012
1003013
1003014
1003015
1003016
1003017
1003018
1003019
1003020
1003021
1003022
1003023
1003024
1003025
1003026
1003027
1003028
1003029
1003030
1003031
1003032
1003033
1003034
1003035
1003036
1003037
1003038
1003039
1003040
1003041
1003042
1003043
1003044
1003045
1003046
1003047
1003048
1003049
1003050
1003051
1003052
1003053
1003054
1003055
1003056
1003057
1003058
1003059
1003060
1003061
1003062
1003063
1003064
1003065
1003066
1003067
1003068
1003069
1003070
1003071
1003072
1003073
1003074
1003075
1003076
1003077
1003078
1003079
1003080
1003081
1003082
1003083
1003084
1003085
1003086
1003087
1003088
1003089
1003090
1003091
1003092
1003093
1003094
1003095
1003096
1003097
1003098
1003099
1004000
1004001
1004002
1004003
1004004
1004005
1004006
1004007
1004008
1004009
1004010
1004011
1004012
1004013
1004014
1004015
1004016
1004017
1004018
1004019
1004020
1004021
1004022
1004023
1004024
1004025
1004026
1004027
1004028
1004029
1004030
1004031
1004032
1004033
1004034
1004035
1004036
1004037
1004038
1004039
1004040
1004041
1004042
1004043
1004044
1004045
1004046
1004047
1004048
1004049
1004050
1004051
1004052
1004053
1004054
1004055
1004056
1004057
1004058
1004059
1004060
1004061
1004062
1004063
1004064
1004065
1004066
1004067
1004068
1004069
1004070
1004071
1004072
1004073
1004074
1004075
1004076
1004077
1004078
1004079
1004080
1004081
1004082
1004083
1004084
1004085
1004086
1004087
1004088
1004089
1004090
1004091
1004092
1004093
1004094
1004095
1004096
1004097
1004098
1004099
1005000
1005001
1005002
1005003
1005004
1005005
1005006
1005007
1005008
1005009
1005010
1005011
1005012
1005013
1005014
1005015
1005016
1005017
1005018
1005019
1005020
1005021
1005022
1005023
1005024
1005025
1005026
1005027
1005028
1005029
1005030
1005031
1005032
1005033
1005034
1005035
1005036
1005037
1005038
1005039
1005040
1005041
1005042
1005043
1005044
1005045
1005046
1005047
1005048
1005049
1005050
1005051
1005052
1005053
1005054
1005055
1005056
1005057
1005058
1005059
1005060
1005061
1005062
1005063
1005064
1005065
1005066
1005067
1005068
1005069
1005070
1005071
1005072
1005073
1005074
1005075
1005076
1005077
1005078
1005079
1005080
1005081
1005082
1005083
1005084
1005085
1005086
1005087
1005088
1005089
1005090
1005091
1005092
1005093
1005094
1005095
1005096
1005097
1005098
1005099
1006000
1006001
1006002
1006003
1006004
1006005
1006006
1006007
1006008
1006009
1006010
1006011
1006012
1006013
1006014
1006015
1006016
1006017
1006018
1006019
1006020
1006021
1006022
1006023
1006024
1006025
1006026
1006027
1006028
1006029
1006030
1006031
1006032
1006033
1006034
1006035
1006036
1006037
1006038
1006039
1006040
1006041
1006042
1006043
1006044
1006045
1006046
1006047
1006048
1006049
1006050
1006051
1006052
1006053
1006054
1006055
1006056
1006057
1006058
1006059
1006060
1006061
1006062
1006063
1006064
1006065
1006066
1006067
1006068
1006069
1006070
1006071
1006072
1006073
1006074
1006075
1006076
1006077
1006078
1006079
1006080
1006081
1006082
1006083
1006084
1006085
1006086
1006087
1006088
1006089
1006090
1006091
1006092
1006093
1006094
1006095
1006096
1006097
1006098
1006099
1007000
1007001
1007002
1007003
1007004
1007005
1007006
1007007
1007008
1007009
1007010
1007011
1007012
1007013
1007014
1007015
1007016
1007017
1007018
1007019
1007020
1007021
1007022
1007023
1007024
1007025
1007026
1007027
1007028
1007029
1007030
1007031
1007032
1007033
1007034
1007035
1007036
1007037
1007038
1007039
1007040
1007041
1007042
1007043
1007044
1007045
1007046
1007047
1007048
1007049
1007050
1007051
1007052
1007053
1007054
1007055
1007056
1007057
1007058
1007059
1007060
1007061
1007062
1007063
1007064
1007065
1007066
1007067
1007068
1007069
1007070
1007071
1007072
1007073
1007074
1007075
1007076
1007077
1007078
1007079
1007080
1007081
1007082
1007083
1007084
1007085
1007086
1007087
1007088
1007089
1007090
1007091
1007092
1007093
1007094
1007095
1007096
1007097
1007098
1007099
1008000
1008001
1008002
1008003
1008004
1008005
1008006
1008007
1008008
1008009
1008010
1008011
1008012
1008013
1008014
1008015
1008016
1008017
1008018
1008019
1008020
1008021
1008022
1008023
1008024
1008025
1008026
1008027
1008028
1008029
1008030
1008031
1008032
1008033
1008034
1008035
1008036
1008037
1008038
1008039
1008040
1008041
1008042
1008043
1008044
1008045
1008046
1008047
1008048
1008049
1008050
1008051
1008052
1008053
1008054
1008055
1008056
1008057
1008058
1008059
1008060
1008061
1008062
1008063
1008064
1008065
1008066
1008067
1008068
1008069
1008070
1008071
1008072
1008073
1008074
1008075
1008076
1008077
1008078
1008079
1008080
1008081
1008082
1008083
1008084
1008085
1008086
1008087
1008088
1008089
1008090
1008091
1008092
1008093
1008094
1008095
1008096
1008097
1008098
1008099
1009000
1009001
1009002
1009003
1009004
1009005
1009006
1009007
1009008
1009009
1009010
1009011
1009012
1009013
1009014
1009015
1009016
1009017
1009018
1009019
1009020
1009021
1009022
1009023
1009024
1009025
1009026
1009027
1009028
1009029
1009030
1009031
1009032
1009033
1009034
1009035
1009036
1009037
1009038
1009039
1009040
1009041
1009042
1009043
1009044
1009045
1009046
1009047
1009048
1009049
1009050
1009051
1009052
1009053
1009054
1009055
1009056
1009057
1009058
1009059
1009060
1009061
1009062
1009063
1009064
1009065
1009066
1009067
1009068
1009069
1009070
1009071
1009072
1009073
1009074
1009075
1009076
1009077
1009078
1009079
1009080
1009081
1009082
1009083
1009084
1009085
1009086
1009087
1009088
1009089
1009090
1009091
1009092
1009093
1009094
1009095
1009096
1009097
1009098
1009099
1010000
1010001
1010002
1010003
1010004
1010005
1010006
1010007
1010008
1010009
1010010
1010011
1010012
1010013
1010014
1010015
1010016
1010017
1010018
1010019
1010020
1010021
1010022
1010023
1010024
1010025
1010026
1010027
1010028
1010029
1010030
1010031
1010032
1010033
1010034
1010035
1010036
1010037
1010038
1010039
1010040
1010041
1010042
1010043
1010044
1010045
1010046
1010047
1010048
1010049
1010050
1010051
1010052
1010053
1010054
1010055
1010056
1010057
1010058
1010059
1010060
1010061
1010062
1010063
1010064
1010065
1010066
1010067
1010068
1010069
1010070
1010071
1010072
1010073
1010074
1010075
1010076
1010077
1010078
1010079
1010080
1010081
1010082
1010083
1010084
1010085
1010086
1010087
1010088
1010089
1010090
1010091
1010092
1010093
1010094
1010095
1010096
1010097
1010098
1010099
1011000
1011001
1011002
1011003
1011004
1011005
1011006
1011007
1011008
1011009
1011010
1011011
1011012
1011013
1011014
1011015
1011016
1011017
1011018
1011019
1011020
1011021
1011022
1011023
1011024
1011025
1011026
1011027
1011028
1011029
1011030
1011031
1011032
1011033
1011034
1011035
1011036
1011037
1011038
1011039
1011040
1011041
1011042
1011043
1011044
1011045
1011046
1011047
1011048
1011049
1011050
1011051
1011052
1011053
1011054
1011055
1011056
1011057
1011058
1011059
1011060
1011061
1011062
1011063
1011064
1011065
1011066
1011067
1011068
1011069
1011070
1011071
1011072
1011073
1011074
1011075
1011076
1011077
1011078
1011079
1011080
1011081
1011082
1011083
1011084
1011085
1011086
1011087
1011088
1011089
1011090
1011091
1011092
1011093
1011094
1011095
1011096
1011097
1011098
1011099
1012000
1012001
1012002
1012003
1012004
1012005
1012006
1012007
1012008
1012009
1012010
1012011
1012012
1012013
1012014
1012015
1012016
1012017
1012018
1012019
1012020
1012021
1012022
1012023
1012024
1012025
1012026
1012027
1012028
1012029
1012030
1012031
1012032
1012033
1012034
1012035
1012036
1012037
1012038
1012039
1012040
1012041
1012042
1012043
1012044
1012045
1012046
1012047
1012048
1012049
1012050
1012051
1012052
1012053
1012054
1012055
1012056
1012057
1012058
1012059
1012060
1012061
1012062
1012063
1012064
1012065
1012066
1012067
1012068
1012069
1012070
1012071
1012072
1012073
1012074
1012075
1012076
1012077
1012078
1012079
1012080
1012081
1012082
1012083
1012084
1012085
1012086
1012087
1012088
1012089
1012090
1012091
1012092
1012093
1012094
1012095
1012096
1012097
1012098
1012099
1013000
1013001
1013002
1013003
1013004
1013005
1013006
1013007
1013008
1013009
1013010
1013011
1013012
1013013
1013014
1013015
1013016
1013017
1013018
1013019
1013020
1013021
1013022
1013023
1013024
1013025
1013026
1013027
1013028
1013029
1013030
1013031
1013032
1013033
1013034
1013035
1013036
1013037
1013038
1013039
1013040
1013041
1013042
1013043
1013044
1013045
1013046
1013047
1013048
1013049
1013050
1013051
1013052
1013053
1013054
1013055
1013056
1013057
1013058
1013059
1013060
1013061
1013062
1013063
1013064
1013065
1013066
1013067
1013068
1013069
1013070
1013071
1013072
1013073
1013074
1013075
1013076
1013077
1013078
1013079
1013080
1013081
1013082
1013083
1013084
1013085
1013086
1013087
1013088
1013089
1013090
1013091
1013092
1013093
1013094
1013095
1013096
1013097
1013098
1013099
1014000
1014001
1014002
1014003
1014004
1014005
1014006
1014007
1014008
1014009
1014010
1014011
1014012
1014013
1014014
1014015
1014016
1014017
1014018
1014019
1014020
1014021
1014022
1014023
1014024
1014025
1014026
1014027
1014028
1014029
1014030
1014031
1014032
1014033
1014034
1014035
1014036
1014037
1014038
1014039
1014040
1014041
1014042
1014043
1014044
1014045
1014046
1014047
1014048
1014049
1014050
1014051
1014052
1014053
1014054
1014055
1014056
1014057
1014058
1014059
1014060
1014061
1014062
1014063
1014064
1014065
1014066
1014067
1014068
1014069
1014070
1014071
1014072
1014073
1014074
1014075
1014076
1014077
1014078
1014079
1014080
1014081
1014082
1014083
1014084
1014085
1014086
1014087
1014088
1014089
1014090
1014091
1014092
1014093
1014094
1014095
1014096
1014097
1014098
1014099
1015000
1015001
1015002
1015003
1015004
1015005
1015006
1015007
1015008
1015009
1015010
1015011
1015012
1015013
1015014
1015015
1015016
1015017
1015018
1015019
1015020
1015021
1015022
1015023
1015024
1015025
1015026
1015027
1015028
1015029
1015030
1015031
1015032
1015033
1015034
1015035
1015036
1015037
1015038
1015039
1015040
1015041
1015042
1015043
1015044
1015045
1015046
1015047
1015048
1015049
1015050
1015051
1015052
1015053
1015054
1015055
1015056
1015057
1015058
1015059
1015060
1015061
1015062
1015063
1015064
1015065
1015066
1015067
1015068
1015069
1015070
1015071
1015072
1015073
1015074
1015075
1015076
1015077
1015078
1015079
1015080
1015081
1015082
1015083
1015084
1015085
1015086
1015087
1015088
1015089
1015090
1015091
1015092
1015093
1015094
1015095
1015096
1015097
1015098
1015099
1016000
1016001
1016002
1016003
1016004
1016005
1016006
1016007
1016008
1016009
1016010
1016011
1016012
1016013
1016014
1016015
1016016
1016017
1016018
1016019
1016020
1016021
1016022
1016023
1016024
1016025
1016026
1016027
1016028
1016029
1016030
1016031
1016032
1016033
1016034
1016035
1016036
1016037
1016038
1016039
1016040
1016041
1016042
1016043
1016044
1016045
1016046
1016047
1016048
1016049
1016050
1016051
1016052
1016053
1016054
1016055
1016056
1016057
1016058
1016059
1016060
1016061
1016062
1016063
1016064
1016065
1016066
1016067
1016068
1016069
1016070
1016071
1016072
1016073
1016074
1016075
1016076
1016077
1016078
1016079
1016080
1016081
1016082
1016083
1016084
1016085
1016086
1016087
1016088
1016089
1016090
1016091
1016092
1016093
1016094
1016095
1016096
1016097
1016098
1016099
1017000
1017001
1017002
1017003
1017004
1017005
1017006
1017007
1017008
1017009
1017010
1017011
1017012
1017013
1017014
1017015
1017016
1017017
1017018
1017019
1017020
1017021
1017022
1017023
1017024
1017025
1017026
1017027
1017028
1017029
1017030
1017031
1017032
1017033
1017034
1017035
1017036
1017037
1017038
1017039
1017040
1017041
1017042
1017043
1017044
1017045
1017046
1017047
1017048
1017049
1017050
1017051
1017052
1017053
1017054
1017055
1017056
1017057
1017058
1017059
1017060
1017061
1017062
1017063
1017064
1017065
1017066
1017067
1017068
1017069
1017070
1017071
1017072
1017073
1017074
1017075
1017076
1017077
1017078
1017079
1017080
1017081
1017082
1017083
1017084
1017085
1017086
1017087
1017088
1017089
1017090
1017091
1017092
1017093
1017094
1017095
1017096
1017097
1017098
1017099
1018000
1018001
1018002
1018003
1018004
1018005
1018006
1018007
1018008
1018009
1018010
1018011
1018012
1018013
1018014
1018015
1018016
1018017
1018018
1018019
1018020
1018021
1018022
1018023
1018024
1018025
1018026
1018027
1018028
1018029
1018030
1018031
1018032
1018033
1018034
1018035
1018036
1018037
1018038
1018039
1018040
1018041
1018042
1018043
1018044
1018045
1018046
1018047
1018048
1018049
1018050
1018051
1018052
1018053
1018054
1018055
1018056
1018057
1018058
1018059
1018060
1018061
1018062
1018063
1018064
1018065
1018066
1018067
1018068
1018069
1018070
1018071
1018072
1018073
1018074
1018075
1018076
1018077
1018078
1018079
1018080
1018081
1018082
1018083
1018084
1018085
1018086
1018087
1018088
1018089
1018090
1018091
1018092
1018093
1018094
1018095
1018096
1018097
1018098
1018099
1019000
1019001
1019002
1019003
1019004
1019005
1019006
1019007
1019008
1019009
1019010
1019011
1019012
1019013
1019014
1019015
1019016
1019017
1019018
1019019
1019020
1019021
1019022
1019023
1019024
1019025
1019026
1019027
1019028
1019029
1019030
1019031
1019032
1019033
1019034
1019035
1019036
1019037
1019038
1019039
1019040
1019041
1019042
1019043
1019044
1019045
1019046
1019047
1019048
1019049
1019050
1019051
1019052
1019053
1019054
1019055
1019056
1019057
1019058
1019059
1019060
1019061
1019062
1019063
1019064
1019065
1019066
1019067
1019068
1019069
1019070
1019071
1019072
1019073
1019074
1019075
1019076
1019077
1019078
1019079
1019080
1019081
1019082
1019083
1019084
1019085
1019086
1019087
1019088
1019089
1019090
1019091
1019092
1019093
1019094
1019095
1019096
1019097
1019098
1019099
1020000
1020001
1020002
1020003
1020004
1020005
1020006
1020007
1020008
1020009
1020010
1020011
1020012
1020013
1020014
1020015
1020016
1020017
1020018
1020019
1020020
1020021
1020022
1020023
1020024
1020025
1020026
1020027
1020028
1020029
1020030
1020031
1020032
1020033
1020034
1020035
1020036
1020037
1020038
1020039
1020040
1020041
1020042
1020043
1020044
1020045
1020046
1020047
1020048
1020049
1020050
1020051
1020052
1020053
1020054
1020055
1020056
1020057
1020058
1020059
1020060
1020061
1020062
1020063
1020064
1020065
1020066
1020067
1020068
1020069
1020070
1020071
1020072
1020073
1020074
1020075
1020076
1020077
1020078
1020079
1020080
1020081
1020082
1020083
1020084
1020085
1020086
1020087
1020088
1020089
1020090
1020091
1020092
1020093
1020094
1020095
1020096
1020097
1020098
1020099
1021000
1021001
1021002
1021003
1021004
1021005
1021006
1021007
1021008
1021009
1021010
1021011
1021012
1021013
1021014
1021015
1021016
1021017
1021018
1021019
1021020
1021021
1021022
1021023
1021024
1021025
1021026
1021027
1021028
1021029
1021030
1021031
1021032
1021033
1021034
1021035
1021036
1021037
1021038
1021039
1021040
1021041
1021042
1021043
1021044
1021045
1021046
1021047
1021048
1021049
1021050
1021051
1021052
1021053
1021054
1021055
1021056
1021057
1021058
1021059
1021060
1021061
1021062
1021063
1021064
1021065
1021066
1021067
1021068
1021069
1021070
1021071
1021072
1021073
1021074
1021075
1021076
1021077
1021078
1021079
1021080
1021081
1021082
1021083
1021084
1021085
1021086
1021087
1021088
1021089
1021090
1021091
1021092
1021093
1021094
1021095
1021096
1021097
1021098
1021099
1022000
1022001
1022002
1022003
1022004
1022005
1022006
1022007
1022008
1022009
1022010
1022011
1022012
1022013
1022014
1022015
1022016
1022017
1022018
1022019
1022020
1022021
1022022
1022023
1022024
1022025
1022026
1022027
1022028
1022029
1022030
1022031
1022032
1022033
1022034
1022035
1022036
1022037
1022038
1022039
1022040
1022041
1022042
1022043
1022044
1022045
1022046
1022047
1022048
1022049
1022050
1022051
1022052
1022053
1022054
1022055
1022056
1022057
1022058
1022059
1022060
1022061
1022062
1022063
1022064
1022065
1022066
1022067
1022068
1022069
1022070
1022071
1022072
1022073
1022074
1022075
1022076
1022077
1022078
1022079
1022080
1022081
1022082
1022083
1022084
1022085
1022086
1022087
1022088
1022089
1022090
1022091
1022092
1022093
1022094
1022095
1022096
1022097
1022098
1022099
1023000
1023001
1023002
1023003
1023004
1023005
1023006
1023007
1023008
1023009
1023010
1023011
1023012
1023013
1023014
1023015
1023016
1023017
1023018
1023019
1023020
1023021
1023022
1023023
1023024
1023025
1023026
1023027
1023028
1023029
1023030
1023031
1023032
1023033
1023034
1023035
1023036
1023037
1023038
1023039
1023040
1023041
1023042
1023043
1023044
1023045
1023046
1023047
1023048
1023049
1023050
1023051
1023052
1023053
1023054
1023055
1023056
1023057
1023058
1023059
1023060
1023061
1023062
1023063
1023064
1023065
1023066
1023067
1023068
1023069
1023070
1023071
1023072
1023073
1023074
1023075
1023076
1023077
1023078
1023079
1023080
1023081
1023082
1023083
1023084
1023085
1023086
1023087
1023088
1023089
1023090
1023091
1023092
1023093
1023094
1023095
1023096
1023097
1023098
1023099
1024000
1024001
1024002
1024003
1024004
1024005
1024006
1024007
1024008
1024009
1024010
1024011
1024012
1024013
1024014
1024015
1024016
1024017
1024018
1024019
1024020
1024021
1024022
1024023
1024024
1024025
1024026
1024027
1024028
1024029
1024030
1024031
1024032
1024033
1024034
1024035
1024036
1024037
1024038
1024039
1024040
1024041
1024042
1024043
1024044
1024045
1024046
1024047
1024048
1024049
1024050
1024051
1024052
1024053
1024054
1024055
1024056
1024057
1024058
1024059
1024060
1024061
1024062
1024063
1024064
1024065
1024066
1024067
1024068
1024069
1024070
1024071
1024072
1024073
1024074
1024075
1024076
1024077
1024078
1024079
1024080
1024081
1024082
1024083
1024084
1024085
1024086
1024087
1024088
1024089
1024090
1024091
1024092
1024093
1024094
1024095
1024096
1024097
1024098
1024099
1025000
1025001
1025002
1025003
1025004
1025005
1025006
1025007
1025008
1025009
1025010
1025011
1025012
1025013
1025014
1025015
1025016
1025017
1025018
1025019
1025020
1025021
1025022
1025023
1025024
1025025
1025026
1025027
1025028
1025029
1025030
1025031
1025032
1025033
1025034
1025035
1025036
1025037
1025038
1025039
1025040
1025041
1025042
1025043
1025044
1025045
1025046
1025047
1025048
1025049
1025050
1025051
1025052
1025053
1025054
1025055
1025056
1025057
1025058
1025059
1025060
1025061
1025062
1025063
1025064
1025065
1025066
1025067
1025068
1025069
1025070
1025071
1025072
1025073
1025074
1025075
1025076
1025077
1025078
1025079
1025080
1025081
1025082
1025083
1025084
1025085
1025086
1025087
1025088
1025089
1025090
1025091
1025092
1025093
1025094
1025095
1025096
1025097
1025098
1025099
1026000
1026001
1026002
1026003
1026004
1026005
1026006
1026007
1026008
1026009
1026010
1026011
1026012
1026013
1026014
1026015
1026016
1026017
1026018
1026019
1026020
1026021
1026022
1026023
1026024
1026025
1026026
1026027
1026028
1026029
1026030
1026031
1026032
1026033
1026034
1026035
1026036
1026037
1026038
1026039
1026040
1026041
1026042
1026043
1026044
1026045
1026046
1026047
1026048
1026049
1026050
1026051
1026052
1026053
1026054
1026055
1026056
1026057
1026058
1026059
1026060
1026061
1026062
1026063
1026064
1026065
1026066
1026067
1026068
1026069
1026070
1026071
1026072
1026073
1026074
1026075
1026076
1026077
1026078
1026079
1026080
1026081
1026082
1026083
1026084
1026085
1026086
1026087
1026088
1026089
1026090
1026091
1026092
1026093
1026094
1026095
1026096
1026097
1026098
1026099
1027000
1027001
1027002
1027003
1027004
1027005
1027006
1027007
1027008
1027009
1027010
1027011
1027012
1027013
1027014
1027015
1027016
1027017
1027018
1027019
1027020
1027021
1027022
1027023
1027024
1027025
1027026
1027027
1027028
1027029
1027030
1027031
1027032
1027033
1027034
1027035
1027036
1027037
1027038
1027039
1027040
1027041
1027042
1027043
1027044
1027045
1027046
1027047
1027048
1027049
1027050
1027051
1027052
1027053
1027054
1027055
1027056
1027057
1027058
1027059
1027060
1027061
1027062
1027063
1027064
1027065
1027066
1027067
1027068
1027069
1027070
1027071
1027072
1027073
1027074
1027075
1027076
1027077
1027078
1027079
1027080
1027081
1027082
1027083
1027084
1027085
1027086
1027087
1027088
1027089
1027090
1027091
1027092
1027093
1027094
1027095
1027096
1027097
1027098
1027099
1028000
1028001
1028002
1028003
1028004
1028005
1028006
1028007
1028008
1028009
1028010
1028011
1028012
1028013
1028014
1028015
1028016
1028017
1028018
1028019
1028020
1028021
1028022
1028023
1028024
1028025
1028026
1028027
1028028
1028029
1028030
1028031
1028032
1028033
1028034
1028035
1028036
1028037
1028038
1028039
1028040
1028041
1028042
1028043
1028044
1028045
1028046
1028047
1028048
1028049
1028050
1028051
1028052
1028053
1028054
1028055
1028056
1028057
1028058
1028059
1028060
1028061
1028062
1028063
1028064
1028065
1028066
1028067
1028068
1028069
1028070
1028071
1028072
1028073
1028074
1028075
1028076
1028077
1028078
1028079
1028080
1028081
1028082
1028083
1028084
1028085
1028086
1028087
1028088
1028089
1028090
1028091
1028092
1028093
1028094
1028095
1028096
1028097
1028098
1028099
1029000
1029001
1029002
1029003
1029004
1029005
1029006
1029007
1029008
1029009
1029010
1029011
1029012
1029013
1029014
1029015
1029016
1029017
1029018
1029019
1029020
1029021
1029022
1029023
1029024
1029025
1029026
1029027
1029028
1029029
1029030
1029031
1029032
1029033
1029034
1029035
1029036
1029037
1029038
1029039
1029040
1029041
1029042
1029043
1029044
1029045
1029046
1029047
1029048
1029049
1029050
1029051
1029052
1029053
1029054
1029055
1029056
1029057
1029058
1029059
1029060
1029061
1029062
1029063
1029064
1029065
1029066
1029067
1029068
1029069
1029070
1029071
1029072
1029073
1029074
1029075
1029076
1029077
1029078
1029079
1029080
1029081
1029082
1029083
1029084
1029085
1029086
1029087
1029088
1029089
1029090
1029091
1029092
1029093
1029094
1029095
1029096
1029097
1029098
1029099
1030000
1030001
1030002
1030003
1030004
1030005
1030006
1030007
1030008
1030009
1030010
1030011
1030012
1030013
1030014
1030015
1030016
1030017
1030018
1030019
1030020
1030021
1030022
1030023
1030024
1030025
1030026
1030027
1030028
1030029
1030030
1030031
1030032
1030033
1030034
1030035
1030036
1030037
1030038
1030039
1030040
1030041
1030042
1030043
1030044
1030045
1030046
1030047
1030048
1030049
1030050
1030051
1030052
1030053
1030054
1030055
1030056
1030057
1030058
1030059
1030060
1030061
1030062
1030063
1030064
1030065
1030066
1030067
1030068
1030069
1030070
1030071
1030072
1030073
1030074
1030075
1030076
1030077
1030078
1030079
1030080
1030081
1030082
1030083
1030084
1030085
1030086
1030087
1030088
1030089
1030090
1030091
1030092
1030093
1030094
1030095
1030096
1030097
1030098
1030099
1031000
1031001
1031002
1031003
1031004
1031005
1031006
1031007
1031008
1031009
1031010
1031011
1031012
1031013
1031014
1031015
1031016
1031017
1031018
1031019
1031020
1031021
1031022
1031023
1031024
1031025
1031026
1031027
1031028
1031029
1031030
1031031
1031032
1031033
1031034
1031035
1031036
1031037
1031038
1031039
1031040
1031041
1031042
1031043
1031044
1031045
1031046
1031047
1031048
1031049
1031050
1031051
1031052
1031053
1031054
1031055
1031056
1031057
1031058
1031059
1031060
1031061
1031062
1031063
1031064
1031065
1031066
1031067
1031068
1031069
1031070
1031071
1031072
1031073
1031074
1031075
1031076
1031077
1031078
1031079
1031080
1031081
1031082
1031083
1031084
1031085
1031086
1031087
1031088
1031089
1031090
1031091
1031092
1031093
1031094
1031095
1031096
1031097
1031098
1031099
1032000
1032001
1032002
1032003
1032004
1032005
1032006
1032007
1032008
1032009
1032010
1032011
1032012
1032013
1032014
1032015
1032016
1032017
1032018
1032019
1032020
1032021
1032022
1032023
1032024
1032025
1032026
1032027
1032028
1032029
1032030
1032031
1032032
1032033
1032034
1032035
1032036
1032037
1032038
1032039
1032040
1032041
1032042
1032043
1032044
1032045
1032046
1032047
1032048
1032049
1032050
1032051
1032052
1032053
1032054
1032055
1032056
1032057
1032058
1032059
1032060
1032061
1032062
1032063
1032064
1032065
1032066
1032067
1032068
1032069
1032070
1032071
1032072
1032073
1032074
1032075
1032076
1032077
1032078
1032079
1032080
1032081
1032082
1032083
1032084
1032085
1032086
1032087
1032088
1032089
1032090
1032091
1032092
1032093
1032094
1032095
1032096
1032097
1032098
1032099
1033000
1033001
1033002
1033003
1033004
1033005
1033006
1033007
1033008
1033009
1033010
1033011
1033012
1033013
1033014
1033015
1033016
1033017
1033018
1033019
1033020
1033021
1033022
1033023
1033024
1033025
1033026
1033027
1033028
1033029
1033030
1033031
1033032
1033033
1033034
1033035
1033036
1033037
1033038
1033039
1033040
1033041
1033042
1033043
1033044
1033045
1033046
1033047
1033048
1033049
1033050
1033051
1033052
1033053
1033054
1033055
1033056
1033057
1033058
1033059
1033060
1033061
1033062
1033063
1033064
1033065
1033066
1033067
1033068
1033069
1033070
1033071
1033072
1033073
1033074
1033075
1033076
1033077
1033078
1033079
1033080
1033081
1033082
1033083
1033084
1033085
1033086
1033087
1033088
1033089
1033090
1033091
1033092
1033093
1033094
1033095
1033096
1033097
1033098
1033099
1034000
1034001
1034002
1034003
1034004
1034005
1034006
1034007
1034008
1034009
1034010
1034011
1034012
1034013
1034014
1034015
1034016
1034017
1034018
1034019
1034020
1034021
1034022
1034023
1034024
1034025
1034026
1034027
1034028
1034029
1034030
1034031
1034032
1034033
1034034
1034035
1034036
1034037
1034038
1034039
1034040
1034041
1034042
1034043
1034044
1034045
1034046
1034047
1034048
1034049
1034050
1034051
1034052
1034053
1034054
1034055
1034056
1034057
1034058
1034059
1034060
1034061
1034062
1034063
1034064
1034065
1034066
1034067
1034068
1034069
1034070
1034071
1034072
1034073
1034074
1034075
1034076
1034077
1034078
1034079
1034080
1034081
1034082
1034083
1034084
1034085
1034086
1034087
1034088
1034089
1034090
1034091
1034092
1034093
1034094
1034095
1034096
1034097
1034098
1034099
1035000
1035001
1035002
1035003
1035004
1035005
1035006
1035007
1035008
1035009
1035010
1035011
1035012
1035013
1035014
1035015
1035016
1035017
1035018
1035019
1035020
1035021
1035022
1035023
1035024
1035025
1035026
1035027
1035028
1035029
1035030
1035031
1035032
1035033
1035034
1035035
1035036
1035037
1035038
1035039
1035040
1035041
1035042
1035043
1035044
1035045
1035046
1035047
1035048
1035049
1035050
1035051
1035052
1035053
1035054
1035055
1035056
1035057
1035058
1035059
1035060
1035061
1035062
1035063
1035064
1035065
1035066
1035067
1035068
1035069
1035070
1035071
1035072
1035073
1035074
1035075
1035076
1035077
1035078
1035079
1035080
1035081
1035082
1035083
1035084
1035085
1035086
1035087
1035088
1035089
1035090
1035091
1035092
1035093
1035094
1035095
1035096
1035097
1035098
1035099
1036000
1036001
1036002
1036003
1036004
1036005
1036006
1036007
1036008
1036009
1036010
1036011
1036012
1036013
1036014
1036015
1036016
1036017
1036018
1036019
1036020
1036021
1036022
1036023
1036024
1036025
1036026
1036027
1036028
1036029
1036030
1036031
1036032
1036033
1036034
1036035
1036036
1036037
1036038
1036039
1036040
1036041
1036042
1036043
1036044
1036045
1036046
1036047
1036048
1036049
1036050
1036051
1036052
1036053
1036054
1036055
1036056
1036057
1036058
1036059
1036060
1036061
1036062
1036063
1036064
1036065
1036066
1036067
1036068
1036069
1036070
1036071
1036072
1036073
1036074
1036075
1036076
1036077
1036078
1036079
1036080
1036081
1036082
1036083
1036084
1036085
1036086
1036087
1036088
1036089
1036090
1036091
1036092
1036093
1036094
1036095
1036096
1036097
1036098
1036099
1037000
1037001
1037002
1037003
1037004
1037005
1037006
1037007
1037008
1037009
1037010
1037011
1037012
1037013
1037014
1037015
1037016
1037017
1037018
1037019
1037020
1037021
1037022
1037023
1037024
1037025
1037026
1037027
1037028
1037029
1037030
1037031
1037032
1037033
1037034
1037035
1037036
1037037
1037038
1037039
1037040
1037041
1037042
1037043
1037044
1037045
1037046
1037047
1037048
1037049
1037050
1037051
1037052
1037053
1037054
1037055
1037056
1037057
1037058
1037059
1037060
1037061
1037062
1037063
1037064
1037065
1037066
1037067
1037068
1037069
1037070
1037071
1037072
1037073
1037074
1037075
1037076
1037077
1037078
1037079
1037080
1037081
1037082
1037083
1037084
1037085
1037086
1037087
1037088
1037089
1037090
1037091
1037092
1037093
1037094
1037095
1037096
1037097
1037098
1037099
1038000
1038001
1038002
1038003
1038004
1038005
1038006
1038007
1038008
1038009
1038010
1038011
1038012
1038013
1038014
1038015
1038016
1038017
1038018
1038019
1038020
1038021
1038022
1038023
1038024
1038025
1038026
1038027
1038028
1038029
1038030
1038031
1038032
1038033
1038034
1038035
1038036
1038037
1038038
1038039
1038040
1038041
1038042
1038043
1038044
1038045
1038046
1038047
1038048
1038049
1038050
1038051
1038052
1038053
1038054
1038055
1038056
1038057
1038058
1038059
1038060
1038061
1038062
1038063
1038064
1038065
1038066
1038067
1038068
1038069
1038070
1038071
1038072
1038073
1038074
1038075
1038076
1038077
1038078
1038079
1038080
1038081
1038082
1038083
1038084
1038085
1038086
1038087
1038088
1038089
1038090
1038091
1038092
1038093
1038094
1038095
1038096
1038097
1038098
1038099
1039000
1039001
1039002
1039003
1039004
1039005
1039006
1039007
1039008
1039009
1039010
1039011
1039012
1039013
1039014
1039015
1039016
1039017
1039018
1039019
1039020
1039021
1039022
1039023
1039024
1039025
1039026
1039027
1039028
1039029
1039030
1039031
1039032
1039033
1039034
1039035
1039036
1039037
1039038
1039039
1039040
1039041
1039042
1039043
1039044
1039045
1039046
1039047
1039048
1039049
1039050
1039051
1039052
1039053
1039054
1039055
1039056
1039057
1039058
1039059
1039060
1039061
1039062
1039063
1039064
1039065
1039066
1039067
1039068
1039069
1039070
1039071
1039072
1039073
1039074
1039075
1039076
1039077
1039078
1039079
1039080
1039081
1039082
1039083
1039084
1039085
1039086
1039087
1039088
1039089
1039090
1039091
1039092
1039093
1039094
1039095
1039096
1039097
1039098
1039099
1040000
1040001
1040002
1040003
1040004
1040005
1040006
1040007
1040008
1040009
1040010
1040011
1040012
1040013
1040014
1040015
1040016
1040017
1040018
1040019
1040020
1040021
1040022
1040023
1040024
1040025
1040026
1040027
1040028
1040029
1040030
1040031
1040032
1040033
1040034
1040035
1040036
1040037
1040038
1040039
1040040
1040041
1040042
1040043
1040044
1040045
1040046
1040047
1040048
1040049
1040050
1040051
1040052
1040053
1040054
1040055
1040056
1040057
1040058
1040059
1040060
1040061
1040062
1040063
1040064
1040065
1040066
1040067
1040068
1040069
1040070
1040071
1040072
1040073
1040074
1040075
1040076
1040077
1040078
1040079
1040080
1040081
1040082
1040083
1040084
1040085
1040086
1040087
1040088
1040089
1040090
1040091
1040092
1040093
1040094
1040095
1040096
1040097
1040098
1040099
1041000
1041001
1041002
1041003
1041004
1041005
1041006
1041007
1041008
1041009
1041010
1041011
1041012
1041013
1041014
1041015
1041016
1041017
1041018
1041019
1041020
1041021
1041022
1041023
1041024
1041025
1041026
1041027
1041028
1041029
1041030
1041031
1041032
1041033
1041034
1041035
1041036
1041037
1041038
1041039
1041040
1041041
1041042
1041043
1041044
1041045
1041046
1041047
1041048
1041049
1041050
1041051
1041052
1041053
1041054
1041055
1041056
1041057
1041058
1041059
1041060
1041061
1041062
1041063
1041064
1041065
1041066
1041067
1041068
1041069
1041070
1041071
1041072
1041073
1041074
1041075
1041076
1041077
1041078
1041079
1041080
1041081
1041082
1041083
1041084
1041085
1041086
1041087
1041088
1041089
1041090
1041091
1041092
1041093
1041094
1041095
1041096
1041097
1041098
1041099
1042000
1042001
1042002
1042003
1042004
1042005
1042006
1042007
1042008
1042009
1042010
1042011
1042012
1042013
1042014
1042015
1042016
1042017
1042018
1042019
1042020
1042021
1042022
1042023
1042024
1042025
1042026
1042027
1042028
1042029
1042030
1042031
1042032
1042033
1042034
1042035
1042036
1042037
1042038
1042039
1042040
1042041
1042042
1042043
1042044
1042045
1042046
1042047
1042048
1042049
1042050
1042051
1042052
1042053
1042054
1042055
1042056
1042057
1042058
1042059
1042060
1042061
1042062
1042063
1042064
1042065
1042066
1042067
1042068
1042069
1042070
1042071
1042072
1042073
1042074
1042075
1042076
1042077
1042078
1042079
1042080
1042081
1042082
1042083
1042084
1042085
1042086
1042087
1042088
1042089
1042090
1042091
1042092
1042093
1042094
1042095
1042096
1042097
1042098
1042099
1043000
1043001
1043002
1043003
1043004
1043005
1043006
1043007
1043008
1043009
1043010
1043011
1043012
1043013
1043014
1043015
1043016
1043017
1043018
1043019
1043020
1043021
1043022
1043023
1043024
1043025
1043026
1043027
1043028
1043029
1043030
1043031
1043032
1043033
1043034
1043035
1043036
1043037
1043038
1043039
1043040
1043041
1043042
1043043
1043044
1043045
1043046
1043047
1043048
1043049
1043050
1043051
1043052
1043053
1043054
1043055
1043056
1043057
1043058
1043059
1043060
1043061
1043062
1043063
1043064
1043065
1043066
1043067
1043068
1043069
1043070
1043071
1043072
1043073
1043074
1043075
1043076
1043077
1043078
1043079
1043080
1043081
1043082
1043083
1043084
1043085
1043086
1043087
1043088
1043089
1043090
1043091
1043092
1043093
1043094
1043095
1043096
1043097
1043098
1043099
1044000
1044001
1044002
1044003
1044004
1044005
1044006
1044007
1044008
1044009
1044010
1044011
1044012
1044013
1044014
1044015
1044016
1044017
1044018
1044019
1044020
1044021
1044022
1044023
1044024
1044025
1044026
1044027
1044028
1044029
1044030
1044031
1044032
1044033
1044034
1044035
1044036
1044037
1044038
1044039
1044040
1044041
1044042
1044043
1044044
1044045
1044046
1044047
1044048
1044049
1044050
1044051
1044052
1044053
1044054
1044055
1044056
1044057
1044058
1044059
1044060
1044061
1044062
1044063
1044064
1044065
1044066
1044067
1044068
1044069
1044070
1044071
1044072
1044073
1044074
1044075
1044076
1044077
1044078
1044079
1044080
1044081
1044082
1044083
1044084
1044085
1044086
1044087
1044088
1044089
1044090
1044091
1044092
1044093
1044094
1044095
1044096
1044097
1044098
1044099
1045000
1045001
1045002
1045003
1045004
1045005
1045006
1045007
1045008
1045009
1045010
1045011
1045012
1045013
1045014
1045015
1045016
1045017
1045018
1045019
1045020
1045021
1045022
1045023
1045024
1045025
1045026
1045027
1045028
1045029
1045030
1045031
1045032
1045033
1045034
1045035
1045036
1045037
1045038
1045039
1045040
1045041
1045042
1045043
1045044
1045045
1045046
1045047
1045048
1045049
1045050
1045051
1045052
1045053
1045054
1045055
1045056
1045057
1045058
1045059
1045060
1045061
1045062
1045063
1045064
1045065
1045066
1045067
1045068
1045069
1045070
1045071
1045072
1045073
1045074
1045075
1045076
1045077
1045078
1045079
1045080
1045081
1045082
1045083
1045084
1045085
1045086
1045087
1045088
1045089
1045090
1045091
1045092
1045093
1045094
1045095
1045096
1045097
1045098
1045099
1046000
1046001
1046002
1046003
1046004
1046005
1046006
1046007
1046008
1046009
1046010
1046011
1046012
1046013
1046014
1046015
1046016
1046017
1046018
1046019
1046020
1046021
1046022
1046023
1046024
1046025
1046026
1046027
1046028
1046029
1046030
1046031
1046032
1046033
1046034
1046035
1046036
1046037
1046038
1046039
1046040
1046041
1046042
1046043
1046044
1046045
1046046
1046047
1046048
1046049
1046050
1046051
1046052
1046053
1046054
1046055
1046056
1046057
1046058
1046059
1046060
1046061
1046062
1046063
1046064
1046065
1046066
1046067
1046068
1046069
1046070
1046071
1046072
1046073
1046074
1046075
1046076
1046077
1046078
1046079
1046080
1046081
1046082
1046083
1046084
1046085
1046086
1046087
1046088
1046089
1046090
1046091
1046092
1046093
1046094
1046095
1046096
1046097
1046098
1046099
1047000
1047001
1047002
1047003
1047004
1047005
1047006
1047007
1047008
1047009
1047010
1047011
1047012
1047013
1047014
1047015
1047016
1047017
1047018
1047019
1047020
1047021
1047022
1047023
1047024
1047025
1047026
1047027
1047028
1047029
1047030
1047031
1047032
1047033
1047034
1047035
1047036
1047037
1047038
1047039
1047040
1047041
1047042
1047043
1047044
1047045
1047046
1047047
1047048
1047049
1047050
1047051
1047052
1047053
1047054
1047055
1047056
1047057
1047058
1047059
1047060
1047061
1047062
1047063
1047064
1047065
1047066
1047067
1047068
1047069
1047070
1047071
1047072
1047073
1047074
1047075
1047076
1047077
1047078
1047079
1047080
1047081
1047082
1047083
1047084
1047085
1047086
1047087
1047088
1047089
1047090
1047091
1047092
1047093
1047094
1047095
1047096
1047097
1047098
1047099
1048000
1048001
1048002
1048003
1048004
1048005
1048006
1048007
1048008
1048009
1048010
1048011
1048012
1048013
1048014
1048015
1048016
1048017
1048018
1048019
1048020
1048021
1048022
1048023
1048024
1048025
1048026
1048027
1048028
1048029
1048030
1048031
1048032
1048033
1048034
1048035
1048036
1048037
1048038
1048039
1048040
1048041
1048042
1048043
1048044
1048045
1048046
1048047
1048048
1048049
1048050
1048051
1048052
1048053
1048054
1048055
1048056
1048057
1048058
1048059
1048060
1048061
1048062
1048063
1048064
1048065
1048066
1048067
1048068
1048069
1048070
1048071
1048072
1048073
1048074
1048075
1048076
1048077
1048078
1048079
1048080
1048081
1048082
1048083
1048084
1048085
1048086
1048087
1048088
1048089
1048090
1048091
1048092
1048093
1048094
1048095
1048096
1048097
1048098
1048099
1049000
1049001
1049002
1049003
1049004
1049005
1049006
1049007
1049008
1049009
1049010
1049011
1049012
1049013
1049014
1049015
1049016
1049017
1049018
1049019
1049020
1049021
1049022
1049023
1049024
1049025
1049026
1049027
1049028
1049029
1049030
1049031
1049032
1049033
1049034
1049035
1049036
1049037
1049038
1049039
1049040
1049041
1049042
1049043
1049044
1049045
1049046
1049047
1049048
1049049
1049050
1049051
1049052
1049053
1049054
1049055
1049056
1049057
1049058
1049059
1049060
1049061
1049062
1049063
1049064
1049065
1049066
1049067
1049068
1049069
1049070
1049071
1049072
1049073
1049074
1049075
1049076
1049077
1049078
1049079
1049080
1049081
1049082
1049083
1049084
1049085
1049086
1049087
1049088
1049089
1049090
1049091
1049092
1049093
1049094
1049095
1049096
1049097
1049098
1049099
1050000
1050001
1050002
1050003
1050004
1050005
1050006
1050007
1050008
1050009
1050010
1050011
1050012
1050013
1050014
1050015
1050016
1050017
1050018
1050019
1050020
1050021
1050022
1050023
1050024
1050025
1050026
1050027
1050028
1050029
1050030
1050031
1050032
1050033
1050034
1050035
1050036
1050037
1050038
1050039
1050040
1050041
1050042
1050043
1050044
1050045
1050046
1050047
1050048
1050049
1050050
1050051
1050052
1050053
1050054
1050055
1050056
1050057
1050058
1050059
1050060
1050061
1050062
1050063
1050064
1050065
1050066
1050067
1050068
1050069
1050070
1050071
1050072
1050073
1050074
1050075
1050076
1050077
1050078
1050079
1050080
1050081
1050082
1050083
1050084
1050085
1050086
1050087
1050088
1050089
1050090
1050091
1050092
1050093
1050094
1050095
1050096
1050097
1050098
1050099
1051000
1051001
1051002
1051003
1051004
1051005
1051006
1051007
1051008
1051009
1051010
1051011
1051012
1051013
1051014
1051015
1051016
1051017
1051018
1051019
1051020
1051021
1051022
1051023
1051024
1051025
1051026
1051027
1051028
1051029
1051030
1051031
1051032
1051033
1051034
1051035
1051036
1051037
1051038
1051039
1051040
1051041
1051042
1051043
1051044
1051045
1051046
1051047
1051048
1051049
1051050
1051051
1051052
1051053
1051054
1051055
1051056
1051057
1051058
1051059
1051060
1051061
1051062
1051063
1051064
1051065
1051066
1051067
1051068
1051069
1051070
1051071
1051072
1051073
1051074
1051075
1051076
1051077
1051078
1051079
1051080
1051081
1051082
1051083
1051084
1051085
1051086
1051087
1051088
1051089
1051090
1051091
1051092
1051093
1051094
1051095
1051096
1051097
1051098
1051099
1052000
1052001
1052002
1052003
1052004
1052005
1052006
1052007
1052008
1052009
1052010
1052011
1052012
1052013
1052014
1052015
1052016
1052017
1052018
1052019
1052020
1052021
1052022
1052023
1052024
1052025
1052026
1052027
1052028
1052029
1052030
1052031
1052032
1052033
1052034
1052035
1052036
1052037
1052038
1052039
1052040
1052041
1052042
1052043
1052044
1052045
1052046
1052047
1052048
1052049
1052050
1052051
1052052
1052053
1052054
1052055
1052056
1052057
1052058
1052059
1052060
1052061
1052062
1052063
1052064
1052065
1052066
1052067
1052068
1052069
1052070
1052071
1052072
1052073
1052074
1052075
1052076
1052077
1052078
1052079
1052080
1052081
1052082
1052083
1052084
1052085
1052086
1052087
1052088
1052089
1052090
1052091
1052092
1052093
1052094
1052095
1052096
1052097
1052098
1052099
1053000
1053001
1053002
1053003
1053004
1053005
1053006
1053007
1053008
1053009
1053010
1053011
1053012
1053013
1053014
1053015
1053016
1053017
1053018
1053019
1053020
1053021
1053022
1053023
1053024
1053025
1053026
1053027
1053028
1053029
1053030
1053031
1053032
1053033
1053034
1053035
1053036
1053037
1053038
1053039
1053040
1053041
1053042
1053043
1053044
1053045
1053046
1053047
1053048
1053049
1053050
1053051
1053052
1053053
1053054
1053055
1053056
1053057
1053058
1053059
1053060
1053061
1053062
1053063
1053064
1053065
1053066
1053067
1053068
1053069
1053070
1053071
1053072
1053073
1053074
1053075
1053076
1053077
1053078
1053079
1053080
1053081
1053082
1053083
1053084
1053085
1053086
1053087
1053088
1053089
1053090
1053091
1053092
1053093
1053094
1053095
1053096
1053097
1053098
1053099
1054000
1054001
1054002
1054003
1054004
1054005
1054006
1054007
1054008
1054009
1054010
1054011
1054012
1054013
1054014
1054015
1054016
1054017
1054018
1054019
1054020
1054021
1054022
1054023
1054024
1054025
1054026
1054027
1054028
1054029
1054030
1054031
1054032
1054033
1054034
1054035
1054036
1054037
1054038
1054039
1054040
1054041
1054042
1054043
1054044
1054045
1054046
1054047
1054048
1054049
1054050
1054051
1054052
1054053
1054054
1054055
1054056
1054057
1054058
1054059
1054060
1054061
1054062
1054063
1054064
1054065
1054066
1054067
1054068
1054069
1054070
1054071
1054072
1054073
1054074
1054075
1054076
1054077
1054078
1054079
1054080
1054081
1054082
1054083
1054084
1054085
1054086
1054087
1054088
1054089
1054090
1054091
1054092
1054093
1054094
1054095
1054096
1054097
1054098
1054099
1055000
1055001
1055002
1055003
1055004
1055005
1055006
1055007
1055008
1055009
1055010
1055011
1055012
1055013
1055014
1055015
1055016
1055017
1055018
1055019
1055020
1055021
1055022
1055023
1055024
1055025
1055026
1055027
1055028
1055029
1055030
1055031
1055032
1055033
1055034
1055035
1055036
1055037
1055038
1055039
1055040
1055041
1055042
1055043
1055044
1055045
1055046
1055047
1055048
1055049
1055050
1055051
1055052
1055053
1055054
1055055
1055056
1055057
1055058
1055059
1055060
1055061
1055062
1055063
1055064
1055065
1055066
1055067
1055068
1055069
1055070
1055071
1055072
1055073
1055074
1055075
1055076
1055077
1055078
1055079
1055080
1055081
1055082
1055083
1055084
1055085
1055086
1055087
1055088
1055089
1055090
1055091
1055092
1055093
1055094
1055095
1055096
1055097
1055098
1055099
1056000
1056001
1056002
1056003
1056004
1056005
1056006
1056007
1056008
1056009
1056010
1056011
1056012
1056013
1056014
1056015
1056016
1056017
1056018
1056019
1056020
1056021
1056022
1056023
1056024
1056025
1056026
1056027
1056028
1056029
1056030
1056031
1056032
1056033
1056034
1056035
1056036
1056037
1056038
1056039
1056040
1056041
1056042
1056043
1056044
1056045
1056046
1056047
1056048
1056049
1056050
1056051
1056052
1056053
1056054
1056055
1056056
1056057
1056058
1056059
1056060
1056061
1056062
1056063
1056064
1056065
1056066
1056067
1056068
1056069
1056070
1056071
1056072
1056073
1056074
1056075
1056076
1056077
1056078
1056079
1056080
1056081
1056082
1056083
1056084
1056085
1056086
1056087
1056088
1056089
1056090
1056091
1056092
1056093
1056094
1056095
1056096
1056097
1056098
1056099
1057000
1057001
1057002
1057003
1057004
1057005
1057006
1057007
1057008
1057009
1057010
1057011
1057012
1057013
1057014
1057015
1057016
1057017
1057018
1057019
1057020
1057021
1057022
1057023
1057024
1057025
1057026
1057027
1057028
1057029
1057030
1057031
1057032
1057033
1057034
1057035
1057036
1057037
1057038
1057039
1057040
1057041
1057042
1057043
1057044
1057045
1057046
1057047
1057048
1057049
1057050
1057051
1057052
1057053
1057054
1057055
1057056
1057057
1057058
1057059
1057060
1057061
1057062
1057063
1057064
1057065
1057066
1057067
1057068
1057069
1057070
1057071
1057072
1057073
1057074
1057075
1057076
1057077
1057078
1057079
1057080
1057081
1057082
1057083
1057084
1057085
1057086
1057087
1057088
1057089
1057090
1057091
1057092
1057093
1057094
1057095
1057096
1057097
1057098
1057099
1058000
1058001
1058002
1058003
1058004
1058005
1058006
1058007
1058008
1058009
1058010
1058011
1058012
1058013
1058014
1058015
1058016
1058017
1058018
1058019
1058020
1058021
1058022
1058023
1058024
1058025
1058026
1058027
1058028
1058029
1058030
1058031
1058032
1058033
1058034
1058035
1058036
1058037
1058038
1058039
1058040
1058041
1058042
1058043
1058044
1058045
1058046
1058047
1058048
1058049
1058050
1058051
1058052
1058053
1058054
1058055
1058056
1058057
1058058
1058059
1058060
1058061
1058062
1058063
1058064
1058065
1058066
1058067
1058068
1058069
1058070
1058071
1058072
1058073
1058074
1058075
1058076
1058077
1058078
1058079
1058080
1058081
1058082
1058083
1058084
1058085
1058086
1058087
1058088
1058089
1058090
1058091
1058092
1058093
1058094
1058095
1058096
1058097
1058098
1058099
1059000
1059001
1059002
1059003
1059004
1059005
1059006
1059007
1059008
1059009
1059010
1059011
1059012
1059013
1059014
1059015
1059016
1059017
1059018
1059019
1059020
1059021
1059022
1059023
1059024
1059025
1059026
1059027
1059028
1059029
1059030
1059031
1059032
1059033
1059034
1059035
1059036
1059037
1059038
1059039
1059040
1059041
1059042
1059043
1059044
1059045
1059046
1059047
1059048
1059049
1059050
1059051
1059052
1059053
1059054
1059055
1059056
1059057
1059058
1059059
1059060
1059061
1059062
1059063
1059064
1059065
1059066
1059067
1059068
1059069
1059070
1059071
1059072
1059073
1059074
1059075
1059076
1059077
1059078
1059079
1059080
1059081
1059082
1059083
1059084
1059085
1059086
1059087
1059088
1059089
1059090
1059091
1059092
1059093
1059094
1059095
1059096
1059097
1059098
1059099
1060000
1060001
1060002
1060003
1060004
1060005
1060006
1060007
1060008
1060009
1060010
1060011
1060012
1060013
1060014
1060015
1060016
1060017
1060018
1060019
1060020
1060021
1060022
1060023
1060024
1060025
1060026
1060027
1060028
1060029
1060030
1060031
1060032
1060033
1060034
1060035
1060036
1060037
1060038
1060039
1060040
1060041
1060042
1060043
1060044
1060045
1060046
1060047
1060048
1060049
1060050
1060051
1060052
1060053
1060054
1060055
1060056
1060057
1060058
1060059
1060060
1060061
1060062
1060063
1060064
1060065
1060066
1060067
1060068
1060069
1060070
1060071
1060072
1060073
1060074
1060075
1060076
1060077
1060078
1060079
1060080
1060081
1060082
1060083
1060084
1060085
1060086
1060087
1060088
1060089
1060090
1060091
1060092
1060093
1060094
1060095
1060096
1060097
1060098
1060099
1061000
1061001
1061002
1061003
1061004
1061005
1061006
1061007
1061008
1061009
1061010
1061011
1061012
1061013
1061014
1061015
1061016
1061017
1061018
1061019
1061020
1061021
1061022
1061023
1061024
1061025
1061026
1061027
1061028
1061029
1061030
1061031
1061032
1061033
1061034
1061035
1061036
1061037
1061038
1061039
1061040
1061041
1061042
1061043
1061044
1061045
1061046
1061047
1061048
1061049
1061050
1061051
1061052
1061053
1061054
1061055
1061056
1061057
1061058
1061059
1061060
1061061
1061062
1061063
1061064
1061065
1061066
1061067
1061068
1061069
1061070
1061071
1061072
1061073
1061074
1061075
1061076
1061077
1061078
1061079
1061080
1061081
1061082
1061083
1061084
1061085
1061086
1061087
1061088
1061089
1061090
1061091
1061092
1061093
1061094
1061095
1061096
1061097
1061098
1061099
1062000
1062001
1062002
1062003
1062004
1062005
1062006
1062007
1062008
1062009
1062010
1062011
1062012
1062013
1062014
1062015
1062016
1062017
1062018
1062019
1062020
1062021
1062022
1062023
1062024
1062025
1062026
1062027
1062028
1062029
1062030
1062031
1062032
1062033
1062034
1062035
1062036
1062037
1062038
1062039
1062040
1062041
1062042
1062043
1062044
1062045
1062046
1062047
1062048
1062049
1062050
1062051
1062052
1062053
1062054
1062055
1062056
1062057
1062058
1062059
1062060
1062061
1062062
1062063
1062064
1062065
1062066
1062067
1062068
1062069
1062070
1062071
1062072
1062073
1062074
1062075
1062076
1062077
1062078
1062079
1062080
1062081
1062082
1062083
1062084
1062085
1062086
1062087
1062088
1062089
1062090
1062091
1062092
1062093
1062094
1062095
1062096
1062097
1062098
1062099
1063000
1063001
1063002
1063003
1063004
1063005
1063006
1063007
1063008
1063009
1063010
1063011
1063012
1063013
1063014
1063015
1063016
1063017
1063018
1063019
1063020
1063021
1063022
1063023
1063024
1063025
1063026
1063027
1063028
1063029
1063030
1063031
1063032
1063033
1063034
1063035
1063036
1063037
1063038
1063039
1063040
1063041
1063042
1063043
1063044
1063045
1063046
1063047
1063048
1063049
1063050
1063051
1063052
1063053
1063054
1063055
1063056
1063057
1063058
1063059
1063060
1063061
1063062
1063063
1063064
1063065
1063066
1063067
1063068
1063069
1063070
1063071
1063072
1063073
1063074
1063075
1063076
1063077
1063078
1063079
1063080
1063081
1063082
1063083
1063084
1063085
1063086
1063087
1063088
1063089
1063090
1063091
1063092
1063093
1063094
1063095
1063096
1063097
1063098
1063099
1064000
1064001
1064002
1064003
1064004
1064005
1064006
1064007
1064008
1064009
1064010
1064011
1064012
1064013
1064014
1064015
1064016
1064017
1064018
1064019
1064020
1064021
1064022
1064023
1064024
1064025
1064026
1064027
1064028
1064029
1064030
1064031
1064032
1064033
1064034
1064035
1064036
1064037
1064038
1064039
1064040
1064041
1064042
1064043
1064044
1064045
1064046
1064047
1064048
1064049
1064050
1064051
1064052
1064053
1064054
1064055
1064056
1064057
1064058
1064059
1064060
1064061
1064062
1064063
1064064
1064065
1064066
1064067
1064068
1064069
1064070
1064071
1064072
1064073
1064074
1064075
1064076
1064077
1064078
1064079
1064080
1064081
1064082
1064083
1064084
1064085
1064086
1064087
1064088
1064089
1064090
1064091
1064092
1064093
1064094
1064095
1064096
1064097
1064098
1064099
1065000
1065001
1065002
1065003
1065004
1065005
1065006
1065007
1065008
1065009
1065010
1065011
1065012
1065013
1065014
1065015
1065016
1065017
1065018
1065019
1065020
1065021
1065022
1065023
1065024
1065025
1065026
1065027
1065028
1065029
1065030
1065031
1065032
1065033
1065034
1065035
1065036
1065037
1065038
1065039
1065040
1065041
1065042
1065043
1065044
1065045
1065046
1065047
1065048
1065049
1065050
1065051
1065052
1065053
1065054
1065055
1065056
1065057
1065058
1065059
1065060
1065061
1065062
1065063
1065064
1065065
1065066
1065067
1065068
1065069
1065070
1065071
1065072
1065073
1065074
1065075
1065076
1065077
1065078
1065079
1065080
1065081
1065082
1065083
1065084
1065085
1065086
1065087
1065088
1065089
1065090
1065091
1065092
1065093
1065094
1065095
1065096
1065097
1065098
1065099
1066000
1066001
1066002
1066003
1066004
1066005
1066006
1066007
1066008
1066009
1066010
1066011
1066012
1066013
1066014
1066015
1066016
1066017
1066018
1066019
1066020
1066021
1066022
1066023
1066024
1066025
1066026
1066027
1066028
1066029
1066030
1066031
1066032
1066033
1066034
1066035
1066036
1066037
1066038
1066039
1066040
1066041
1066042
1066043
1066044
1066045
1066046
1066047
1066048
1066049
1066050
1066051
1066052
1066053
1066054
1066055
1066056
1066057
1066058
1066059
1066060
1066061
1066062
1066063
1066064
1066065
1066066
1066067
1066068
1066069
1066070
1066071
1066072
1066073
1066074
1066075
1066076
1066077
1066078
1066079
1066080
1066081
1066082
1066083
1066084
1066085
1066086
1066087
1066088
1066089
1066090
1066091
1066092
1066093
1066094
1066095
1066096
1066097
1066098
1066099
1067000
1067001
1067002
1067003
1067004
1067005
1067006
1067007
1067008
1067009
1067010
1067011
1067012
1067013
1067014
1067015
1067016
1067017
1067018
1067019
1067020
1067021
1067022
1067023
1067024
1067025
1067026
1067027
1067028
1067029
1067030
1067031
1067032
1067033
1067034
1067035
1067036
1067037
1067038
1067039
1067040
1067041
1067042
1067043
1067044
1067045
1067046
1067047
1067048
1067049
1067050
1067051
1067052
1067053
1067054
1067055
1067056
1067057
1067058
1067059
1067060
1067061
1067062
1067063
1067064
1067065
1067066
1067067
1067068
1067069
1067070
1067071
1067072
1067073
1067074
1067075
1067076
1067077
1067078
1067079
1067080
1067081
1067082
1067083
1067084
1067085
1067086
1067087
1067088
1067089
1067090
1067091
1067092
1067093
1067094
1067095
1067096
1067097
1067098
1067099
1068000
1068001
1068002
1068003
1068004
1068005
1068006
1068007
1068008
1068009
1068010
1068011
1068012
1068013
1068014
1068015
1068016
1068017
1068018
1068019
1068020
1068021
1068022
1068023
1068024
1068025
1068026
1068027
1068028
1068029
1068030
1068031
1068032
1068033
1068034
1068035
1068036
1068037
1068038
1068039
1068040
1068041
1068042
1068043
1068044
1068045
1068046
1068047
1068048
1068049
1068050
1068051
1068052
1068053
1068054
1068055
1068056
1068057
1068058
1068059
1068060
1068061
1068062
1068063
1068064
1068065
1068066
1068067
1068068
1068069
1068070
1068071
1068072
1068073
1068074
1068075
1068076
1068077
1068078
1068079
1068080
1068081
1068082
1068083
1068084
1068085
1068086
1068087
1068088
1068089
1068090
1068091
1068092
1068093
1068094
1068095
1068096
1068097
1068098
1068099
1069000
1069001
1069002
1069003
1069004
1069005
1069006
1069007
1069008
1069009
1069010
1069011
1069012
1069013
1069014
1069015
1069016
1069017
1069018
1069019
1069020
1069021
1069022
1069023
1069024
1069025
1069026
1069027
1069028
1069029
1069030
1069031
1069032
1069033
1069034
1069035
1069036
1069037
1069038
1069039
1069040
1069041
1069042
1069043
1069044
1069045
1069046
1069047
1069048
1069049
1069050
1069051
1069052
1069053
1069054
1069055
1069056
1069057
1069058
1069059
1069060
1069061
1069062
1069063
1069064
1069065
1069066
1069067
1069068
1069069
1069070
1069071
1069072
1069073
1069074
1069075
1069076
1069077
1069078
1069079
1069080
1069081
1069082
1069083
1069084
1069085
1069086
1069087
1069088
1069089
1069090
1069091
1069092
1069093
1069094
1069095
1069096
1069097
1069098
1069099
1070000
1070001
1070002
1070003
1070004
1070005
1070006
1070007
1070008
1070009
1070010
1070011
1070012
1070013
1070014
1070015
1070016
1070017
1070018
1070019
1070020
1070021
1070022
1070023
1070024
1070025
1070026
1070027
1070028
1070029
1070030
1070031
1070032
1070033
1070034
1070035
1070036
1070037
1070038
1070039
1070040
1070041
1070042
1070043
1070044
1070045
1070046
1070047
1070048
1070049
1070050
1070051
1070052
1070053
1070054
1070055
1070056
1070057
1070058
1070059
1070060
1070061
1070062
1070063
1070064
1070065
1070066
1070067
1070068
1070069
1070070
1070071
1070072
1070073
1070074
1070075
1070076
1070077
1070078
1070079
1070080
1070081
1070082
1070083
1070084
1070085
1070086
1070087
1070088
1070089
1070090
1070091
1070092
1070093
1070094
1070095
1070096
1070097
1070098
1070099
1071000
1071001
1071002
1071003
1071004
1071005
1071006
1071007
1071008
1071009
1071010
1071011
1071012
1071013
1071014
1071015
1071016
1071017
1071018
1071019
1071020
1071021
1071022
1071023
1071024
1071025
1071026
1071027
1071028
1071029
1071030
1071031
1071032
1071033
1071034
1071035
1071036
1071037
1071038
1071039
1071040
1071041
1071042
1071043
1071044
1071045
1071046
1071047
1071048
1071049
1071050
1071051
1071052
1071053
1071054
1071055
1071056
1071057
1071058
1071059
1071060
1071061
1071062
1071063
1071064
1071065
1071066
1071067
1071068
1071069
1071070
1071071
1071072
1071073
1071074
1071075
1071076
1071077
1071078
1071079
1071080
1071081
1071082
1071083
1071084
1071085
1071086
1071087
1071088
1071089
1071090
1071091
1071092
1071093
1071094
1071095
1071096
1071097
1071098
1071099
1072000
1072001
1072002
1072003
1072004
1072005
1072006
1072007
1072008
1072009
1072010
1072011
1072012
1072013
1072014
1072015
1072016
1072017
1072018
1072019
1072020
1072021
1072022
1072023
1072024
1072025
1072026
1072027
1072028
1072029
1072030
1072031
1072032
1072033
1072034
1072035
1072036
1072037
1072038
1072039
1072040
1072041
1072042
1072043
1072044
1072045
1072046
1072047
1072048
1072049
1072050
1072051
1072052
1072053
1072054
1072055
1072056
1072057
1072058
1072059
1072060
1072061
1072062
1072063
1072064
1072065
1072066
1072067
1072068
1072069
1072070
1072071
1072072
1072073
1072074
1072075
1072076
1072077
1072078
1072079
1072080
1072081
1072082
1072083
1072084
1072085
1072086
1072087
1072088
1072089
1072090
1072091
1072092
1072093
1072094
1072095
1072096
1072097
1072098
1072099
1073000
1073001
1073002
1073003
1073004
1073005
1073006
1073007
1073008
1073009
1073010
1073011
1073012
1073013
1073014
1073015
1073016
1073017
1073018
1073019
1073020
1073021
1073022
1073023
1073024
1073025
1073026
1073027
1073028
1073029
1073030
1073031
1073032
1073033
1073034
1073035
1073036
1073037
1073038
1073039
1073040
1073041
1073042
1073043
1073044
1073045
1073046
1073047
1073048
1073049
1073050
1073051
1073052
1073053
1073054
1073055
1073056
1073057
1073058
1073059
1073060
1073061
1073062
1073063
1073064
1073065
1073066
1073067
1073068
1073069
1073070
1073071
1073072
1073073
1073074
1073075
1073076
1073077
1073078
1073079
1073080
1073081
1073082
1073083
1073084
1073085
1073086
1073087
1073088
1073089
1073090
1073091
1073092
1073093
1073094
1073095
1073096
1073097
1073098
1073099
1074000
1074001
1074002
1074003
1074004
1074005
1074006
1074007
1074008
1074009
1074010
1074011
1074012
1074013
1074014
1074015
1074016
1074017
1074018
1074019
1074020
1074021
1074022
1074023
1074024
1074025
1074026
1074027
1074028
1074029
1074030
1074031
1074032
1074033
1074034
1074035
1074036
1074037
1074038
1074039
1074040
1074041
1074042
1074043
1074044
1074045
1074046
1074047
1074048
1074049
1074050
1074051
1074052
1074053
1074054
1074055
1074056
1074057
1074058
1074059
1074060
1074061
1074062
1074063
1074064
1074065
1074066
1074067
1074068
1074069
1074070
1074071
1074072
1074073
1074074
1074075
1074076
1074077
1074078
1074079
1074080
1074081
1074082
1074083
1074084
1074085
1074086
1074087
1074088
1074089
1074090
1074091
1074092
1074093
1074094
1074095
1074096
1074097
1074098
1074099
1075000
1075001
1075002
1075003
1075004
1075005
1075006
1075007
1075008
1075009
1075010
1075011
1075012
1075013
1075014
1075015
1075016
1075017
1075018
1075019
1075020
1075021
1075022
1075023
1075024
1075025
1075026
1075027
1075028
1075029
1075030
1075031
1075032
1075033
1075034
1075035
1075036
1075037
1075038
1075039
1075040
1075041
1075042
1075043
1075044
1075045
1075046
1075047
1075048
1075049
1075050
1075051
1075052
1075053
1075054
1075055
1075056
1075057
1075058
1075059
1075060
1075061
1075062
1075063
1075064
1075065
1075066
1075067
1075068
1075069
1075070
1075071
1075072
1075073
1075074
1075075
1075076
1075077
1075078
1075079
1075080
1075081
1075082
1075083
1075084
1075085
1075086
1075087
1075088
1075089
1075090
1075091
1075092
1075093
1075094
1075095
1075096
1075097
1075098
1075099
1076000
1076001
1076002
1076003
1076004
1076005
1076006
1076007
1076008
1076009
1076010
1076011
1076012
1076013
1076014
1076015
1076016
1076017
1076018
1076019
1076020
1076021
1076022
1076023
1076024
1076025
1076026
1076027
1076028
1076029
1076030
1076031
1076032
1076033
1076034
1076035
1076036
1076037
1076038
1076039
1076040
1076041
1076042
1076043
1076044
1076045
1076046
1076047
1076048
1076049
1076050
1076051
1076052
1076053
1076054
1076055
1076056
1076057
1076058
1076059
1076060
1076061
1076062
1076063
1076064
1076065
1076066
1076067
1076068
1076069
1076070
1076071
1076072
1076073
1076074
1076075
1076076
1076077
1076078
1076079
1076080
1076081
1076082
1076083
1076084
1076085
1076086
1076087
1076088
1076089
1076090
1076091
1076092
1076093
1076094
1076095
1076096
1076097
1076098
1076099
1077000
1077001
1077002
1077003
1077004
1077005
1077006
1077007
1077008
1077009
1077010
1077011
1077012
1077013
1077014
1077015
1077016
1077017
1077018
1077019
1077020
1077021
1077022
1077023
1077024
1077025
1077026
1077027
1077028
1077029
1077030
1077031
1077032
1077033
1077034
1077035
1077036
1077037
1077038
1077039
1077040
1077041
1077042
1077043
1077044
1077045
1077046
1077047
1077048
1077049
1077050
1077051
1077052
1077053
1077054
1077055
1077056
1077057
1077058
1077059
1077060
1077061
1077062
1077063
1077064
1077065
1077066
1077067
1077068
1077069
1077070
1077071
1077072
1077073
1077074
1077075
1077076
1077077
1077078
1077079
1077080
1077081
1077082
1077083
1077084
1077085
1077086
1077087
1077088
1077089
1077090
1077091
1077092
1077093
1077094
1077095
1077096
1077097
1077098
1077099
1078000
1078001
1078002
1078003
1078004
1078005
1078006
1078007
1078008
1078009
1078010
1078011
1078012
1078013
1078014
1078015
1078016
1078017
1078018
1078019
1078020
1078021
1078022
1078023
1078024
1078025
1078026
1078027
1078028
1078029
1078030
1078031
1078032
1078033
1078034
1078035
1078036
1078037
1078038
1078039
1078040
1078041
1078042
1078043
1078044
1078045
1078046
1078047
1078048
1078049
1078050
1078051
1078052
1078053
1078054
1078055
1078056
1078057
1078058
1078059
1078060
1078061
1078062
1078063
1078064
1078065
1078066
1078067
1078068
1078069
1078070
1078071
1078072
1078073
1078074
1078075
1078076
1078077
1078078
1078079
1078080
1078081
1078082
1078083
1078084
1078085
1078086
1078087
1078088
1078089
1078090
1078091
1078092
1078093
1078094
1078095
1078096
1078097
1078098
1078099
1079000
1079001
1079002
1079003
1079004
1079005
1079006
1079007
1079008
1079009
1079010
1079011
1079012
1079013
1079014
1079015
1079016
1079017
1079018
1079019
1079020
1079021
1079022
1079023
1079024
1079025
1079026
1079027
1079028
1079029
1079030
1079031
1079032
1079033
1079034
1079035
1079036
1079037
1079038
1079039
1079040
1079041
1079042
1079043
1079044
1079045
1079046
1079047
1079048
1079049
1079050
1079051
1079052
1079053
1079054
1079055
1079056
1079057
1079058
1079059
1079060
1079061
1079062
1079063
1079064
1079065
1079066
1079067
1079068
1079069
1079070
1079071
1079072
1079073
1079074
1079075
1079076
1079077
1079078
1079079
1079080
1079081
1079082
1079083
1079084
1079085
1079086
1079087
1079088
1079089
1079090
1079091
1079092
1079093
1079094
1079095
1079096
1079097
1079098
1079099
1080000
1080001
1080002
1080003
1080004
1080005
1080006
1080007
1080008
1080009
1080010
1080011
1080012
1080013
1080014
1080015
1080016
1080017
1080018
1080019
1080020
1080021
1080022
1080023
1080024
1080025
1080026
1080027
1080028
1080029
1080030
1080031
1080032
1080033
1080034
1080035
1080036
1080037
1080038
1080039
1080040
1080041
1080042
1080043
1080044
1080045
1080046
1080047
1080048
1080049
1080050
1080051
1080052
1080053
1080054
1080055
1080056
1080057
1080058
1080059
1080060
1080061
1080062
1080063
1080064
1080065
1080066
1080067
1080068
1080069
1080070
1080071
1080072
1080073
1080074
1080075
1080076
1080077
1080078
1080079
1080080
1080081
1080082
1080083
1080084
1080085
1080086
1080087
1080088
1080089
1080090
1080091
1080092
1080093
1080094
1080095
1080096
1080097
1080098
1080099
1081000
1081001
1081002
1081003
1081004
1081005
1081006
1081007
1081008
1081009
1081010
1081011
1081012
1081013
1081014
1081015
1081016
1081017
1081018
1081019
1081020
1081021
1081022
1081023
1081024
1081025
1081026
1081027
1081028
1081029
1081030
1081031
1081032
1081033
1081034
1081035
1081036
1081037
1081038
1081039
1081040
1081041
1081042
1081043
1081044
1081045
1081046
1081047
1081048
1081049
1081050
1081051
1081052
1081053
1081054
1081055
1081056
1081057
1081058
1081059
1081060
1081061
1081062
1081063
1081064
1081065
1081066
1081067
1081068
1081069
1081070
1081071
1081072
1081073
1081074
1081075
1081076
1081077
1081078
1081079
1081080
1081081
1081082
1081083
1081084
1081085
1081086
1081087
1081088
1081089
1081090
1081091
1081092
1081093
1081094
1081095
1081096
1081097
1081098
1081099
1082000
1082001
1082002
1082003
1082004
1082005
1082006
1082007
1082008
1082009
1082010
1082011
1082012
1082013
1082014
1082015
1082016
1082017
1082018
1082019
1082020
1082021
1082022
1082023
1082024
1082025
1082026
1082027
1082028
1082029
1082030
1082031
1082032
1082033
1082034
1082035
1082036
1082037
1082038
1082039
1082040
1082041
1082042
1082043
1082044
1082045
1082046
1082047
1082048
1082049
1082050
1082051
1082052
1082053
1082054
1082055
1082056
1082057
1082058
1082059
1082060
1082061
1082062
1082063
1082064
1082065
1082066
1082067
1082068
1082069
1082070
1082071
1082072
1082073
1082074
1082075
1082076
1082077
1082078
1082079
1082080
1082081
1082082
1082083
1082084
1082085
1082086
1082087
1082088
1082089
1082090
1082091
1082092
1082093
1082094
1082095
1082096
1082097
1082098
1082099
1083000
1083001
1083002
1083003
1083004
1083005
1083006
1083007
1083008
1083009
1083010
1083011
1083012
1083013
1083014
1083015
1083016
1083017
1083018
1083019
1083020
1083021
1083022
1083023
1083024
1083025
1083026
1083027
1083028
1083029
1083030
1083031
1083032
1083033
1083034
1083035
1083036
1083037
1083038
1083039
1083040
1083041
1083042
1083043
1083044
1083045
1083046
1083047
1083048
1083049
1083050
1083051
1083052
1083053
1083054
1083055
1083056
1083057
1083058
1083059
1083060
1083061
1083062
1083063
1083064
1083065
1083066
1083067
1083068
1083069
1083070
1083071
1083072
1083073
1083074
1083075
1083076
1083077
1083078
1083079
1083080
1083081
1083082
1083083
1083084
1083085
1083086
1083087
1083088
1083089
1083090
1083091
1083092
1083093
1083094
1083095
1083096
1083097
1083098
1083099
1084000
1084001
1084002
1084003
1084004
1084005
1084006
1084007
1084008
1084009
1084010
1084011
1084012
1084013
1084014
1084015
1084016
1084017
1084018
1084019
1084020
1084021
1084022
1084023
1084024
1084025
1084026
1084027
1084028
1084029
1084030
1084031
1084032
1084033
1084034
1084035
1084036
1084037
1084038
1084039
1084040
1084041
1084042
1084043
1084044
1084045
1084046
1084047
1084048
1084049
1084050
1084051
1084052
1084053
1084054
1084055
1084056
1084057
1084058
1084059
1084060
1084061
1084062
1084063
1084064
1084065
1084066
1084067
1084068
1084069
1084070
1084071
1084072
1084073
1084074
1084075
1084076
1084077
1084078
1084079
1084080
1084081
1084082
1084083
1084084
1084085
1084086
1084087
1084088
1084089
1084090
1084091
1084092
1084093
1084094
1084095
1084096
1084097
1084098
1084099
1085000
1085001
1085002
1085003
1085004
1085005
1085006
1085007
1085008
1085009
1085010
1085011
1085012
1085013
1085014
1085015
1085016
1085017
1085018
1085019
1085020
1085021
1085022
1085023
1085024
1085025
1085026
1085027
1085028
1085029
1085030
1085031
1085032
1085033
1085034
1085035
1085036
1085037
1085038
1085039
1085040
1085041
1085042
1085043
1085044
1085045
1085046
1085047
1085048
1085049
1085050
1085051
1085052
1085053
1085054
1085055
1085056
1085057
1085058
1085059
1085060
1085061
1085062
1085063
1085064
1085065
1085066
1085067
1085068
1085069
1085070
1085071
1085072
1085073
1085074
1085075
1085076
1085077
1085078
1085079
1085080
1085081
1085082
1085083
1085084
1085085
1085086
1085087
1085088
1085089
1085090
1085091
1085092
1085093
1085094
1085095
1085096
1085097
1085098
1085099
1086000
1086001
1086002
1086003
1086004
1086005
1086006
1086007
1086008
1086009
1086010
1086011
1086012
1086013
1086014
1086015
1086016
1086017
1086018
1086019
1086020
1086021
1086022
1086023
1086024
1086025
1086026
1086027
1086028
1086029
1086030
1086031
1086032
1086033
1086034
1086035
1086036
1086037
1086038
1086039
1086040
1086041
1086042
1086043
1086044
1086045
1086046
1086047
1086048
1086049
1086050
1086051
1086052
1086053
1086054
1086055
1086056
1086057
1086058
1086059
1086060
1086061
1086062
1086063
1086064
1086065
1086066
1086067
1086068
1086069
1086070
1086071
1086072
1086073
1086074
1086075
1086076
1086077
1086078
1086079
1086080
1086081
1086082
1086083
1086084
1086085
1086086
1086087
1086088
1086089
1086090
1086091
1086092
1086093
1086094
1086095
1086096
1086097
1086098
1086099
1087000
1087001
1087002
1087003
1087004
1087005
1087006
1087007
1087008
1087009
1087010
1087011
1087012
1087013
1087014
1087015
1087016
1087017
1087018
1087019
1087020
1087021
1087022
1087023
1087024
1087025
1087026
1087027
1087028
1087029
1087030
1087031
1087032
1087033
1087034
1087035
1087036
1087037
1087038
1087039
1087040
1087041
1087042
1087043
1087044
1087045
1087046
1087047
1087048
1087049
1087050
1087051
1087052
1087053
1087054
1087055
1087056
1087057
1087058
1087059
1087060
1087061
1087062
1087063
1087064
1087065
1087066
1087067
1087068
1087069
1087070
1087071
1087072
1087073
1087074
1087075
1087076
1087077
1087078
1087079
1087080
1087081
1087082
1087083
1087084
1087085
1087086
1087087
1087088
1087089
1087090
1087091
1087092
1087093
1087094
1087095
1087096
1087097
1087098
1087099
1088000
1088001
1088002
1088003
1088004
1088005
1088006
1088007
1088008
1088009
1088010
1088011
1088012
1088013
1088014
1088015
1088016
1088017
1088018
1088019
1088020
1088021
1088022
1088023
1088024
1088025
1088026
1088027
1088028
1088029
1088030
1088031
1088032
1088033
1088034
1088035
1088036
1088037
1088038
1088039
1088040
1088041
1088042
1088043
1088044
1088045
1088046
1088047
1088048
1088049
1088050
1088051
1088052
1088053
1088054
1088055
1088056
1088057
1088058
1088059
1088060
1088061
1088062
1088063
1088064
1088065
1088066
1088067
1088068
1088069
1088070
1088071
1088072
1088073
1088074
1088075
1088076
1088077
1088078
1088079
1088080
1088081
1088082
1088083
1088084
1088085
1088086
1088087
1088088
1088089
1088090
1088091
1088092
1088093
1088094
1088095
1088096
1088097
1088098
1088099
1089000
1089001
1089002
1089003
1089004
1089005
1089006
1089007
1089008
1089009
1089010
1089011
1089012
1089013
1089014
1089015
1089016
1089017
1089018
1089019
1089020
1089021
1089022
1089023
1089024
1089025
1089026
1089027
1089028
1089029
1089030
1089031
1089032
1089033
1089034
1089035
1089036
1089037
1089038
1089039
1089040
1089041
1089042
1089043
1089044
1089045
1089046
1089047
1089048
1089049
1089050
1089051
1089052
1089053
1089054
1089055
1089056
1089057
1089058
1089059
1089060
1089061
1089062
1089063
1089064
1089065
1089066
1089067
1089068
1089069
1089070
1089071
1089072
1089073
1089074
1089075
1089076
1089077
1089078
1089079
1089080
1089081
1089082
1089083
1089084
1089085
1089086
1089087
1089088
1089089
1089090
1089091
1089092
1089093
1089094
1089095
1089096
1089097
1089098
1089099
1090000
1090001
1090002
1090003
1090004
1090005
1090006
1090007
1090008
1090009
1090010
1090011
1090012
1090013
1090014
1090015
1090016
1090017
1090018
1090019
1090020
1090021
1090022
1090023
1090024
1090025
1090026
1090027
1090028
1090029
1090030
1090031
1090032
1090033
1090034
1090035
1090036
1090037
1090038
1090039
1090040
1090041
1090042
1090043
1090044
1090045
1090046
1090047
1090048
1090049
1090050
1090051
1090052
1090053
1090054
1090055
1090056
1090057
1090058
1090059
1090060
1090061
1090062
1090063
1090064
1090065
1090066
1090067
1090068
1090069
1090070
1090071
1090072
1090073
1090074
1090075
1090076
1090077
1090078
1090079
1090080
1090081
1090082
1090083
1090084
1090085
1090086
1090087
1090088
1090089
1090090
1090091
1090092
1090093
1090094
1090095
1090096
1090097
1090098
1090099
1091000
1091001
1091002
1091003
1091004
1091005
1091006
1091007
1091008
1091009
1091010
1091011
1091012
1091013
1091014
1091015
1091016
1091017
1091018
1091019
1091020
1091021
1091022
1091023
1091024
1091025
1091026
1091027
1091028
1091029
1091030
1091031
1091032
1091033
1091034
1091035
1091036
1091037
1091038
1091039
1091040
1091041
1091042
1091043
1091044
1091045
1091046
1091047
1091048
1091049
1091050
1091051
1091052
1091053
1091054
1091055
1091056
1091057
1091058
1091059
1091060
1091061
1091062
1091063
1091064
1091065
1091066
1091067
1091068
1091069
1091070
1091071
1091072
1091073
1091074
1091075
1091076
1091077
1091078
1091079
1091080
1091081
1091082
1091083
1091084
1091085
1091086
1091087
1091088
1091089
1091090
1091091
1091092
1091093
1091094
1091095
1091096
1091097
1091098
1091099
1092000
1092001
1092002
1092003
1092004
1092005
1092006
1092007
1092008
1092009
1092010
1092011
1092012
1092013
1092014
1092015
1092016
1092017
1092018
1092019
1092020
1092021
1092022
1092023
1092024
1092025
1092026
1092027
1092028
1092029
1092030
1092031
1092032
1092033
1092034
1092035
1092036
1092037
1092038
1092039
1092040
1092041
1092042
1092043
1092044
1092045
1092046
1092047
1092048
1092049
1092050
1092051
1092052
1092053
1092054
1092055
1092056
1092057
1092058
1092059
1092060
1092061
1092062
1092063
1092064
1092065
1092066
1092067
1092068
1092069
1092070
1092071
1092072
1092073
1092074
1092075
1092076
1092077
1092078
1092079
1092080
1092081
1092082
1092083
1092084
1092085
1092086
1092087
1092088
1092089
1092090
1092091
1092092
1092093
1092094
1092095
1092096
1092097
1092098
1092099
1093000
1093001
1093002
1093003
1093004
1093005
1093006
1093007
1093008
1093009
1093010
1093011
1093012
1093013
1093014
1093015
1093016
1093017
1093018
1093019
1093020
1093021
1093022
1093023
1093024
1093025
1093026
1093027
1093028
1093029
1093030
1093031
1093032
1093033
1093034
1093035
1093036
1093037
1093038
1093039
1093040
1093041
1093042
1093043
1093044
1093045
1093046
1093047
1093048
1093049
1093050
1093051
1093052
1093053
1093054
1093055
1093056
1093057
1093058
1093059
1093060
1093061
1093062
1093063
1093064
1093065
1093066
1093067
1093068
1093069
1093070
1093071
1093072
1093073
1093074
1093075
1093076
1093077
1093078
1093079
1093080
1093081
1093082
1093083
1093084
1093085
1093086
1093087
1093088
1093089
1093090
1093091
1093092
1093093
1093094
1093095
1093096
1093097
1093098
1093099
1094000
1094001
1094002
1094003
1094004
1094005
1094006
1094007
1094008
1094009
1094010
1094011
1094012
1094013
1094014
1094015
1094016
1094017
1094018
1094019
1094020
1094021
1094022
1094023
1094024
1094025
1094026
1094027
1094028
1094029
1094030
1094031
1094032
1094033
1094034
1094035
1094036
1094037
1094038
1094039
1094040
1094041
1094042
1094043
1094044
1094045
1094046
1094047
1094048
1094049
1094050
1094051
1094052
1094053
1094054
1094055
1094056
1094057
1094058
1094059
1094060
1094061
1094062
1094063
1094064
1094065
1094066
1094067
1094068
1094069
1094070
1094071
1094072
1094073
1094074
1094075
1094076
1094077
1094078
1094079
1094080
1094081
1094082
1094083
1094084
1094085
1094086
1094087
1094088
1094089
1094090
1094091
1094092
1094093
1094094
1094095
1094096
1094097
1094098
1094099
1095000
1095001
1095002
1095003
1095004
1095005
1095006
1095007
1095008
1095009
1095010
1095011
1095012
1095013
1095014
1095015
1095016
1095017
1095018
1095019
1095020
1095021
1095022
1095023
1095024
1095025
1095026
1095027
1095028
1095029
1095030
1095031
1095032
1095033
1095034
1095035
1095036
1095037
1095038
1095039
1095040
1095041
1095042
1095043
1095044
1095045
1095046
1095047
1095048
1095049
1095050
1095051
1095052
1095053
1095054
1095055
1095056
1095057
1095058
1095059
1095060
1095061
1095062
1095063
1095064
1095065
1095066
1095067
1095068
1095069
1095070
1095071
1095072
1095073
1095074
1095075
1095076
1095077
1095078
1095079
1095080
1095081
1095082
1095083
1095084
1095085
1095086
1095087
1095088
1095089
1095090
1095091
1095092
1095093
1095094
1095095
1095096
1095097
1095098
1095099
1096000
1096001
1096002
1096003
1096004
1096005
1096006
1096007
1096008
1096009
1096010
1096011
1096012
1096013
1096014
1096015
1096016
1096017
1096018
1096019
1096020
1096021
1096022
1096023
1096024
1096025
1096026
1096027
1096028
1096029
1096030
1096031
1096032
1096033
1096034
1096035
1096036
1096037
1096038
1096039
1096040
1096041
1096042
1096043
1096044
1096045
1096046
1096047
1096048
1096049
1096050
1096051
1096052
1096053
1096054
1096055
1096056
1096057
1096058
1096059
1096060
1096061
1096062
1096063
1096064
1096065
1096066
1096067
1096068
1096069
1096070
1096071
1096072
1096073
1096074
1096075
1096076
1096077
1096078
1096079
1096080
1096081
1096082
1096083
1096084
1096085
1096086
1096087
1096088
1096089
1096090
1096091
1096092
1096093
1096094
1096095
1096096
1096097
1096098
1096099
1097000
1097001
1097002
1097003
1097004
1097005
1097006
1097007
1097008
1097009
1097010
1097011
1097012
1097013
1097014
1097015
1097016
1097017
1097018
1097019
1097020
1097021
1097022
1097023
1097024
1097025
1097026
1097027
1097028
1097029
1097030
1097031
1097032
1097033
1097034
1097035
1097036
1097037
1097038
1097039
1097040
1097041
1097042
1097043
1097044
1097045
1097046
1097047
1097048
1097049
1097050
1097051
1097052
1097053
1097054
1097055
1097056
1097057
1097058
1097059
1097060
1097061
1097062
1097063
1097064
1097065
1097066
1097067
1097068
1097069
1097070
1097071
1097072
1097073
1097074
1097075
1097076
1097077
1097078
1097079
1097080
1097081
1097082
1097083
1097084
1097085
1097086
1097087
1097088
1097089
1097090
1097091
1097092
1097093
1097094
1097095
1097096
1097097
1097098
1097099
1098000
1098001
1098002
1098003
1098004
1098005
1098006
1098007
1098008
1098009
1098010
1098011
1098012
1098013
1098014
1098015
1098016
1098017
1098018
1098019
1098020
1098021
1098022
1098023
1098024
1098025
1098026
1098027
1098028
1098029
1098030
1098031
1098032
1098033
1098034
1098035
1098036
1098037
1098038
1098039
1098040
1098041
1098042
1098043
1098044
1098045
1098046
1098047
1098048
1098049
1098050
1098051
1098052
1098053
1098054
1098055
1098056
1098057
1098058
1098059
1098060
1098061
1098062
1098063
1098064
1098065
1098066
1098067
1098068
1098069
1098070
1098071
1098072
1098073
1098074
1098075
1098076
1098077
1098078
1098079
1098080
1098081
1098082
1098083
1098084
1098085
1098086
1098087
1098088
1098089
1098090
1098091
1098092
1098093
1098094
1098095
1098096
1098097
1098098
1098099
1099000
1099001
1099002
1099003
1099004
1099005
1099006
1099007
1099008
1099009
1099010
1099011
1099012
1099013
1099014
1099015
1099016
1099017
1099018
1099019
1099020
1099021
1099022
1099023
1099024
1099025
1099026
1099027
1099028
1099029
1099030
1099031
1099032
1099033
1099034
1099035
1099036
1099037
1099038
1099039
1099040
1099041
1099042
1099043
1099044
1099045
1099046
1099047
1099048
1099049
1099050
1099051
1099052
1099053
1099054
1099055
1099056
1099057
1099058
1099059
1099060
1099061
1099062
1099063
1099064
1099065
1099066
1099067
1099068
1099069
1099070
1099071
1099072
1099073
1099074
1099075
1099076
1099077
1099078
1099079
1099080
1099081
1099082
1099083
1099084
1099085
1099086
1099087
1099088
1099089
1099090
1099091
1099092
1099093
1099094
1099095
1099096
1099097
1099098
1099099
1100000
1100001
1100002
1100003
1100004
1100005
1100006
1100007
1100008
1100009
1100010
1100011
1100012
1100013
1100014
1100015
1100016
1100017
1100018
1100019
1100020
1100021
1100022
1100023
1100024
1100025
1100026
1100027
1100028
1100029
1100030
1100031
1100032
1100033
1100034
1100035
1100036
1100037
1100038
1100039
1100040
1100041
1100042
1100043
1100044
1100045
1100046
1100047
1100048
1100049
1100050
1100051
1100052
1100053
1100054
1100055
1100056
1100057
1100058
1100059
1100060
1100061
1100062
1100063
1100064
1100065
1100066
1100067
1100068
1100069
1100070
1100071
1100072
1100073
1100074
1100075
1100076
1100077
1100078
1100079
1100080
1100081
1100082
1100083
1100084
1100085
1100086
1100087
1100088
1100089
1100090
1100091
1100092
1100093
1100094
1100095
1100096
1100097
1100098
1100099
1101000
1101001
1101002
1101003
1101004
1101005
1101006
1101007
1101008
1101009
1101010
1101011
1101012
1101013
1101014
1101015
1101016
1101017
1101018
1101019
1101020
1101021
1101022
1101023
1101024
1101025
1101026
1101027
1101028
1101029
1101030
1101031
1101032
1101033
1101034
1101035
1101036
1101037
1101038
1101039
1101040
1101041
1101042
1101043
1101044
1101045
1101046
1101047
1101048
1101049
1101050
1101051
1101052
1101053
1101054
1101055
1101056
1101057
1101058
1101059
1101060
1101061
1101062
1101063
1101064
1101065
1101066
1101067
1101068
1101069
1101070
1101071
1101072
1101073
1101074
1101075
1101076
1101077
1101078
1101079
1101080
1101081
1101082
1101083
1101084
1101085
1101086
1101087
1101088
1101089
1101090
1101091
1101092
1101093
1101094
1101095
1101096
1101097
1101098
1101099
1102000
1102001
1102002
1102003
1102004
1102005
1102006
1102007
1102008
1102009
1102010
1102011
1102012
1102013
1102014
1102015
1102016
1102017
1102018
1102019
1102020
1102021
1102022
1102023
1102024
1102025
1102026
1102027
1102028
1102029
1102030
1102031
1102032
1102033
1102034
1102035
1102036
1102037
1102038
1102039
1102040
1102041
1102042
1102043
1102044
1102045
1102046
1102047
1102048
1102049
1102050
1102051
1102052
1102053
1102054
1102055
1102056
1102057
1102058
1102059
1102060
1102061
1102062
1102063
1102064
1102065
1102066
1102067
1102068
1102069
1102070
1102071
1102072
1102073
1102074
1102075
1102076
1102077
1102078
1102079
1102080
1102081
1102082
1102083
1102084
1102085
1102086
1102087
1102088
1102089
1102090
1102091
1102092
1102093
1102094
1102095
1102096
1102097
1102098
1102099
1103000
1103001
1103002
1103003
1103004
1103005
1103006
1103007
1103008
1103009
1103010
1103011
1103012
1103013
1103014
1103015
1103016
1103017
1103018
1103019
1103020
1103021
1103022
1103023
1103024
1103025
1103026
1103027
1103028
1103029
1103030
1103031
1103032
1103033
1103034
1103035
1103036
1103037
1103038
1103039
1103040
1103041
1103042
1103043
1103044
1103045
1103046
1103047
1103048
1103049
1103050
1103051
1103052
1103053
1103054
1103055
1103056
1103057
1103058
1103059
1103060
1103061
1103062
1103063
1103064
1103065
1103066
1103067
1103068
1103069
1103070
1103071
1103072
1103073
1103074
1103075
1103076
1103077
1103078
1103079
1103080
1103081
1103082
1103083
1103084
1103085
1103086
1103087
1103088
1103089
1103090
1103091
1103092
1103093
1103094
1103095
1103096
1103097
1103098
1103099
1104000
1104001
1104002
1104003
1104004
1104005
1104006
1104007
1104008
1104009
1104010
1104011
1104012
1104013
1104014
1104015
1104016
1104017
1104018
1104019
1104020
1104021
1104022
1104023
1104024
1104025
1104026
1104027
1104028
1104029
1104030
1104031
1104032
1104033
1104034
1104035
1104036
1104037
1104038
1104039
1104040
1104041
1104042
1104043
1104044
1104045
1104046
1104047
1104048
1104049
1104050
1104051
1104052
1104053
1104054
1104055
1104056
1104057
1104058
1104059
1104060
1104061
1104062
1104063
1104064
1104065
1104066
1104067
1104068
1104069
1104070
1104071
1104072
1104073
1104074
1104075
1104076
1104077
1104078
1104079
1104080
1104081
1104082
1104083
1104084
1104085
1104086
1104087
1104088
1104089
1104090
1104091
1104092
1104093
1104094
1104095
1104096
1104097
1104098
1104099
1105000
1105001
1105002
1105003
1105004
1105005
1105006
1105007
1105008
1105009
1105010
1105011
1105012
1105013
1105014
1105015
1105016
1105017
1105018
1105019
1105020
1105021
1105022
1105023
1105024
1105025
1105026
1105027
1105028
1105029
1105030
1105031
1105032
1105033
1105034
1105035
1105036
1105037
1105038
1105039
1105040
1105041
1105042
1105043
1105044
1105045
1105046
1105047
1105048
1105049
1105050
1105051
1105052
1105053
1105054
1105055
1105056
1105057
1105058
1105059
1105060
1105061
1105062
1105063
1105064
1105065
1105066
1105067
1105068
1105069
1105070
1105071
1105072
1105073
1105074
1105075
1105076
1105077
1105078
1105079
1105080
1105081
1105082
1105083
1105084
1105085
1105086
1105087
1105088
1105089
1105090
1105091
1105092
1105093
1105094
1105095
1105096
1105097
1105098
1105099
1106000
1106001
1106002
1106003
1106004
1106005
1106006
1106007
1106008
1106009
1106010
1106011
1106012
1106013
1106014
1106015
1106016
1106017
1106018
1106019
1106020
1106021
1106022
1106023
1106024
1106025
1106026
1106027
1106028
1106029
1106030
1106031
1106032
1106033
1106034
1106035
1106036
1106037
1106038
1106039
1106040
1106041
1106042
1106043
1106044
1106045
1106046
1106047
1106048
1106049
1106050
1106051
1106052
1106053
1106054
1106055
1106056
1106057
1106058
1106059
1106060
1106061
1106062
1106063
1106064
1106065
1106066
1106067
1106068
1106069
1106070
1106071
1106072
1106073
1106074
1106075
1106076
1106077
1106078
1106079
1106080
1106081
1106082
1106083
1106084
1106085
1106086
1106087
1106088
1106089
1106090
1106091
1106092
1106093
1106094
1106095
1106096
1106097
1106098
1106099
1107000
1107001
1107002
1107003
1107004
1107005
1107006
1107007
1107008
1107009
1107010
1107011
1107012
1107013
1107014
1107015
1107016
1107017
1107018
1107019
1107020
1107021
1107022
1107023
1107024
1107025
1107026
1107027
1107028
1107029
1107030
1107031
1107032
1107033
1107034
1107035
1107036
1107037
1107038
1107039
1107040
1107041
1107042
1107043
1107044
1107045
1107046
1107047
1107048
1107049
1107050
1107051
1107052
1107053
1107054
1107055
1107056
1107057
1107058
1107059
1107060
1107061
1107062
1107063
1107064
1107065
1107066
1107067
1107068
1107069
1107070
1107071
1107072
1107073
1107074
1107075
1107076
1107077
1107078
1107079
1107080
1107081
1107082
1107083
1107084
1107085
1107086
1107087
1107088
1107089
1107090
1107091
1107092
1107093
1107094
1107095
1107096
1107097
1107098
1107099
1108000
1108001
1108002
1108003
1108004
1108005
1108006
1108007
1108008
1108009
1108010
1108011
1108012
1108013
1108014
1108015
1108016
1108017
1108018
1108019
1108020
1108021
1108022
1108023
1108024
1108025
1108026
1108027
1108028
1108029
1108030
1108031
1108032
1108033
1108034
1108035
1108036
1108037
1108038
1108039
1108040
1108041
1108042
1108043
1108044
1108045
1108046
1108047
1108048
1108049
1108050
1108051
1108052
1108053
1108054
1108055
1108056
1108057
1108058
1108059
1108060
1108061
1108062
1108063
1108064
1108065
1108066
1108067
1108068
1108069
1108070
1108071
1108072
1108073
1108074
1108075
1108076
1108077
1108078
1108079
1108080
1108081
1108082
1108083
1108084
1108085
1108086
1108087
1108088
1108089
1108090
1108091
1108092
1108093
1108094
1108095
1108096
1108097
1108098
1108099
1109000
1109001
1109002
1109003
1109004
1109005
1109006
1109007
1109008
1109009
1109010
1109011
1109012
1109013
1109014
1109015
1109016
1109017
1109018
1109019
1109020
1109021
1109022
1109023
1109024
1109025
1109026
1109027
1109028
1109029
1109030
1109031
1109032
1109033
1109034
1109035
1109036
1109037
1109038
1109039
1109040
1109041
1109042
1109043
1109044
1109045
1109046
1109047
1109048
1109049
1109050
1109051
1109052
1109053
1109054
1109055
1109056
1109057
1109058
1109059
1109060
1109061
1109062
1109063
1109064
1109065
1109066
1109067
1109068
1109069
1109070
1109071
1109072
1109073
1109074
1109075
1109076
1109077
1109078
1109079
1109080
1109081
1109082
1109083
1109084
1109085
1109086
1109087
1109088
1109089
1109090
1109091
1109092
1109093
1109094
1109095
1109096
1109097
1109098
1109099
1110000
1110001
1110002
1110003
1110004
1110005
1110006
1110007
1110008
1110009
1110010
1110011
1110012
1110013
1110014
1110015
1110016
1110017
1110018
1110019
1110020
1110021
1110022
1110023
1110024
1110025
1110026
1110027
1110028
1110029
1110030
1110031
1110032
1110033
1110034
1110035
1110036
1110037
1110038
1110039
1110040
1110041
1110042
1110043
1110044
1110045
1110046
1110047
1110048
1110049
1110050
1110051
1110052
1110053
1110054
1110055
1110056
1110057
1110058
1110059
1110060
1110061
1110062
1110063
1110064
1110065
1110066
1110067
1110068
1110069
1110070
1110071
1110072
1110073
1110074
1110075
1110076
1110077
1110078
1110079
1110080
1110081
1110082
1110083
1110084
1110085
1110086
1110087
1110088
1110089
1110090
1110091
1110092
1110093
1110094
1110095
1110096
1110097
1110098
1110099
1111000
1111001
1111002
1111003
1111004
1111005
1111006
1111007
1111008
1111009
1111010
1111011
1111012
1111013
1111014
1111015
1111016
1111017
1111018
1111019
1111020
1111021
1111022
1111023
1111024
1111025
1111026
1111027
1111028
1111029
1111030
1111031
1111032
1111033
1111034
1111035
1111036
1111037
1111038
1111039
1111040
1111041
1111042
1111043
1111044
1111045
1111046
1111047
1111048
1111049
1111050
1111051
1111052
1111053
1111054
1111055
1111056
1111057
1111058
1111059
1111060
1111061
1111062
1111063
1111064
1111065
1111066
1111067
1111068
1111069
1111070
1111071
1111072
1111073
1111074
1111075
1111076
1111077
1111078
1111079
1111080
1111081
1111082
1111083
1111084
1111085
1111086
1111087
1111088
1111089
1111090
1111091
1111092
1111093
1111094
1111095
1111096
1111097
1111098
1111099
1112000
1112001
1112002
1112003
1112004
1112005
1112006
1112007
1112008
1112009
1112010
1112011
1112012
1112013
1112014
1112015
1112016
1112017
1112018
1112019
1112020
1112021
1112022
1112023
1112024
1112025
1112026
1112027
1112028
1112029
1112030
1112031
1112032
1112033
1112034
1112035
1112036
1112037
1112038
1112039
1112040
1112041
1112042
1112043
1112044
1112045
1112046
1112047
1112048
1112049
1112050
1112051
1112052
1112053
1112054
1112055
1112056
1112057
1112058
1112059
1112060
1112061
1112062
1112063
1112064
1112065
1112066
1112067
1112068
1112069
1112070
1112071
1112072
1112073
1112074
1112075
1112076
1112077
1112078
1112079
1112080
1112081
1112082
1112083
1112084
1112085
1112086
1112087
1112088
1112089
1112090
1112091
1112092
1112093
1112094
1112095
1112096
1112097
1112098
1112099
1113000
1113001
1113002
1113003
1113004
1113005
1113006
1113007
1113008
1113009
1113010
1113011
1113012
1113013
1113014
1113015
1113016
1113017
1113018
1113019
1113020
1113021
1113022
1113023
1113024
1113025
1113026
1113027
1113028
1113029
1113030
1113031
1113032
1113033
1113034
1113035
1113036
1113037
1113038
1113039
1113040
1113041
1113042
1113043
1113044
1113045
1113046
1113047
1113048
1113049
1113050
1113051
1113052
1113053
1113054
1113055
1113056
1113057
1113058
1113059
1113060
1113061
1113062
1113063
1113064
1113065
1113066
1113067
1113068
1113069
1113070
1113071
1113072
1113073
1113074
1113075
1113076
1113077
1113078
1113079
1113080
1113081
1113082
1113083
1113084
1113085
1113086
1113087
1113088
1113089
1113090
1113091
1113092
1113093
1113094
1113095
1113096
1113097
1113098
1113099
1114000
1114001
1114002
1114003
1114004
1114005
1114006
1114007
1114008
1114009
1114010
1114011
1114012
1114013
1114014
1114015
1114016
1114017
1114018
1114019
1114020
1114021
1114022
1114023
1114024
1114025
1114026
1114027
1114028
1114029
1114030
1114031
1114032
1114033
1114034
1114035
1114036
1114037
1114038
1114039
1114040
1114041
1114042
1114043
1114044
1114045
1114046
1114047
1114048
1114049
1114050
1114051
1114052
1114053
1114054
1114055
1114056
1114057
1114058
1114059
1114060
1114061
1114062
1114063
1114064
1114065
1114066
1114067
1114068
1114069
1114070
1114071
1114072
1114073
1114074
1114075
1114076
1114077
1114078
1114079
1114080
1114081
1114082
1114083
1114084
1114085
1114086
1114087
1114088
1114089
1114090
1114091
1114092
1114093
1114094
1114095
1114096
1114097
1114098
1114099
1115000
1115001
1115002
1115003
1115004
1115005
1115006
1115007
1115008
1115009
1115010
1115011
1115012
1115013
1115014
1115015
1115016
1115017
1115018
1115019
1115020
1115021
1115022
1115023
1115024
1115025
1115026
1115027
1115028
1115029
1115030
1115031
1115032
1115033
1115034
1115035
1115036
1115037
1115038
1115039
1115040
1115041
1115042
1115043
1115044
1115045
1115046
1115047
1115048
1115049
1115050
1115051
1115052
1115053
1115054
1115055
1115056
1115057
1115058
1115059
1115060
1115061
1115062
1115063
1115064
1115065
1115066
1115067
1115068
1115069
1115070
1115071
1115072
1115073
1115074
1115075
1115076
1115077
1115078
1115079
1115080
1115081
1115082
1115083
1115084
1115085
1115086
1115087
1115088
1115089
1115090
1115091
1115092
1115093
1115094
1115095
1115096
1115097
1115098
1115099
1116000
1116001
1116002
1116003
1116004
1116005
1116006
1116007
1116008
1116009
1116010
1116011
1116012
1116013
1116014
1116015
1116016
1116017
1116018
1116019
1116020
1116021
1116022
1116023
1116024
1116025
1116026
1116027
1116028
1116029
1116030
1116031
1116032
1116033
1116034
1116035
1116036
1116037
1116038
1116039
1116040
1116041
1116042
1116043
1116044
1116045
1116046
1116047
1116048
1116049
1116050
1116051
1116052
1116053
1116054
1116055
1116056
1116057
1116058
1116059
1116060
1116061
1116062
1116063
1116064
1116065
1116066
1116067
1116068
1116069
1116070
1116071
1116072
1116073
1116074
1116075
1116076
1116077
1116078
1116079
1116080
1116081
1116082
1116083
1116084
1116085
1116086
1116087
1116088
1116089
1116090
1116091
1116092
1116093
1116094
1116095
1116096
1116097
1116098
1116099
1117000
1117001
1117002
1117003
1117004
1117005
1117006
1117007
1117008
1117009
1117010
1117011
1117012
1117013
1117014
1117015
1117016
1117017
1117018
1117019
1117020
1117021
1117022
1117023
1117024
1117025
1117026
1117027
1117028
1117029
1117030
1117031
1117032
1117033
1117034
1117035
1117036
1117037
1117038
1117039
1117040
1117041
1117042
1117043
1117044
1117045
1117046
1117047
1117048
1117049
1117050
1117051
1117052
1117053
1117054
1117055
1117056
1117057
1117058
1117059
1117060
1117061
1117062
1117063
1117064
1117065
1117066
1117067
1117068
1117069
1117070
1117071
1117072
1117073
1117074
1117075
1117076
1117077
1117078
1117079
1117080
1117081
1117082
1117083
1117084
1117085
1117086
1117087
1117088
1117089
1117090
1117091
1117092
1117093
1117094
1117095
1117096
1117097
1117098
1117099
1118000
1118001
1118002
1118003
1118004
1118005
1118006
1118007
1118008
1118009
1118010
1118011
1118012
1118013
1118014
1118015
1118016
1118017
1118018
1118019
1118020
1118021
1118022
1118023
1118024
1118025
1118026
1118027
1118028
1118029
1118030
1118031
1118032
1118033
1118034
1118035
1118036
1118037
1118038
1118039
1118040
1118041
1118042
1118043
1118044
1118045
1118046
1118047
1118048
1118049
1118050
1118051
1118052
1118053
1118054
1118055
1118056
1118057
1118058
1118059
1118060
1118061
1118062
1118063
1118064
1118065
1118066
1118067
1118068
1118069
1118070
1118071
1118072
1118073
1118074
1118075
1118076
1118077
1118078
1118079
1118080
1118081
1118082
1118083
1118084
1118085
1118086
1118087
1118088
1118089
1118090
1118091
1118092
1118093
1118094
1118095
1118096
1118097
1118098
1118099
1119000
1119001
1119002
1119003
1119004
1119005
1119006
1119007
1119008
1119009
1119010
1119011
1119012
1119013
1119014
1119015
1119016
1119017
1119018
1119019
1119020
1119021
1119022
1119023
1119024
1119025
1119026
1119027
1119028
1119029
1119030
1119031
1119032
1119033
1119034
1119035
1119036
1119037
1119038
1119039
1119040
1119041
1119042
1119043
1119044
1119045
1119046
1119047
1119048
1119049
1119050
1119051
1119052
1119053
1119054
1119055
1119056
1119057
1119058
1119059
1119060
1119061
1119062
1119063
1119064
1119065
1119066
1119067
1119068
1119069
1119070
1119071
1119072
1119073
1119074
1119075
1119076
1119077
1119078
1119079
1119080
1119081
1119082
1119083
1119084
1119085
1119086
1119087
1119088
1119089
1119090
1119091
1119092
1119093
1119094
1119095
1119096
1119097
1119098
1119099
1120000
1120001
1120002
1120003
1120004
1120005
1120006
1120007
1120008
1120009
1120010
1120011
1120012
1120013
1120014
1120015
1120016
1120017
1120018
1120019
1120020
1120021
1120022
1120023
1120024
1120025
1120026
1120027
1120028
1120029
1120030
1120031
1120032
1120033
1120034
1120035
1120036
1120037
1120038
1120039
1120040
1120041
1120042
1120043
1120044
1120045
1120046
1120047
1120048
1120049
1120050
1120051
1120052
1120053
1120054
1120055
1120056
1120057
1120058
1120059
1120060
1120061
1120062
1120063
1120064
1120065
1120066
1120067
1120068
1120069
1120070
1120071
1120072
1120073
1120074
1120075
1120076
1120077
1120078
1120079
1120080
1120081
1120082
1120083
1120084
1120085
1120086
1120087
1120088
1120089
1120090
1120091
1120092
1120093
1120094
1120095
1120096
1120097
1120098
1120099
1121000
1121001
1121002
1121003
1121004
1121005
1121006
1121007
1121008
1121009
1121010
1121011
1121012
1121013
1121014
1121015
1121016
1121017
1121018
1121019
1121020
1121021
1121022
1121023
1121024
1121025
1121026
1121027
1121028
1121029
1121030
1121031
1121032
1121033
1121034
1121035
1121036
1121037
1121038
1121039
1121040
1121041
1121042
1121043
1121044
1121045
1121046
1121047
1121048
1121049
1121050
1121051
1121052
1121053
1121054
1121055
1121056
1121057
1121058
1121059
1121060
1121061
1121062
1121063
1121064
1121065
1121066
1121067
1121068
1121069
1121070
1121071
1121072
1121073
1121074
1121075
1121076
1121077
1121078
1121079
1121080
1121081
1121082
1121083
1121084
1121085
1121086
1121087
1121088
1121089
1121090
1121091
1121092
1121093
1121094
1121095
1121096
1121097
1121098
1121099
1122000
1122001
1122002
1122003
1122004
1122005
1122006
1122007
1122008
1122009
1122010
1122011
1122012
1122013
1122014
1122015
1122016
1122017
1122018
1122019
1122020
1122021
1122022
1122023
1122024
1122025
1122026
1122027
1122028
1122029
1122030
1122031
1122032
1122033
1122034
1122035
1122036
1122037
1122038
1122039
1122040
1122041
1122042
1122043
1122044
1122045
1122046
1122047
1122048
1122049
1122050
1122051
1122052
1122053
1122054
1122055
1122056
1122057
1122058
1122059
1122060
1122061
1122062
1122063
1122064
1122065
1122066
1122067
1122068
1122069
1122070
1122071
1122072
1122073
1122074
1122075
1122076
1122077
1122078
1122079
1122080
1122081
1122082
1122083
1122084
1122085
1122086
1122087
1122088
1122089
1122090
1122091
1122092
1122093
1122094
1122095
1122096
1122097
1122098
1122099
1123000
1123001
1123002
1123003
1123004
1123005
1123006
1123007
1123008
1123009
1123010
1123011
1123012
1123013
1123014
1123015
1123016
1123017
1123018
1123019
1123020
1123021
1123022
1123023
1123024
1123025
1123026
1123027
1123028
1123029
1123030
1123031
1123032
1123033
1123034
1123035
1123036
1123037
1123038
1123039
1123040
1123041
1123042
1123043
1123044
1123045
1123046
1123047
1123048
1123049
1123050
1123051
1123052
1123053
1123054
1123055
1123056
1123057
1123058
1123059
1123060
1123061
1123062
1123063
1123064
1123065
1123066
1123067
1123068
1123069
1123070
1123071
1123072
1123073
1123074
1123075
1123076
1123077
1123078
1123079
1123080
1123081
1123082
1123083
1123084
1123085
1123086
1123087
1123088
1123089
1123090
1123091
1123092
1123093
1123094
1123095
1123096
1123097
1123098
1123099
1124000
1124001
1124002
1124003
1124004
1124005
1124006
1124007
1124008
1124009
1124010
1124011
1124012
1124013
1124014
1124015
1124016
1124017
1124018
1124019
1124020
1124021
1124022
1124023
1124024
1124025
1124026
1124027
1124028
1124029
1124030
1124031
1124032
1124033
1124034
1124035
1124036
1124037
1124038
1124039
1124040
1124041
1124042
1124043
1124044
1124045
1124046
1124047
1124048
1124049
1124050
1124051
1124052
1124053
1124054
1124055
1124056
1124057
1124058
1124059
1124060
1124061
1124062
1124063
1124064
1124065
1124066
1124067
1124068
1124069
1124070
1124071
1124072
1124073
1124074
1124075
1124076
1124077
1124078
1124079
1124080
1124081
1124082
1124083
1124084
1124085
1124086
1124087
1124088
1124089
1124090
1124091
1124092
1124093
1124094
1124095
1124096
1124097
1124098
1124099
1125000
1125001
1125002
1125003
1125004
1125005
1125006
1125007
1125008
1125009
1125010
1125011
1125012
1125013
1125014
1125015
1125016
1125017
1125018
1125019
1125020
1125021
1125022
1125023
1125024
1125025
1125026
1125027
1125028
1125029
1125030
1125031
1125032
1125033
1125034
1125035
1125036
1125037
1125038
1125039
1125040
1125041
1125042
1125043
1125044
1125045
1125046
1125047
1125048
1125049
1125050
1125051
1125052
1125053
1125054
1125055
1125056
1125057
1125058
1125059
1125060
1125061
1125062
1125063
1125064
1125065
1125066
1125067
1125068
1125069
1125070
1125071
1125072
1125073
1125074
1125075
1125076
1125077
1125078
1125079
1125080
1125081
1125082
1125083
1125084
1125085
1125086
1125087
1125088
1125089
1125090
1125091
1125092
1125093
1125094
1125095
1125096
1125097
1125098
1125099
1126000
1126001
1126002
1126003
1126004
1126005
1126006
1126007
1126008
1126009
1126010
1126011
1126012
1126013
1126014
1126015
1126016
1126017
1126018
1126019
1126020
1126021
1126022
1126023
1126024
1126025
1126026
1126027
1126028
1126029
1126030
1126031
1126032
1126033
1126034
1126035
1126036
1126037
1126038
1126039
1126040
1126041
1126042
1126043
1126044
1126045
1126046
1126047
1126048
1126049
1126050
1126051
1126052
1126053
1126054
1126055
1126056
1126057
1126058
1126059
1126060
1126061
1126062
1126063
1126064
1126065
1126066
1126067
1126068
1126069
1126070
1126071
1126072
1126073
1126074
1126075
1126076
1126077
1126078
1126079
1126080
1126081
1126082
1126083
1126084
1126085
1126086
1126087
1126088
1126089
1126090
1126091
1126092
1126093
1126094
1126095
1126096
1126097
1126098
1126099
1127000
1127001
1127002
1127003
1127004
1127005
1127006
1127007
1127008
1127009
1127010
1127011
1127012
1127013
1127014
1127015
1127016
1127017
1127018
1127019
1127020
1127021
1127022
1127023
1127024
1127025
1127026
1127027
1127028
1127029
1127030
1127031
1127032
1127033
1127034
1127035
1127036
1127037
1127038
1127039
1127040
1127041
1127042
1127043
1127044
1127045
1127046
1127047
1127048
1127049
1127050
1127051
1127052
1127053
1127054
1127055
1127056
1127057
1127058
1127059
1127060
1127061
1127062
1127063
1127064
1127065
1127066
1127067
1127068
1127069
1127070
1127071
1127072
1127073
1127074
1127075
1127076
1127077
1127078
1127079
1127080
1127081
1127082
1127083
1127084
1127085
1127086
1127087
1127088
1127089
1127090
1127091
1127092
1127093
1127094
1127095
1127096
1127097
1127098
1127099
1128000
1128001
1128002
1128003
1128004
1128005
1128006
1128007
1128008
1128009
1128010
1128011
1128012
1128013
1128014
1128015
1128016
1128017
1128018
1128019
1128020
1128021
1128022
1128023
1128024
1128025
1128026
1128027
1128028
1128029
1128030
1128031
1128032
1128033
1128034
1128035
1128036
1128037
1128038
1128039
1128040
1128041
1128042
1128043
1128044
1128045
1128046
1128047
1128048
1128049
1128050
1128051
1128052
1128053
1128054
1128055
1128056
1128057
1128058
1128059
1128060
1128061
1128062
1128063
1128064
1128065
1128066
1128067
1128068
1128069
1128070
1128071
1128072
1128073
1128074
1128075
1128076
1128077
1128078
1128079
1128080
1128081
1128082
1128083
1128084
1128085
1128086
1128087
1128088
1128089
1128090
1128091
1128092
1128093
1128094
1128095
1128096
1128097
1128098
1128099
1129000
1129001
1129002
1129003
1129004
1129005
1129006
1129007
1129008
1129009
1129010
1129011
1129012
1129013
1129014
1129015
1129016
1129017
1129018
1129019
1129020
1129021
1129022
1129023
1129024
1129025
1129026
1129027
1129028
1129029
1129030
1129031
1129032
1129033
1129034
1129035
1129036
1129037
1129038
1129039
1129040
1129041
1129042
1129043
1129044
1129045
1129046
1129047
1129048
1129049
1129050
1129051
1129052
1129053
1129054
1129055
1129056
1129057
1129058
1129059
1129060
1129061
1129062
1129063
1129064
1129065
1129066
1129067
1129068
1129069
1129070
1129071
1129072
1129073
1129074
1129075
1129076
1129077
1129078
1129079
1129080
1129081
1129082
1129083
1129084
1129085
1129086
1129087
1129088
1129089
1129090
1129091
1129092
1129093
1129094
1129095
1129096
1129097
1129098
1129099
1130000
1130001
1130002
1130003
1130004
1130005
1130006
1130007
1130008
1130009
1130010
1130011
1130012
1130013
1130014
1130015
1130016
1130017
1130018
1130019
1130020
1130021
1130022
1130023
1130024
1130025
1130026
1130027
1130028
1130029
1130030
1130031
1130032
1130033
1130034
1130035
1130036
1130037
1130038
1130039
1130040
1130041
1130042
1130043
1130044
1130045
1130046
1130047
1130048
1130049
1130050
1130051
1130052
1130053
1130054
1130055
1130056
1130057
1130058
1130059
1130060
1130061
1130062
1130063
1130064
1130065
1130066
1130067
1130068
1130069
1130070
1130071
1130072
1130073
1130074
1130075
1130076
1130077
1130078
1130079
1130080
1130081
1130082
1130083
1130084
1130085
1130086
1130087
1130088
1130089
1130090
1130091
1130092
1130093
1130094
1130095
1130096
1130097
1130098
1130099
1131000
1131001
1131002
1131003
1131004
1131005
1131006
1131007
1131008
1131009
1131010
1131011
1131012
1131013
1131014
1131015
1131016
1131017
1131018
1131019
1131020
1131021
1131022
1131023
1131024
1131025
1131026
1131027
1131028
1131029
1131030
1131031
1131032
1131033
1131034
1131035
1131036
1131037
1131038
1131039
1131040
1131041
1131042
1131043
1131044
1131045
1131046
1131047
1131048
1131049
1131050
1131051
1131052
1131053
1131054
1131055
1131056
1131057
1131058
1131059
1131060
1131061
1131062
1131063
1131064
1131065
1131066
1131067
1131068
1131069
1131070
1131071
1131072
1131073
1131074
1131075
1131076
1131077
1131078
1131079
1131080
1131081
1131082
1131083
1131084
1131085
1131086
1131087
1131088
1131089
1131090
1131091
1131092
1131093
1131094
1131095
1131096
1131097
1131098
1131099
1132000
1132001
1132002
1132003
1132004
1132005
1132006
1132007
1132008
1132009
1132010
1132011
1132012
1132013
1132014
1132015
1132016
1132017
1132018
1132019
1132020
1132021
1132022
1132023
1132024
1132025
1132026
1132027
1132028
1132029
1132030
1132031
1132032
1132033
1132034
1132035
1132036
1132037
1132038
1132039
1132040
1132041
1132042
1132043
1132044
1132045
1132046
1132047
1132048
1132049
1132050
1132051
1132052
1132053
1132054
1132055
1132056
1132057
1132058
1132059
1132060
1132061
1132062
1132063
1132064
1132065
1132066
1132067
1132068
1132069
1132070
1132071
1132072
1132073
1132074
1132075
1132076
1132077
1132078
1132079
1132080
1132081
1132082
1132083
1132084
1132085
1132086
1132087
1132088
1132089
1132090
1132091
1132092
1132093
1132094
1132095
1132096
1132097
1132098
1132099
1133000
1133001
1133002
1133003
1133004
1133005
1133006
1133007
1133008
1133009
1133010
1133011
1133012
1133013
1133014
1133015
1133016
1133017
1133018
1133019
1133020
1133021
1133022
1133023
1133024
1133025
1133026
1133027
1133028
1133029
1133030
1133031
1133032
1133033
1133034
1133035
1133036
1133037
1133038
1133039
1133040
1133041
1133042
1133043
1133044
1133045
1133046
1133047
1133048
1133049
1133050
1133051
1133052
1133053
1133054
1133055
1133056
1133057
1133058
1133059
1133060
1133061
1133062
1133063
1133064
1133065
1133066
1133067
1133068
1133069
1133070
1133071
1133072
1133073
1133074
1133075
1133076
1133077
1133078
1133079
1133080
1133081
1133082
1133083
1133084
1133085
1133086
1133087
1133088
1133089
1133090
1133091
1133092
1133093
1133094
1133095
1133096
1133097
1133098
1133099
1134000
1134001
1134002
1134003
1134004
1134005
1134006
1134007
1134008
1134009
1134010
1134011
1134012
1134013
1134014
1134015
1134016
1134017
1134018
1134019
1134020
1134021
1134022
1134023
1134024
1134025
1134026
1134027
1134028
1134029
1134030
1134031
1134032
1134033
1134034
1134035
1134036
1134037
1134038
1134039
1134040
1134041
1134042
1134043
1134044
1134045
1134046
1134047
1134048
1134049
1134050
1134051
1134052
1134053
1134054
1134055
1134056
1134057
1134058
1134059
1134060
1134061
1134062
1134063
1134064
1134065
1134066
1134067
1134068
1134069
1134070
1134071
1134072
1134073
1134074
1134075
1134076
1134077
1134078
1134079
1134080
1134081
1134082
1134083
1134084
1134085
1134086
1134087
1134088
1134089
1134090
1134091
1134092
1134093
1134094
1134095
1134096
1134097
1134098
1134099
1135000
1135001
1135002
1135003
1135004
1135005
1135006
1135007
1135008
1135009
1135010
1135011
1135012
1135013
1135014
1135015
1135016
1135017
1135018
1135019
1135020
1135021
1135022
1135023
1135024
1135025
1135026
1135027
1135028
1135029
1135030
1135031
1135032
1135033
1135034
1135035
1135036
1135037
1135038
1135039
1135040
1135041
1135042
1135043
1135044
1135045
1135046
1135047
1135048
1135049
1135050
1135051
1135052
1135053
1135054
1135055
1135056
1135057
1135058
1135059
1135060
1135061
1135062
1135063
1135064
1135065
1135066
1135067
1135068
1135069
1135070
1135071
1135072
1135073
1135074
1135075
1135076
1135077
1135078
1135079
1135080
1135081
1135082
1135083
1135084
1135085
1135086
1135087
1135088
1135089
1135090
1135091
1135092
1135093
1135094
1135095
1135096
1135097
1135098
1135099
1136000
1136001
1136002
1136003
1136004
1136005
1136006
1136007
1136008
1136009
1136010
1136011
1136012
1136013
1136014
1136015
1136016
1136017
1136018
1136019
1136020
1136021
1136022
1136023
1136024
1136025
1136026
1136027
1136028
1136029
1136030
1136031
1136032
1136033
1136034
1136035
1136036
1136037
1136038
1136039
1136040
1136041
1136042
1136043
1136044
1136045
1136046
1136047
1136048
1136049
1136050
1136051
1136052
1136053
1136054
1136055
1136056
1136057
1136058
1136059
1136060
1136061
1136062
1136063
1136064
1136065
1136066
1136067
1136068
1136069
1136070
1136071
1136072
1136073
1136074
1136075
1136076
1136077
1136078
1136079
1136080
1136081
1136082
1136083
1136084
1136085
1136086
1136087
1136088
1136089
1136090
1136091
1136092
1136093
1136094
1136095
1136096
1136097
1136098
1136099
1137000
1137001
1137002
1137003
1137004
1137005
1137006
1137007
1137008
1137009
1137010
1137011
1137012
1137013
1137014
1137015
1137016
1137017
1137018
1137019
1137020
1137021
1137022
1137023
1137024
1137025
1137026
1137027
1137028
1137029
1137030
1137031
1137032
1137033
1137034
1137035
1137036
1137037
1137038
1137039
1137040
1137041
1137042
1137043
1137044
1137045
1137046
1137047
1137048
1137049
1137050
1137051
1137052
1137053
1137054
1137055
1137056
1137057
1137058
1137059
1137060
1137061
1137062
1137063
1137064
1137065
1137066
1137067
1137068
1137069
1137070
1137071
1137072
1137073
1137074
1137075
1137076
1137077
1137078
1137079
1137080
1137081
1137082
1137083
1137084
1137085
1137086
1137087
1137088
1137089
1137090
1137091
1137092
1137093
1137094
1137095
1137096
1137097
1137098
1137099
1138000
1138001
1138002
1138003
1138004
1138005
1138006
1138007
1138008
1138009
1138010
1138011
1138012
1138013
1138014
1138015
1138016
1138017
1138018
1138019
1138020
1138021
1138022
1138023
1138024
1138025
1138026
1138027
1138028
1138029
1138030
1138031
1138032
1138033
1138034
1138035
1138036
1138037
1138038
1138039
1138040
1138041
1138042
1138043
1138044
1138045
1138046
1138047
1138048
1138049
1138050
1138051
1138052
1138053
1138054
1138055
1138056
1138057
1138058
1138059
1138060
1138061
1138062
1138063
1138064
1138065
1138066
1138067
1138068
1138069
1138070
1138071
1138072
1138073
1138074
1138075
1138076
1138077
1138078
1138079
1138080
1138081
1138082
1138083
1138084
1138085
1138086
1138087
1138088
1138089
1138090
1138091
1138092
1138093
1138094
1138095
1138096
1138097
1138098
1138099
1139000
1139001
1139002
1139003
1139004
1139005
1139006
1139007
1139008
1139009
1139010
1139011
1139012
1139013
1139014
1139015
1139016
1139017
1139018
1139019
1139020
1139021
1139022
1139023
1139024
1139025
1139026
1139027
1139028
1139029
1139030
1139031
1139032
1139033
1139034
1139035
1139036
1139037
1139038
1139039
1139040
1139041
1139042
1139043
1139044
1139045
1139046
1139047
1139048
1139049
1139050
1139051
1139052
1139053
1139054
1139055
1139056
1139057
1139058
1139059
1139060
1139061
1139062
1139063
1139064
1139065
1139066
1139067
1139068
1139069
1139070
1139071
1139072
1139073
1139074
1139075
1139076
1139077
1139078
1139079
1139080
1139081
1139082
1139083
1139084
1139085
1139086
1139087
1139088
1139089
1139090
1139091
1139092
1139093
1139094
1139095
1139096
1139097
1139098
1139099
1140000
1140001
1140002
1140003
1140004
1140005
1140006
1140007
1140008
1140009
1140010
1140011
1140012
1140013
1140014
1140015
1140016
1140017
1140018
1140019
1140020
1140021
1140022
1140023
1140024
1140025
1140026
1140027
1140028
1140029
1140030
1140031
1140032
1140033
1140034
1140035
1140036
1140037
1140038
1140039
1140040
1140041
1140042
1140043
1140044
1140045
1140046
1140047
1140048
1140049
1140050
1140051
1140052
1140053
1140054
1140055
1140056
1140057
1140058
1140059
1140060
1140061
1140062
1140063
1140064
1140065
1140066
1140067
1140068
1140069
1140070
1140071
1140072
1140073
1140074
1140075
1140076
1140077
1140078
1140079
1140080
1140081
1140082
1140083
1140084
1140085
1140086
1140087
1140088
1140089
1140090
1140091
1140092
1140093
1140094
1140095
1140096
1140097
1140098
1140099
1141000
1141001
1141002
1141003
1141004
1141005
1141006
1141007
1141008
1141009
1141010
1141011
1141012
1141013
1141014
1141015
1141016
1141017
1141018
1141019
1141020
1141021
1141022
1141023
1141024
1141025
1141026
1141027
1141028
1141029
1141030
1141031
1141032
1141033
1141034
1141035
1141036
1141037
1141038
1141039
1141040
1141041
1141042
1141043
1141044
1141045
1141046
1141047
1141048
1141049
1141050
1141051
1141052
1141053
1141054
1141055
1141056
1141057
1141058
1141059
1141060
1141061
1141062
1141063
1141064
1141065
1141066
1141067
1141068
1141069
1141070
1141071
1141072
1141073
1141074
1141075
1141076
1141077
1141078
1141079
1141080
1141081
1141082
1141083
1141084
1141085
1141086
1141087
1141088
1141089
1141090
1141091
1141092
1141093
1141094
1141095
1141096
1141097
1141098
1141099
1142000
1142001
1142002
1142003
1142004
1142005
1142006
1142007
1142008
1142009
1142010
1142011
1142012
1142013
1142014
1142015
1142016
1142017
1142018
1142019
1142020
1142021
1142022
1142023
1142024
1142025
1142026
1142027
1142028
1142029
1142030
1142031
1142032
1142033
1142034
1142035
1142036
1142037
1142038
1142039
1142040
1142041
1142042
1142043
1142044
1142045
1142046
1142047
1142048
1142049
1142050
1142051
1142052
1142053
1142054
1142055
1142056
1142057
1142058
1142059
1142060
1142061
1142062
1142063
1142064
1142065
1142066
1142067
1142068
1142069
1142070
1142071
1142072
1142073
1142074
1142075
1142076
1142077
1142078
1142079
1142080
1142081
1142082
1142083
1142084
1142085
1142086
1142087
1142088
1142089
1142090
1142091
1142092
1142093
1142094
1142095
1142096
1142097
1142098
1142099
1143000
1143001
1143002
1143003
1143004
1143005
1143006
1143007
1143008
1143009
1143010
1143011
1143012
1143013
1143014
1143015
1143016
1143017
1143018
1143019
1143020
1143021
1143022
1143023
1143024
1143025
1143026
1143027
1143028
1143029
1143030
1143031
1143032
1143033
1143034
1143035
1143036
1143037
1143038
1143039
1143040
1143041
1143042
1143043
1143044
1143045
1143046
1143047
1143048
1143049
1143050
1143051
1143052
1143053
1143054
1143055
1143056
1143057
1143058
1143059
1143060
1143061
1143062
1143063
1143064
1143065
1143066
1143067
1143068
1143069
1143070
1143071
1143072
1143073
1143074
1143075
1143076
1143077
1143078
1143079
1143080
1143081
1143082
1143083
1143084
1143085
1143086
1143087
1143088
1143089
1143090
1143091
1143092
1143093
1143094
1143095
1143096
1143097
1143098
1143099
1144000
1144001
1144002
1144003
1144004
1144005
1144006
1144007
1144008
1144009
1144010
1144011
1144012
1144013
1144014
1144015
1144016
1144017
1144018
1144019
1144020
1144021
1144022
1144023
1144024
1144025
1144026
1144027
1144028
1144029
1144030
1144031
1144032
1144033
1144034
1144035
1144036
1144037
1144038
1144039
1144040
1144041
1144042
1144043
1144044
1144045
1144046
1144047
1144048
1144049
1144050
1144051
1144052
1144053
1144054
1144055
1144056
1144057
1144058
1144059
1144060
1144061
1144062
1144063
1144064
1144065
1144066
1144067
1144068
1144069
1144070
1144071
1144072
1144073
1144074
1144075
1144076
1144077
1144078
1144079
1144080
1144081
1144082
1144083
1144084
1144085
1144086
1144087
1144088
1144089
1144090
1144091
1144092
1144093
1144094
1144095
1144096
1144097
1144098
1144099
1145000
1145001
1145002
1145003
1145004
1145005
1145006
1145007
1145008
1145009
1145010
1145011
1145012
1145013
1145014
1145015
1145016
1145017
1145018
1145019
1145020
1145021
1145022
1145023
1145024
1145025
1145026
1145027
1145028
1145029
1145030
1145031
1145032
1145033
1145034
1145035
1145036
1145037
1145038
1145039
1145040
1145041
1145042
1145043
1145044
1145045
1145046
1145047
1145048
1145049
1145050
1145051
1145052
1145053
1145054
1145055
1145056
1145057
1145058
1145059
1145060
1145061
1145062
1145063
1145064
1145065
1145066
1145067
1145068
1145069
1145070
1145071
1145072
1145073
1145074
1145075
1145076
1145077
1145078
1145079
1145080
1145081
1145082
1145083
1145084
1145085
1145086
1145087
1145088
1145089
1145090
1145091
1145092
1145093
1145094
1145095
1145096
1145097
1145098
1145099
1146000
1146001
1146002
1146003
1146004
1146005
1146006
1146007
1146008
1146009
1146010
1146011
1146012
1146013
1146014
1146015
1146016
1146017
1146018
1146019
1146020
1146021
1146022
1146023
1146024
1146025
1146026
1146027
1146028
1146029
1146030
1146031
1146032
1146033
1146034
1146035
1146036
1146037
1146038
1146039
1146040
1146041
1146042
1146043
1146044
1146045
1146046
1146047
1146048
1146049
1146050
1146051
1146052
1146053
1146054
1146055
1146056
1146057
1146058
1146059
1146060
1146061
1146062
1146063
1146064
1146065
1146066
1146067
1146068
1146069
1146070
1146071
1146072
1146073
1146074
1146075
1146076
1146077
1146078
1146079
1146080
1146081
1146082
1146083
1146084
1146085
1146086
1146087
1146088
1146089
1146090
1146091
1146092
1146093
1146094
1146095
1146096
1146097
1146098
1146099
1147000
1147001
1147002
1147003
1147004
1147005
1147006
1147007
1147008
1147009
1147010
1147011
1147012
1147013
1147014
1147015
1147016
1147017
1147018
1147019
1147020
1147021
1147022
1147023
1147024
1147025
1147026
1147027
1147028
1147029
1147030
1147031
1147032
1147033
1147034
1147035
1147036
1147037
1147038
1147039
1147040
1147041
1147042
1147043
1147044
1147045
1147046
1147047
1147048
1147049
1147050
1147051
1147052
1147053
1147054
1147055
1147056
1147057
1147058
1147059
1147060
1147061
1147062
1147063
1147064
1147065
1147066
1147067
1147068
1147069
1147070
1147071
1147072
1147073
1147074
1147075
1147076
1147077
1147078
1147079
1147080
1147081
1147082
1147083
1147084
1147085
1147086
1147087
1147088
1147089
1147090
1147091
1147092
1147093
1147094
1147095
1147096
1147097
1147098
1147099
1148000
1148001
1148002
1148003
1148004
1148005
1148006
1148007
1148008
1148009
1148010
1148011
1148012
1148013
1148014
1148015
1148016
1148017
1148018
1148019
1148020
1148021
1148022
1148023
1148024
1148025
1148026
1148027
1148028
1148029
1148030
1148031
1148032
1148033
1148034
1148035
1148036
1148037
1148038
1148039
1148040
1148041
1148042
1148043
1148044
1148045
1148046
1148047
1148048
1148049
1148050
1148051
1148052
1148053
1148054
1148055
1148056
1148057
1148058
1148059
1148060
1148061
1148062
1148063
1148064
1148065
1148066
1148067
1148068
1148069
1148070
1148071
1148072
1148073
1148074
1148075
1148076
1148077
1148078
1148079
1148080
1148081
1148082
1148083
1148084
1148085
1148086
1148087
1148088
1148089
1148090
1148091
1148092
1148093
1148094
1148095
1148096
1148097
1148098
1148099
1149000
1149001
1149002
1149003
1149004
1149005
1149006
1149007
1149008
1149009
1149010
1149011
1149012
1149013
1149014
1149015
1149016
1149017
1149018
1149019
1149020
1149021
1149022
1149023
1149024
1149025
1149026
1149027
1149028
1149029
1149030
1149031
1149032
1149033
1149034
1149035
1149036
1149037
1149038
1149039
1149040
1149041
1149042
1149043
1149044
1149045
1149046
1149047
1149048
1149049
1149050
1149051
1149052
1149053
1149054
1149055
1149056
1149057
1149058
1149059
1149060
1149061
1149062
1149063
1149064
1149065
1149066
1149067
1149068
1149069
1149070
1149071
1149072
1149073
1149074
1149075
1149076
1149077
1149078
1149079
1149080
1149081
1149082
1149083
1149084
1149085
1149086
1149087
1149088
1149089
1149090
1149091
1149092
1149093
1149094
1149095
1149096
1149097
1149098
1149099
1150000
1150001
1150002
1150003
1150004
1150005
1150006
1150007
1150008
1150009
1150010
1150011
1150012
1150013
1150014
1150015
1150016
1150017
1150018
1150019
1150020
1150021
1150022
1150023
1150024
1150025
1150026
1150027
1150028
1150029
1150030
1150031
1150032
1150033
1150034
1150035
1150036
1150037
1150038
1150039
1150040
1150041
1150042
1150043
1150044
1150045
1150046
1150047
1150048
1150049
1150050
1150051
1150052
1150053
1150054
1150055
1150056
1150057
1150058
1150059
1150060
1150061
1150062
1150063
1150064
1150065
1150066
1150067
1150068
1150069
1150070
1150071
1150072
1150073
1150074
1150075
1150076
1150077
1150078
1150079
1150080
1150081
1150082
1150083
1150084
1150085
1150086
1150087
1150088
1150089
1150090
1150091
1150092
1150093
1150094
1150095
1150096
1150097
1150098
1150099
1151000
1151001
1151002
1151003
1151004
1151005
1151006
1151007
1151008
1151009
1151010
1151011
1151012
1151013
1151014
1151015
1151016
1151017
1151018
1151019
1151020
1151021
1151022
1151023
1151024
1151025
1151026
1151027
1151028
1151029
1151030
1151031
1151032
1151033
1151034
1151035
1151036
1151037
1151038
1151039
1151040
1151041
1151042
1151043
1151044
1151045
1151046
1151047
1151048
1151049
1151050
1151051
1151052
1151053
1151054
1151055
1151056
1151057
1151058
1151059
1151060
1151061
1151062
1151063
1151064
1151065
1151066
1151067
1151068
1151069
1151070
1151071
1151072
1151073
1151074
1151075
1151076
1151077
1151078
1151079
1151080
1151081
1151082
1151083
1151084
1151085
1151086
1151087
1151088
1151089
1151090
1151091
1151092
1151093
1151094
1151095
1151096
1151097
1151098
1151099
1152000
1152001
1152002
1152003
1152004
1152005
1152006
1152007
1152008
1152009
1152010
1152011
1152012
1152013
1152014
1152015
1152016
1152017
1152018
1152019
1152020
1152021
1152022
1152023
1152024
1152025
1152026
1152027
1152028
1152029
1152030
1152031
1152032
1152033
1152034
1152035
1152036
1152037
1152038
1152039
1152040
1152041
1152042
1152043
1152044
1152045
1152046
1152047
1152048
1152049
1152050
1152051
1152052
1152053
1152054
1152055
1152056
1152057
1152058
1152059
1152060
1152061
1152062
1152063
1152064
1152065
1152066
1152067
1152068
1152069
1152070
1152071
1152072
1152073
1152074
1152075
1152076
1152077
1152078
1152079
1152080
1152081
1152082
1152083
1152084
1152085
1152086
1152087
1152088
1152089
1152090
1152091
1152092
1152093
1152094
1152095
1152096
1152097
1152098
1152099
1153000
1153001
1153002
1153003
1153004
1153005
1153006
1153007
1153008
1153009
1153010
1153011
1153012
1153013
1153014
1153015
1153016
1153017
1153018
1153019
1153020
1153021
1153022
1153023
1153024
1153025
1153026
1153027
1153028
1153029
1153030
1153031
1153032
1153033
1153034
1153035
1153036
1153037
1153038
1153039
1153040
1153041
1153042
1153043
1153044
1153045
1153046
1153047
1153048
1153049
1153050
1153051
1153052
1153053
1153054
1153055
1153056
1153057
1153058
1153059
1153060
1153061
1153062
1153063
1153064
1153065
1153066
1153067
1153068
1153069
1153070
1153071
1153072
1153073
1153074
1153075
1153076
1153077
1153078
1153079
1153080
1153081
1153082
1153083
1153084
1153085
1153086
1153087
1153088
1153089
1153090
1153091
1153092
1153093
1153094
1153095
1153096
1153097
1153098
1153099
1154000
1154001
1154002
1154003
1154004
1154005
1154006
1154007
1154008
1154009
1154010
1154011
1154012
1154013
1154014
1154015
1154016
1154017
1154018
1154019
1154020
1154021
1154022
1154023
1154024
1154025
1154026
1154027
1154028
1154029
1154030
1154031
1154032
1154033
1154034
1154035
1154036
1154037
1154038
1154039
1154040
1154041
1154042
1154043
1154044
1154045
1154046
1154047
1154048
1154049
1154050
1154051
1154052
1154053
1154054
1154055
1154056
1154057
1154058
1154059
1154060
1154061
1154062
1154063
1154064
1154065
1154066
1154067
1154068
1154069
1154070
1154071
1154072
1154073
1154074
1154075
1154076
1154077
1154078
1154079
1154080
1154081
1154082
1154083
1154084
1154085
1154086
1154087
1154088
1154089
1154090
1154091
1154092
1154093
1154094
1154095
1154096
1154097
1154098
1154099
1155000
1155001
1155002
1155003
1155004
1155005
1155006
1155007
1155008
1155009
1155010
1155011
1155012
1155013
1155014
1155015
1155016
1155017
1155018
1155019
1155020
1155021
1155022
1155023
1155024
1155025
1155026
1155027
1155028
1155029
1155030
1155031
1155032
1155033
1155034
1155035
1155036
1155037
1155038
1155039
1155040
1155041
1155042
1155043
1155044
1155045
1155046
1155047
1155048
1155049
1155050
1155051
1155052
1155053
1155054
1155055
1155056
1155057
1155058
1155059
1155060
1155061
1155062
1155063
1155064
1155065
1155066
1155067
1155068
1155069
1155070
1155071
1155072
1155073
1155074
1155075
1155076
1155077
1155078
1155079
1155080
1155081
1155082
1155083
1155084
1155085
1155086
1155087
1155088
1155089
1155090
1155091
1155092
1155093
1155094
1155095
1155096
1155097
1155098
1155099
1156000
1156001
1156002
1156003
1156004
1156005
1156006
1156007
1156008
1156009
1156010
1156011
1156012
1156013
1156014
1156015
1156016
1156017
1156018
1156019
1156020
1156021
1156022
1156023
1156024
1156025
1156026
1156027
1156028
1156029
1156030
1156031
1156032
1156033
1156034
1156035
1156036
1156037
1156038
1156039
1156040
1156041
1156042
1156043
1156044
1156045
1156046
1156047
1156048
1156049
1156050
1156051
1156052
1156053
1156054
1156055
1156056
1156057
1156058
1156059
1156060
1156061
1156062
1156063
1156064
1156065
1156066
1156067
1156068
1156069
1156070
1156071
1156072
1156073
1156074
1156075
1156076
1156077
1156078
1156079
1156080
1156081
1156082
1156083
1156084
1156085
1156086
1156087
1156088
1156089
1156090
1156091
1156092
1156093
1156094
1156095
1156096
1156097
1156098
1156099
1157000
1157001
1157002
1157003
1157004
1157005
1157006
1157007
1157008
1157009
1157010
1157011
1157012
1157013
1157014
1157015
1157016
1157017
1157018
1157019
1157020
1157021
1157022
1157023
1157024
1157025
1157026
1157027
1157028
1157029
1157030
1157031
1157032
1157033
1157034
1157035
1157036
1157037
1157038
1157039
1157040
1157041
1157042
1157043
1157044
1157045
1157046
1157047
1157048
1157049
1157050
1157051
1157052
1157053
1157054
1157055
1157056
1157057
1157058
1157059
1157060
1157061
1157062
1157063
1157064
1157065
1157066
1157067
1157068
1157069
1157070
1157071
1157072
1157073
1157074
1157075
1157076
1157077
1157078
1157079
1157080
1157081
1157082
1157083
1157084
1157085
1157086
1157087
1157088
1157089
1157090
1157091
1157092
1157093
1157094
1157095
1157096
1157097
1157098
1157099
1158000
1158001
1158002
1158003
1158004
1158005
1158006
1158007
1158008
1158009
1158010
1158011
1158012
1158013
1158014
1158015
1158016
1158017
1158018
1158019
1158020
1158021
1158022
1158023
1158024
1158025
1158026
1158027
1158028
1158029
1158030
1158031
1158032
1158033
1158034
1158035
1158036
1158037
1158038
1158039
1158040
1158041
1158042
1158043
1158044
1158045
1158046
1158047
1158048
1158049
1158050
1158051
1158052
1158053
1158054
1158055
1158056
1158057
1158058
1158059
1158060
1158061
1158062
1158063
1158064
1158065
1158066
1158067
1158068
1158069
1158070
1158071
1158072
1158073
1158074
1158075
1158076
1158077
1158078
1158079
1158080
1158081
1158082
1158083
1158084
1158085
1158086
1158087
1158088
1158089
1158090
1158091
1158092
1158093
1158094
1158095
1158096
1158097
1158098
1158099
1159000
1159001
1159002
1159003
1159004
1159005
1159006
1159007
1159008
1159009
1159010
1159011
1159012
1159013
1159014
1159015
1159016
1159017
1159018
1159019
1159020
1159021
1159022
1159023
1159024
1159025
1159026
1159027
1159028
1159029
1159030
1159031
1159032
1159033
1159034
1159035
1159036
1159037
1159038
1159039
1159040
1159041
1159042
1159043
1159044
1159045
1159046
1159047
1159048
1159049
1159050
1159051
1159052
1159053
1159054
1159055
1159056
1159057
1159058
1159059
1159060
1159061
1159062
1159063
1159064
1159065
1159066
1159067
1159068
1159069
1159070
1159071
1159072
1159073
1159074
1159075
1159076
1159077
1159078
1159079
1159080
1159081
1159082
1159083
1159084
1159085
1159086
1159087
1159088
1159089
1159090
1159091
1159092
1159093
1159094
1159095
1159096
1159097
1159098
1159099
1160000
1160001
1160002
1160003
1160004
1160005
1160006
1160007
1160008
1160009
1160010
1160011
1160012
1160013
1160014
1160015
1160016
1160017
1160018
1160019
1160020
1160021
1160022
1160023
1160024
1160025
1160026
1160027
1160028
1160029
1160030
1160031
1160032
1160033
1160034
1160035
1160036
1160037
1160038
1160039
1160040
1160041
1160042
1160043
1160044
1160045
1160046
1160047
1160048
1160049
1160050
1160051
1160052
1160053
1160054
1160055
1160056
1160057
1160058
1160059
1160060
1160061
1160062
1160063
1160064
1160065
1160066
1160067
1160068
1160069
1160070
1160071
1160072
1160073
1160074
1160075
1160076
1160077
1160078
1160079
1160080
1160081
1160082
1160083
1160084
1160085
1160086
1160087
1160088
1160089
1160090
1160091
1160092
1160093
1160094
1160095
1160096
1160097
1160098
1160099
1161000
1161001
1161002
1161003
1161004
1161005
1161006
1161007
1161008
1161009
1161010
1161011
1161012
1161013
1161014
1161015
1161016
1161017
1161018
1161019
1161020
1161021
1161022
1161023
1161024
1161025
1161026
1161027
1161028
1161029
1161030
1161031
1161032
1161033
1161034
1161035
1161036
1161037
1161038
1161039
1161040
1161041
1161042
1161043
1161044
1161045
1161046
1161047
1161048
1161049
1161050
1161051
1161052
1161053
1161054
1161055
1161056
1161057
1161058
1161059
1161060
1161061
1161062
1161063
1161064
1161065
1161066
1161067
1161068
1161069
1161070
1161071
1161072
1161073
1161074
1161075
1161076
1161077
1161078
1161079
1161080
1161081
1161082
1161083
1161084
1161085
1161086
1161087
1161088
1161089
1161090
1161091
1161092
1161093
1161094
1161095
1161096
1161097
1161098
1161099
1162000
1162001
1162002
1162003
1162004
1162005
1162006
1162007
1162008
1162009
1162010
1162011
1162012
1162013
1162014
1162015
1162016
1162017
1162018
1162019
1162020
1162021
1162022
1162023
1162024
1162025
1162026
1162027
1162028
1162029
1162030
1162031
1162032
1162033
1162034
1162035
1162036
1162037
1162038
1162039
1162040
1162041
1162042
1162043
1162044
1162045
1162046
1162047
1162048
1162049
1162050
1162051
1162052
1162053
1162054
1162055
1162056
1162057
1162058
1162059
1162060
1162061
1162062
1162063
1162064
1162065
1162066
1162067
1162068
1162069
1162070
1162071
1162072
1162073
1162074
1162075
1162076
1162077
1162078
1162079
1162080
1162081
1162082
1162083
1162084
1162085
1162086
1162087
1162088
1162089
1162090
1162091
1162092
1162093
1162094
1162095
1162096
1162097
1162098
1162099
1163000
1163001
1163002
1163003
1163004
1163005
1163006
1163007
1163008
1163009
1163010
1163011
1163012
1163013
1163014
1163015
1163016
1163017
1163018
1163019
1163020
1163021
1163022
1163023
1163024
1163025
1163026
1163027
1163028
1163029
1163030
1163031
1163032
1163033
1163034
1163035
1163036
1163037
1163038
1163039
1163040
1163041
1163042
1163043
1163044
1163045
1163046
1163047
1163048
1163049
1163050
1163051
1163052
1163053
1163054
1163055
1163056
1163057
1163058
1163059
1163060
1163061
1163062
1163063
1163064
1163065
1163066
1163067
1163068
1163069
1163070
1163071
1163072
1163073
1163074
1163075
1163076
1163077
1163078
1163079
1163080
1163081
1163082
1163083
1163084
1163085
1163086
1163087
1163088
1163089
1163090
1163091
1163092
1163093
1163094
1163095
1163096
1163097
1163098
1163099
1164000
1164001
1164002
1164003
1164004
1164005
1164006
1164007
1164008
1164009
1164010
1164011
1164012
1164013
1164014
1164015
1164016
1164017
1164018
1164019
1164020
1164021
1164022
1164023
1164024
1164025
1164026
1164027
1164028
1164029
1164030
1164031
1164032
1164033
1164034
1164035
1164036
1164037
1164038
1164039
1164040
1164041
1164042
1164043
1164044
1164045
1164046
1164047
1164048
1164049
1164050
1164051
1164052
1164053
1164054
1164055
1164056
1164057
1164058
1164059
1164060
1164061
1164062
1164063
1164064
1164065
1164066
1164067
1164068
1164069
1164070
1164071
1164072
1164073
1164074
1164075
1164076
1164077
1164078
1164079
1164080
1164081
1164082
1164083
1164084
1164085
1164086
1164087
1164088
1164089
1164090
1164091
1164092
1164093
1164094
1164095
1164096
1164097
1164098
1164099
1165000
1165001
1165002
1165003
1165004
1165005
1165006
1165007
1165008
1165009
1165010
1165011
1165012
1165013
1165014
1165015
1165016
1165017
1165018
1165019
1165020
1165021
1165022
1165023
1165024
1165025
1165026
1165027
1165028
1165029
1165030
1165031
1165032
1165033
1165034
1165035
1165036
1165037
1165038
1165039
1165040
1165041
1165042
1165043
1165044
1165045
1165046
1165047
1165048
1165049
1165050
1165051
1165052
1165053
1165054
1165055
1165056
1165057
1165058
1165059
1165060
1165061
1165062
1165063
1165064
1165065
1165066
1165067
1165068
1165069
1165070
1165071
1165072
1165073
1165074
1165075
1165076
1165077
1165078
1165079
1165080
1165081
1165082
1165083
1165084
1165085
1165086
1165087
1165088
1165089
1165090
1165091
1165092
1165093
1165094
1165095
1165096
1165097
1165098
1165099
1166000
1166001
1166002
1166003
1166004
1166005
1166006
1166007
1166008
1166009
1166010
1166011
1166012
1166013
1166014
1166015
1166016
1166017
1166018
1166019
1166020
1166021
1166022
1166023
1166024
1166025
1166026
1166027
1166028
1166029
1166030
1166031
1166032
1166033
1166034
1166035
1166036
1166037
1166038
1166039
1166040
1166041
1166042
1166043
1166044
1166045
1166046
1166047
1166048
1166049
1166050
1166051
1166052
1166053
1166054
1166055
1166056
1166057
1166058
1166059
1166060
1166061
1166062
1166063
1166064
1166065
1166066
1166067
1166068
1166069
1166070
1166071
1166072
1166073
1166074
1166075
1166076
1166077
1166078
1166079
1166080
1166081
1166082
1166083
1166084
1166085
1166086
1166087
1166088
1166089
1166090
1166091
1166092
1166093
1166094
1166095
1166096
1166097
1166098
1166099
1167000
1167001
1167002
1167003
1167004
1167005
1167006
1167007
1167008
1167009
1167010
1167011
1167012
1167013
1167014
1167015
1167016
1167017
1167018
1167019
1167020
1167021
1167022
1167023
1167024
1167025
1167026
1167027
1167028
1167029
1167030
1167031
1167032
1167033
1167034
1167035
1167036
1167037
1167038
1167039
1167040
1167041
1167042
1167043
1167044
1167045
1167046
1167047
1167048
1167049
1167050
1167051
1167052
1167053
1167054
1167055
1167056
1167057
1167058
1167059
1167060
1167061
1167062
1167063
1167064
1167065
1167066
1167067
1167068
1167069
1167070
1167071
1167072
1167073
1167074
1167075
1167076
1167077
1167078
1167079
1167080
1167081
1167082
1167083
1167084
1167085
1167086
1167087
1167088
1167089
1167090
1167091
1167092
1167093
1167094
1167095
1167096
1167097
1167098
1167099
1168000
1168001
1168002
1168003
1168004
1168005
1168006
1168007
1168008
1168009
1168010
1168011
1168012
1168013
1168014
1168015
1168016
1168017
1168018
1168019
1168020
1168021
1168022
1168023
1168024
1168025
1168026
1168027
1168028
1168029
1168030
1168031
1168032
1168033
1168034
1168035
1168036
1168037
1168038
1168039
1168040
1168041
1168042
1168043
1168044
1168045
1168046
1168047
1168048
1168049
1168050
1168051
1168052
1168053
1168054
1168055
1168056
1168057
1168058
1168059
1168060
1168061
1168062
1168063
1168064
1168065
1168066
1168067
1168068
1168069
1168070
1168071
1168072
1168073
1168074
1168075
1168076
1168077
1168078
1168079
1168080
1168081
1168082
1168083
1168084
1168085
1168086
1168087
1168088
1168089
1168090
1168091
1168092
1168093
1168094
1168095
1168096
1168097
1168098
1168099
1169000
1169001
1169002
1169003
1169004
1169005
1169006
1169007
1169008
1169009
1169010
1169011
1169012
1169013
1169014
1169015
1169016
1169017
1169018
1169019
1169020
1169021
1169022
1169023
1169024
1169025
1169026
1169027
1169028
1169029
1169030
1169031
1169032
1169033
1169034
1169035
1169036
1169037
1169038
1169039
1169040
1169041
1169042
1169043
1169044
1169045
1169046
1169047
1169048
1169049
1169050
1169051
1169052
1169053
1169054
1169055
1169056
1169057
1169058
1169059
1169060
1169061
1169062
1169063
1169064
1169065
1169066
1169067
1169068
1169069
1169070
1169071
1169072
1169073
1169074
1169075
1169076
1169077
1169078
1169079
1169080
1169081
1169082
1169083
1169084
1169085
1169086
1169087
1169088
1169089
1169090
1169091
1169092
1169093
1169094
1169095
1169096
1169097
1169098
1169099
1170000
1170001
1170002
1170003
1170004
1170005
1170006
1170007
1170008
1170009
1170010
1170011
1170012
1170013
1170014
1170015
1170016
1170017
1170018
1170019
1170020
1170021
1170022
1170023
1170024
1170025
1170026
1170027
1170028
1170029
1170030
1170031
1170032
1170033
1170034
1170035
1170036
1170037
1170038
1170039
1170040
1170041
1170042
1170043
1170044
1170045
1170046
1170047
1170048
1170049
1170050
1170051
1170052
1170053
1170054
1170055
1170056
1170057
1170058
1170059
1170060
1170061
1170062
1170063
1170064
1170065
1170066
1170067
1170068
1170069
1170070
1170071
1170072
1170073
1170074
1170075
1170076
1170077
1170078
1170079
1170080
1170081
1170082
1170083
1170084
1170085
1170086
1170087
1170088
1170089
1170090
1170091
1170092
1170093
1170094
1170095
1170096
1170097
1170098
1170099
1171000
1171001
1171002
1171003
1171004
1171005
1171006
1171007
1171008
1171009
1171010
1171011
1171012
1171013
1171014
1171015
1171016
1171017
1171018
1171019
1171020
1171021
1171022
1171023
1171024
1171025
1171026
1171027
1171028
1171029
1171030
1171031
1171032
1171033
1171034
1171035
1171036
1171037
1171038
1171039
1171040
1171041
1171042
1171043
1171044
1171045
1171046
1171047
1171048
1171049
1171050
1171051
1171052
1171053
1171054
1171055
1171056
1171057
1171058
1171059
1171060
1171061
1171062
1171063
1171064
1171065
1171066
1171067
1171068
1171069
1171070
1171071
1171072
1171073
1171074
1171075
1171076
1171077
1171078
1171079
1171080
1171081
1171082
1171083
1171084
1171085
1171086
1171087
1171088
1171089
1171090
1171091
1171092
1171093
1171094
1171095
1171096
1171097
1171098
1171099
1172000
1172001
1172002
1172003
1172004
1172005
1172006
1172007
1172008
1172009
1172010
1172011
1172012
1172013
1172014
1172015
1172016
1172017
1172018
1172019
1172020
1172021
1172022
1172023
1172024
1172025
1172026
1172027
1172028
1172029
1172030
1172031
1172032
1172033
1172034
1172035
1172036
1172037
1172038
1172039
1172040
1172041
1172042
1172043
1172044
1172045
1172046
1172047
1172048
1172049
1172050
1172051
1172052
1172053
1172054
1172055
1172056
1172057
1172058
1172059
1172060
1172061
1172062
1172063
1172064
1172065
1172066
1172067
1172068
1172069
1172070
1172071
1172072
1172073
1172074
1172075
1172076
1172077
1172078
1172079
1172080
1172081
1172082
1172083
1172084
1172085
1172086
1172087
1172088
1172089
1172090
1172091
1172092
1172093
1172094
1172095
1172096
1172097
1172098
1172099
1173000
1173001
1173002
1173003
1173004
1173005
1173006
1173007
1173008
1173009
1173010
1173011
1173012
1173013
1173014
1173015
1173016
1173017
1173018
1173019
1173020
1173021
1173022
1173023
1173024
1173025
1173026
1173027
1173028
1173029
1173030
1173031
1173032
1173033
1173034
1173035
1173036
1173037
1173038
1173039
1173040
1173041
1173042
1173043
1173044
1173045
1173046
1173047
1173048
1173049
1173050
1173051
1173052
1173053
1173054
1173055
1173056
1173057
1173058
1173059
1173060
1173061
1173062
1173063
1173064
1173065
1173066
1173067
1173068
1173069
1173070
1173071
1173072
1173073
1173074
1173075
1173076
1173077
1173078
1173079
1173080
1173081
1173082
1173083
1173084
1173085
1173086
1173087
1173088
1173089
1173090
1173091
1173092
1173093
1173094
1173095
1173096
1173097
1173098
1173099
1174000
1174001
1174002
1174003
1174004
1174005
1174006
1174007
1174008
1174009
1174010
1174011
1174012
1174013
1174014
1174015
1174016
1174017
1174018
1174019
1174020
1174021
1174022
1174023
1174024
1174025
1174026
1174027
1174028
1174029
1174030
1174031
1174032
1174033
1174034
1174035
1174036
1174037
1174038
1174039
1174040
1174041
1174042
1174043
1174044
1174045
1174046
1174047
1174048
1174049
1174050
1174051
1174052
1174053
1174054
1174055
1174056
1174057
1174058
1174059
1174060
1174061
1174062
1174063
1174064
1174065
1174066
1174067
1174068
1174069
1174070
1174071
1174072
1174073
1174074
1174075
1174076
1174077
1174078
1174079
1174080
1174081
1174082
1174083
1174084
1174085
1174086
1174087
1174088
1174089
1174090
1174091
1174092
1174093
1174094
1174095
1174096
1174097
1174098
1174099
1175000
1175001
1175002
1175003
1175004
1175005
1175006
1175007
1175008
1175009
1175010
1175011
1175012
1175013
1175014
1175015
1175016
1175017
1175018
1175019
1175020
1175021
1175022
1175023
1175024
1175025
1175026
1175027
1175028
1175029
1175030
1175031
1175032
1175033
1175034
1175035
1175036
1175037
1175038
1175039
1175040
1175041
1175042
1175043
1175044
1175045
1175046
1175047
1175048
1175049
1175050
1175051
1175052
1175053
1175054
1175055
1175056
1175057
1175058
1175059
1175060
1175061
1175062
1175063
1175064
1175065
1175066
1175067
1175068
1175069
1175070
1175071
1175072
1175073
1175074
1175075
1175076
1175077
1175078
1175079
1175080
1175081
1175082
1175083
1175084
1175085
1175086
1175087
1175088
1175089
1175090
1175091
1175092
1175093
1175094
1175095
1175096
1175097
1175098
1175099
1176000
1176001
1176002
1176003
1176004
1176005
1176006
1176007
1176008
1176009
1176010
1176011
1176012
1176013
1176014
1176015
1176016
1176017
1176018
1176019
1176020
1176021
1176022
1176023
1176024
1176025
1176026
1176027
1176028
1176029
1176030
1176031
1176032
1176033
1176034
1176035
1176036
1176037
1176038
1176039
1176040
1176041
1176042
1176043
1176044
1176045
1176046
1176047
1176048
1176049
1176050
1176051
1176052
1176053
1176054
1176055
1176056
1176057
1176058
1176059
1176060
1176061
1176062
1176063
1176064
1176065
1176066
1176067
1176068
1176069
1176070
1176071
1176072
1176073
1176074
1176075
1176076
1176077
1176078
1176079
1176080
1176081
1176082
1176083
1176084
1176085
1176086
1176087
1176088
1176089
1176090
1176091
1176092
1176093
1176094
1176095
1176096
1176097
1176098
1176099
1177000
1177001
1177002
1177003
1177004
1177005
1177006
1177007
1177008
1177009
1177010
1177011
1177012
1177013
1177014
1177015
1177016
1177017
1177018
1177019
1177020
1177021
1177022
1177023
1177024
1177025
1177026
1177027
1177028
1177029
1177030
1177031
1177032
1177033
1177034
1177035
1177036
1177037
1177038
1177039
1177040
1177041
1177042
1177043
1177044
1177045
1177046
1177047
1177048
1177049
1177050
1177051
1177052
1177053
1177054
1177055
1177056
1177057
1177058
1177059
1177060
1177061
1177062
1177063
1177064
1177065
1177066
1177067
1177068
1177069
1177070
1177071
1177072
1177073
1177074
1177075
1177076
1177077
1177078
1177079
1177080
1177081
1177082
1177083
1177084
1177085
1177086
1177087
1177088
1177089
1177090
1177091
1177092
1177093
1177094
1177095
1177096
1177097
1177098
1177099
1178000
1178001
1178002
1178003
1178004
1178005
1178006
1178007
1178008
1178009
1178010
1178011
1178012
1178013
1178014
1178015
1178016
1178017
1178018
1178019
1178020
1178021
1178022
1178023
1178024
1178025
1178026
1178027
1178028
1178029
1178030
1178031
1178032
1178033
1178034
1178035
1178036
1178037
1178038
1178039
1178040
1178041
1178042
1178043
1178044
1178045
1178046
1178047
1178048
1178049
1178050
1178051
1178052
1178053
1178054
1178055
1178056
1178057
1178058
1178059
1178060
1178061
1178062
1178063
1178064
1178065
1178066
1178067
1178068
1178069
1178070
1178071
1178072
1178073
1178074
1178075
1178076
1178077
1178078
1178079
1178080
1178081
1178082
1178083
1178084
1178085
1178086
1178087
1178088
1178089
1178090
1178091
1178092
1178093
1178094
1178095
1178096
1178097
1178098
1178099
1179000
1179001
1179002
1179003
1179004
1179005
1179006
1179007
1179008
1179009
1179010
1179011
1179012
1179013
1179014
1179015
1179016
1179017
1179018
1179019
1179020
1179021
1179022
1179023
1179024
1179025
1179026
1179027
1179028
1179029
1179030
1179031
1179032
1179033
1179034
1179035
1179036
1179037
1179038
1179039
1179040
1179041
1179042
1179043
1179044
1179045
1179046
1179047
1179048
1179049
1179050
1179051
1179052
1179053
1179054
1179055
1179056
1179057
1179058
1179059
1179060
1179061
1179062
1179063
1179064
1179065
1179066
1179067
1179068
1179069
1179070
1179071
1179072
1179073
1179074
1179075
1179076
1179077
1179078
1179079
1179080
1179081
1179082
1179083
1179084
1179085
1179086
1179087
1179088
1179089
1179090
1179091
1179092
1179093
1179094
1179095
1179096
1179097
1179098
1179099
1180000
1180001
1180002
1180003
1180004
1180005
1180006
1180007
1180008
1180009
1180010
1180011
1180012
1180013
1180014
1180015
1180016
1180017
1180018
1180019
1180020
1180021
1180022
1180023
1180024
1180025
1180026
1180027
1180028
1180029
1180030
1180031
1180032
1180033
1180034
1180035
1180036
1180037
1180038
1180039
1180040
1180041
1180042
1180043
1180044
1180045
1180046
1180047
1180048
1180049
1180050
1180051
1180052
1180053
1180054
1180055
1180056
1180057
1180058
1180059
1180060
1180061
1180062
1180063
1180064
1180065
1180066
1180067
1180068
1180069
1180070
1180071
1180072
1180073
1180074
1180075
1180076
1180077
1180078
1180079
1180080
1180081
1180082
1180083
1180084
1180085
1180086
1180087
1180088
1180089
1180090
1180091
1180092
1180093
1180094
1180095
1180096
1180097
1180098
1180099
1181000
1181001
1181002
1181003
1181004
1181005
1181006
1181007
1181008
1181009
1181010
1181011
1181012
1181013
1181014
1181015
1181016
1181017
1181018
1181019
1181020
1181021
1181022
1181023
1181024
1181025
1181026
1181027
1181028
1181029
1181030
1181031
1181032
1181033
1181034
1181035
1181036
1181037
1181038
1181039
1181040
1181041
1181042
1181043
1181044
1181045
1181046
1181047
1181048
1181049
1181050
1181051
1181052
1181053
1181054
1181055
1181056
1181057
1181058
1181059
1181060
1181061
1181062
1181063
1181064
1181065
1181066
1181067
1181068
1181069
1181070
1181071
1181072
1181073
1181074
1181075
1181076
1181077
1181078
1181079
1181080
1181081
1181082
1181083
1181084
1181085
1181086
1181087
1181088
1181089
1181090
1181091
1181092
1181093
1181094
1181095
1181096
1181097
1181098
1181099
1182000
1182001
1182002
1182003
1182004
1182005
1182006
1182007
1182008
1182009
1182010
1182011
1182012
1182013
1182014
1182015
1182016
1182017
1182018
1182019
1182020
1182021
1182022
1182023
1182024
1182025
1182026
1182027
1182028
1182029
1182030
1182031
1182032
1182033
1182034
1182035
1182036
1182037
1182038
1182039
1182040
1182041
1182042
1182043
1182044
1182045
1182046
1182047
1182048
1182049
1182050
1182051
1182052
1182053
1182054
1182055
1182056
1182057
1182058
1182059
1182060
1182061
1182062
1182063
1182064
1182065
1182066
1182067
1182068
1182069
1182070
1182071
1182072
1182073
1182074
1182075
1182076
1182077
1182078
1182079
1182080
1182081
1182082
1182083
1182084
1182085
1182086
1182087
1182088
1182089
1182090
1182091
1182092
1182093
1182094
1182095
1182096
1182097
1182098
1182099
1183000
1183001
1183002
1183003
1183004
1183005
1183006
1183007
1183008
1183009
1183010
1183011
1183012
1183013
1183014
1183015
1183016
1183017
1183018
1183019
1183020
1183021
1183022
1183023
1183024
1183025
1183026
1183027
1183028
1183029
1183030
1183031
1183032
1183033
1183034
1183035
1183036
1183037
1183038
1183039
1183040
1183041
1183042
1183043
1183044
1183045
1183046
1183047
1183048
1183049
1183050
1183051
1183052
1183053
1183054
1183055
1183056
1183057
1183058
1183059
1183060
1183061
1183062
1183063
1183064
1183065
1183066
1183067
1183068
1183069
1183070
1183071
1183072
1183073
1183074
1183075
1183076
1183077
1183078
1183079
1183080
1183081
1183082
1183083
1183084
1183085
1183086
1183087
1183088
1183089
1183090
1183091
1183092
1183093
1183094
1183095
1183096
1183097
1183098
1183099
1184000
1184001
1184002
1184003
1184004
1184005
1184006
1184007
1184008
1184009
1184010
1184011
1184012
1184013
1184014
1184015
1184016
1184017
1184018
1184019
1184020
1184021
1184022
1184023
1184024
1184025
1184026
1184027
1184028
1184029
1184030
1184031
1184032
1184033
1184034
1184035
1184036
1184037
1184038
1184039
1184040
1184041
1184042
1184043
1184044
1184045
1184046
1184047
1184048
1184049
1184050
1184051
1184052
1184053
1184054
1184055
1184056
1184057
1184058
1184059
1184060
1184061
1184062
1184063
1184064
1184065
1184066
1184067
1184068
1184069
1184070
1184071
1184072
1184073
1184074
1184075
1184076
1184077
1184078
1184079
1184080
1184081
1184082
1184083
1184084
1184085
1184086
1184087
1184088
1184089
1184090
1184091
1184092
1184093
1184094
1184095
1184096
1184097
1184098
1184099
1185000
1185001
1185002
1185003
1185004
1185005
1185006
1185007
1185008
1185009
1185010
1185011
1185012
1185013
1185014
1185015
1185016
1185017
1185018
1185019
1185020
1185021
1185022
1185023
1185024
1185025
1185026
1185027
1185028
1185029
1185030
1185031
1185032
1185033
1185034
1185035
1185036
1185037
1185038
1185039
1185040
1185041
1185042
1185043
1185044
1185045
1185046
1185047
1185048
1185049
1185050
1185051
1185052
1185053
1185054
1185055
1185056
1185057
1185058
1185059
1185060
1185061
1185062
1185063
1185064
1185065
1185066
1185067
1185068
1185069
1185070
1185071
1185072
1185073
1185074
1185075
1185076
1185077
1185078
1185079
1185080
1185081
1185082
1185083
1185084
1185085
1185086
1185087
1185088
1185089
1185090
1185091
1185092
1185093
1185094
1185095
1185096
1185097
1185098
1185099
1186000
1186001
1186002
1186003
1186004
1186005
1186006
1186007
1186008
1186009
1186010
1186011
1186012
1186013
1186014
1186015
1186016
1186017
1186018
1186019
1186020
1186021
1186022
1186023
1186024
1186025
1186026
1186027
1186028
1186029
1186030
1186031
1186032
1186033
1186034
1186035
1186036
1186037
1186038
1186039
1186040
1186041
1186042
1186043
1186044
1186045
1186046
1186047
1186048
1186049
1186050
1186051
1186052
1186053
1186054
1186055
1186056
1186057
1186058
1186059
1186060
1186061
1186062
1186063
1186064
1186065
1186066
1186067
1186068
1186069
1186070
1186071
1186072
1186073
1186074
1186075
1186076
1186077
1186078
1186079
1186080
1186081
1186082
1186083
1186084
1186085
1186086
1186087
1186088
1186089
1186090
1186091
1186092
1186093
1186094
1186095
1186096
1186097
1186098
1186099
1187000
1187001
1187002
1187003
1187004
1187005
1187006
1187007
1187008
1187009
1187010
1187011
1187012
1187013
1187014
1187015
1187016
1187017
1187018
1187019
1187020
1187021
1187022
1187023
1187024
1187025
1187026
1187027
1187028
1187029
1187030
1187031
1187032
1187033
1187034
1187035
1187036
1187037
1187038
1187039
1187040
1187041
1187042
1187043
1187044
1187045
1187046
1187047
1187048
1187049
1187050
1187051
1187052
1187053
1187054
1187055
1187056
1187057
1187058
1187059
1187060
1187061
1187062
1187063
1187064
1187065
1187066
1187067
1187068
1187069
1187070
1187071
1187072
1187073
1187074
1187075
1187076
1187077
1187078
1187079
1187080
1187081
1187082
1187083
1187084
1187085
1187086
1187087
1187088
1187089
1187090
1187091
1187092
1187093
1187094
1187095
1187096
1187097
1187098
1187099
1188000
1188001
1188002
1188003
1188004
1188005
1188006
1188007
1188008
1188009
1188010
1188011
1188012
1188013
1188014
1188015
1188016
1188017
1188018
1188019
1188020
1188021
1188022
1188023
1188024
1188025
1188026
1188027
1188028
1188029
1188030
1188031
1188032
1188033
1188034
1188035
1188036
1188037
1188038
1188039
1188040
1188041
1188042
1188043
1188044
1188045
1188046
1188047
1188048
1188049
1188050
1188051
1188052
1188053
1188054
1188055
1188056
1188057
1188058
1188059
1188060
1188061
1188062
1188063
1188064
1188065
1188066
1188067
1188068
1188069
1188070
1188071
1188072
1188073
1188074
1188075
1188076
1188077
1188078
1188079
1188080
1188081
1188082
1188083
1188084
1188085
1188086
1188087
1188088
1188089
1188090
1188091
1188092
1188093
1188094
1188095
1188096
1188097
1188098
1188099
1189000
1189001
1189002
1189003
1189004
1189005
1189006
1189007
1189008
1189009
1189010
1189011
1189012
1189013
1189014
1189015
1189016
1189017
1189018
1189019
1189020
1189021
1189022
1189023
1189024
1189025
1189026
1189027
1189028
1189029
1189030
1189031
1189032
1189033
1189034
1189035
1189036
1189037
1189038
1189039
1189040
1189041
1189042
1189043
1189044
1189045
1189046
1189047
1189048
1189049
1189050
1189051
1189052
1189053
1189054
1189055
1189056
1189057
1189058
1189059
1189060
1189061
1189062
1189063
1189064
1189065
1189066
1189067
1189068
1189069
1189070
1189071
1189072
1189073
1189074
1189075
1189076
1189077
1189078
1189079
1189080
1189081
1189082
1189083
1189084
1189085
1189086
1189087
1189088
1189089
1189090
1189091
1189092
1189093
1189094
1189095
1189096
1189097
1189098
1189099
1190000
1190001
1190002
1190003
1190004
1190005
1190006
1190007
1190008
1190009
1190010
1190011
1190012
1190013
1190014
1190015
1190016
1190017
1190018
1190019
1190020
1190021
1190022
1190023
1190024
1190025
1190026
1190027
1190028
1190029
1190030
1190031
1190032
1190033
1190034
1190035
1190036
1190037
1190038
1190039
1190040
1190041
1190042
1190043
1190044
1190045
1190046
1190047
1190048
1190049
1190050
1190051
1190052
1190053
1190054
1190055
1190056
1190057
1190058
1190059
1190060
1190061
1190062
1190063
1190064
1190065
1190066
1190067
1190068
1190069
1190070
1190071
1190072
1190073
1190074
1190075
1190076
1190077
1190078
1190079
1190080
1190081
1190082
1190083
1190084
1190085
1190086
1190087
1190088
1190089
1190090
1190091
1190092
1190093
1190094
1190095
1190096
1190097
1190098
1190099
1191000
1191001
1191002
1191003
1191004
1191005
1191006
1191007
1191008
1191009
1191010
1191011
1191012
1191013
1191014
1191015
1191016
1191017
1191018
1191019
1191020
1191021
1191022
1191023
1191024
1191025
1191026
1191027
1191028
1191029
1191030
1191031
1191032
1191033
1191034
1191035
1191036
1191037
1191038
1191039
1191040
1191041
1191042
1191043
1191044
1191045
1191046
1191047
1191048
1191049
1191050
1191051
1191052
1191053
1191054
1191055
1191056
1191057
1191058
1191059
1191060
1191061
1191062
1191063
1191064
1191065
1191066
1191067
1191068
1191069
1191070
1191071
1191072
1191073
1191074
1191075
1191076
1191077
1191078
1191079
1191080
1191081
1191082
1191083
1191084
1191085
1191086
1191087
1191088
1191089
1191090
1191091
1191092
1191093
1191094
1191095
1191096
1191097
1191098
1191099
1192000
1192001
1192002
1192003
1192004
1192005
1192006
1192007
1192008
1192009
1192010
1192011
1192012
1192013
1192014
1192015
1192016
1192017
1192018
1192019
1192020
1192021
1192022
1192023
1192024
1192025
1192026
1192027
1192028
1192029
1192030
1192031
1192032
1192033
1192034
1192035
1192036
1192037
1192038
1192039
1192040
1192041
1192042
1192043
1192044
1192045
1192046
1192047
1192048
1192049
1192050
1192051
1192052
1192053
1192054
1192055
1192056
1192057
1192058
1192059
1192060
1192061
1192062
1192063
1192064
1192065
1192066
1192067
1192068
1192069
1192070
1192071
1192072
1192073
1192074
1192075
1192076
1192077
1192078
1192079
1192080
1192081
1192082
1192083
1192084
1192085
1192086
1192087
1192088
1192089
1192090
1192091
1192092
1192093
1192094
1192095
1192096
1192097
1192098
1192099
1193000
1193001
1193002
1193003
1193004
1193005
1193006
1193007
1193008
1193009
1193010
1193011
1193012
1193013
1193014
1193015
1193016
1193017
1193018
1193019
1193020
1193021
1193022
1193023
1193024
1193025
1193026
1193027
1193028
1193029
1193030
1193031
1193032
1193033
1193034
1193035
1193036
1193037
1193038
1193039
1193040
1193041
1193042
1193043
1193044
1193045
1193046
1193047
1193048
1193049
1193050
1193051
1193052
1193053
1193054
1193055
1193056
1193057
1193058
1193059
1193060
1193061
1193062
1193063
1193064
1193065
1193066
1193067
1193068
1193069
1193070
1193071
1193072
1193073
1193074
1193075
1193076
1193077
1193078
1193079
1193080
1193081
1193082
1193083
1193084
1193085
1193086
1193087
1193088
1193089
1193090
1193091
1193092
1193093
1193094
1193095
1193096
1193097
1193098
1193099
1194000
1194001
1194002
1194003
1194004
1194005
1194006
1194007
1194008
1194009
1194010
1194011
1194012
1194013
1194014
1194015
1194016
1194017
1194018
1194019
1194020
1194021
1194022
1194023
1194024
1194025
1194026
1194027
1194028
1194029
1194030
1194031
1194032
1194033
1194034
1194035
1194036
1194037
1194038
1194039
1194040
1194041
1194042
1194043
1194044
1194045
1194046
1194047
1194048
1194049
1194050
1194051
1194052
1194053
1194054
1194055
1194056
1194057
1194058
1194059
1194060
1194061
1194062
1194063
1194064
1194065
1194066
1194067
1194068
1194069
1194070
1194071
1194072
1194073
1194074
1194075
1194076
1194077
1194078
1194079
1194080
1194081
1194082
1194083
1194084
1194085
1194086
1194087
1194088
1194089
1194090
1194091
1194092
1194093
1194094
1194095
1194096
1194097
1194098
1194099
1195000
1195001
1195002
1195003
1195004
1195005
1195006
1195007
1195008
1195009
1195010
1195011
1195012
1195013
1195014
1195015
1195016
1195017
1195018
1195019
1195020
1195021
1195022
1195023
1195024
1195025
1195026
1195027
1195028
1195029
1195030
1195031
1195032
1195033
1195034
1195035
1195036
1195037
1195038
1195039
1195040
1195041
1195042
1195043
1195044
1195045
1195046
1195047
1195048
1195049
1195050
1195051
1195052
1195053
1195054
1195055
1195056
1195057
1195058
1195059
1195060
1195061
1195062
1195063
1195064
1195065
1195066
1195067
1195068
1195069
1195070
1195071
1195072
1195073
1195074
1195075
1195076
1195077
1195078
1195079
1195080
1195081
1195082
1195083
1195084
1195085
1195086
1195087
1195088
1195089
1195090
1195091
1195092
1195093
1195094
1195095
1195096
1195097
1195098
1195099
1196000
1196001
1196002
1196003
1196004
1196005
1196006
1196007
1196008
1196009
1196010
1196011
1196012
1196013
1196014
1196015
1196016
1196017
1196018
1196019
1196020
1196021
1196022
1196023
1196024
1196025
1196026
1196027
1196028
1196029
1196030
1196031
1196032
1196033
1196034
1196035
1196036
1196037
1196038
1196039
1196040
1196041
1196042
1196043
1196044
1196045
1196046
1196047
1196048
1196049
1196050
1196051
1196052
1196053
1196054
1196055
1196056
1196057
1196058
1196059
1196060
1196061
1196062
1196063
1196064
1196065
1196066
1196067
1196068
1196069
1196070
1196071
1196072
1196073
1196074
1196075
1196076
1196077
1196078
1196079
1196080
1196081
1196082
1196083
1196084
1196085
1196086
1196087
1196088
1196089
1196090
1196091
1196092
1196093
1196094
1196095
1196096
1196097
1196098
1196099
1197000
1197001
1197002
1197003
1197004
1197005
1197006
1197007
1197008
1197009
1197010
1197011
1197012
1197013
1197014
1197015
1197016
1197017
1197018
1197019
1197020
1197021
1197022
1197023
1197024
1197025
1197026
1197027
1197028
1197029
1197030
1197031
1197032
1197033
1197034
1197035
1197036
1197037
1197038
1197039
1197040
1197041
1197042
1197043
1197044
1197045
1197046
1197047
1197048
1197049
1197050
1197051
1197052
1197053
1197054
1197055
1197056
1197057
1197058
1197059
1197060
1197061
1197062
1197063
1197064
1197065
1197066
1197067
1197068
1197069
1197070
1197071
1197072
1197073
1197074
1197075
1197076
1197077
1197078
1197079
1197080
1197081
1197082
1197083
1197084
1197085
1197086
1197087
1197088
1197089
1197090
1197091
1197092
1197093
1197094
1197095
1197096
1197097
1197098
1197099
1198000
1198001
1198002
1198003
1198004
1198005
1198006
1198007
1198008
1198009
1198010
1198011
1198012
1198013
1198014
1198015
1198016
1198017
1198018
1198019
1198020
1198021
1198022
1198023
1198024
1198025
1198026
1198027
1198028
1198029
1198030
1198031
1198032
1198033
1198034
1198035
1198036
1198037
1198038
1198039
1198040
1198041
1198042
1198043
1198044
1198045
1198046
1198047
1198048
1198049
1198050
1198051
1198052
1198053
1198054
1198055
1198056
1198057
1198058
1198059
1198060
1198061
1198062
1198063
1198064
1198065
1198066
1198067
1198068
1198069
1198070
1198071
1198072
1198073
1198074
1198075
1198076
1198077
1198078
1198079
1198080
1198081
1198082
1198083
1198084
1198085
1198086
1198087
1198088
1198089
1198090
1198091
1198092
1198093
1198094
1198095
1198096
1198097
1198098
1198099
1199000
1199001
1199002
1199003
1199004
1199005
1199006
1199007
1199008
1199009
1199010
1199011
1199012
1199013
1199014
1199015
1199016
1199017
1199018
1199019
1199020
1199021
1199022
1199023
1199024
1199025
1199026
1199027
1199028
1199029
1199030
1199031
1199032
1199033
1199034
1199035
1199036
1199037
1199038
1199039
1199040
1199041
1199042
1199043
1199044
1199045
1199046
1199047
1199048
1199049
1199050
1199051
1199052
1199053
1199054
1199055
1199056
1199057
1199058
1199059
1199060
1199061
1199062
1199063
1199064
1199065
1199066
1199067
1199068
1199069
1199070
1199071
1199072
1199073
1199074
1199075
1199076
1199077
1199078
1199079
1199080
1199081
1199082
1199083
1199084
1199085
1199086
1199087
1199088
1199089
1199090
1199091
1199092
1199093
1199094
1199095
1199096
1199097
1199098
1199099
1200000
1200001
1200002
1200003
1200004
1200005
1200006
1200007
1200008
1200009
1200010
1200011
1200012
1200013
1200014
1200015
1200016
1200017
1200018
1200019
1200020
1200021
1200022
1200023
1200024
1200025
1200026
1200027
1200028
1200029
1200030
1200031
1200032
1200033
1200034
1200035
1200036
1200037
1200038
1200039
1200040
1200041
1200042
1200043
1200044
1200045
1200046
1200047
1200048
1200049
1200050
1200051
1200052
1200053
1200054
1200055
1200056
1200057
1200058
1200059
1200060
1200061
1200062
1200063
1200064
1200065
1200066
1200067
1200068
1200069
1200070
1200071
1200072
1200073
1200074
1200075
1200076
1200077
1200078
1200079
1200080
1200081
1200082
1200083
1200084
1200085
1200086
1200087
1200088
1200089
1200090
1200091
1200092
1200093
1200094
1200095
1200096
1200097
1200098
1200099
1201000
1201001
1201002
1201003
1201004
1201005
1201006
1201007
1201008
1201009
1201010
1201011
1201012
1201013
1201014
1201015
1201016
1201017
1201018
1201019
1201020
1201021
1201022
1201023
1201024
1201025
1201026
1201027
1201028
1201029
1201030
1201031
1201032
1201033
1201034
1201035
1201036
1201037
1201038
1201039
1201040
1201041
1201042
1201043
1201044
1201045
1201046
1201047
1201048
1201049
1201050
1201051
1201052
1201053
1201054
1201055
1201056
1201057
1201058
1201059
1201060
1201061
1201062
1201063
1201064
1201065
1201066
1201067
1201068
1201069
1201070
1201071
1201072
1201073
1201074
1201075
1201076
1201077
1201078
1201079
1201080
1201081
1201082
1201083
1201084
1201085
1201086
1201087
1201088
1201089
1201090
1201091
1201092
1201093
1201094
1201095
1201096
1201097
1201098
1201099
1202000
1202001
1202002
1202003
1202004
1202005
1202006
1202007
1202008
1202009
1202010
1202011
1202012
1202013
1202014
1202015
1202016
1202017
1202018
1202019
1202020
1202021
1202022
1202023
1202024
1202025
1202026
1202027
1202028
1202029
1202030
1202031
1202032
1202033
1202034
1202035
1202036
1202037
1202038
1202039
1202040
1202041
1202042
1202043
1202044
1202045
1202046
1202047
1202048
1202049
1202050
1202051
1202052
1202053
1202054
1202055
1202056
1202057
1202058
1202059
1202060
1202061
1202062
1202063
1202064
1202065
1202066
1202067
1202068
1202069
1202070
1202071
1202072
1202073
1202074
1202075
1202076
1202077
1202078
1202079
1202080
1202081
1202082
1202083
1202084
1202085
1202086
1202087
1202088
1202089
1202090
1202091
1202092
1202093
1202094
1202095
1202096
1202097
1202098
1202099
1203000
1203001
1203002
1203003
1203004
1203005
1203006
1203007
1203008
1203009
1203010
1203011
1203012
1203013
1203014
1203015
1203016
1203017
1203018
1203019
1203020
1203021
1203022
1203023
1203024
1203025
1203026
1203027
1203028
1203029
1203030
1203031
1203032
1203033
1203034
1203035
1203036
1203037
1203038
1203039
1203040
1203041
1203042
1203043
1203044
1203045
1203046
1203047
1203048
1203049
1203050
1203051
1203052
1203053
1203054
1203055
1203056
1203057
1203058
1203059
1203060
1203061
1203062
1203063
1203064
1203065
1203066
1203067
1203068
1203069
1203070
1203071
1203072
1203073
1203074
1203075
1203076
1203077
1203078
1203079
1203080
1203081
1203082
1203083
1203084
1203085
1203086
1203087
1203088
1203089
1203090
1203091
1203092
1203093
1203094
1203095
1203096
1203097
1203098
1203099
1204000
1204001
1204002
1204003
1204004
1204005
1204006
1204007
1204008
1204009
1204010
1204011
1204012
1204013
1204014
1204015
1204016
1204017
1204018
1204019
1204020
1204021
1204022
1204023
1204024
1204025
1204026
1204027
1204028
1204029
1204030
1204031
1204032
1204033
1204034
1204035
1204036
1204037
1204038
1204039
1204040
1204041
1204042
1204043
1204044
1204045
1204046
1204047
1204048
1204049
1204050
1204051
1204052
1204053
1204054
1204055
1204056
1204057
1204058
1204059
1204060
1204061
1204062
1204063
1204064
1204065
1204066
1204067
1204068
1204069
1204070
1204071
1204072
1204073
1204074
1204075
1204076
1204077
1204078
1204079
1204080
1204081
1204082
1204083
1204084
1204085
1204086
1204087
1204088
1204089
1204090
1204091
1204092
1204093
1204094
1204095
1204096
1204097
1204098
1204099
1205000
1205001
1205002
1205003
1205004
1205005
1205006
1205007
1205008
1205009
1205010
1205011
1205012
1205013
1205014
1205015
1205016
1205017
1205018
1205019
1205020
1205021
1205022
1205023
1205024
1205025
1205026
1205027
1205028
1205029
1205030
1205031
1205032
1205033
1205034
1205035
1205036
1205037
1205038
1205039
1205040
1205041
1205042
1205043
1205044
1205045
1205046
1205047
1205048
1205049
1205050
1205051
1205052
1205053
1205054
1205055
1205056
1205057
1205058
1205059
1205060
1205061
1205062
1205063
1205064
1205065
1205066
1205067
1205068
1205069
1205070
1205071
1205072
1205073
1205074
1205075
1205076
1205077
1205078
1205079
1205080
1205081
1205082
1205083
1205084
1205085
1205086
1205087
1205088
1205089
1205090
1205091
1205092
1205093
1205094
1205095
1205096
1205097
1205098
1205099
1206000
1206001
1206002
1206003
1206004
1206005
1206006
1206007
1206008
1206009
1206010
1206011
1206012
1206013
1206014
1206015
1206016
1206017
1206018
1206019
1206020
1206021
1206022
1206023
1206024
1206025
1206026
1206027
1206028
1206029
1206030
1206031
1206032
1206033
1206034
1206035
1206036
1206037
1206038
1206039
1206040
1206041
1206042
1206043
1206044
1206045
1206046
1206047
1206048
1206049
1206050
1206051
1206052
1206053
1206054
1206055
1206056
1206057
1206058
1206059
1206060
1206061
1206062
1206063
1206064
1206065
1206066
1206067
1206068
1206069
1206070
1206071
1206072
1206073
1206074
1206075
1206076
1206077
1206078
1206079
1206080
1206081
1206082
1206083
1206084
1206085
1206086
1206087
1206088
1206089
1206090
1206091
1206092
1206093
1206094
1206095
1206096
1206097
1206098
1206099
1207000
1207001
1207002
1207003
1207004
1207005
1207006
1207007
1207008
1207009
1207010
1207011
1207012
1207013
1207014
1207015
1207016
1207017
1207018
1207019
1207020
1207021
1207022
1207023
1207024
1207025
1207026
1207027
1207028
1207029
1207030
1207031
1207032
1207033
1207034
1207035
1207036
1207037
1207038
1207039
1207040
1207041
1207042
1207043
1207044
1207045
1207046
1207047
1207048
1207049
1207050
1207051
1207052
1207053
1207054
1207055
1207056
1207057
1207058
1207059
1207060
1207061
1207062
1207063
1207064
1207065
1207066
1207067
1207068
1207069
1207070
1207071
1207072
1207073
1207074
1207075
1207076
1207077
1207078
1207079
1207080
1207081
1207082
1207083
1207084
1207085
1207086
1207087
1207088
1207089
1207090
1207091
1207092
1207093
1207094
1207095
1207096
1207097
1207098
1207099
1208000
1208001
1208002
1208003
1208004
1208005
1208006
1208007
1208008
1208009
1208010
1208011
1208012
1208013
1208014
1208015
1208016
1208017
1208018
1208019
1208020
1208021
1208022
1208023
1208024
1208025
1208026
1208027
1208028
1208029
1208030
1208031
1208032
1208033
1208034
1208035
1208036
1208037
1208038
1208039
1208040
1208041
1208042
1208043
1208044
1208045
1208046
1208047
1208048
1208049
1208050
1208051
1208052
1208053
1208054
1208055
1208056
1208057
1208058
1208059
1208060
1208061
1208062
1208063
1208064
1208065
1208066
1208067
1208068
1208069
1208070
1208071
1208072
1208073
1208074
1208075
1208076
1208077
1208078
1208079
1208080
1208081
1208082
1208083
1208084
1208085
1208086
1208087
1208088
1208089
1208090
1208091
1208092
1208093
1208094
1208095
1208096
1208097
1208098
1208099
1209000
1209001
1209002
1209003
1209004
1209005
1209006
1209007
1209008
1209009
1209010
1209011
1209012
1209013
1209014
1209015
1209016
1209017
1209018
1209019
1209020
1209021
1209022
1209023
1209024
1209025
1209026
1209027
1209028
1209029
1209030
1209031
1209032
1209033
1209034
1209035
1209036
1209037
1209038
1209039
1209040
1209041
1209042
1209043
1209044
1209045
1209046
1209047
1209048
1209049
1209050
1209051
1209052
1209053
1209054
1209055
1209056
1209057
1209058
1209059
1209060
1209061
1209062
1209063
1209064
1209065
1209066
1209067
1209068
1209069
1209070
1209071
1209072
1209073
1209074
1209075
1209076
1209077
1209078
1209079
1209080
1209081
1209082
1209083
1209084
1209085
1209086
1209087
1209088
1209089
1209090
1209091
1209092
1209093
1209094
1209095
1209096
1209097
1209098
1209099
1210000
1210001
1210002
1210003
1210004
1210005
1210006
1210007
1210008
1210009
1210010
1210011
1210012
1210013
1210014
1210015
1210016
1210017
1210018
1210019
1210020
1210021
1210022
1210023
1210024
1210025
1210026
1210027
1210028
1210029
1210030
1210031
1210032
1210033
1210034
1210035
1210036
1210037
1210038
1210039
1210040
1210041
1210042
1210043
1210044
1210045
1210046
1210047
1210048
1210049
1210050
1210051
1210052
1210053
1210054
1210055
1210056
1210057
1210058
1210059
1210060
1210061
1210062
1210063
1210064
1210065
1210066
1210067
1210068
1210069
1210070
1210071
1210072
1210073
1210074
1210075
1210076
1210077
1210078
1210079
1210080
1210081
1210082
1210083
1210084
1210085
1210086
1210087
1210088
1210089
1210090
1210091
1210092
1210093
1210094
1210095
1210096
1210097
1210098
1210099
1211000
1211001
1211002
1211003
1211004
1211005
1211006
1211007
1211008
1211009
1211010
1211011
1211012
1211013
1211014
1211015
1211016
1211017
1211018
1211019
1211020
1211021
1211022
1211023
1211024
1211025
1211026
1211027
1211028
1211029
1211030
1211031
1211032
1211033
1211034
1211035
1211036
1211037
1211038
1211039
1211040
1211041
1211042
1211043
1211044
1211045
1211046
1211047
1211048
1211049
1211050
1211051
1211052
1211053
1211054
1211055
1211056
1211057
1211058
1211059
1211060
1211061
1211062
1211063
1211064
1211065
1211066
1211067
1211068
1211069
1211070
1211071
1211072
1211073
1211074
1211075
1211076
1211077
1211078
1211079
1211080
1211081
1211082
1211083
1211084
1211085
1211086
1211087
1211088
1211089
1211090
1211091
1211092
1211093
1211094
1211095
1211096
1211097
1211098
1211099
1212000
1212001
1212002
1212003
1212004
1212005
1212006
1212007
1212008
1212009
1212010
1212011
1212012
1212013
1212014
1212015
1212016
1212017
1212018
1212019
1212020
1212021
1212022
1212023
1212024
1212025
1212026
1212027
1212028
1212029
1212030
1212031
1212032
1212033
1212034
1212035
1212036
1212037
1212038
1212039
1212040
1212041
1212042
1212043
1212044
1212045
1212046
1212047
1212048
1212049
1212050
1212051
1212052
1212053
1212054
1212055
1212056
1212057
1212058
1212059
1212060
1212061
1212062
1212063
1212064
1212065
1212066
1212067
1212068
1212069
1212070
1212071
1212072
1212073
1212074
1212075
1212076
1212077
1212078
1212079
1212080
1212081
1212082
1212083
1212084
1212085
1212086
1212087
1212088
1212089
1212090
1212091
1212092
1212093
1212094
1212095
1212096
1212097
1212098
1212099
1213000
1213001
1213002
1213003
1213004
1213005
1213006
1213007
1213008
1213009
1213010
1213011
1213012
1213013
1213014
1213015
1213016
1213017
1213018
1213019
1213020
1213021
1213022
1213023
1213024
1213025
1213026
1213027
1213028
1213029
1213030
1213031
1213032
1213033
1213034
1213035
1213036
1213037
1213038
1213039
1213040
1213041
1213042
1213043
1213044
1213045
1213046
1213047
1213048
1213049
1213050
1213051
1213052
1213053
1213054
1213055
1213056
1213057
1213058
1213059
1213060
1213061
1213062
1213063
1213064
1213065
1213066
1213067
1213068
1213069
1213070
1213071
1213072
1213073
1213074
1213075
1213076
1213077
1213078
1213079
1213080
1213081
1213082
1213083
1213084
1213085
1213086
1213087
1213088
1213089
1213090
1213091
1213092
1213093
1213094
1213095
1213096
1213097
1213098
1213099
1214000
1214001
1214002
1214003
1214004
1214005
1214006
1214007
1214008
1214009
1214010
1214011
1214012
1214013
1214014
1214015
1214016
1214017
1214018
1214019
1214020
1214021
1214022
1214023
1214024
1214025
1214026
1214027
1214028
1214029
1214030
1214031
1214032
1214033
1214034
1214035
1214036
1214037
1214038
1214039
1214040
1214041
1214042
1214043
1214044
1214045
1214046
1214047
1214048
1214049
1214050
1214051
1214052
1214053
1214054
1214055
1214056
1214057
1214058
1214059
1214060
1214061
1214062
1214063
1214064
1214065
1214066
1214067
1214068
1214069
1214070
1214071
1214072
1214073
1214074
1214075
1214076
1214077
1214078
1214079
1214080
1214081
1214082
1214083
1214084
1214085
1214086
1214087
1214088
1214089
1214090
1214091
1214092
1214093
1214094
1214095
1214096
1214097
1214098
1214099
1215000
1215001
1215002
1215003
1215004
1215005
1215006
1215007
1215008
1215009
1215010
1215011
1215012
1215013
1215014
1215015
1215016
1215017
1215018
1215019
1215020
1215021
1215022
1215023
1215024
1215025
1215026
1215027
1215028
1215029
1215030
1215031
1215032
1215033
1215034
1215035
1215036
1215037
1215038
1215039
1215040
1215041
1215042
1215043
1215044
1215045
1215046
1215047
1215048
1215049
1215050
1215051
1215052
1215053
1215054
1215055
1215056
1215057
1215058
1215059
1215060
1215061
1215062
1215063
1215064
1215065
1215066
1215067
1215068
1215069
1215070
1215071
1215072
1215073
1215074
1215075
1215076
1215077
1215078
1215079
1215080
1215081
1215082
1215083
1215084
1215085
1215086
1215087
1215088
1215089
1215090
1215091
1215092
1215093
1215094
1215095
1215096
1215097
1215098
1215099
1216000
1216001
1216002
1216003
1216004
1216005
1216006
1216007
1216008
1216009
1216010
1216011
1216012
1216013
1216014
1216015
1216016
1216017
1216018
1216019
1216020
1216021
1216022
1216023
1216024
1216025
1216026
1216027
1216028
1216029
1216030
1216031
1216032
1216033
1216034
1216035
1216036
1216037
1216038
1216039
1216040
1216041
1216042
1216043
1216044
1216045
1216046
1216047
1216048
1216049
1216050
1216051
1216052
1216053
1216054
1216055
1216056
1216057
1216058
1216059
1216060
1216061
1216062
1216063
1216064
1216065
1216066
1216067
1216068
1216069
1216070
1216071
1216072
1216073
1216074
1216075
1216076
1216077
1216078
1216079
1216080
1216081
1216082
1216083
1216084
1216085
1216086
1216087
1216088
1216089
1216090
1216091
1216092
1216093
1216094
1216095
1216096
1216097
1216098
1216099
1217000
1217001
1217002
1217003
1217004
1217005
1217006
1217007
1217008
1217009
1217010
1217011
1217012
1217013
1217014
1217015
1217016
1217017
1217018
1217019
1217020
1217021
1217022
1217023
1217024
1217025
1217026
1217027
1217028
1217029
1217030
1217031
1217032
1217033
1217034
1217035
1217036
1217037
1217038
1217039
1217040
1217041
1217042
1217043
1217044
1217045
1217046
1217047
1217048
1217049
1217050
1217051
1217052
1217053
1217054
1217055
1217056
1217057
1217058
1217059
1217060
1217061
1217062
1217063
1217064
1217065
1217066
1217067
1217068
1217069
1217070
1217071
1217072
1217073
1217074
1217075
1217076
1217077
1217078
1217079
1217080
1217081
1217082
1217083
1217084
1217085
1217086
1217087
1217088
1217089
1217090
1217091
1217092
1217093
1217094
1217095
1217096
1217097
1217098
1217099
1218000
1218001
1218002
1218003
1218004
1218005
1218006
1218007
1218008
1218009
1218010
1218011
1218012
1218013
1218014
1218015
1218016
1218017
1218018
1218019
1218020
1218021
1218022
1218023
1218024
1218025
1218026
1218027
1218028
1218029
1218030
1218031
1218032
1218033
1218034
1218035
1218036
1218037
1218038
1218039
1218040
1218041
1218042
1218043
1218044
1218045
1218046
1218047
1218048
1218049
1218050
1218051
1218052
1218053
1218054
1218055
1218056
1218057
1218058
1218059
1218060
1218061
1218062
1218063
1218064
1218065
1218066
1218067
1218068
1218069
1218070
1218071
1218072
1218073
1218074
1218075
1218076
1218077
1218078
1218079
1218080
1218081
1218082
1218083
1218084
1218085
1218086
1218087
1218088
1218089
1218090
1218091
1218092
1218093
1218094
1218095
1218096
1218097
1218098
1218099
1219000
1219001
1219002
1219003
1219004
1219005
1219006
1219007
1219008
1219009
1219010
1219011
1219012
1219013
1219014
1219015
1219016
1219017
1219018
1219019
1219020
1219021
1219022
1219023
1219024
1219025
1219026
1219027
1219028
1219029
1219030
1219031
1219032
1219033
1219034
1219035
1219036
1219037
1219038
1219039
1219040
1219041
1219042
1219043
1219044
1219045
1219046
1219047
1219048
1219049
1219050
1219051
1219052
1219053
1219054
1219055
1219056
1219057
1219058
1219059
1219060
1219061
1219062
1219063
1219064
1219065
1219066
1219067
1219068
1219069
1219070
1219071
1219072
1219073
1219074
1219075
1219076
1219077
1219078
1219079
1219080
1219081
1219082
1219083
1219084
1219085
1219086
1219087
1219088
1219089
1219090
1219091
1219092
1219093
1219094
1219095
1219096
1219097
1219098
1219099
1220000
1220001
1220002
1220003
1220004
1220005
1220006
1220007
1220008
1220009
1220010
1220011
1220012
1220013
1220014
1220015
1220016
1220017
1220018
1220019
1220020
1220021
1220022
1220023
1220024
1220025
1220026
1220027
1220028
1220029
1220030
1220031
1220032
1220033
1220034
1220035
1220036
1220037
1220038
1220039
1220040
1220041
1220042
1220043
1220044
1220045
1220046
1220047
1220048
1220049
1220050
1220051
1220052
1220053
1220054
1220055
1220056
1220057
1220058
1220059
1220060
1220061
1220062
1220063
1220064
1220065
1220066
1220067
1220068
1220069
1220070
1220071
1220072
1220073
1220074
1220075
1220076
1220077
1220078
1220079
1220080
1220081
1220082
1220083
1220084
1220085
1220086
1220087
1220088
1220089
1220090
1220091
1220092
1220093
1220094
1220095
1220096
1220097
1220098
1220099
1221000
1221001
1221002
1221003
1221004
1221005
1221006
1221007
1221008
1221009
1221010
1221011
1221012
1221013
1221014
1221015
1221016
1221017
1221018
1221019
1221020
1221021
1221022
1221023
1221024
1221025
1221026
1221027
1221028
1221029
1221030
1221031
1221032
1221033
1221034
1221035
1221036
1221037
1221038
1221039
1221040
1221041
1221042
1221043
1221044
1221045
1221046
1221047
1221048
1221049
1221050
1221051
1221052
1221053
1221054
1221055
1221056
1221057
1221058
1221059
1221060
1221061
1221062
1221063
1221064
1221065
1221066
1221067
1221068
1221069
1221070
1221071
1221072
1221073
1221074
1221075
1221076
1221077
1221078
1221079
1221080
1221081
1221082
1221083
1221084
1221085
1221086
1221087
1221088
1221089
1221090
1221091
1221092
1221093
1221094
1221095
1221096
1221097
1221098
1221099
1222000
1222001
1222002
1222003
1222004
1222005
1222006
1222007
1222008
1222009
1222010
1222011
1222012
1222013
1222014
1222015
1222016
1222017
1222018
1222019
1222020
1222021
1222022
1222023
1222024
1222025
1222026
1222027
1222028
1222029
1222030
1222031
1222032
1222033
1222034
1222035
1222036
1222037
1222038
1222039
1222040
1222041
1222042
1222043
1222044
1222045
1222046
1222047
1222048
1222049
1222050
1222051
1222052
1222053
1222054
1222055
1222056
1222057
1222058
1222059
1222060
1222061
1222062
1222063
1222064
1222065
1222066
1222067
1222068
1222069
1222070
1222071
1222072
1222073
1222074
1222075
1222076
1222077
1222078
1222079
1222080
1222081
1222082
1222083
1222084
1222085
1222086
1222087
1222088
1222089
1222090
1222091
1222092
1222093
1222094
1222095
1222096
1222097
1222098
1222099
1223000
1223001
1223002
1223003
1223004
1223005
1223006
1223007
1223008
1223009
1223010
1223011
1223012
1223013
1223014
1223015
1223016
1223017
1223018
1223019
1223020
1223021
1223022
1223023
1223024
1223025
1223026
1223027
1223028
1223029
1223030
1223031
1223032
1223033
1223034
1223035
1223036
1223037
1223038
1223039
1223040
1223041
1223042
1223043
1223044
1223045
1223046
1223047
1223048
1223049
1223050
1223051
1223052
1223053
1223054
1223055
1223056
1223057
1223058
1223059
1223060
1223061
1223062
1223063
1223064
1223065
1223066
1223067
1223068
1223069
1223070
1223071
1223072
1223073
1223074
1223075
1223076
1223077
1223078
1223079
1223080
1223081
1223082
1223083
1223084
1223085
1223086
1223087
1223088
1223089
1223090
1223091
1223092
1223093
1223094
1223095
1223096
1223097
1223098
1223099
1224000
1224001
1224002
1224003
1224004
1224005
1224006
1224007
1224008
1224009
1224010
1224011
1224012
1224013
1224014
1224015
1224016
1224017
1224018
1224019
1224020
1224021
1224022
1224023
1224024
1224025
1224026
1224027
1224028
1224029
1224030
1224031
1224032
1224033
1224034
1224035
1224036
1224037
1224038
1224039
1224040
1224041
1224042
1224043
1224044
1224045
1224046
1224047
1224048
1224049
1224050
1224051
1224052
1224053
1224054
1224055
1224056
1224057
1224058
1224059
1224060
1224061
1224062
1224063
1224064
1224065
1224066
1224067
1224068
1224069
1224070
1224071
1224072
1224073
1224074
1224075
1224076
1224077
1224078
1224079
1224080
1224081
1224082
1224083
1224084
1224085
1224086
1224087
1224088
1224089
1224090
1224091
1224092
1224093
1224094
1224095
1224096
1224097
1224098
1224099
1225000
1225001
1225002
1225003
1225004
1225005
1225006
1225007
1225008
1225009
1225010
1225011
1225012
1225013
1225014
1225015
1225016
1225017
1225018
1225019
1225020
1225021
1225022
1225023
1225024
1225025
1225026
1225027
1225028
1225029
1225030
1225031
1225032
1225033
1225034
1225035
1225036
1225037
1225038
1225039
1225040
1225041
1225042
1225043
1225044
1225045
1225046
1225047
1225048
1225049
1225050
1225051
1225052
1225053
1225054
1225055
1225056
1225057
1225058
1225059
1225060
1225061
1225062
1225063
1225064
1225065
1225066
1225067
1225068
1225069
1225070
1225071
1225072
1225073
1225074
1225075
1225076
1225077
1225078
1225079
1225080
1225081
1225082
1225083
1225084
1225085
1225086
1225087
1225088
1225089
1225090
1225091
1225092
1225093
1225094
1225095
1225096
1225097
1225098
1225099
1226000
1226001
1226002
1226003
1226004
1226005
1226006
1226007
1226008
1226009
1226010
1226011
1226012
1226013
1226014
1226015
1226016
1226017
1226018
1226019
1226020
1226021
1226022
1226023
1226024
1226025
1226026
1226027
1226028
1226029
1226030
1226031
1226032
1226033
1226034
1226035
1226036
1226037
1226038
1226039
1226040
1226041
1226042
1226043
1226044
1226045
1226046
1226047
1226048
1226049
1226050
1226051
1226052
1226053
1226054
1226055
1226056
1226057
1226058
1226059
1226060
1226061
1226062
1226063
1226064
1226065
1226066
1226067
1226068
1226069
1226070
1226071
1226072
1226073
1226074
1226075
1226076
1226077
1226078
1226079
1226080
1226081
1226082
1226083
1226084
1226085
1226086
1226087
1226088
1226089
1226090
1226091
1226092
1226093
1226094
1226095
1226096
1226097
1226098
1226099
1227000
1227001
1227002
1227003
1227004
1227005
1227006
1227007
1227008
1227009
1227010
1227011
1227012
1227013
1227014
1227015
1227016
1227017
1227018
1227019
1227020
1227021
1227022
1227023
1227024
1227025
1227026
1227027
1227028
1227029
1227030
1227031
1227032
1227033
1227034
1227035
1227036
1227037
1227038
1227039
1227040
1227041
1227042
1227043
1227044
1227045
1227046
1227047
1227048
1227049
1227050
1227051
1227052
1227053
1227054
1227055
1227056
1227057
1227058
1227059
1227060
1227061
1227062
1227063
1227064
1227065
1227066
1227067
1227068
1227069
1227070
1227071
1227072
1227073
1227074
1227075
1227076
1227077
1227078
1227079
1227080
1227081
1227082
1227083
1227084
1227085
1227086
1227087
1227088
1227089
1227090
1227091
1227092
1227093
1227094
1227095
1227096
1227097
1227098
1227099
1228000
1228001
1228002
1228003
1228004
1228005
1228006
1228007
1228008
1228009
1228010
1228011
1228012
1228013
1228014
1228015
1228016
1228017
1228018
1228019
1228020
1228021
1228022
1228023
1228024
1228025
1228026
1228027
1228028
1228029
1228030
1228031
1228032
1228033
1228034
1228035
1228036
1228037
1228038
1228039
1228040
1228041
1228042
1228043
1228044
1228045
1228046
1228047
1228048
1228049
1228050
1228051
1228052
1228053
1228054
1228055
1228056
1228057
1228058
1228059
1228060
1228061
1228062
1228063
1228064
1228065
1228066
1228067
1228068
1228069
1228070
1228071
1228072
1228073
1228074
1228075
1228076
1228077
1228078
1228079
1228080
1228081
1228082
1228083
1228084
1228085
1228086
1228087
1228088
1228089
1228090
1228091
1228092
1228093
1228094
1228095
1228096
1228097
1228098
1228099
1229000
1229001
1229002
1229003
1229004
1229005
1229006
1229007
1229008
1229009
1229010
1229011
1229012
1229013
1229014
1229015
1229016
1229017
1229018
1229019
1229020
1229021
1229022
1229023
1229024
1229025
1229026
1229027
1229028
1229029
1229030
1229031
1229032
1229033
1229034
1229035
1229036
1229037
1229038
1229039
1229040
1229041
1229042
1229043
1229044
1229045
1229046
1229047
1229048
1229049
1229050
1229051
1229052
1229053
1229054
1229055
1229056
1229057
1229058
1229059
1229060
1229061
1229062
1229063
1229064
1229065
1229066
1229067
1229068
1229069
1229070
1229071
1229072
1229073
1229074
1229075
1229076
1229077
1229078
1229079
1229080
1229081
1229082
1229083
1229084
1229085
1229086
1229087
1229088
1229089
1229090
1229091
1229092
1229093
1229094
1229095
1229096
1229097
1229098
1229099
1230000
1230001
1230002
1230003
1230004
1230005
1230006
1230007
1230008
1230009
1230010
1230011
1230012
1230013
1230014
1230015
1230016
1230017
1230018
1230019
1230020
1230021
1230022
1230023
1230024
1230025
1230026
1230027
1230028
1230029
1230030
1230031
1230032
1230033
1230034
1230035
1230036
1230037
1230038
1230039
1230040
1230041
1230042
1230043
1230044
1230045
1230046
1230047
1230048
1230049
1230050
1230051
1230052
1230053
1230054
1230055
1230056
1230057
1230058
1230059
1230060
1230061
1230062
1230063
1230064
1230065
1230066
1230067
1230068
1230069
1230070
1230071
1230072
1230073
1230074
1230075
1230076
1230077
1230078
1230079
1230080
1230081
1230082
1230083
1230084
1230085
1230086
1230087
1230088
1230089
1230090
1230091
1230092
1230093
1230094
1230095
1230096
1230097
1230098
1230099
1231000
1231001
1231002
1231003
1231004
1231005
1231006
1231007
1231008
1231009
1231010
1231011
1231012
1231013
1231014
1231015
1231016
1231017
1231018
1231019
1231020
1231021
1231022
1231023
1231024
1231025
1231026
1231027
1231028
1231029
1231030
1231031
1231032
1231033
1231034
1231035
1231036
1231037
1231038
1231039
1231040
1231041
1231042
1231043
1231044
1231045
1231046
1231047
1231048
1231049
1231050
1231051
1231052
1231053
1231054
1231055
1231056
1231057
1231058
1231059
1231060
1231061
1231062
1231063
1231064
1231065
1231066
1231067
1231068
1231069
1231070
1231071
1231072
1231073
1231074
1231075
1231076
1231077
1231078
1231079
1231080
1231081
1231082
1231083
1231084
1231085
1231086
1231087
1231088
1231089
1231090
1231091
1231092
1231093
1231094
1231095
1231096
1231097
1231098
1231099
1232000
1232001
1232002
1232003
1232004
1232005
1232006
1232007
1232008
1232009
1232010
1232011
1232012
1232013
1232014
1232015
1232016
1232017
1232018
1232019
1232020
1232021
1232022
1232023
1232024
1232025
1232026
1232027
1232028
1232029
1232030
1232031
1232032
1232033
1232034
1232035
1232036
1232037
1232038
1232039
1232040
1232041
1232042
1232043
1232044
1232045
1232046
1232047
1232048
1232049
1232050
1232051
1232052
1232053
1232054
1232055
1232056
1232057
1232058
1232059
1232060
1232061
1232062
1232063
1232064
1232065
1232066
1232067
1232068
1232069
1232070
1232071
1232072
1232073
1232074
1232075
1232076
1232077
1232078
1232079
1232080
1232081
1232082
1232083
1232084
1232085
1232086
1232087
1232088
1232089
1232090
1232091
1232092
1232093
1232094
1232095
1232096
1232097
1232098
1232099
1233000
1233001
1233002
1233003
1233004
1233005
1233006
1233007
1233008
1233009
1233010
1233011
1233012
1233013
1233014
1233015
1233016
1233017
1233018
1233019
1233020
1233021
1233022
1233023
1233024
1233025
1233026
1233027
1233028
1233029
1233030
1233031
1233032
1233033
1233034
1233035
1233036
1233037
1233038
1233039
1233040
1233041
1233042
1233043
1233044
1233045
1233046
1233047
1233048
1233049
1233050
1233051
1233052
1233053
1233054
1233055
1233056
1233057
1233058
1233059
1233060
1233061
1233062
1233063
1233064
1233065
1233066
1233067
1233068
1233069
1233070
1233071
1233072
1233073
1233074
1233075
1233076
1233077
1233078
1233079
1233080
1233081
1233082
1233083
1233084
1233085
1233086
1233087
1233088
1233089
1233090
1233091
1233092
1233093
1233094
1233095
1233096
1233097
1233098
1233099
1234000
1234001
1234002
1234003
1234004
1234005
1234006
1234007
1234008
1234009
1234010
1234011
1234012
1234013
1234014
1234015
1234016
1234017
1234018
1234019
1234020
1234021
1234022
1234023
1234024
1234025
1234026
1234027
1234028
1234029
1234030
1234031
1234032
1234033
1234034
1234035
1234036
1234037
1234038
1234039
1234040
1234041
1234042
1234043
1234044
1234045
1234046
1234047
1234048
1234049
1234050
1234051
1234052
1234053
1234054
1234055
1234056
1234057
1234058
1234059
1234060
1234061
1234062
1234063
1234064
1234065
1234066
1234067
1234068
1234069
1234070
1234071
1234072
1234073
1234074
1234075
1234076
1234077
1234078
1234079
1234080
1234081
1234082
1234083
1234084
1234085
1234086
1234087
1234088
1234089
1234090
1234091
1234092
1234093
1234094
1234095
1234096
1234097
1234098
1234099
1235000
1235001
1235002
1235003
1235004
1235005
1235006
1235007
1235008
1235009
1235010
1235011
1235012
1235013
1235014
1235015
1235016
1235017
1235018
1235019
1235020
1235021
1235022
1235023
1235024
1235025
1235026
1235027
1235028
1235029
1235030
1235031
1235032
1235033
1235034
1235035
1235036
1235037
1235038
1235039
1235040
1235041
1235042
1235043
1235044
1235045
1235046
1235047
1235048
1235049
1235050
1235051
1235052
1235053
1235054
1235055
1235056
1235057
1235058
1235059
1235060
1235061
1235062
1235063
1235064
1235065
1235066
1235067
1235068
1235069
1235070
1235071
1235072
1235073
1235074
1235075
1235076
1235077
1235078
1235079
1235080
1235081
1235082
1235083
1235084
1235085
1235086
1235087
1235088
1235089
1235090
1235091
1235092
1235093
1235094
1235095
1235096
1235097
1235098
1235099
1236000
1236001
1236002
1236003
1236004
1236005
1236006
1236007
1236008
1236009
1236010
1236011
1236012
1236013
1236014
1236015
1236016
1236017
1236018
1236019
1236020
1236021
1236022
1236023
1236024
1236025
1236026
1236027
1236028
1236029
1236030
1236031
1236032
1236033
1236034
1236035
1236036
1236037
1236038
1236039
1236040
1236041
1236042
1236043
1236044
1236045
1236046
1236047
1236048
1236049
1236050
1236051
1236052
1236053
1236054
1236055
1236056
1236057
1236058
1236059
1236060
1236061
1236062
1236063
1236064
1236065
1236066
1236067
1236068
1236069
1236070
1236071
1236072
1236073
1236074
1236075
1236076
1236077
1236078
1236079
1236080
1236081
1236082
1236083
1236084
1236085
1236086
1236087
1236088
1236089
1236090
1236091
1236092
1236093
1236094
1236095
1236096
1236097
1236098
1236099
1237000
1237001
1237002
1237003
1237004
1237005
1237006
1237007
1237008
1237009
1237010
1237011
1237012
1237013
1237014
1237015
1237016
1237017
1237018
1237019
1237020
1237021
1237022
1237023
1237024
1237025
1237026
1237027
1237028
1237029
1237030
1237031
1237032
1237033
1237034
1237035
1237036
1237037
1237038
1237039
1237040
1237041
1237042
1237043
1237044
1237045
1237046
1237047
1237048
1237049
1237050
1237051
1237052
1237053
1237054
1237055
1237056
1237057
1237058
1237059
1237060
1237061
1237062
1237063
1237064
1237065
1237066
1237067
1237068
1237069
1237070
1237071
1237072
1237073
1237074
1237075
1237076
1237077
1237078
1237079
1237080
1237081
1237082
1237083
1237084
1237085
1237086
1237087
1237088
1237089
1237090
1237091
1237092
1237093
1237094
1237095
1237096
1237097
1237098
1237099
1238000
1238001
1238002
1238003
1238004
1238005
1238006
1238007
1238008
1238009
1238010
1238011
1238012
1238013
1238014
1238015
1238016
1238017
1238018
1238019
1238020
1238021
1238022
1238023
1238024
1238025
1238026
1238027
1238028
1238029
1238030
1238031
1238032
1238033
1238034
1238035
1238036
1238037
1238038
1238039
1238040
1238041
1238042
1238043
1238044
1238045
1238046
1238047
1238048
1238049
1238050
1238051
1238052
1238053
1238054
1238055
1238056
1238057
1238058
1238059
1238060
1238061
1238062
1238063
1238064
1238065
1238066
1238067
1238068
1238069
1238070
1238071
1238072
1238073
1238074
1238075
1238076
1238077
1238078
1238079
1238080
1238081
1238082
1238083
1238084
1238085
1238086
1238087
1238088
1238089
1238090
1238091
1238092
1238093
1238094
1238095
1238096
1238097
1238098
1238099
1239000
1239001
1239002
1239003
1239004
1239005
1239006
1239007
1239008
1239009
1239010
1239011
1239012
1239013
1239014
1239015
1239016
1239017
1239018
1239019
1239020
1239021
1239022
1239023
1239024
1239025
1239026
1239027
1239028
1239029
1239030
1239031
1239032
1239033
1239034
1239035
1239036
1239037
1239038
1239039
1239040
1239041
1239042
1239043
1239044
1239045
1239046
1239047
1239048
1239049
1239050
1239051
1239052
1239053
1239054
1239055
1239056
1239057
1239058
1239059
1239060
1239061
1239062
1239063
1239064
1239065
1239066
1239067
1239068
1239069
1239070
1239071
1239072
1239073
1239074
1239075
1239076
1239077
1239078
1239079
1239080
1239081
1239082
1239083
1239084
1239085
1239086
1239087
1239088
1239089
1239090
1239091
1239092
1239093
1239094
1239095
1239096
1239097
1239098
1239099
1240000
1240001
1240002
1240003
1240004
1240005
1240006
1240007
1240008
1240009
1240010
1240011
1240012
1240013
1240014
1240015
1240016
1240017
1240018
1240019
1240020
1240021
1240022
1240023
1240024
1240025
1240026
1240027
1240028
1240029
1240030
1240031
1240032
1240033
1240034
1240035
1240036
1240037
1240038
1240039
1240040
1240041
1240042
1240043
1240044
1240045
1240046
1240047
1240048
1240049
1240050
1240051
1240052
1240053
1240054
1240055
1240056
1240057
1240058
1240059
1240060
1240061
1240062
1240063
1240064
1240065
1240066
1240067
1240068
1240069
1240070
1240071
1240072
1240073
1240074
1240075
1240076
1240077
1240078
1240079
1240080
1240081
1240082
1240083
1240084
1240085
1240086
1240087
1240088
1240089
1240090
1240091
1240092
1240093
1240094
1240095
1240096
1240097
1240098
1240099
1241000
1241001
1241002
1241003
1241004
1241005
1241006
1241007
1241008
1241009
1241010
1241011
1241012
1241013
1241014
1241015
1241016
1241017
1241018
1241019
1241020
1241021
1241022
1241023
1241024
1241025
1241026
1241027
1241028
1241029
1241030
1241031
1241032
1241033
1241034
1241035
1241036
1241037
1241038
1241039
1241040
1241041
1241042
1241043
1241044
1241045
1241046
1241047
1241048
1241049
1241050
1241051
1241052
1241053
1241054
1241055
1241056
1241057
1241058
1241059
1241060
1241061
1241062
1241063
1241064
1241065
1241066
1241067
1241068
1241069
1241070
1241071
1241072
1241073
1241074
1241075
1241076
1241077
1241078
1241079
1241080
1241081
1241082
1241083
1241084
1241085
1241086
1241087
1241088
1241089
1241090
1241091
1241092
1241093
1241094
1241095
1241096
1241097
1241098
1241099
1242000
1242001
1242002
1242003
1242004
1242005
1242006
1242007
1242008
1242009
1242010
1242011
1242012
1242013
1242014
1242015
1242016
1242017
1242018
1242019
1242020
1242021
1242022
1242023
1242024
1242025
1242026
1242027
1242028
1242029
1242030
1242031
1242032
1242033
1242034
1242035
1242036
1242037
1242038
1242039
1242040
1242041
1242042
1242043
1242044
1242045
1242046
1242047
1242048
1242049
1242050
1242051
1242052
1242053
1242054
1242055
1242056
1242057
1242058
1242059
1242060
1242061
1242062
1242063
1242064
1242065
1242066
1242067
1242068
1242069
1242070
1242071
1242072
1242073
1242074
1242075
1242076
1242077
1242078
1242079
1242080
1242081
1242082
1242083
1242084
1242085
1242086
1242087
1242088
1242089
1242090
1242091
1242092
1242093
1242094
1242095
1242096
1242097
1242098
1242099
1243000
1243001
1243002
1243003
1243004
1243005
1243006
1243007
1243008
1243009
1243010
1243011
1243012
1243013
1243014
1243015
1243016
1243017
1243018
1243019
1243020
1243021
1243022
1243023
1243024
1243025
1243026
1243027
1243028
1243029
1243030
1243031
1243032
1243033
1243034
1243035
1243036
1243037
1243038
1243039
1243040
1243041
1243042
1243043
1243044
1243045
1243046
1243047
1243048
1243049
1243050
1243051
1243052
1243053
1243054
1243055
1243056
1243057
1243058
1243059
1243060
1243061
1243062
1243063
1243064
1243065
1243066
1243067
1243068
1243069
1243070
1243071
1243072
1243073
1243074
1243075
1243076
1243077
1243078
1243079
1243080
1243081
1243082
1243083
1243084
1243085
1243086
1243087
1243088
1243089
1243090
1243091
1243092
1243093
1243094
1243095
1243096
1243097
1243098
1243099
1244000
1244001
1244002
1244003
1244004
1244005
1244006
1244007
1244008
1244009
1244010
1244011
1244012
1244013
1244014
1244015
1244016
1244017
1244018
1244019
1244020
1244021
1244022
1244023
1244024
1244025
1244026
1244027
1244028
1244029
1244030
1244031
1244032
1244033
1244034
1244035
1244036
1244037
1244038
1244039
1244040
1244041
1244042
1244043
1244044
1244045
1244046
1244047
1244048
1244049
1244050
1244051
1244052
1244053
1244054
1244055
1244056
1244057
1244058
1244059
1244060
1244061
1244062
1244063
1244064
1244065
1244066
1244067
1244068
1244069
1244070
1244071
1244072
1244073
1244074
1244075
1244076
1244077
1244078
1244079
1244080
1244081
1244082
1244083
1244084
1244085
1244086
1244087
1244088
1244089
1244090
1244091
1244092
1244093
1244094
1244095
1244096
1244097
1244098
1244099
1245000
1245001
1245002
1245003
1245004
1245005
1245006
1245007
1245008
1245009
1245010
1245011
1245012
1245013
1245014
1245015
1245016
1245017
1245018
1245019
1245020
1245021
1245022
1245023
1245024
1245025
1245026
1245027
1245028
1245029
1245030
1245031
1245032
1245033
1245034
1245035
1245036
1245037
1245038
1245039
1245040
1245041
1245042
1245043
1245044
1245045
1245046
1245047
1245048
1245049
1245050
1245051
1245052
1245053
1245054
1245055
1245056
1245057
1245058
1245059
1245060
1245061
1245062
1245063
1245064
1245065
1245066
1245067
1245068
1245069
1245070
1245071
1245072
1245073
1245074
1245075
1245076
1245077
1245078
1245079
1245080
1245081
1245082
1245083
1245084
1245085
1245086
1245087
1245088
1245089
1245090
1245091
1245092
1245093
1245094
1245095
1245096
1245097
1245098
1245099
1246000
1246001
1246002
1246003
1246004
1246005
1246006
1246007
1246008
1246009
1246010
1246011
1246012
1246013
1246014
1246015
1246016
1246017
1246018
1246019
1246020
1246021
1246022
1246023
1246024
1246025
1246026
1246027
1246028
1246029
1246030
1246031
1246032
1246033
1246034
1246035
1246036
1246037
1246038
1246039
1246040
1246041
1246042
1246043
1246044
1246045
1246046
1246047
1246048
1246049
1246050
1246051
1246052
1246053
1246054
1246055
1246056
1246057
1246058
1246059
1246060
1246061
1246062
1246063
1246064
1246065
1246066
1246067
1246068
1246069
1246070
1246071
1246072
1246073
1246074
1246075
1246076
1246077
1246078
1246079
1246080
1246081
1246082
1246083
1246084
1246085
1246086
1246087
1246088
1246089
1246090
1246091
1246092
1246093
1246094
1246095
1246096
1246097
1246098
1246099
1247000
1247001
1247002
1247003
1247004
1247005
1247006
1247007
1247008
1247009
1247010
1247011
1247012
1247013
1247014
1247015
1247016
1247017
1247018
1247019
1247020
1247021
1247022
1247023
1247024
1247025
1247026
1247027
1247028
1247029
1247030
1247031
1247032
1247033
1247034
1247035
1247036
1247037
1247038
1247039
1247040
1247041
1247042
1247043
1247044
1247045
1247046
1247047
1247048
1247049
1247050
1247051
1247052
1247053
1247054
1247055
1247056
1247057
1247058
1247059
1247060
1247061
1247062
1247063
1247064
1247065
1247066
1247067
1247068
1247069
1247070
1247071
1247072
1247073
1247074
1247075
1247076
1247077
1247078
1247079
1247080
1247081
1247082
1247083
1247084
1247085
1247086
1247087
1247088
1247089
1247090
1247091
1247092
1247093
1247094
1247095
1247096
1247097
1247098
1247099
1248000
1248001
1248002
1248003
1248004
1248005
1248006
1248007
1248008
1248009
1248010
1248011
1248012
1248013
1248014
1248015
1248016
1248017
1248018
1248019
1248020
1248021
1248022
1248023
1248024
1248025
1248026
1248027
1248028
1248029
1248030
1248031
1248032
1248033
1248034
1248035
1248036
1248037
1248038
1248039
1248040
1248041
1248042
1248043
1248044
1248045
1248046
1248047
1248048
1248049
1248050
1248051
1248052
1248053
1248054
1248055
1248056
1248057
1248058
1248059
1248060
1248061
1248062
1248063
1248064
1248065
1248066
1248067
1248068
1248069
1248070
1248071
1248072
1248073
1248074
1248075
1248076
1248077
1248078
1248079
1248080
1248081
1248082
1248083
1248084
1248085
1248086
1248087
1248088
1248089
1248090
1248091
1248092
1248093
1248094
1248095
1248096
1248097
1248098
1248099
1249000
1249001
1249002
1249003
1249004
1249005
1249006
1249007
1249008
1249009
1249010
1249011
1249012
1249013
1249014
1249015
1249016
1249017
1249018
1249019
1249020
1249021
1249022
1249023
1249024
1249025
1249026
1249027
1249028
1249029
1249030
1249031
1249032
1249033
1249034
1249035
1249036
1249037
1249038
1249039
1249040
1249041
1249042
1249043
1249044
1249045
1249046
1249047
1249048
1249049
1249050
1249051
1249052
1249053
1249054
1249055
1249056
1249057
1249058
1249059
1249060
1249061
1249062
1249063
1249064
1249065
1249066
1249067
1249068
1249069
1249070
1249071
1249072
1249073
1249074
1249075
1249076
1249077
1249078
1249079
1249080
1249081
1249082
1249083
1249084
1249085
1249086
1249087
1249088
1249089
1249090
1249091
1249092
1249093
1249094
1249095
1249096
1249097
1249098
1249099
1250000
1250001
1250002
1250003
1250004
1250005
1250006
1250007
1250008
1250009
1250010
1250011
1250012
1250013
1250014
1250015
1250016
1250017
1250018
1250019
1250020
1250021
1250022
1250023
1250024
1250025
1250026
1250027
1250028
1250029
1250030
1250031
1250032
1250033
1250034
1250035
1250036
1250037
1250038
1250039
1250040
1250041
1250042
1250043
1250044
1250045
1250046
1250047
1250048
1250049
1250050
1250051
1250052
1250053
1250054
1250055
1250056
1250057
1250058
1250059
1250060
1250061
1250062
1250063
1250064
1250065
1250066
1250067
1250068
1250069
1250070
1250071
1250072
1250073
1250074
1250075
1250076
1250077
1250078
1250079
1250080
1250081
1250082
1250083
1250084
1250085
1250086
1250087
1250088
1250089
1250090
1250091
1250092
1250093
1250094
1250095
1250096
1250097
1250098
1250099
1251000
1251001
1251002
1251003
1251004
1251005
1251006
1251007
1251008
1251009
1251010
1251011
1251012
1251013
1251014
1251015
1251016
1251017
1251018
1251019
1251020
1251021
1251022
1251023
1251024
1251025
1251026
1251027
1251028
1251029
1251030
1251031
1251032
1251033
1251034
1251035
1251036
1251037
1251038
1251039
1251040
1251041
1251042
1251043
1251044
1251045
1251046
1251047
1251048
1251049
1251050
1251051
1251052
1251053
1251054
1251055
1251056
1251057
1251058
1251059
1251060
1251061
1251062
1251063
1251064
1251065
1251066
1251067
1251068
1251069
1251070
1251071
1251072
1251073
1251074
1251075
1251076
1251077
1251078
1251079
1251080
1251081
1251082
1251083
1251084
1251085
1251086
1251087
1251088
1251089
1251090
1251091
1251092
1251093
1251094
1251095
1251096
1251097
1251098
1251099
1252000
1252001
1252002
1252003
1252004
1252005
1252006
1252007
1252008
1252009
1252010
1252011
1252012
1252013
1252014
1252015
1252016
1252017
1252018
1252019
1252020
1252021
1252022
1252023
1252024
1252025
1252026
1252027
1252028
1252029
1252030
1252031
1252032
1252033
1252034
1252035
1252036
1252037
1252038
1252039
1252040
1252041
1252042
1252043
1252044
1252045
1252046
1252047
1252048
1252049
1252050
1252051
1252052
1252053
1252054
1252055
1252056
1252057
1252058
1252059
1252060
1252061
1252062
1252063
1252064
1252065
1252066
1252067
1252068
1252069
1252070
1252071
1252072
1252073
1252074
1252075
1252076
1252077
1252078
1252079
1252080
1252081
1252082
1252083
1252084
1252085
1252086
1252087
1252088
1252089
1252090
1252091
1252092
1252093
1252094
1252095
1252096
1252097
1252098
1252099
1253000
1253001
1253002
1253003
1253004
1253005
1253006
1253007
1253008
1253009
1253010
1253011
1253012
1253013
1253014
1253015
1253016
1253017
1253018
1253019
1253020
1253021
1253022
1253023
1253024
1253025
1253026
1253027
1253028
1253029
1253030
1253031
1253032
1253033
1253034
1253035
1253036
1253037
1253038
1253039
1253040
1253041
1253042
1253043
1253044
1253045
1253046
1253047
1253048
1253049
1253050
1253051
1253052
1253053
1253054
1253055
1253056
1253057
1253058
1253059
1253060
1253061
1253062
1253063
1253064
1253065
1253066
1253067
1253068
1253069
1253070
1253071
1253072
1253073
1253074
1253075
1253076
1253077
1253078
1253079
1253080
1253081
1253082
1253083
1253084
1253085
1253086
1253087
1253088
1253089
1253090
1253091
1253092
1253093
1253094
1253095
1253096
1253097
1253098
1253099
1254000
1254001
1254002
1254003
1254004
1254005
1254006
1254007
1254008
1254009
1254010
1254011
1254012
1254013
1254014
1254015
1254016
1254017
1254018
1254019
1254020
1254021
1254022
1254023
1254024
1254025
1254026
1254027
1254028
1254029
1254030
1254031
1254032
1254033
1254034
1254035
1254036
1254037
1254038
1254039
1254040
1254041
1254042
1254043
1254044
1254045
1254046
1254047
1254048
1254049
1254050
1254051
1254052
1254053
1254054
1254055
1254056
1254057
1254058
1254059
1254060
1254061
1254062
1254063
1254064
1254065
1254066
1254067
1254068
1254069
1254070
1254071
1254072
1254073
1254074
1254075
1254076
1254077
1254078
1254079
1254080
1254081
1254082
1254083
1254084
1254085
1254086
1254087
1254088
1254089
1254090
1254091
1254092
1254093
1254094
1254095
1254096
1254097
1254098
1254099
1255000
1255001
1255002
1255003
1255004
1255005
1255006
1255007
1255008
1255009
1255010
1255011
1255012
1255013
1255014
1255015
1255016
1255017
1255018
1255019
1255020
1255021
1255022
1255023
1255024
1255025
1255026
1255027
1255028
1255029
1255030
1255031
1255032
1255033
1255034
1255035
1255036
1255037
1255038
1255039
1255040
1255041
1255042
1255043
1255044
1255045
1255046
1255047
1255048
1255049
1255050
1255051
1255052
1255053
1255054
1255055
1255056
1255057
1255058
1255059
1255060
1255061
1255062
1255063
1255064
1255065
1255066
1255067
1255068
1255069
1255070
1255071
1255072
1255073
1255074
1255075
1255076
1255077
1255078
1255079
1255080
1255081
1255082
1255083
1255084
1255085
1255086
1255087
1255088
1255089
1255090
1255091
1255092
1255093
1255094
1255095
1255096
1255097
1255098
1255099
1256000
1256001
1256002
1256003
1256004
1256005
1256006
1256007
1256008
1256009
1256010
1256011
1256012
1256013
1256014
1256015
1256016
1256017
1256018
1256019
1256020
1256021
1256022
1256023
1256024
1256025
1256026
1256027
1256028
1256029
1256030
1256031
1256032
1256033
1256034
1256035
1256036
1256037
1256038
1256039
1256040
1256041
1256042
1256043
1256044
1256045
1256046
1256047
1256048
1256049
1256050
1256051
1256052
1256053
1256054
1256055
1256056
1256057
1256058
1256059
1256060
1256061
1256062
1256063
1256064
1256065
1256066
1256067
1256068
1256069
1256070
1256071
1256072
1256073
1256074
1256075
1256076
1256077
1256078
1256079
1256080
1256081
1256082
1256083
1256084
1256085
1256086
1256087
1256088
1256089
1256090
1256091
1256092
1256093
1256094
1256095
1256096
1256097
1256098
1256099
1257000
1257001
1257002
1257003
1257004
1257005
1257006
1257007
1257008
1257009
1257010
1257011
1257012
1257013
1257014
1257015
1257016
1257017
1257018
1257019
1257020
1257021
1257022
1257023
1257024
1257025
1257026
1257027
1257028
1257029
1257030
1257031
1257032
1257033
1257034
1257035
1257036
1257037
1257038
1257039
1257040
1257041
1257042
1257043
1257044
1257045
1257046
1257047
1257048
1257049
1257050
1257051
1257052
1257053
1257054
1257055
1257056
1257057
1257058
1257059
1257060
1257061
1257062
1257063
1257064
1257065
1257066
1257067
1257068
1257069
1257070
1257071
1257072
1257073
1257074
1257075
1257076
1257077
1257078
1257079
1257080
1257081
1257082
1257083
1257084
1257085
1257086
1257087
1257088
1257089
1257090
1257091
1257092
1257093
1257094
1257095
1257096
1257097
1257098
1257099
1258000
1258001
1258002
1258003
1258004
1258005
1258006
1258007
1258008
1258009
1258010
1258011
1258012
1258013
1258014
1258015
1258016
1258017
1258018
1258019
1258020
1258021
1258022
1258023
1258024
1258025
1258026
1258027
1258028
1258029
1258030
1258031
1258032
1258033
1258034
1258035
1258036
1258037
1258038
1258039
1258040
1258041
1258042
1258043
1258044
1258045
1258046
1258047
1258048
1258049
1258050
1258051
1258052
1258053
1258054
1258055
1258056
1258057
1258058
1258059
1258060
1258061
1258062
1258063
1258064
1258065
1258066
1258067
1258068
1258069
1258070
1258071
1258072
1258073
1258074
1258075
1258076
1258077
1258078
1258079
1258080
1258081
1258082
1258083
1258084
1258085
1258086
1258087
1258088
1258089
1258090
1258091
1258092
1258093
1258094
1258095
1258096
1258097
1258098
1258099
1259000
1259001
1259002
1259003
1259004
1259005
1259006
1259007
1259008
1259009
1259010
1259011
1259012
1259013
1259014
1259015
1259016
1259017
1259018
1259019
1259020
1259021
1259022
1259023
1259024
1259025
1259026
1259027
1259028
1259029
1259030
1259031
1259032
1259033
1259034
1259035
1259036
1259037
1259038
1259039
1259040
1259041
1259042
1259043
1259044
1259045
1259046
1259047
1259048
1259049
1259050
1259051
1259052
1259053
1259054
1259055
1259056
1259057
1259058
1259059
1259060
1259061
1259062
1259063
1259064
1259065
1259066
1259067
1259068
1259069
1259070
1259071
1259072
1259073
1259074
1259075
1259076
1259077
1259078
1259079
1259080
1259081
1259082
1259083
1259084
1259085
1259086
1259087
1259088
1259089
1259090
1259091
1259092
1259093
1259094
1259095
1259096
1259097
1259098
1259099
1260000
1260001
1260002
1260003
1260004
1260005
1260006
1260007
1260008
1260009
1260010
1260011
1260012
1260013
1260014
1260015
1260016
1260017
1260018
1260019
1260020
1260021
1260022
1260023
1260024
1260025
1260026
1260027
1260028
1260029
1260030
1260031
1260032
1260033
1260034
1260035
1260036
1260037
1260038
1260039
1260040
1260041
1260042
1260043
1260044
1260045
1260046
1260047
1260048
1260049
1260050
1260051
1260052
1260053
1260054
1260055
1260056
1260057
1260058
1260059
1260060
1260061
1260062
1260063
1260064
1260065
1260066
1260067
1260068
1260069
1260070
1260071
1260072
1260073
1260074
1260075
1260076
1260077
1260078
1260079
1260080
1260081
1260082
1260083
1260084
1260085
1260086
1260087
1260088
1260089
1260090
1260091
1260092
1260093
1260094
1260095
1260096
1260097
1260098
1260099
1261000
1261001
1261002
1261003
1261004
1261005
1261006
1261007
1261008
1261009
1261010
1261011
1261012
1261013
1261014
1261015
1261016
1261017
1261018
1261019
1261020
1261021
1261022
1261023
1261024
1261025
1261026
1261027
1261028
1261029
1261030
1261031
1261032
1261033
1261034
1261035
1261036
1261037
1261038
1261039
1261040
1261041
1261042
1261043
1261044
1261045
1261046
1261047
1261048
1261049
1261050
1261051
1261052
1261053
1261054
1261055
1261056
1261057
1261058
1261059
1261060
1261061
1261062
1261063
1261064
1261065
1261066
1261067
1261068
1261069
1261070
1261071
1261072
1261073
1261074
1261075
1261076
1261077
1261078
1261079
1261080
1261081
1261082
1261083
1261084
1261085
1261086
1261087
1261088
1261089
1261090
1261091
1261092
1261093
1261094
1261095
1261096
1261097
1261098
1261099
1262000
1262001
1262002
1262003
1262004
1262005
1262006
1262007
1262008
1262009
1262010
1262011
1262012
1262013
1262014
1262015
1262016
1262017
1262018
1262019
1262020
1262021
1262022
1262023
1262024
1262025
1262026
1262027
1262028
1262029
1262030
1262031
1262032
1262033
1262034
1262035
1262036
1262037
1262038
1262039
1262040
1262041
1262042
1262043
1262044
1262045
1262046
1262047
1262048
1262049
1262050
1262051
1262052
1262053
1262054
1262055
1262056
1262057
1262058
1262059
1262060
1262061
1262062
1262063
1262064
1262065
1262066
1262067
1262068
1262069
1262070
1262071
1262072
1262073
1262074
1262075
1262076
1262077
1262078
1262079
1262080
1262081
1262082
1262083
1262084
1262085
1262086
1262087
1262088
1262089
1262090
1262091
1262092
1262093
1262094
1262095
1262096
1262097
1262098
1262099
1263000
1263001
1263002
1263003
1263004
1263005
1263006
1263007
1263008
1263009
1263010
1263011
1263012
1263013
1263014
1263015
1263016
1263017
1263018
1263019
1263020
1263021
1263022
1263023
1263024
1263025
1263026
1263027
1263028
1263029
1263030
1263031
1263032
1263033
1263034
1263035
1263036
1263037
1263038
1263039
1263040
1263041
1263042
1263043
1263044
1263045
1263046
1263047
1263048
1263049
1263050
1263051
1263052
1263053
1263054
1263055
1263056
1263057
1263058
1263059
1263060
1263061
1263062
1263063
1263064
1263065
1263066
1263067
1263068
1263069
1263070
1263071
1263072
1263073
1263074
1263075
1263076
1263077
1263078
1263079
1263080
1263081
1263082
1263083
1263084
1263085
1263086
1263087
1263088
1263089
1263090
1263091
1263092
1263093
1263094
1263095
1263096
1263097
1263098
1263099
1264000
1264001
1264002
1264003
1264004
1264005
1264006
1264007
1264008
1264009
1264010
1264011
1264012
1264013
1264014
1264015
1264016
1264017
1264018
1264019
1264020
1264021
1264022
1264023
1264024
1264025
1264026
1264027
1264028
1264029
1264030
1264031
1264032
1264033
1264034
1264035
1264036
1264037
1264038
1264039
1264040
1264041
1264042
1264043
1264044
1264045
1264046
1264047
1264048
1264049
1264050
1264051
1264052
1264053
1264054
1264055
1264056
1264057
1264058
1264059
1264060
1264061
1264062
1264063
1264064
1264065
1264066
1264067
1264068
1264069
1264070
1264071
1264072
1264073
1264074
1264075
1264076
1264077
1264078
1264079
1264080
1264081
1264082
1264083
1264084
1264085
1264086
1264087
1264088
1264089
1264090
1264091
1264092
1264093
1264094
1264095
1264096
1264097
1264098
1264099
1265000
1265001
1265002
1265003
1265004
1265005
1265006
1265007
1265008
1265009
1265010
1265011
1265012
1265013
1265014
1265015
1265016
1265017
1265018
1265019
1265020
1265021
1265022
1265023
1265024
1265025
1265026
1265027
1265028
1265029
1265030
1265031
1265032
1265033
1265034
1265035
1265036
1265037
1265038
1265039
1265040
1265041
1265042
1265043
1265044
1265045
1265046
1265047
1265048
1265049
1265050
1265051
1265052
1265053
1265054
1265055
1265056
1265057
1265058
1265059
1265060
1265061
1265062
1265063
1265064
1265065
1265066
1265067
1265068
1265069
1265070
1265071
1265072
1265073
1265074
1265075
1265076
1265077
1265078
1265079
1265080
1265081
1265082
1265083
1265084
1265085
1265086
1265087
1265088
1265089
1265090
1265091
1265092
1265093
1265094
1265095
1265096
1265097
1265098
1265099
1266000
1266001
1266002
1266003
1266004
1266005
1266006
1266007
1266008
1266009
1266010
1266011
1266012
1266013
1266014
1266015
1266016
1266017
1266018
1266019
1266020
1266021
1266022
1266023
1266024
1266025
1266026
1266027
1266028
1266029
1266030
1266031
1266032
1266033
1266034
1266035
1266036
1266037
1266038
1266039
1266040
1266041
1266042
1266043
1266044
1266045
1266046
1266047
1266048
1266049
1266050
1266051
1266052
1266053
1266054
1266055
1266056
1266057
1266058
1266059
1266060
1266061
1266062
1266063
1266064
1266065
1266066
1266067
1266068
1266069
1266070
1266071
1266072
1266073
1266074
1266075
1266076
1266077
1266078
1266079
1266080
1266081
1266082
1266083
1266084
1266085
1266086
1266087
1266088
1266089
1266090
1266091
1266092
1266093
1266094
1266095
1266096
1266097
1266098
1266099
1267000
1267001
1267002
1267003
1267004
1267005
1267006
1267007
1267008
1267009
1267010
1267011
1267012
1267013
1267014
1267015
1267016
1267017
1267018
1267019
1267020
1267021
1267022
1267023
1267024
1267025
1267026
1267027
1267028
1267029
1267030
1267031
1267032
1267033
1267034
1267035
1267036
1267037
1267038
1267039
1267040
1267041
1267042
1267043
1267044
1267045
1267046
1267047
1267048
1267049
1267050
1267051
1267052
1267053
1267054
1267055
1267056
1267057
1267058
1267059
1267060
1267061
1267062
1267063
1267064
1267065
1267066
1267067
1267068
1267069
1267070
1267071
1267072
1267073
1267074
1267075
1267076
1267077
1267078
1267079
1267080
1267081
1267082
1267083
1267084
1267085
1267086
1267087
1267088
1267089
1267090
1267091
1267092
1267093
1267094
1267095
1267096
1267097
1267098
1267099
1268000
1268001
1268002
1268003
1268004
1268005
1268006
1268007
1268008
1268009
1268010
1268011
1268012
1268013
1268014
1268015
1268016
1268017
1268018
1268019
1268020
1268021
1268022
1268023
1268024
1268025
1268026
1268027
1268028
1268029
1268030
1268031
1268032
1268033
1268034
1268035
1268036
1268037
1268038
1268039
1268040
1268041
1268042
1268043
1268044
1268045
1268046
1268047
1268048
1268049
1268050
1268051
1268052
1268053
1268054
1268055
1268056
1268057
1268058
1268059
1268060
1268061
1268062
1268063
1268064
1268065
1268066
1268067
1268068
1268069
1268070
1268071
1268072
1268073
1268074
1268075
1268076
1268077
1268078
1268079
1268080
1268081
1268082
1268083
1268084
1268085
1268086
1268087
1268088
1268089
1268090
1268091
1268092
1268093
1268094
1268095
1268096
1268097
1268098
1268099
1269000
1269001
1269002
1269003
1269004
1269005
1269006
1269007
1269008
1269009
1269010
1269011
1269012
1269013
1269014
1269015
1269016
1269017
1269018
1269019
1269020
1269021
1269022
1269023
1269024
1269025
1269026
1269027
1269028
1269029
1269030
1269031
1269032
1269033
1269034
1269035
1269036
1269037
1269038
1269039
1269040
1269041
1269042
1269043
1269044
1269045
1269046
1269047
1269048
1269049
1269050
1269051
1269052
1269053
1269054
1269055
1269056
1269057
1269058
1269059
1269060
1269061
1269062
1269063
1269064
1269065
1269066
1269067
1269068
1269069
1269070
1269071
1269072
1269073
1269074
1269075
1269076
1269077
1269078
1269079
1269080
1269081
1269082
1269083
1269084
1269085
1269086
1269087
1269088
1269089
1269090
1269091
1269092
1269093
1269094
1269095
1269096
1269097
1269098
1269099
1270000
1270001
1270002
1270003
1270004
1270005
1270006
1270007
1270008
1270009
1270010
1270011
1270012
1270013
1270014
1270015
1270016
1270017
1270018
1270019
1270020
1270021
1270022
1270023
1270024
1270025
1270026
1270027
1270028
1270029
1270030
1270031
1270032
1270033
1270034
1270035
1270036
1270037
1270038
1270039
1270040
1270041
1270042
1270043
1270044
1270045
1270046
1270047
1270048
1270049
1270050
1270051
1270052
1270053
1270054
1270055
1270056
1270057
1270058
1270059
1270060
1270061
1270062
1270063
1270064
1270065
1270066
1270067
1270068
1270069
1270070
1270071
1270072
1270073
1270074
1270075
1270076
1270077
1270078
1270079
1270080
1270081
1270082
1270083
1270084
1270085
1270086
1270087
1270088
1270089
1270090
1270091
1270092
1270093
1270094
1270095
1270096
1270097
1270098
1270099
1271000
1271001
1271002
1271003
1271004
1271005
1271006
1271007
1271008
1271009
1271010
1271011
1271012
1271013
1271014
1271015
1271016
1271017
1271018
1271019
1271020
1271021
1271022
1271023
1271024
1271025
1271026
1271027
1271028
1271029
1271030
1271031
1271032
1271033
1271034
1271035
1271036
1271037
1271038
1271039
1271040
1271041
1271042
1271043
1271044
1271045
1271046
1271047
1271048
1271049
1271050
1271051
1271052
1271053
1271054
1271055
1271056
1271057
1271058
1271059
1271060
1271061
1271062
1271063
1271064
1271065
1271066
1271067
1271068
1271069
1271070
1271071
1271072
1271073
1271074
1271075
1271076
1271077
1271078
1271079
1271080
1271081
1271082
1271083
1271084
1271085
1271086
1271087
1271088
1271089
1271090
1271091
1271092
1271093
1271094
1271095
1271096
1271097
1271098
1271099
1272000
1272001
1272002
1272003
1272004
1272005
1272006
1272007
1272008
1272009
1272010
1272011
1272012
1272013
1272014
1272015
1272016
1272017
1272018
1272019
1272020
1272021
1272022
1272023
1272024
1272025
1272026
1272027
1272028
1272029
1272030
1272031
1272032
1272033
1272034
1272035
1272036
1272037
1272038
1272039
1272040
1272041
1272042
1272043
1272044
1272045
1272046
1272047
1272048
1272049
1272050
1272051
1272052
1272053
1272054
1272055
1272056
1272057
1272058
1272059
1272060
1272061
1272062
1272063
1272064
1272065
1272066
1272067
1272068
1272069
1272070
1272071
1272072
1272073
1272074
1272075
1272076
1272077
1272078
1272079
1272080
1272081
1272082
1272083
1272084
1272085
1272086
1272087
1272088
1272089
1272090
1272091
1272092
1272093
1272094
1272095
1272096
1272097
1272098
1272099
1273000
1273001
1273002
1273003
1273004
1273005
1273006
1273007
1273008
1273009
1273010
1273011
1273012
1273013
1273014
1273015
1273016
1273017
1273018
1273019
1273020
1273021
1273022
1273023
1273024
1273025
1273026
1273027
1273028
1273029
1273030
1273031
1273032
1273033
1273034
1273035
1273036
1273037
1273038
1273039
1273040
1273041
1273042
1273043
1273044
1273045
1273046
1273047
1273048
1273049
1273050
1273051
1273052
1273053
1273054
1273055
1273056
1273057
1273058
1273059
1273060
1273061
1273062
1273063
1273064
1273065
1273066
1273067
1273068
1273069
1273070
1273071
1273072
1273073
1273074
1273075
1273076
1273077
1273078
1273079
1273080
1273081
1273082
1273083
1273084
1273085
1273086
1273087
1273088
1273089
1273090
1273091
1273092
1273093
1273094
1273095
1273096
1273097
1273098
1273099
1274000
1274001
1274002
1274003
1274004
1274005
1274006
1274007
1274008
1274009
1274010
1274011
1274012
1274013
1274014
1274015
1274016
1274017
1274018
1274019
1274020
1274021
1274022
1274023
1274024
1274025
1274026
1274027
1274028
1274029
1274030
1274031
1274032
1274033
1274034
1274035
1274036
1274037
1274038
1274039
1274040
1274041
1274042
1274043
1274044
1274045
1274046
1274047
1274048
1274049
1274050
1274051
1274052
1274053
1274054
1274055
1274056
1274057
1274058
1274059
1274060
1274061
1274062
1274063
1274064
1274065
1274066
1274067
1274068
1274069
1274070
1274071
1274072
1274073
1274074
1274075
1274076
1274077
1274078
1274079
1274080
1274081
1274082
1274083
1274084
1274085
1274086
1274087
1274088
1274089
1274090
1274091
1274092
1274093
1274094
1274095
1274096
1274097
1274098
1274099
1275000
1275001
1275002
1275003
1275004
1275005
1275006
1275007
1275008
1275009
1275010
1275011
1275012
1275013
1275014
1275015
1275016
1275017
1275018
1275019
1275020
1275021
1275022
1275023
1275024
1275025
1275026
1275027
1275028
1275029
1275030
1275031
1275032
1275033
1275034
1275035
1275036
1275037
1275038
1275039
1275040
1275041
1275042
1275043
1275044
1275045
1275046
1275047
1275048
1275049
1275050
1275051
1275052
1275053
1275054
1275055
1275056
1275057
1275058
1275059
1275060
1275061
1275062
1275063
1275064
1275065
1275066
1275067
1275068
1275069
1275070
1275071
1275072
1275073
1275074
1275075
1275076
1275077
1275078
1275079
1275080
1275081
1275082
1275083
1275084
1275085
1275086
1275087
1275088
1275089
1275090
1275091
1275092
1275093
1275094
1275095
1275096
1275097
1275098
1275099
1276000
1276001
1276002
1276003
1276004
1276005
1276006
1276007
1276008
1276009
1276010
1276011
1276012
1276013
1276014
1276015
1276016
1276017
1276018
1276019
1276020
1276021
1276022
1276023
1276024
1276025
1276026
1276027
1276028
1276029
1276030
1276031
1276032
1276033
1276034
1276035
1276036
1276037
1276038
1276039
1276040
1276041
1276042
1276043
1276044
1276045
1276046
1276047
1276048
1276049
1276050
1276051
1276052
1276053
1276054
1276055
1276056
1276057
1276058
1276059
1276060
1276061
1276062
1276063
1276064
1276065
1276066
1276067
1276068
1276069
1276070
1276071
1276072
1276073
1276074
1276075
1276076
1276077
1276078
1276079
1276080
1276081
1276082
1276083
1276084
1276085
1276086
1276087
1276088
1276089
1276090
1276091
1276092
1276093
1276094
1276095
1276096
1276097
1276098
1276099
1277000
1277001
1277002
1277003
1277004
1277005
1277006
1277007
1277008
1277009
1277010
1277011
1277012
1277013
1277014
1277015
1277016
1277017
1277018
1277019
1277020
1277021
1277022
1277023
1277024
1277025
1277026
1277027
1277028
1277029
1277030
1277031
1277032
1277033
1277034
1277035
1277036
1277037
1277038
1277039
1277040
1277041
1277042
1277043
1277044
1277045
1277046
1277047
1277048
1277049
1277050
1277051
1277052
1277053
1277054
1277055
1277056
1277057
1277058
1277059
1277060
1277061
1277062
1277063
1277064
1277065
1277066
1277067
1277068
1277069
1277070
1277071
1277072
1277073
1277074
1277075
1277076
1277077
1277078
1277079
1277080
1277081
1277082
1277083
1277084
1277085
1277086
1277087
1277088
1277089
1277090
1277091
1277092
1277093
1277094
1277095
1277096
1277097
1277098
1277099
1278000
1278001
1278002
1278003
1278004
1278005
1278006
1278007
1278008
1278009
1278010
1278011
1278012
1278013
1278014
1278015
1278016
1278017
1278018
1278019
1278020
1278021
1278022
1278023
1278024
1278025
1278026
1278027
1278028
1278029
1278030
1278031
1278032
1278033
1278034
1278035
1278036
1278037
1278038
1278039
1278040
1278041
1278042
1278043
1278044
1278045
1278046
1278047
1278048
1278049
1278050
1278051
1278052
1278053
1278054
1278055
1278056
1278057
1278058
1278059
1278060
1278061
1278062
1278063
1278064
1278065
1278066
1278067
1278068
1278069
1278070
1278071
1278072
1278073
1278074
1278075
1278076
1278077
1278078
1278079
1278080
1278081
1278082
1278083
1278084
1278085
1278086
1278087
1278088
1278089
1278090
1278091
1278092
1278093
1278094
1278095
1278096
1278097
1278098
1278099
1279000
1279001
1279002
1279003
1279004
1279005
1279006
1279007
1279008
1279009
1279010
1279011
1279012
1279013
1279014
1279015
1279016
1279017
1279018
1279019
1279020
1279021
1279022
1279023
1279024
1279025
1279026
1279027
1279028
1279029
1279030
1279031
1279032
1279033
1279034
1279035
1279036
1279037
1279038
1279039
1279040
1279041
1279042
1279043
1279044
1279045
1279046
1279047
1279048
1279049
1279050
1279051
1279052
1279053
1279054
1279055
1279056
1279057
1279058
1279059
1279060
1279061
1279062
1279063
1279064
1279065
1279066
1279067
1279068
1279069
1279070
1279071
1279072
1279073
1279074
1279075
1279076
1279077
1279078
1279079
1279080
1279081
1279082
1279083
1279084
1279085
1279086
1279087
1279088
1279089
1279090
1279091
1279092
1279093
1279094
1279095
1279096
1279097
1279098
1279099
1280000
1280001
1280002
1280003
1280004
1280005
1280006
1280007
1280008
1280009
1280010
1280011
1280012
1280013
1280014
1280015
1280016
1280017
1280018
1280019
1280020
1280021
1280022
1280023
1280024
1280025
1280026
1280027
1280028
1280029
1280030
1280031
1280032
1280033
1280034
1280035
1280036
1280037
1280038
1280039
1280040
1280041
1280042
1280043
1280044
1280045
1280046
1280047
1280048
1280049
1280050
1280051
1280052
1280053
1280054
1280055
1280056
1280057
1280058
1280059
1280060
1280061
1280062
1280063
1280064
1280065
1280066
1280067
1280068
1280069
1280070
1280071
1280072
1280073
1280074
1280075
1280076
1280077
1280078
1280079
1280080
1280081
1280082
1280083
1280084
1280085
1280086
1280087
1280088
1280089
1280090
1280091
1280092
1280093
1280094
1280095
1280096
1280097
1280098
1280099
1281000
1281001
1281002
1281003
1281004
1281005
1281006
1281007
1281008
1281009
1281010
1281011
1281012
1281013
1281014
1281015
1281016
1281017
1281018
1281019
1281020
1281021
1281022
1281023
1281024
1281025
1281026
1281027
1281028
1281029
1281030
1281031
1281032
1281033
1281034
1281035
1281036
1281037
1281038
1281039
1281040
1281041
1281042
1281043
1281044
1281045
1281046
1281047
1281048
1281049
1281050
1281051
1281052
1281053
1281054
1281055
1281056
1281057
1281058
1281059
1281060
1281061
1281062
1281063
1281064
1281065
1281066
1281067
1281068
1281069
1281070
1281071
1281072
1281073
1281074
1281075
1281076
1281077
1281078
1281079
1281080
1281081
1281082
1281083
1281084
1281085
1281086
1281087
1281088
1281089
1281090
1281091
1281092
1281093
1281094
1281095
1281096
1281097
1281098
1281099
1282000
1282001
1282002
1282003
1282004
1282005
1282006
1282007
1282008
1282009
1282010
1282011
1282012
1282013
1282014
1282015
1282016
1282017
1282018
1282019
1282020
1282021
1282022
1282023
1282024
1282025
1282026
1282027
1282028
1282029
1282030
1282031
1282032
1282033
1282034
1282035
1282036
1282037
1282038
1282039
1282040
1282041
1282042
1282043
1282044
1282045
1282046
1282047
1282048
1282049
1282050
1282051
1282052
1282053
1282054
1282055
1282056
1282057
1282058
1282059
1282060
1282061
1282062
1282063
1282064
1282065
1282066
1282067
1282068
1282069
1282070
1282071
1282072
1282073
1282074
1282075
1282076
1282077
1282078
1282079
1282080
1282081
1282082
1282083
1282084
1282085
1282086
1282087
1282088
1282089
1282090
1282091
1282092
1282093
1282094
1282095
1282096
1282097
1282098
1282099
1283000
1283001
1283002
1283003
1283004
1283005
1283006
1283007
1283008
1283009
1283010
1283011
1283012
1283013
1283014
1283015
1283016
1283017
1283018
1283019
1283020
1283021
1283022
1283023
1283024
1283025
1283026
1283027
1283028
1283029
1283030
1283031
1283032
1283033
1283034
1283035
1283036
1283037
1283038
1283039
1283040
1283041
1283042
1283043
1283044
1283045
1283046
1283047
1283048
1283049
1283050
1283051
1283052
1283053
1283054
1283055
1283056
1283057
1283058
1283059
1283060
1283061
1283062
1283063
1283064
1283065
1283066
1283067
1283068
1283069
1283070
1283071
1283072
1283073
1283074
1283075
1283076
1283077
1283078
1283079
1283080
1283081
1283082
1283083
1283084
1283085
1283086
1283087
1283088
1283089
1283090
1283091
1283092
1283093
1283094
1283095
1283096
1283097
1283098
1283099
1284000
1284001
1284002
1284003
1284004
1284005
1284006
1284007
1284008
1284009
1284010
1284011
1284012
1284013
1284014
1284015
1284016
1284017
1284018
1284019
1284020
1284021
1284022
1284023
1284024
1284025
1284026
1284027
1284028
1284029
1284030
1284031
1284032
1284033
1284034
1284035
1284036
1284037
1284038
1284039
1284040
1284041
1284042
1284043
1284044
1284045
1284046
1284047
1284048
1284049
1284050
1284051
1284052
1284053
1284054
1284055
1284056
1284057
1284058
1284059
1284060
1284061
1284062
1284063
1284064
1284065
1284066
1284067
1284068
1284069
1284070
1284071
1284072
1284073
1284074
1284075
1284076
1284077
1284078
1284079
1284080
1284081
1284082
1284083
1284084
1284085
1284086
1284087
1284088
1284089
1284090
1284091
1284092
1284093
1284094
1284095
1284096
1284097
1284098
1284099
1285000
1285001
1285002
1285003
1285004
1285005
1285006
1285007
1285008
1285009
1285010
1285011
1285012
1285013
1285014
1285015
1285016
1285017
1285018
1285019
1285020
1285021
1285022
1285023
1285024
1285025
1285026
1285027
1285028
1285029
1285030
1285031
1285032
1285033
1285034
1285035
1285036
1285037
1285038
1285039
1285040
1285041
1285042
1285043
1285044
1285045
1285046
1285047
1285048
1285049
1285050
1285051
1285052
1285053
1285054
1285055
1285056
1285057
1285058
1285059
1285060
1285061
1285062
1285063
1285064
1285065
1285066
1285067
1285068
1285069
1285070
1285071
1285072
1285073
1285074
1285075
1285076
1285077
1285078
1285079
1285080
1285081
1285082
1285083
1285084
1285085
1285086
1285087
1285088
1285089
1285090
1285091
1285092
1285093
1285094
1285095
1285096
1285097
1285098
1285099
1286000
1286001
1286002
1286003
1286004
1286005
1286006
1286007
1286008
1286009
1286010
1286011
1286012
1286013
1286014
1286015
1286016
1286017
1286018
1286019
1286020
1286021
1286022
1286023
1286024
1286025
1286026
1286027
1286028
1286029
1286030
1286031
1286032
1286033
1286034
1286035
1286036
1286037
1286038
1286039
1286040
1286041
1286042
1286043
1286044
1286045
1286046
1286047
1286048
1286049
1286050
1286051
1286052
1286053
1286054
1286055
1286056
1286057
1286058
1286059
1286060
1286061
1286062
1286063
1286064
1286065
1286066
1286067
1286068
1286069
1286070
1286071
1286072
1286073
1286074
1286075
1286076
1286077
1286078
1286079
1286080
1286081
1286082
1286083
1286084
1286085
1286086
1286087
1286088
1286089
1286090
1286091
1286092
1286093
1286094
1286095
1286096
1286097
1286098
1286099
1287000
1287001
1287002
1287003
1287004
1287005
1287006
1287007
1287008
1287009
1287010
1287011
1287012
1287013
1287014
1287015
1287016
1287017
1287018
1287019
1287020
1287021
1287022
1287023
1287024
1287025
1287026
1287027
1287028
1287029
1287030
1287031
1287032
1287033
1287034
1287035
1287036
1287037
1287038
1287039
1287040
1287041
1287042
1287043
1287044
1287045
1287046
1287047
1287048
1287049
1287050
1287051
1287052
1287053
1287054
1287055
1287056
1287057
1287058
1287059
1287060
1287061
1287062
1287063
1287064
1287065
1287066
1287067
1287068
1287069
1287070
1287071
1287072
1287073
1287074
1287075
1287076
1287077
1287078
1287079
1287080
1287081
1287082
1287083
1287084
1287085
1287086
1287087
1287088
1287089
1287090
1287091
1287092
1287093
1287094
1287095
1287096
1287097
1287098
1287099
1288000
1288001
1288002
1288003
1288004
1288005
1288006
1288007
1288008
1288009
1288010
1288011
1288012
1288013
1288014
1288015
1288016
1288017
1288018
1288019
1288020
1288021
1288022
1288023
1288024
1288025
1288026
1288027
1288028
1288029
1288030
1288031
1288032
1288033
1288034
1288035
1288036
1288037
1288038
1288039
1288040
1288041
1288042
1288043
1288044
1288045
1288046
1288047
1288048
1288049
1288050
1288051
1288052
1288053
1288054
1288055
1288056
1288057
1288058
1288059
1288060
1288061
1288062
1288063
1288064
1288065
1288066
1288067
1288068
1288069
1288070
1288071
1288072
1288073
1288074
1288075
1288076
1288077
1288078
1288079
1288080
1288081
1288082
1288083
1288084
1288085
1288086
1288087
1288088
1288089
1288090
1288091
1288092
1288093
1288094
1288095
1288096
1288097
1288098
1288099
1289000
1289001
1289002
1289003
1289004
1289005
1289006
1289007
1289008
1289009
1289010
1289011
1289012
1289013
1289014
1289015
1289016
1289017
1289018
1289019
1289020
1289021
1289022
1289023
1289024
1289025
1289026
1289027
1289028
1289029
1289030
1289031
1289032
1289033
1289034
1289035
1289036
1289037
1289038
1289039
1289040
1289041
1289042
1289043
1289044
1289045
1289046
1289047
1289048
1289049
1289050
1289051
1289052
1289053
1289054
1289055
1289056
1289057
1289058
1289059
1289060
1289061
1289062
1289063
1289064
1289065
1289066
1289067
1289068
1289069
1289070
1289071
1289072
1289073
1289074
1289075
1289076
1289077
1289078
1289079
1289080
1289081
1289082
1289083
1289084
1289085
1289086
1289087
1289088
1289089
1289090
1289091
1289092
1289093
1289094
1289095
1289096
1289097
1289098
1289099
1290000
1290001
1290002
1290003
1290004
1290005
1290006
1290007
1290008
1290009
1290010
1290011
1290012
1290013
1290014
1290015
1290016
1290017
1290018
1290019
1290020
1290021
1290022
1290023
1290024
1290025
1290026
1290027
1290028
1290029
1290030
1290031
1290032
1290033
1290034
1290035
1290036
1290037
1290038
1290039
1290040
1290041
1290042
1290043
1290044
1290045
1290046
1290047
1290048
1290049
1290050
1290051
1290052
1290053
1290054
1290055
1290056
1290057
1290058
1290059
1290060
1290061
1290062
1290063
1290064
1290065
1290066
1290067
1290068
1290069
1290070
1290071
1290072
1290073
1290074
1290075
1290076
1290077
1290078
1290079
1290080
1290081
1290082
1290083
1290084
1290085
1290086
1290087
1290088
1290089
1290090
1290091
1290092
1290093
1290094
1290095
1290096
1290097
1290098
1290099
1291000
1291001
1291002
1291003
1291004
1291005
1291006
1291007
1291008
1291009
1291010
1291011
1291012
1291013
1291014
1291015
1291016
1291017
1291018
1291019
1291020
1291021
1291022
1291023
1291024
1291025
1291026
1291027
1291028
1291029
1291030
1291031
1291032
1291033
1291034
1291035
1291036
1291037
1291038
1291039
1291040
1291041
1291042
1291043
1291044
1291045
1291046
1291047
1291048
1291049
1291050
1291051
1291052
1291053
1291054
1291055
1291056
1291057
1291058
1291059
1291060
1291061
1291062
1291063
1291064
1291065
1291066
1291067
1291068
1291069
1291070
1291071
1291072
1291073
1291074
1291075
1291076
1291077
1291078
1291079
1291080
1291081
1291082
1291083
1291084
1291085
1291086
1291087
1291088
1291089
1291090
1291091
1291092
1291093
1291094
1291095
1291096
1291097
1291098
1291099
1292000
1292001
1292002
1292003
1292004
1292005
1292006
1292007
1292008
1292009
1292010
1292011
1292012
1292013
1292014
1292015
1292016
1292017
1292018
1292019
1292020
1292021
1292022
1292023
1292024
1292025
1292026
1292027
1292028
1292029
1292030
1292031
1292032
1292033
1292034
1292035
1292036
1292037
1292038
1292039
1292040
1292041
1292042
1292043
1292044
1292045
1292046
1292047
1292048
1292049
1292050
1292051
1292052
1292053
1292054
1292055
1292056
1292057
1292058
1292059
1292060
1292061
1292062
1292063
1292064
1292065
1292066
1292067
1292068
1292069
1292070
1292071
1292072
1292073
1292074
1292075
1292076
1292077
1292078
1292079
1292080
1292081
1292082
1292083
1292084
1292085
1292086
1292087
1292088
1292089
1292090
1292091
1292092
1292093
1292094
1292095
1292096
1292097
1292098
1292099
1293000
1293001
1293002
1293003
1293004
1293005
1293006
1293007
1293008
1293009
1293010
1293011
1293012
1293013
1293014
1293015
1293016
1293017
1293018
1293019
1293020
1293021
1293022
1293023
1293024
1293025
1293026
1293027
1293028
1293029
1293030
1293031
1293032
1293033
1293034
1293035
1293036
1293037
1293038
1293039
1293040
1293041
1293042
1293043
1293044
1293045
1293046
1293047
1293048
1293049
1293050
1293051
1293052
1293053
1293054
1293055
1293056
1293057
1293058
1293059
1293060
1293061
1293062
1293063
1293064
1293065
1293066
1293067
1293068
1293069
1293070
1293071
1293072
1293073
1293074
1293075
1293076
1293077
1293078
1293079
1293080
1293081
1293082
1293083
1293084
1293085
1293086
1293087
1293088
1293089
1293090
1293091
1293092
1293093
1293094
1293095
1293096
1293097
1293098
1293099
1294000
1294001
1294002
1294003
1294004
1294005
1294006
1294007
1294008
1294009
1294010
1294011
1294012
1294013
1294014
1294015
1294016
1294017
1294018
1294019
1294020
1294021
1294022
1294023
1294024
1294025
1294026
1294027
1294028
1294029
1294030
1294031
1294032
1294033
1294034
1294035
1294036
1294037
1294038
1294039
1294040
1294041
1294042
1294043
1294044
1294045
1294046
1294047
1294048
1294049
1294050
1294051
1294052
1294053
1294054
1294055
1294056
1294057
1294058
1294059
1294060
1294061
1294062
1294063
1294064
1294065
1294066
1294067
1294068
1294069
1294070
1294071
1294072
1294073
1294074
1294075
1294076
1294077
1294078
1294079
1294080
1294081
1294082
1294083
1294084
1294085
1294086
1294087
1294088
1294089
1294090
1294091
1294092
1294093
1294094
1294095
1294096
1294097
1294098
1294099
1295000
1295001
1295002
1295003
1295004
1295005
1295006
1295007
1295008
1295009
1295010
1295011
1295012
1295013
1295014
1295015
1295016
1295017
1295018
1295019
1295020
1295021
1295022
1295023
1295024
1295025
1295026
1295027
1295028
1295029
1295030
1295031
1295032
1295033
1295034
1295035
1295036
1295037
1295038
1295039
1295040
1295041
1295042
1295043
1295044
1295045
1295046
1295047
1295048
1295049
1295050
1295051
1295052
1295053
1295054
1295055
1295056
1295057
1295058
1295059
1295060
1295061
1295062
1295063
1295064
1295065
1295066
1295067
1295068
1295069
1295070
1295071
1295072
1295073
1295074
1295075
1295076
1295077
1295078
1295079
1295080
1295081
1295082
1295083
1295084
1295085
1295086
1295087
1295088
1295089
1295090
1295091
1295092
1295093
1295094
1295095
1295096
1295097
1295098
1295099
1296000
1296001
1296002
1296003
1296004
1296005
1296006
1296007
1296008
1296009
1296010
1296011
1296012
1296013
1296014
1296015
1296016
1296017
1296018
1296019
1296020
1296021
1296022
1296023
1296024
1296025
1296026
1296027
1296028
1296029
1296030
1296031
1296032
1296033
1296034
1296035
1296036
1296037
1296038
1296039
1296040
1296041
1296042
1296043
1296044
1296045
1296046
1296047
1296048
1296049
1296050
1296051
1296052
1296053
1296054
1296055
1296056
1296057
1296058
1296059
1296060
1296061
1296062
1296063
1296064
1296065
1296066
1296067
1296068
1296069
1296070
1296071
1296072
1296073
1296074
1296075
1296076
1296077
1296078
1296079
1296080
1296081
1296082
1296083
1296084
1296085
1296086
1296087
1296088
1296089
1296090
1296091
1296092
1296093
1296094
1296095
1296096
1296097
1296098
1296099
1297000
1297001
1297002
1297003
1297004
1297005
1297006
1297007
1297008
1297009
1297010
1297011
1297012
1297013
1297014
1297015
1297016
1297017
1297018
1297019
1297020
1297021
1297022
1297023
1297024
1297025
1297026
1297027
1297028
1297029
1297030
1297031
1297032
1297033
1297034
1297035
1297036
1297037
1297038
1297039
1297040
1297041
1297042
1297043
1297044
1297045
1297046
1297047
1297048
1297049
1297050
1297051
1297052
1297053
1297054
1297055
1297056
1297057
1297058
1297059
1297060
1297061
1297062
1297063
1297064
1297065
1297066
1297067
1297068
1297069
1297070
1297071
1297072
1297073
1297074
1297075
1297076
1297077
1297078
1297079
1297080
1297081
1297082
1297083
1297084
1297085
1297086
1297087
1297088
1297089
1297090
1297091
1297092
1297093
1297094
1297095
1297096
1297097
1297098
1297099
1298000
1298001
1298002
1298003
1298004
1298005
1298006
1298007
1298008
1298009
1298010
1298011
1298012
1298013
1298014
1298015
1298016
1298017
1298018
1298019
1298020
1298021
1298022
1298023
1298024
1298025
1298026
1298027
1298028
1298029
1298030
1298031
1298032
1298033
1298034
1298035
1298036
1298037
1298038
1298039
1298040
1298041
1298042
1298043
1298044
1298045
1298046
1298047
1298048
1298049
1298050
1298051
1298052
1298053
1298054
1298055
1298056
1298057
1298058
1298059
1298060
1298061
1298062
1298063
1298064
1298065
1298066
1298067
1298068
1298069
1298070
1298071
1298072
1298073
1298074
1298075
1298076
1298077
1298078
1298079
1298080
1298081
1298082
1298083
1298084
1298085
1298086
1298087
1298088
1298089
1298090
1298091
1298092
1298093
1298094
1298095
1298096
1298097
1298098
1298099
1299000
1299001
1299002
1299003
1299004
1299005
1299006
1299007
1299008
1299009
1299010
1299011
1299012
1299013
1299014
1299015
1299016
1299017
1299018
1299019
1299020
1299021
1299022
1299023
1299024
1299025
1299026
1299027
1299028
1299029
1299030
1299031
1299032
1299033
1299034
1299035
1299036
1299037
1299038
1299039
1299040
1299041
1299042
1299043
1299044
1299045
1299046
1299047
1299048
1299049
1299050
1299051
1299052
1299053
1299054
1299055
1299056
1299057
1299058
1299059
1299060
1299061
1299062
1299063
1299064
1299065
1299066
1299067
1299068
1299069
1299070
1299071
1299072
1299073
1299074
1299075
1299076
1299077
1299078
1299079
1299080
1299081
1299082
1299083
1299084
1299085
1299086
1299087
1299088
1299089
1299090
1299091
1299092
1299093
1299094
1299095
1299096
1299097
1299098
1299099
1300000
1300001
1300002
1300003
1300004
1300005
1300006
1300007
1300008
1300009
1300010
1300011
1300012
1300013
1300014
1300015
1300016
1300017
1300018
1300019
1300020
1300021
1300022
1300023
1300024
1300025
1300026
1300027
1300028
1300029
1300030
1300031
1300032
1300033
1300034
1300035
1300036
1300037
1300038
1300039
1300040
1300041
1300042
1300043
1300044
1300045
1300046
1300047
1300048
1300049
1300050
1300051
1300052
1300053
1300054
1300055
1300056
1300057
1300058
1300059
1300060
1300061
1300062
1300063
1300064
1300065
1300066
1300067
1300068
1300069
1300070
1300071
1300072
1300073
1300074
1300075
1300076
1300077
1300078
1300079
1300080
1300081
1300082
1300083
1300084
1300085
1300086
1300087
1300088
1300089
1300090
1300091
1300092
1300093
1300094
1300095
1300096
1300097
1300098
1300099
1301000
1301001
1301002
1301003
1301004
1301005
1301006
1301007
1301008
1301009
1301010
1301011
1301012
1301013
1301014
1301015
1301016
1301017
1301018
1301019
1301020
1301021
1301022
1301023
1301024
1301025
1301026
1301027
1301028
1301029
1301030
1301031
1301032
1301033
1301034
1301035
1301036
1301037
1301038
1301039
1301040
1301041
1301042
1301043
1301044
1301045
1301046
1301047
1301048
1301049
1301050
1301051
1301052
1301053
1301054
1301055
1301056
1301057
1301058
1301059
1301060
1301061
1301062
1301063
1301064
1301065
1301066
1301067
1301068
1301069
1301070
1301071
1301072
1301073
1301074
1301075
1301076
1301077
1301078
1301079
1301080
1301081
1301082
1301083
1301084
1301085
1301086
1301087
1301088
1301089
1301090
1301091
1301092
1301093
1301094
1301095
1301096
1301097
1301098
1301099
1302000
1302001
1302002
1302003
1302004
1302005
1302006
1302007
1302008
1302009
1302010
1302011
1302012
1302013
1302014
1302015
1302016
1302017
1302018
1302019
1302020
1302021
1302022
1302023
1302024
1302025
1302026
1302027
1302028
1302029
1302030
1302031
1302032
1302033
1302034
1302035
1302036
1302037
1302038
1302039
1302040
1302041
1302042
1302043
1302044
1302045
1302046
1302047
1302048
1302049
1302050
1302051
1302052
1302053
1302054
1302055
1302056
1302057
1302058
1302059
1302060
1302061
1302062
1302063
1302064
1302065
1302066
1302067
1302068
1302069
1302070
1302071
1302072
1302073
1302074
1302075
1302076
1302077
1302078
1302079
1302080
1302081
1302082
1302083
1302084
1302085
1302086
1302087
1302088
1302089
1302090
1302091
1302092
1302093
1302094
1302095
1302096
1302097
1302098
1302099
1303000
1303001
1303002
1303003
1303004
1303005
1303006
1303007
1303008
1303009
1303010
1303011
1303012
1303013
1303014
1303015
1303016
1303017
1303018
1303019
1303020
1303021
1303022
1303023
1303024
1303025
1303026
1303027
1303028
1303029
1303030
1303031
1303032
1303033
1303034
1303035
1303036
1303037
1303038
1303039
1303040
1303041
1303042
1303043
1303044
1303045
1303046
1303047
1303048
1303049
1303050
1303051
1303052
1303053
1303054
1303055
1303056
1303057
1303058
1303059
1303060
1303061
1303062
1303063
1303064
1303065
1303066
1303067
1303068
1303069
1303070
1303071
1303072
1303073
1303074
1303075
1303076
1303077
1303078
1303079
1303080
1303081
1303082
1303083
1303084
1303085
1303086
1303087
1303088
1303089
1303090
1303091
1303092
1303093
1303094
1303095
1303096
1303097
1303098
1303099
1304000
1304001
1304002
1304003
1304004
1304005
1304006
1304007
1304008
1304009
1304010
1304011
1304012
1304013
1304014
1304015
1304016
1304017
1304018
1304019
1304020
1304021
1304022
1304023
1304024
1304025
1304026
1304027
1304028
1304029
1304030
1304031
1304032
1304033
1304034
1304035
1304036
1304037
1304038
1304039
1304040
1304041
1304042
1304043
1304044
1304045
1304046
1304047
1304048
1304049
1304050
1304051
1304052
1304053
1304054
1304055
1304056
1304057
1304058
1304059
1304060
1304061
1304062
1304063
1304064
1304065
1304066
1304067
1304068
1304069
1304070
1304071
1304072
1304073
1304074
1304075
1304076
1304077
1304078
1304079
1304080
1304081
1304082
1304083
1304084
1304085
1304086
1304087
1304088
1304089
1304090
1304091
1304092
1304093
1304094
1304095
1304096
1304097
1304098
1304099
1305000
1305001
1305002
1305003
1305004
1305005
1305006
1305007
1305008
1305009
1305010
1305011
1305012
1305013
1305014
1305015
1305016
1305017
1305018
1305019
1305020
1305021
1305022
1305023
1305024
1305025
1305026
1305027
1305028
1305029
1305030
1305031
1305032
1305033
1305034
1305035
1305036
1305037
1305038
1305039
1305040
1305041
1305042
1305043
1305044
1305045
1305046
1305047
1305048
1305049
1305050
1305051
1305052
1305053
1305054
1305055
1305056
1305057
1305058
1305059
1305060
1305061
1305062
1305063
1305064
1305065
1305066
1305067
1305068
1305069
1305070
1305071
1305072
1305073
1305074
1305075
1305076
1305077
1305078
1305079
1305080
1305081
1305082
1305083
1305084
1305085
1305086
1305087
1305088
1305089
1305090
1305091
1305092
1305093
1305094
1305095
1305096
1305097
1305098
1305099
1306000
1306001
1306002
1306003
1306004
1306005
1306006
1306007
1306008
1306009
1306010
1306011
1306012
1306013
1306014
1306015
1306016
1306017
1306018
1306019
1306020
1306021
1306022
1306023
1306024
1306025
1306026
1306027
1306028
1306029
1306030
1306031
1306032
1306033
1306034
1306035
1306036
1306037
1306038
1306039
1306040
1306041
1306042
1306043
1306044
1306045
1306046
1306047
1306048
1306049
1306050
1306051
1306052
1306053
1306054
1306055
1306056
1306057
1306058
1306059
1306060
1306061
1306062
1306063
1306064
1306065
1306066
1306067
1306068
1306069
1306070
1306071
1306072
1306073
1306074
1306075
1306076
1306077
1306078
1306079
1306080
1306081
1306082
1306083
1306084
1306085
1306086
1306087
1306088
1306089
1306090
1306091
1306092
1306093
1306094
1306095
1306096
1306097
1306098
1306099
1307000
1307001
1307002
1307003
1307004
1307005
1307006
1307007
1307008
1307009
1307010
1307011
1307012
1307013
1307014
1307015
1307016
1307017
1307018
1307019
1307020
1307021
1307022
1307023
1307024
1307025
1307026
1307027
1307028
1307029
1307030
1307031
1307032
1307033
1307034
1307035
1307036
1307037
1307038
1307039
1307040
1307041
1307042
1307043
1307044
1307045
1307046
1307047
1307048
1307049
1307050
1307051
1307052
1307053
1307054
1307055
1307056
1307057
1307058
1307059
1307060
1307061
1307062
1307063
1307064
1307065
1307066
1307067
1307068
1307069
1307070
1307071
1307072
1307073
1307074
1307075
1307076
1307077
1307078
1307079
1307080
1307081
1307082
1307083
1307084
1307085
1307086
1307087
1307088
1307089
1307090
1307091
1307092
1307093
1307094
1307095
1307096
1307097
1307098
1307099
1308000
1308001
1308002
1308003
1308004
1308005
1308006
1308007
1308008
1308009
1308010
1308011
1308012
1308013
1308014
1308015
1308016
1308017
1308018
1308019
1308020
1308021
1308022
1308023
1308024
1308025
1308026
1308027
1308028
1308029
1308030
1308031
1308032
1308033
1308034
1308035
1308036
1308037
1308038
1308039
1308040
1308041
1308042
1308043
1308044
1308045
1308046
1308047
1308048
1308049
1308050
1308051
1308052
1308053
1308054
1308055
1308056
1308057
1308058
1308059
1308060
1308061
1308062
1308063
1308064
1308065
1308066
1308067
1308068
1308069
1308070
1308071
1308072
1308073
1308074
1308075
1308076
1308077
1308078
1308079
1308080
1308081
1308082
1308083
1308084
1308085
1308086
1308087
1308088
1308089
1308090
1308091
1308092
1308093
1308094
1308095
1308096
1308097
1308098
1308099
1309000
1309001
1309002
1309003
1309004
1309005
1309006
1309007
1309008
1309009
1309010
1309011
1309012
1309013
1309014
1309015
1309016
1309017
1309018
1309019
1309020
1309021
1309022
1309023
1309024
1309025
1309026
1309027
1309028
1309029
1309030
1309031
1309032
1309033
1309034
1309035
1309036
1309037
1309038
1309039
1309040
1309041
1309042
1309043
1309044
1309045
1309046
1309047
1309048
1309049
1309050
1309051
1309052
1309053
1309054
1309055
1309056
1309057
1309058
1309059
1309060
1309061
1309062
1309063
1309064
1309065
1309066
1309067
1309068
1309069
1309070
1309071
1309072
1309073
1309074
1309075
1309076
1309077
1309078
1309079
1309080
1309081
1309082
1309083
1309084
1309085
1309086
1309087
1309088
1309089
1309090
1309091
1309092
1309093
1309094
1309095
1309096
1309097
1309098
1309099
1310000
1310001
1310002
1310003
1310004
1310005
1310006
1310007
1310008
1310009
1310010
1310011
1310012
1310013
1310014
1310015
1310016
1310017
1310018
1310019
1310020
1310021
1310022
1310023
1310024
1310025
1310026
1310027
1310028
1310029
1310030
1310031
1310032
1310033
1310034
1310035
1310036
1310037
1310038
1310039
1310040
1310041
1310042
1310043
1310044
1310045
1310046
1310047
1310048
1310049
1310050
1310051
1310052
1310053
1310054
1310055
1310056
1310057
1310058
1310059
1310060
1310061
1310062
1310063
1310064
1310065
1310066
1310067
1310068
1310069
1310070
1310071
1310072
1310073
1310074
1310075
1310076
1310077
1310078
1310079
1310080
1310081
1310082
1310083
1310084
1310085
1310086
1310087
1310088
1310089
1310090
1310091
1310092
1310093
1310094
1310095
1310096
1310097
1310098
1310099
1311000
1311001
1311002
1311003
1311004
1311005
1311006
1311007
1311008
1311009
1311010
1311011
1311012
1311013
1311014
1311015
1311016
1311017
1311018
1311019
1311020
1311021
1311022
1311023
1311024
1311025
1311026
1311027
1311028
1311029
1311030
1311031
1311032
1311033
1311034
1311035
1311036
1311037
1311038
1311039
1311040
1311041
1311042
1311043
1311044
1311045
1311046
1311047
1311048
1311049
1311050
1311051
1311052
1311053
1311054
1311055
1311056
1311057
1311058
1311059
1311060
1311061
1311062
1311063
1311064
1311065
1311066
1311067
1311068
1311069
1311070
1311071
1311072
1311073
1311074
1311075
1311076
1311077
1311078
1311079
1311080
1311081
1311082
1311083
1311084
1311085
1311086
1311087
1311088
1311089
1311090
1311091
1311092
1311093
1311094
1311095
1311096
1311097
1311098
1311099
1312000
1312001
1312002
1312003
1312004
1312005
1312006
1312007
1312008
1312009
1312010
1312011
1312012
1312013
1312014
1312015
1312016
1312017
1312018
1312019
1312020
1312021
1312022
1312023
1312024
1312025
1312026
1312027
1312028
1312029
1312030
1312031
1312032
1312033
1312034
1312035
1312036
1312037
1312038
1312039
1312040
1312041
1312042
1312043
1312044
1312045
1312046
1312047
1312048
1312049
1312050
1312051
1312052
1312053
1312054
1312055
1312056
1312057
1312058
1312059
1312060
1312061
1312062
1312063
1312064
1312065
1312066
1312067
1312068
1312069
1312070
1312071
1312072
1312073
1312074
1312075
1312076
1312077
1312078
1312079
1312080
1312081
1312082
1312083
1312084
1312085
1312086
1312087
1312088
1312089
1312090
1312091
1312092
1312093
1312094
1312095
1312096
1312097
1312098
1312099
1313000
1313001
1313002
1313003
1313004
1313005
1313006
1313007
1313008
1313009
1313010
1313011
1313012
1313013
1313014
1313015
1313016
1313017
1313018
1313019
1313020
1313021
1313022
1313023
1313024
1313025
1313026
1313027
1313028
1313029
1313030
1313031
1313032
1313033
1313034
1313035
1313036
1313037
1313038
1313039
1313040
1313041
1313042
1313043
1313044
1313045
1313046
1313047
1313048
1313049
1313050
1313051
1313052
1313053
1313054
1313055
1313056
1313057
1313058
1313059
1313060
1313061
1313062
1313063
1313064
1313065
1313066
1313067
1313068
1313069
1313070
1313071
1313072
1313073
1313074
1313075
1313076
1313077
1313078
1313079
1313080
1313081
1313082
1313083
1313084
1313085
1313086
1313087
1313088
1313089
1313090
1313091
1313092
1313093
1313094
1313095
1313096
1313097
1313098
1313099
1314000
1314001
1314002
1314003
1314004
1314005
1314006
1314007
1314008
1314009
1314010
1314011
1314012
1314013
1314014
1314015
1314016
1314017
1314018
1314019
1314020
1314021
1314022
1314023
1314024
1314025
1314026
1314027
1314028
1314029
1314030
1314031
1314032
1314033
1314034
1314035
1314036
1314037
1314038
1314039
1314040
1314041
1314042
1314043
1314044
1314045
1314046
1314047
1314048
1314049
1314050
1314051
1314052
1314053
1314054
1314055
1314056
1314057
1314058
1314059
1314060
1314061
1314062
1314063
1314064
1314065
1314066
1314067
1314068
1314069
1314070
1314071
1314072
1314073
1314074
1314075
1314076
1314077
1314078
1314079
1314080
1314081
1314082
1314083
1314084
1314085
1314086
1314087
1314088
1314089
1314090
1314091
1314092
1314093
1314094
1314095
1314096
1314097
1314098
1314099
1315000
1315001
1315002
1315003
1315004
1315005
1315006
1315007
1315008
1315009
1315010
1315011
1315012
1315013
1315014
1315015
1315016
1315017
1315018
1315019
1315020
1315021
1315022
1315023
1315024
1315025
1315026
1315027
1315028
1315029
1315030
1315031
1315032
1315033
1315034
1315035
1315036
1315037
1315038
1315039
1315040
1315041
1315042
1315043
1315044
1315045
1315046
1315047
1315048
1315049
1315050
1315051
1315052
1315053
1315054
1315055
1315056
1315057
1315058
1315059
1315060
1315061
1315062
1315063
1315064
1315065
1315066
1315067
1315068
1315069
1315070
1315071
1315072
1315073
1315074
1315075
1315076
1315077
1315078
1315079
1315080
1315081
1315082
1315083
1315084
1315085
1315086
1315087
1315088
1315089
1315090
1315091
1315092
1315093
1315094
1315095
1315096
1315097
1315098
1315099
1316000
1316001
1316002
1316003
1316004
1316005
1316006
1316007
1316008
1316009
1316010
1316011
1316012
1316013
1316014
1316015
1316016
1316017
1316018
1316019
1316020
1316021
1316022
1316023
1316024
1316025
1316026
1316027
1316028
1316029
1316030
1316031
1316032
1316033
1316034
1316035
1316036
1316037
1316038
1316039
1316040
1316041
1316042
1316043
1316044
1316045
1316046
1316047
1316048
1316049
1316050
1316051
1316052
1316053
1316054
1316055
1316056
1316057
1316058
1316059
1316060
1316061
1316062
1316063
1316064
1316065
1316066
1316067
1316068
1316069
1316070
1316071
1316072
1316073
1316074
1316075
1316076
1316077
1316078
1316079
1316080
1316081
1316082
1316083
1316084
1316085
1316086
1316087
1316088
1316089
1316090
1316091
1316092
1316093
1316094
1316095
1316096
1316097
1316098
1316099
1317000
1317001
1317002
1317003
1317004
1317005
1317006
1317007
1317008
1317009
1317010
1317011
1317012
1317013
1317014
1317015
1317016
1317017
1317018
1317019
1317020
1317021
1317022
1317023
1317024
1317025
1317026
1317027
1317028
1317029
1317030
1317031
1317032
1317033
1317034
1317035
1317036
1317037
1317038
1317039
1317040
1317041
1317042
1317043
1317044
1317045
1317046
1317047
1317048
1317049
1317050
1317051
1317052
1317053
1317054
1317055
1317056
1317057
1317058
1317059
1317060
1317061
1317062
1317063
1317064
1317065
1317066
1317067
1317068
1317069
1317070
1317071
1317072
1317073
1317074
1317075
1317076
1317077
1317078
1317079
1317080
1317081
1317082
1317083
1317084
1317085
1317086
1317087
1317088
1317089
1317090
1317091
1317092
1317093
1317094
1317095
1317096
1317097
1317098
1317099
1318000
1318001
1318002
1318003
1318004
1318005
1318006
1318007
1318008
1318009
1318010
1318011
1318012
1318013
1318014
1318015
1318016
1318017
1318018
1318019
1318020
1318021
1318022
1318023
1318024
1318025
1318026
1318027
1318028
1318029
1318030
1318031
1318032
1318033
1318034
1318035
1318036
1318037
1318038
1318039
1318040
1318041
1318042
1318043
1318044
1318045
1318046
1318047
1318048
1318049
1318050
1318051
1318052
1318053
1318054
1318055
1318056
1318057
1318058
1318059
1318060
1318061
1318062
1318063
1318064
1318065
1318066
1318067
1318068
1318069
1318070
1318071
1318072
1318073
1318074
1318075
1318076
1318077
1318078
1318079
1318080
1318081
1318082
1318083
1318084
1318085
1318086
1318087
1318088
1318089
1318090
1318091
1318092
1318093
1318094
1318095
1318096
1318097
1318098
1318099
1319000
1319001
1319002
1319003
1319004
1319005
1319006
1319007
1319008
1319009
1319010
1319011
1319012
1319013
1319014
1319015
1319016
1319017
1319018
1319019
1319020
1319021
1319022
1319023
1319024
1319025
1319026
1319027
1319028
1319029
1319030
1319031
1319032
1319033
1319034
1319035
1319036
1319037
1319038
1319039
1319040
1319041
1319042
1319043
1319044
1319045
1319046
1319047
1319048
1319049
1319050
1319051
1319052
1319053
1319054
1319055
1319056
1319057
1319058
1319059
1319060
1319061
1319062
1319063
1319064
1319065
1319066
1319067
1319068
1319069
1319070
1319071
1319072
1319073
1319074
1319075
1319076
1319077
1319078
1319079
1319080
1319081
1319082
1319083
1319084
1319085
1319086
1319087
1319088
1319089
1319090
1319091
1319092
1319093
1319094
1319095
1319096
1319097
1319098
1319099
1320000
1320001
1320002
1320003
1320004
1320005
1320006
1320007
1320008
1320009
1320010
1320011
1320012
1320013
1320014
1320015
1320016
1320017
1320018
1320019
1320020
1320021
1320022
1320023
1320024
1320025
1320026
1320027
1320028
1320029
1320030
1320031
1320032
1320033
1320034
1320035
1320036
1320037
1320038
1320039
1320040
1320041
1320042
1320043
1320044
1320045
1320046
1320047
1320048
1320049
1320050
1320051
1320052
1320053
1320054
1320055
1320056
1320057
1320058
1320059
1320060
1320061
1320062
1320063
1320064
1320065
1320066
1320067
1320068
1320069
1320070
1320071
1320072
1320073
1320074
1320075
1320076
1320077
1320078
1320079
1320080
1320081
1320082
1320083
1320084
1320085
1320086
1320087
1320088
1320089
1320090
1320091
1320092
1320093
1320094
1320095
1320096
1320097
1320098
1320099
1321000
1321001
1321002
1321003
1321004
1321005
1321006
1321007
1321008
1321009
1321010
1321011
1321012
1321013
1321014
1321015
1321016
1321017
1321018
1321019
1321020
1321021
1321022
1321023
1321024
1321025
1321026
1321027
1321028
1321029
1321030
1321031
1321032
1321033
1321034
1321035
1321036
1321037
1321038
1321039
1321040
1321041
1321042
1321043
1321044
1321045
1321046
1321047
1321048
1321049
1321050
1321051
1321052
1321053
1321054
1321055
1321056
1321057
1321058
1321059
1321060
1321061
1321062
1321063
1321064
1321065
1321066
1321067
1321068
1321069
1321070
1321071
1321072
1321073
1321074
1321075
1321076
1321077
1321078
1321079
1321080
1321081
1321082
1321083
1321084
1321085
1321086
1321087
1321088
1321089
1321090
1321091
1321092
1321093
1321094
1321095
1321096
1321097
1321098
1321099
1322000
1322001
1322002
1322003
1322004
1322005
1322006
1322007
1322008
1322009
1322010
1322011
1322012
1322013
1322014
1322015
1322016
1322017
1322018
1322019
1322020
1322021
1322022
1322023
1322024
1322025
1322026
1322027
1322028
1322029
1322030
1322031
1322032
1322033
1322034
1322035
1322036
1322037
1322038
1322039
1322040
1322041
1322042
1322043
1322044
1322045
1322046
1322047
1322048
1322049
1322050
1322051
1322052
1322053
1322054
1322055
1322056
1322057
1322058
1322059
1322060
1322061
1322062
1322063
1322064
1322065
1322066
1322067
1322068
1322069
1322070
1322071
1322072
1322073
1322074
1322075
1322076
1322077
1322078
1322079
1322080
1322081
1322082
1322083
1322084
1322085
1322086
1322087
1322088
1322089
1322090
1322091
1322092
1322093
1322094
1322095
1322096
1322097
1322098
1322099
1323000
1323001
1323002
1323003
1323004
1323005
1323006
1323007
1323008
1323009
1323010
1323011
1323012
1323013
1323014
1323015
1323016
1323017
1323018
1323019
1323020
1323021
1323022
1323023
1323024
1323025
1323026
1323027
1323028
1323029
1323030
1323031
1323032
1323033
1323034
1323035
1323036
1323037
1323038
1323039
1323040
1323041
1323042
1323043
1323044
1323045
1323046
1323047
1323048
1323049
1323050
1323051
1323052
1323053
1323054
1323055
1323056
1323057
1323058
1323059
1323060
1323061
1323062
1323063
1323064
1323065
1323066
1323067
1323068
1323069
1323070
1323071
1323072
1323073
1323074
1323075
1323076
1323077
1323078
1323079
1323080
1323081
1323082
1323083
1323084
1323085
1323086
1323087
1323088
1323089
1323090
1323091
1323092
1323093
1323094
1323095
1323096
1323097
1323098
1323099
1324000
1324001
1324002
1324003
1324004
1324005
1324006
1324007
1324008
1324009
1324010
1324011
1324012
1324013
1324014
1324015
1324016
1324017
1324018
1324019
1324020
1324021
1324022
1324023
1324024
1324025
1324026
1324027
1324028
1324029
1324030
1324031
1324032
1324033
1324034
1324035
1324036
1324037
1324038
1324039
1324040
1324041
1324042
1324043
1324044
1324045
1324046
1324047
1324048
1324049
1324050
1324051
1324052
1324053
1324054
1324055
1324056
1324057
1324058
1324059
1324060
1324061
1324062
1324063
1324064
1324065
1324066
1324067
1324068
1324069
1324070
1324071
1324072
1324073
1324074
1324075
1324076
1324077
1324078
1324079
1324080
1324081
1324082
1324083
1324084
1324085
1324086
1324087
1324088
1324089
1324090
1324091
1324092
1324093
1324094
1324095
1324096
1324097
1324098
1324099
1325000
1325001
1325002
1325003
1325004
1325005
1325006
1325007
1325008
1325009
1325010
1325011
1325012
1325013
1325014
1325015
1325016
1325017
1325018
1325019
1325020
1325021
1325022
1325023
1325024
1325025
1325026
1325027
1325028
1325029
1325030
1325031
1325032
1325033
1325034
1325035
1325036
1325037
1325038
1325039
1325040
1325041
1325042
1325043
1325044
1325045
1325046
1325047
1325048
1325049
1325050
1325051
1325052
1325053
1325054
1325055
1325056
1325057
1325058
1325059
1325060
1325061
1325062
1325063
1325064
1325065
1325066
1325067
1325068
1325069
1325070
1325071
1325072
1325073
1325074
1325075
1325076
1325077
1325078
1325079
1325080
1325081
1325082
1325083
1325084
1325085
1325086
1325087
1325088
1325089
1325090
1325091
1325092
1325093
1325094
1325095
1325096
1325097
1325098
1325099
1326000
1326001
1326002
1326003
1326004
1326005
1326006
1326007
1326008
1326009
1326010
1326011
1326012
1326013
1326014
1326015
1326016
1326017
1326018
1326019
1326020
1326021
1326022
1326023
1326024
1326025
1326026
1326027
1326028
1326029
1326030
1326031
1326032
1326033
1326034
1326035
1326036
1326037
1326038
1326039
1326040
1326041
1326042
1326043
1326044
1326045
1326046
1326047
1326048
1326049
1326050
1326051
1326052
1326053
1326054
1326055
1326056
1326057
1326058
1326059
1326060
1326061
1326062
1326063
1326064
1326065
1326066
1326067
1326068
1326069
1326070
1326071
1326072
1326073
1326074
1326075
1326076
1326077
1326078
1326079
1326080
1326081
1326082
1326083
1326084
1326085
1326086
1326087
1326088
1326089
1326090
1326091
1326092
1326093
1326094
1326095
1326096
1326097
1326098
1326099
1327000
1327001
1327002
1327003
1327004
1327005
1327006
1327007
1327008
1327009
1327010
1327011
1327012
1327013
1327014
1327015
1327016
1327017
1327018
1327019
1327020
1327021
1327022
1327023
1327024
1327025
1327026
1327027
1327028
1327029
1327030
1327031
1327032
1327033
1327034
1327035
1327036
1327037
1327038
1327039
1327040
1327041
1327042
1327043
1327044
1327045
1327046
1327047
1327048
1327049
1327050
1327051
1327052
1327053
1327054
1327055
1327056
1327057
1327058
1327059
1327060
1327061
1327062
1327063
1327064
1327065
1327066
1327067
1327068
1327069
1327070
1327071
1327072
1327073
1327074
1327075
1327076
1327077
1327078
1327079
1327080
1327081
1327082
1327083
1327084
1327085
1327086
1327087
1327088
1327089
1327090
1327091
1327092
1327093
1327094
1327095
1327096
1327097
1327098
1327099
1328000
1328001
1328002
1328003
1328004
1328005
1328006
1328007
1328008
1328009
1328010
1328011
1328012
1328013
1328014
1328015
1328016
1328017
1328018
1328019
1328020
1328021
1328022
1328023
1328024
1328025
1328026
1328027
1328028
1328029
1328030
1328031
1328032
1328033
1328034
1328035
1328036
1328037
1328038
1328039
1328040
1328041
1328042
1328043
1328044
1328045
1328046
1328047
1328048
1328049
1328050
1328051
1328052
1328053
1328054
1328055
1328056
1328057
1328058
1328059
1328060
1328061
1328062
1328063
1328064
1328065
1328066
1328067
1328068
1328069
1328070
1328071
1328072
1328073
1328074
1328075
1328076
1328077
1328078
1328079
1328080
1328081
1328082
1328083
1328084
1328085
1328086
1328087
1328088
1328089
1328090
1328091
1328092
1328093
1328094
1328095
1328096
1328097
1328098
1328099
1329000
1329001
1329002
1329003
1329004
1329005
1329006
1329007
1329008
1329009
1329010
1329011
1329012
1329013
1329014
1329015
1329016
1329017
1329018
1329019
1329020
1329021
1329022
1329023
1329024
1329025
1329026
1329027
1329028
1329029
1329030
1329031
1329032
1329033
1329034
1329035
1329036
1329037
1329038
1329039
1329040
1329041
1329042
1329043
1329044
1329045
1329046
1329047
1329048
1329049
1329050
1329051
1329052
1329053
1329054
1329055
1329056
1329057
1329058
1329059
1329060
1329061
1329062
1329063
1329064
1329065
1329066
1329067
1329068
1329069
1329070
1329071
1329072
1329073
1329074
1329075
1329076
1329077
1329078
1329079
1329080
1329081
1329082
1329083
1329084
1329085
1329086
1329087
1329088
1329089
1329090
1329091
1329092
1329093
1329094
1329095
1329096
1329097
1329098
1329099
1330000
1330001
1330002
1330003
1330004
1330005
1330006
1330007
1330008
1330009
1330010
1330011
1330012
1330013
1330014
1330015
1330016
1330017
1330018
1330019
1330020
1330021
1330022
1330023
1330024
1330025
1330026
1330027
1330028
1330029
1330030
1330031
1330032
1330033
1330034
1330035
1330036
1330037
1330038
1330039
1330040
1330041
1330042
1330043
1330044
1330045
1330046
1330047
1330048
1330049
1330050
1330051
1330052
1330053
1330054
1330055
1330056
1330057
1330058
1330059
1330060
1330061
1330062
1330063
1330064
1330065
1330066
1330067
1330068
1330069
1330070
1330071
1330072
1330073
1330074
1330075
1330076
1330077
1330078
1330079
1330080
1330081
1330082
1330083
1330084
1330085
1330086
1330087
1330088
1330089
1330090
1330091
1330092
1330093
1330094
1330095
1330096
1330097
1330098
1330099
1331000
1331001
1331002
1331003
1331004
1331005
1331006
1331007
1331008
1331009
1331010
1331011
1331012
1331013
1331014
1331015
1331016
1331017
1331018
1331019
1331020
1331021
1331022
1331023
1331024
1331025
1331026
1331027
1331028
1331029
1331030
1331031
1331032
1331033
1331034
1331035
1331036
1331037
1331038
1331039
1331040
1331041
1331042
1331043
1331044
1331045
1331046
1331047
1331048
1331049
1331050
1331051
1331052
1331053
1331054
1331055
1331056
1331057
1331058
1331059
1331060
1331061
1331062
1331063
1331064
1331065
1331066
1331067
1331068
1331069
1331070
1331071
1331072
1331073
1331074
1331075
1331076
1331077
1331078
1331079
1331080
1331081
1331082
1331083
1331084
1331085
1331086
1331087
1331088
1331089
1331090
1331091
1331092
1331093
1331094
1331095
1331096
1331097
1331098
1331099
1332000
1332001
1332002
1332003
1332004
1332005
1332006
1332007
1332008
1332009
1332010
1332011
1332012
1332013
1332014
1332015
1332016
1332017
1332018
1332019
1332020
1332021
1332022
1332023
1332024
1332025
1332026
1332027
1332028
1332029
1332030
1332031
1332032
1332033
1332034
1332035
1332036
1332037
1332038
1332039
1332040
1332041
1332042
1332043
1332044
1332045
1332046
1332047
1332048
1332049
1332050
1332051
1332052
1332053
1332054
1332055
1332056
1332057
1332058
1332059
1332060
1332061
1332062
1332063
1332064
1332065
1332066
1332067
1332068
1332069
1332070
1332071
1332072
1332073
1332074
1332075
1332076
1332077
1332078
1332079
1332080
1332081
1332082
1332083
1332084
1332085
1332086
1332087
1332088
1332089
1332090
1332091
1332092
1332093
1332094
1332095
1332096
1332097
1332098
1332099
1333000
1333001
1333002
1333003
1333004
1333005
1333006
1333007
1333008
1333009
1333010
1333011
1333012
1333013
1333014
1333015
1333016
1333017
1333018
1333019
1333020
1333021
1333022
1333023
1333024
1333025
1333026
1333027
1333028
1333029
1333030
1333031
1333032
1333033
1333034
1333035
1333036
1333037
1333038
1333039
1333040
1333041
1333042
1333043
1333044
1333045
1333046
1333047
1333048
1333049
1333050
1333051
1333052
1333053
1333054
1333055
1333056
1333057
1333058
1333059
1333060
1333061
1333062
1333063
1333064
1333065
1333066
1333067
1333068
1333069
1333070
1333071
1333072
1333073
1333074
1333075
1333076
1333077
1333078
1333079
1333080
1333081
1333082
1333083
1333084
1333085
1333086
1333087
1333088
1333089
1333090
1333091
1333092
1333093
1333094
1333095
1333096
1333097
1333098
1333099
1334000
1334001
1334002
1334003
1334004
1334005
1334006
1334007
1334008
1334009
1334010
1334011
1334012
1334013
1334014
1334015
1334016
1334017
1334018
1334019
1334020
1334021
1334022
1334023
1334024
1334025
1334026
1334027
1334028
1334029
1334030
1334031
1334032
1334033
1334034
1334035
1334036
1334037
1334038
1334039
1334040
1334041
1334042
1334043
1334044
1334045
1334046
1334047
1334048
1334049
1334050
1334051
1334052
1334053
1334054
1334055
1334056
1334057
1334058
1334059
1334060
1334061
1334062
1334063
1334064
1334065
1334066
1334067
1334068
1334069
1334070
1334071
1334072
1334073
1334074
1334075
1334076
1334077
1334078
1334079
1334080
1334081
1334082
1334083
1334084
1334085
1334086
1334087
1334088
1334089
1334090
1334091
1334092
1334093
1334094
1334095
1334096
1334097
1334098
1334099
1335000
1335001
1335002
1335003
1335004
1335005
1335006
1335007
1335008
1335009
1335010
1335011
1335012
1335013
1335014
1335015
1335016
1335017
1335018
1335019
1335020
1335021
1335022
1335023
1335024
1335025
1335026
1335027
1335028
1335029
1335030
1335031
1335032
1335033
1335034
1335035
1335036
1335037
1335038
1335039
1335040
1335041
1335042
1335043
1335044
1335045
1335046
1335047
1335048
1335049
1335050
1335051
1335052
1335053
1335054
1335055
1335056
1335057
1335058
1335059
1335060
1335061
1335062
1335063
1335064
1335065
1335066
1335067
1335068
1335069
1335070
1335071
1335072
1335073
1335074
1335075
1335076
1335077
1335078
1335079
1335080
1335081
1335082
1335083
1335084
1335085
1335086
1335087
1335088
1335089
1335090
1335091
1335092
1335093
1335094
1335095
1335096
1335097
1335098
1335099
1336000
1336001
1336002
1336003
1336004
1336005
1336006
1336007
1336008
1336009
1336010
1336011
1336012
1336013
1336014
1336015
1336016
1336017
1336018
1336019
1336020
1336021
1336022
1336023
1336024
1336025
1336026
1336027
1336028
1336029
1336030
1336031
1336032
1336033
1336034
1336035
1336036
1336037
1336038
1336039
1336040
1336041
1336042
1336043
1336044
1336045
1336046
1336047
1336048
1336049
1336050
1336051
1336052
1336053
1336054
1336055
1336056
1336057
1336058
1336059
1336060
1336061
1336062
1336063
1336064
1336065
1336066
1336067
1336068
1336069
1336070
1336071
1336072
1336073
1336074
1336075
1336076
1336077
1336078
1336079
1336080
1336081
1336082
1336083
1336084
1336085
1336086
1336087
1336088
1336089
1336090
1336091
1336092
1336093
1336094
1336095
1336096
1336097
1336098
1336099
1337000
1337001
1337002
1337003
1337004
1337005
1337006
1337007
1337008
1337009
1337010
1337011
1337012
1337013
1337014
1337015
1337016
1337017
1337018
1337019
1337020
1337021
1337022
1337023
1337024
1337025
1337026
1337027
1337028
1337029
1337030
1337031
1337032
1337033
1337034
1337035
1337036
1337037
1337038
1337039
1337040
1337041
1337042
1337043
1337044
1337045
1337046
1337047
1337048
1337049
1337050
1337051
1337052
1337053
1337054
1337055
1337056
1337057
1337058
1337059
1337060
1337061
1337062
1337063
1337064
1337065
1337066
1337067
1337068
1337069
1337070
1337071
1337072
1337073
1337074
1337075
1337076
1337077
1337078
1337079
1337080
1337081
1337082
1337083
1337084
1337085
1337086
1337087
1337088
1337089
1337090
1337091
1337092
1337093
1337094
1337095
1337096
1337097
1337098
1337099
1338000
1338001
1338002
1338003
1338004
1338005
1338006
1338007
1338008
1338009
1338010
1338011
1338012
1338013
1338014
1338015
1338016
1338017
1338018
1338019
1338020
1338021
1338022
1338023
1338024
1338025
1338026
1338027
1338028
1338029
1338030
1338031
1338032
1338033
1338034
1338035
1338036
1338037
1338038
1338039
1338040
1338041
1338042
1338043
1338044
1338045
1338046
1338047
1338048
1338049
1338050
1338051
1338052
1338053
1338054
1338055
1338056
1338057
1338058
1338059
1338060
1338061
1338062
1338063
1338064
1338065
1338066
1338067
1338068
1338069
1338070
1338071
1338072
1338073
1338074
1338075
1338076
1338077
1338078
1338079
1338080
1338081
1338082
1338083
1338084
1338085
1338086
1338087
1338088
1338089
1338090
1338091
1338092
1338093
1338094
1338095
1338096
1338097
1338098
1338099
1339000
1339001
1339002
1339003
1339004
1339005
1339006
1339007
1339008
1339009
1339010
1339011
1339012
1339013
1339014
1339015
1339016
1339017
1339018
1339019
1339020
1339021
1339022
1339023
1339024
1339025
1339026
1339027
1339028
1339029
1339030
1339031
1339032
1339033
1339034
1339035
1339036
1339037
1339038
1339039
1339040
1339041
1339042
1339043
1339044
1339045
1339046
1339047
1339048
1339049
1339050
1339051
1339052
1339053
1339054
1339055
1339056
1339057
1339058
1339059
1339060
1339061
1339062
1339063
1339064
1339065
1339066
1339067
1339068
1339069
1339070
1339071
1339072
1339073
1339074
1339075
1339076
1339077
1339078
1339079
1339080
1339081
1339082
1339083
1339084
1339085
1339086
1339087
1339088
1339089
1339090
1339091
1339092
1339093
1339094
1339095
1339096
1339097
1339098
1339099
1340000
1340001
1340002
1340003
1340004
1340005
1340006
1340007
1340008
1340009
1340010
1340011
1340012
1340013
1340014
1340015
1340016
1340017
1340018
1340019
1340020
1340021
1340022
1340023
1340024
1340025
1340026
1340027
1340028
1340029
1340030
1340031
1340032
1340033
1340034
1340035
1340036
1340037
1340038
1340039
1340040
1340041
1340042
1340043
1340044
1340045
1340046
1340047
1340048
1340049
1340050
1340051
1340052
1340053
1340054
1340055
1340056
1340057
1340058
1340059
1340060
1340061
1340062
1340063
1340064
1340065
1340066
1340067
1340068
1340069
1340070
1340071
1340072
1340073
1340074
1340075
1340076
1340077
1340078
1340079
1340080
1340081
1340082
1340083
1340084
1340085
1340086
1340087
1340088
1340089
1340090
1340091
1340092
1340093
1340094
1340095
1340096
1340097
1340098
1340099
1341000
1341001
1341002
1341003
1341004
1341005
1341006
1341007
1341008
1341009
1341010
1341011
1341012
1341013
1341014
1341015
1341016
1341017
1341018
1341019
1341020
1341021
1341022
1341023
1341024
1341025
1341026
1341027
1341028
1341029
1341030
1341031
1341032
1341033
1341034
1341035
1341036
1341037
1341038
1341039
1341040
1341041
1341042
1341043
1341044
1341045
1341046
1341047
1341048
1341049
1341050
1341051
1341052
1341053
1341054
1341055
1341056
1341057
1341058
1341059
1341060
1341061
1341062
1341063
1341064
1341065
1341066
1341067
1341068
1341069
1341070
1341071
1341072
1341073
1341074
1341075
1341076
1341077
1341078
1341079
1341080
1341081
1341082
1341083
1341084
1341085
1341086
1341087
1341088
1341089
1341090
1341091
1341092
1341093
1341094
1341095
1341096
1341097
1341098
1341099
1342000
1342001
1342002
1342003
1342004
1342005
1342006
1342007
1342008
1342009
1342010
1342011
1342012
1342013
1342014
1342015
1342016
1342017
1342018
1342019
1342020
1342021
1342022
1342023
1342024
1342025
1342026
1342027
1342028
1342029
1342030
1342031
1342032
1342033
1342034
1342035
1342036
1342037
1342038
1342039
1342040
1342041
1342042
1342043
1342044
1342045
1342046
1342047
1342048
1342049
1342050
1342051
1342052
1342053
1342054
1342055
1342056
1342057
1342058
1342059
1342060
1342061
1342062
1342063
1342064
1342065
1342066
1342067
1342068
1342069
1342070
1342071
1342072
1342073
1342074
1342075
1342076
1342077
1342078
1342079
1342080
1342081
1342082
1342083
1342084
1342085
1342086
1342087
1342088
1342089
1342090
1342091
1342092
1342093
1342094
1342095
1342096
1342097
1342098
1342099
1343000
1343001
1343002
1343003
1343004
1343005
1343006
1343007
1343008
1343009
1343010
1343011
1343012
1343013
1343014
1343015
1343016
1343017
1343018
1343019
1343020
1343021
1343022
1343023
1343024
1343025
1343026
1343027
1343028
1343029
1343030
1343031
1343032
1343033
1343034
1343035
1343036
1343037
1343038
1343039
1343040
1343041
1343042
1343043
1343044
1343045
1343046
1343047
1343048
1343049
1343050
1343051
1343052
1343053
1343054
1343055
1343056
1343057
1343058
1343059
1343060
1343061
1343062
1343063
1343064
1343065
1343066
1343067
1343068
1343069
1343070
1343071
1343072
1343073
1343074
1343075
1343076
1343077
1343078
1343079
1343080
1343081
1343082
1343083
1343084
1343085
1343086
1343087
1343088
1343089
1343090
1343091
1343092
1343093
1343094
1343095
1343096
1343097
1343098
1343099
1344000
1344001
1344002
1344003
1344004
1344005
1344006
1344007
1344008
1344009
1344010
1344011
1344012
1344013
1344014
1344015
1344016
1344017
1344018
1344019
1344020
1344021
1344022
1344023
1344024
1344025
1344026
1344027
1344028
1344029
1344030
1344031
1344032
1344033
1344034
1344035
1344036
1344037
1344038
1344039
1344040
1344041
1344042
1344043
1344044
1344045
1344046
1344047
1344048
1344049
1344050
1344051
1344052
1344053
1344054
1344055
1344056
1344057
1344058
1344059
1344060
1344061
1344062
1344063
1344064
1344065
1344066
1344067
1344068
1344069
1344070
1344071
1344072
1344073
1344074
1344075
1344076
1344077
1344078
1344079
1344080
1344081
1344082
1344083
1344084
1344085
1344086
1344087
1344088
1344089
1344090
1344091
1344092
1344093
1344094
1344095
1344096
1344097
1344098
1344099
1345000
1345001
1345002
1345003
1345004
1345005
1345006
1345007
1345008
1345009
1345010
1345011
1345012
1345013
1345014
1345015
1345016
1345017
1345018
1345019
1345020
1345021
1345022
1345023
1345024
1345025
1345026
1345027
1345028
1345029
1345030
1345031
1345032
1345033
1345034
1345035
1345036
1345037
1345038
1345039
1345040
1345041
1345042
1345043
1345044
1345045
1345046
1345047
1345048
1345049
1345050
1345051
1345052
1345053
1345054
1345055
1345056
1345057
1345058
1345059
1345060
1345061
1345062
1345063
1345064
1345065
1345066
1345067
1345068
1345069
1345070
1345071
1345072
1345073
1345074
1345075
1345076
1345077
1345078
1345079
1345080
1345081
1345082
1345083
1345084
1345085
1345086
1345087
1345088
1345089
1345090
1345091
1345092
1345093
1345094
1345095
1345096
1345097
1345098
1345099
1346000
1346001
1346002
1346003
1346004
1346005
1346006
1346007
1346008
1346009
1346010
1346011
1346012
1346013
1346014
1346015
1346016
1346017
1346018
1346019
1346020
1346021
1346022
1346023
1346024
1346025
1346026
1346027
1346028
1346029
1346030
1346031
1346032
1346033
1346034
1346035
1346036
1346037
1346038
1346039
1346040
1346041
1346042
1346043
1346044
1346045
1346046
1346047
1346048
1346049
1346050
1346051
1346052
1346053
1346054
1346055
1346056
1346057
1346058
1346059
1346060
1346061
1346062
1346063
1346064
1346065
1346066
1346067
1346068
1346069
1346070
1346071
1346072
1346073
1346074
1346075
1346076
1346077
1346078
1346079
1346080
1346081
1346082
1346083
1346084
1346085
1346086
1346087
1346088
1346089
1346090
1346091
1346092
1346093
1346094
1346095
1346096
1346097
1346098
1346099
1347000
1347001
1347002
1347003
1347004
1347005
1347006
1347007
1347008
1347009
1347010
1347011
1347012
1347013
1347014
1347015
1347016
1347017
1347018
1347019
1347020
1347021
1347022
1347023
1347024
1347025
1347026
1347027
1347028
1347029
1347030
1347031
1347032
1347033
1347034
1347035
1347036
1347037
1347038
1347039
1347040
1347041
1347042
1347043
1347044
1347045
1347046
1347047
1347048
1347049
1347050
1347051
1347052
1347053
1347054
1347055
1347056
1347057
1347058
1347059
1347060
1347061
1347062
1347063
1347064
1347065
1347066
1347067
1347068
1347069
1347070
1347071
1347072
1347073
1347074
1347075
1347076
1347077
1347078
1347079
1347080
1347081
1347082
1347083
1347084
1347085
1347086
1347087
1347088
1347089
1347090
1347091
1347092
1347093
1347094
1347095
1347096
1347097
1347098
1347099
1348000
1348001
1348002
1348003
1348004
1348005
1348006
1348007
1348008
1348009
1348010
1348011
1348012
1348013
1348014
1348015
1348016
1348017
1348018
1348019
1348020
1348021
1348022
1348023
1348024
1348025
1348026
1348027
1348028
1348029
1348030
1348031
1348032
1348033
1348034
1348035
1348036
1348037
1348038
1348039
1348040
1348041
1348042
1348043
1348044
1348045
1348046
1348047
1348048
1348049
1348050
1348051
1348052
1348053
1348054
1348055
1348056
1348057
1348058
1348059
1348060
1348061
1348062
1348063
1348064
1348065
1348066
1348067
1348068
1348069
1348070
1348071
1348072
1348073
1348074
1348075
1348076
1348077
1348078
1348079
1348080
1348081
1348082
1348083
1348084
1348085
1348086
1348087
1348088
1348089
1348090
1348091
1348092
1348093
1348094
1348095
1348096
1348097
1348098
1348099
1349000
1349001
1349002
1349003
1349004
1349005
1349006
1349007
1349008
1349009
1349010
1349011
1349012
1349013
1349014
1349015
1349016
1349017
1349018
1349019
1349020
1349021
1349022
1349023
1349024
1349025
1349026
1349027
1349028
1349029
1349030
1349031
1349032
1349033
1349034
1349035
1349036
1349037
1349038
1349039
1349040
1349041
1349042
1349043
1349044
1349045
1349046
1349047
1349048
1349049
1349050
1349051
1349052
1349053
1349054
1349055
1349056
1349057
1349058
1349059
1349060
1349061
1349062
1349063
1349064
1349065
1349066
1349067
1349068
1349069
1349070
1349071
1349072
1349073
1349074
1349075
1349076
1349077
1349078
1349079
1349080
1349081
1349082
1349083
1349084
1349085
1349086
1349087
1349088
1349089
1349090
1349091
1349092
1349093
1349094
1349095
1349096
1349097
1349098
1349099
1350000
1350001
1350002
1350003
1350004
1350005
1350006
1350007
1350008
1350009
1350010
1350011
1350012
1350013
1350014
1350015
1350016
1350017
1350018
1350019
1350020
1350021
1350022
1350023
1350024
1350025
1350026
1350027
1350028
1350029
1350030
1350031
1350032
1350033
1350034
1350035
1350036
1350037
1350038
1350039
1350040
1350041
1350042
1350043
1350044
1350045
1350046
1350047
1350048
1350049
1350050
1350051
1350052
1350053
1350054
1350055
1350056
1350057
1350058
1350059
1350060
1350061
1350062
1350063
1350064
1350065
1350066
1350067
1350068
1350069
1350070
1350071
1350072
1350073
1350074
1350075
1350076
1350077
1350078
1350079
1350080
1350081
1350082
1350083
1350084
1350085
1350086
1350087
1350088
1350089
1350090
1350091
1350092
1350093
1350094
1350095
1350096
1350097
1350098
1350099
1351000
1351001
1351002
1351003
1351004
1351005
1351006
1351007
1351008
1351009
1351010
1351011
1351012
1351013
1351014
1351015
1351016
1351017
1351018
1351019
1351020
1351021
1351022
1351023
1351024
1351025
1351026
1351027
1351028
1351029
1351030
1351031
1351032
1351033
1351034
1351035
1351036
1351037
1351038
1351039
1351040
1351041
1351042
1351043
1351044
1351045
1351046
1351047
1351048
1351049
1351050
1351051
1351052
1351053
1351054
1351055
1351056
1351057
1351058
1351059
1351060
1351061
1351062
1351063
1351064
1351065
1351066
1351067
1351068
1351069
1351070
1351071
1351072
1351073
1351074
1351075
1351076
1351077
1351078
1351079
1351080
1351081
1351082
1351083
1351084
1351085
1351086
1351087
1351088
1351089
1351090
1351091
1351092
1351093
1351094
1351095
1351096
1351097
1351098
1351099
1352000
1352001
1352002
1352003
1352004
1352005
1352006
1352007
1352008
1352009
1352010
1352011
1352012
1352013
1352014
1352015
1352016
1352017
1352018
1352019
1352020
1352021
1352022
1352023
1352024
1352025
1352026
1352027
1352028
1352029
1352030
1352031
1352032
1352033
1352034
1352035
1352036
1352037
1352038
1352039
1352040
1352041
1352042
1352043
1352044
1352045
1352046
1352047
1352048
1352049
1352050
1352051
1352052
1352053
1352054
1352055
1352056
1352057
1352058
1352059
1352060
1352061
1352062
1352063
1352064
1352065
1352066
1352067
1352068
1352069
1352070
1352071
1352072
1352073
1352074
1352075
1352076
1352077
1352078
1352079
1352080
1352081
1352082
1352083
1352084
1352085
1352086
1352087
1352088
1352089
1352090
1352091
1352092
1352093
1352094
1352095
1352096
1352097
1352098
1352099
1353000
1353001
1353002
1353003
1353004
1353005
1353006
1353007
1353008
1353009
1353010
1353011
1353012
1353013
1353014
1353015
1353016
1353017
1353018
1353019
1353020
1353021
1353022
1353023
1353024
1353025
1353026
1353027
1353028
1353029
1353030
1353031
1353032
1353033
1353034
1353035
1353036
1353037
1353038
1353039
1353040
1353041
1353042
1353043
1353044
1353045
1353046
1353047
1353048
1353049
1353050
1353051
1353052
1353053
1353054
1353055
1353056
1353057
1353058
1353059
1353060
1353061
1353062
1353063
1353064
1353065
1353066
1353067
1353068
1353069
1353070
1353071
1353072
1353073
1353074
1353075
1353076
1353077
1353078
1353079
1353080
1353081
1353082
1353083
1353084
1353085
1353086
1353087
1353088
1353089
1353090
1353091
1353092
1353093
1353094
1353095
1353096
1353097
1353098
1353099
1354000
1354001
1354002
1354003
1354004
1354005
1354006
1354007
1354008
1354009
1354010
1354011
1354012
1354013
1354014
1354015
1354016
1354017
1354018
1354019
1354020
1354021
1354022
1354023
1354024
1354025
1354026
1354027
1354028
1354029
1354030
1354031
1354032
1354033
1354034
1354035
1354036
1354037
1354038
1354039
1354040
1354041
1354042
1354043
1354044
1354045
1354046
1354047
1354048
1354049
1354050
1354051
1354052
1354053
1354054
1354055
1354056
1354057
1354058
1354059
1354060
1354061
1354062
1354063
1354064
1354065
1354066
1354067
1354068
1354069
1354070
1354071
1354072
1354073
1354074
1354075
1354076
1354077
1354078
1354079
1354080
1354081
1354082
1354083
1354084
1354085
1354086
1354087
1354088
1354089
1354090
1354091
1354092
1354093
1354094
1354095
1354096
1354097
1354098
1354099
1355000
1355001
1355002
1355003
1355004
1355005
1355006
1355007
1355008
1355009
1355010
1355011
1355012
1355013
1355014
1355015
1355016
1355017
1355018
1355019
1355020
1355021
1355022
1355023
1355024
1355025
1355026
1355027
1355028
1355029
1355030
1355031
1355032
1355033
1355034
1355035
1355036
1355037
1355038
1355039
1355040
1355041
1355042
1355043
1355044
1355045
1355046
1355047
1355048
1355049
1355050
1355051
1355052
1355053
1355054
1355055
1355056
1355057
1355058
1355059
1355060
1355061
1355062
1355063
1355064
1355065
1355066
1355067
1355068
1355069
1355070
1355071
1355072
1355073
1355074
1355075
1355076
1355077
1355078
1355079
1355080
1355081
1355082
1355083
1355084
1355085
1355086
1355087
1355088
1355089
1355090
1355091
1355092
1355093
1355094
1355095
1355096
1355097
1355098
1355099
1356000
1356001
1356002
1356003
1356004
1356005
1356006
1356007
1356008
1356009
1356010
1356011
1356012
1356013
1356014
1356015
1356016
1356017
1356018
1356019
1356020
1356021
1356022
1356023
1356024
1356025
1356026
1356027
1356028
1356029
1356030
1356031
1356032
1356033
1356034
1356035
1356036
1356037
1356038
1356039
1356040
1356041
1356042
1356043
1356044
1356045
1356046
1356047
1356048
1356049
1356050
1356051
1356052
1356053
1356054
1356055
1356056
1356057
1356058
1356059
1356060
1356061
1356062
1356063
1356064
1356065
1356066
1356067
1356068
1356069
1356070
1356071
1356072
1356073
1356074
1356075
1356076
1356077
1356078
1356079
1356080
1356081
1356082
1356083
1356084
1356085
1356086
1356087
1356088
1356089
1356090
1356091
1356092
1356093
1356094
1356095
1356096
1356097
1356098
1356099
1357000
1357001
1357002
1357003
1357004
1357005
1357006
1357007
1357008
1357009
1357010
1357011
1357012
1357013
1357014
1357015
1357016
1357017
1357018
1357019
1357020
1357021
1357022
1357023
1357024
1357025
1357026
1357027
1357028
1357029
1357030
1357031
1357032
1357033
1357034
1357035
1357036
1357037
1357038
1357039
1357040
1357041
1357042
1357043
1357044
1357045
1357046
1357047
1357048
1357049
1357050
1357051
1357052
1357053
1357054
1357055
1357056
1357057
1357058
1357059
1357060
1357061
1357062
1357063
1357064
1357065
1357066
1357067
1357068
1357069
1357070
1357071
1357072
1357073
1357074
1357075
1357076
1357077
1357078
1357079
1357080
1357081
1357082
1357083
1357084
1357085
1357086
1357087
1357088
1357089
1357090
1357091
1357092
1357093
1357094
1357095
1357096
1357097
1357098
1357099
1358000
1358001
1358002
1358003
1358004
1358005
1358006
1358007
1358008
1358009
1358010
1358011
1358012
1358013
1358014
1358015
1358016
1358017
1358018
1358019
1358020
1358021
1358022
1358023
1358024
1358025
1358026
1358027
1358028
1358029
1358030
1358031
1358032
1358033
1358034
1358035
1358036
1358037
1358038
1358039
1358040
1358041
1358042
1358043
1358044
1358045
1358046
1358047
1358048
1358049
1358050
1358051
1358052
1358053
1358054
1358055
1358056
1358057
1358058
1358059
1358060
1358061
1358062
1358063
1358064
1358065
1358066
1358067
1358068
1358069
1358070
1358071
1358072
1358073
1358074
1358075
1358076
1358077
1358078
1358079
1358080
1358081
1358082
1358083
1358084
1358085
1358086
1358087
1358088
1358089
1358090
1358091
1358092
1358093
1358094
1358095
1358096
1358097
1358098
1358099
1359000
1359001
1359002
1359003
1359004
1359005
1359006
1359007
1359008
1359009
1359010
1359011
1359012
1359013
1359014
1359015
1359016
1359017
1359018
1359019
1359020
1359021
1359022
1359023
1359024
1359025
1359026
1359027
1359028
1359029
1359030
1359031
1359032
1359033
1359034
1359035
1359036
1359037
1359038
1359039
1359040
1359041
1359042
1359043
1359044
1359045
1359046
1359047
1359048
1359049
1359050
1359051
1359052
1359053
1359054
1359055
1359056
1359057
1359058
1359059
1359060
1359061
1359062
1359063
1359064
1359065
1359066
1359067
1359068
1359069
1359070
1359071
1359072
1359073
1359074
1359075
1359076
1359077
1359078
1359079
1359080
1359081
1359082
1359083
1359084
1359085
1359086
1359087
1359088
1359089
1359090
1359091
1359092
1359093
1359094
1359095
1359096
1359097
1359098
1359099
1360000
1360001
1360002
1360003
1360004
1360005
1360006
1360007
1360008
1360009
1360010
1360011
1360012
1360013
1360014
1360015
1360016
1360017
1360018
1360019
1360020
1360021
1360022
1360023
1360024
1360025
1360026
1360027
1360028
1360029
1360030
1360031
1360032
1360033
1360034
1360035
1360036
1360037
1360038
1360039
1360040
1360041
1360042
1360043
1360044
1360045
1360046
1360047
1360048
1360049
1360050
1360051
1360052
1360053
1360054
1360055
1360056
1360057
1360058
1360059
1360060
1360061
1360062
1360063
1360064
1360065
1360066
1360067
1360068
1360069
1360070
1360071
1360072
1360073
1360074
1360075
1360076
1360077
1360078
1360079
1360080
1360081
1360082
1360083
1360084
1360085
1360086
1360087
1360088
1360089
1360090
1360091
1360092
1360093
1360094
1360095
1360096
1360097
1360098
1360099
1361000
1361001
1361002
1361003
1361004
1361005
1361006
1361007
1361008
1361009
1361010
1361011
1361012
1361013
1361014
1361015
1361016
1361017
1361018
1361019
1361020
1361021
1361022
1361023
1361024
1361025
1361026
1361027
1361028
1361029
1361030
1361031
1361032
1361033
1361034
1361035
1361036
1361037
1361038
1361039
1361040
1361041
1361042
1361043
1361044
1361045
1361046
1361047
1361048
1361049
1361050
1361051
1361052
1361053
1361054
1361055
1361056
1361057
1361058
1361059
1361060
1361061
1361062
1361063
1361064
1361065
1361066
1361067
1361068
1361069
1361070
1361071
1361072
1361073
1361074
1361075
1361076
1361077
1361078
1361079
1361080
1361081
1361082
1361083
1361084
1361085
1361086
1361087
1361088
1361089
1361090
1361091
1361092
1361093
1361094
1361095
1361096
1361097
1361098
1361099
1362000
1362001
1362002
1362003
1362004
1362005
1362006
1362007
1362008
1362009
1362010
1362011
1362012
1362013
1362014
1362015
1362016
1362017
1362018
1362019
1362020
1362021
1362022
1362023
1362024
1362025
1362026
1362027
1362028
1362029
1362030
1362031
1362032
1362033
1362034
1362035
1362036
1362037
1362038
1362039
1362040
1362041
1362042
1362043
1362044
1362045
1362046
1362047
1362048
1362049
1362050
1362051
1362052
1362053
1362054
1362055
1362056
1362057
1362058
1362059
1362060
1362061
1362062
1362063
1362064
1362065
1362066
1362067
1362068
1362069
1362070
1362071
1362072
1362073
1362074
1362075
1362076
1362077
1362078
1362079
1362080
1362081
1362082
1362083
1362084
1362085
1362086
1362087
1362088
1362089
1362090
1362091
1362092
1362093
1362094
1362095
1362096
1362097
1362098
1362099
1363000
1363001
1363002
1363003
1363004
1363005
1363006
1363007
1363008
1363009
1363010
1363011
1363012
1363013
1363014
1363015
1363016
1363017
1363018
1363019
1363020
1363021
1363022
1363023
1363024
1363025
1363026
1363027
1363028
1363029
1363030
1363031
1363032
1363033
1363034
1363035
1363036
1363037
1363038
1363039
1363040
1363041
1363042
1363043
1363044
1363045
1363046
1363047
1363048
1363049
1363050
1363051
1363052
1363053
1363054
1363055
1363056
1363057
1363058
1363059
1363060
1363061
1363062
1363063
1363064
1363065
1363066
1363067
1363068
1363069
1363070
1363071
1363072
1363073
1363074
1363075
1363076
1363077
1363078
1363079
1363080
1363081
1363082
1363083
1363084
1363085
1363086
1363087
1363088
1363089
1363090
1363091
1363092
1363093
1363094
1363095
1363096
1363097
1363098
1363099
1364000
1364001
1364002
1364003
1364004
1364005
1364006
1364007
1364008
1364009
1364010
1364011
1364012
1364013
1364014
1364015
1364016
1364017
1364018
1364019
1364020
1364021
1364022
1364023
1364024
1364025
1364026
1364027
1364028
1364029
1364030
1364031
1364032
1364033
1364034
1364035
1364036
1364037
1364038
1364039
1364040
1364041
1364042
1364043
1364044
1364045
1364046
1364047
1364048
1364049
1364050
1364051
1364052
1364053
1364054
1364055
1364056
1364057
1364058
1364059
1364060
1364061
1364062
1364063
1364064
1364065
1364066
1364067
1364068
1364069
1364070
1364071
1364072
1364073
1364074
1364075
1364076
1364077
1364078
1364079
1364080
1364081
1364082
1364083
1364084
1364085
1364086
1364087
1364088
1364089
1364090
1364091
1364092
1364093
1364094
1364095
1364096
1364097
1364098
1364099
1365000
1365001
1365002
1365003
1365004
1365005
1365006
1365007
1365008
1365009
1365010
1365011
1365012
1365013
1365014
1365015
1365016
1365017
1365018
1365019
1365020
1365021
1365022
1365023
1365024
1365025
1365026
1365027
1365028
1365029
1365030
1365031
1365032
1365033
1365034
1365035
1365036
1365037
1365038
1365039
1365040
1365041
1365042
1365043
1365044
1365045
1365046
1365047
1365048
1365049
1365050
1365051
1365052
1365053
1365054
1365055
1365056
1365057
1365058
1365059
1365060
1365061
1365062
1365063
1365064
1365065
1365066
1365067
1365068
1365069
1365070
1365071
1365072
1365073
1365074
1365075
1365076
1365077
1365078
1365079
1365080
1365081
1365082
1365083
1365084
1365085
1365086
1365087
1365088
1365089
1365090
1365091
1365092
1365093
1365094
1365095
1365096
1365097
1365098
1365099
1366000
1366001
1366002
1366003
1366004
1366005
1366006
1366007
1366008
1366009
1366010
1366011
1366012
1366013
1366014
1366015
1366016
1366017
1366018
1366019
1366020
1366021
1366022
1366023
1366024
1366025
1366026
1366027
1366028
1366029
1366030
1366031
1366032
1366033
1366034
1366035
1366036
1366037
1366038
1366039
1366040
1366041
1366042
1366043
1366044
1366045
1366046
1366047
1366048
1366049
1366050
1366051
1366052
1366053
1366054
1366055
1366056
1366057
1366058
1366059
1366060
1366061
1366062
1366063
1366064
1366065
1366066
1366067
1366068
1366069
1366070
1366071
1366072
1366073
1366074
1366075
1366076
1366077
1366078
1366079
1366080
1366081
1366082
1366083
1366084
1366085
1366086
1366087
1366088
1366089
1366090
1366091
1366092
1366093
1366094
1366095
1366096
1366097
1366098
1366099
1367000
1367001
1367002
1367003
1367004
1367005
1367006
1367007
1367008
1367009
1367010
1367011
1367012
1367013
1367014
1367015
1367016
1367017
1367018
1367019
1367020
1367021
1367022
1367023
1367024
1367025
1367026
1367027
1367028
1367029
1367030
1367031
1367032
1367033
1367034
1367035
1367036
1367037
1367038
1367039
1367040
1367041
1367042
1367043
1367044
1367045
1367046
1367047
1367048
1367049
1367050
1367051
1367052
1367053
1367054
1367055
1367056
1367057
1367058
1367059
1367060
1367061
1367062
1367063
1367064
1367065
1367066
1367067
1367068
1367069
1367070
1367071
1367072
1367073
1367074
1367075
1367076
1367077
1367078
1367079
1367080
1367081
1367082
1367083
1367084
1367085
1367086
1367087
1367088
1367089
1367090
1367091
1367092
1367093
1367094
1367095
1367096
1367097
1367098
1367099
1368000
1368001
1368002
1368003
1368004
1368005
1368006
1368007
1368008
1368009
1368010
1368011
1368012
1368013
1368014
1368015
1368016
1368017
1368018
1368019
1368020
1368021
1368022
1368023
1368024
1368025
1368026
1368027
1368028
1368029
1368030
1368031
1368032
1368033
1368034
1368035
1368036
1368037
1368038
1368039
1368040
1368041
1368042
1368043
1368044
1368045
1368046
1368047
1368048
1368049
1368050
1368051
1368052
1368053
1368054
1368055
1368056
1368057
1368058
1368059
1368060
1368061
1368062
1368063
1368064
1368065
1368066
1368067
1368068
1368069
1368070
1368071
1368072
1368073
1368074
1368075
1368076
1368077
1368078
1368079
1368080
1368081
1368082
1368083
1368084
1368085
1368086
1368087
1368088
1368089
1368090
1368091
1368092
1368093
1368094
1368095
1368096
1368097
1368098
1368099
1369000
1369001
1369002
1369003
1369004
1369005
1369006
1369007
1369008
1369009
1369010
1369011
1369012
1369013
1369014
1369015
1369016
1369017
1369018
1369019
1369020
1369021
1369022
1369023
1369024
1369025
1369026
1369027
1369028
1369029
1369030
1369031
1369032
1369033
1369034
1369035
1369036
1369037
1369038
1369039
1369040
1369041
1369042
1369043
1369044
1369045
1369046
1369047
1369048
1369049
1369050
1369051
1369052
1369053
1369054
1369055
1369056
1369057
1369058
1369059
1369060
1369061
1369062
1369063
1369064
1369065
1369066
1369067
1369068
1369069
1369070
1369071
1369072
1369073
1369074
1369075
1369076
1369077
1369078
1369079
1369080
1369081
1369082
1369083
1369084
1369085
1369086
1369087
1369088
1369089
1369090
1369091
1369092
1369093
1369094
1369095
1369096
1369097
1369098
1369099
1370000
1370001
1370002
1370003
1370004
1370005
1370006
1370007
1370008
1370009
1370010
1370011
1370012
1370013
1370014
1370015
1370016
1370017
1370018
1370019
1370020
1370021
1370022
1370023
1370024
1370025
1370026
1370027
1370028
1370029
1370030
1370031
1370032
1370033
1370034
1370035
1370036
1370037
1370038
1370039
1370040
1370041
1370042
1370043
1370044
1370045
1370046
1370047
1370048
1370049
1370050
1370051
1370052
1370053
1370054
1370055
1370056
1370057
1370058
1370059
1370060
1370061
1370062
1370063
1370064
1370065
1370066
1370067
1370068
1370069
1370070
1370071
1370072
1370073
1370074
1370075
1370076
1370077
1370078
1370079
1370080
1370081
1370082
1370083
1370084
1370085
1370086
1370087
1370088
1370089
1370090
1370091
1370092
1370093
1370094
1370095
1370096
1370097
1370098
1370099
1371000
1371001
1371002
1371003
1371004
1371005
1371006
1371007
1371008
1371009
1371010
1371011
1371012
1371013
1371014
1371015
1371016
1371017
1371018
1371019
1371020
1371021
1371022
1371023
1371024
1371025
1371026
1371027
1371028
1371029
1371030
1371031
1371032
1371033
1371034
1371035
1371036
1371037
1371038
1371039
1371040
1371041
1371042
1371043
1371044
1371045
1371046
1371047
1371048
1371049
1371050
1371051
1371052
1371053
1371054
1371055
1371056
1371057
1371058
1371059
1371060
1371061
1371062
1371063
1371064
1371065
1371066
1371067
1371068
1371069
1371070
1371071
1371072
1371073
1371074
1371075
1371076
1371077
1371078
1371079
1371080
1371081
1371082
1371083
1371084
1371085
1371086
1371087
1371088
1371089
1371090
1371091
1371092
1371093
1371094
1371095
1371096
1371097
1371098
1371099
1372000
1372001
1372002
1372003
1372004
1372005
1372006
1372007
1372008
1372009
1372010
1372011
1372012
1372013
1372014
1372015
1372016
1372017
1372018
1372019
1372020
1372021
1372022
1372023
1372024
1372025
1372026
1372027
1372028
1372029
1372030
1372031
1372032
1372033
1372034
1372035
1372036
1372037
1372038
1372039
1372040
1372041
1372042
1372043
1372044
1372045
1372046
1372047
1372048
1372049
1372050
1372051
1372052
1372053
1372054
1372055
1372056
1372057
1372058
1372059
1372060
1372061
1372062
1372063
1372064
1372065
1372066
1372067
1372068
1372069
1372070
1372071
1372072
1372073
1372074
1372075
1372076
1372077
1372078
1372079
1372080
1372081
1372082
1372083
1372084
1372085
1372086
1372087
1372088
1372089
1372090
1372091
1372092
1372093
1372094
1372095
1372096
1372097
1372098
1372099
1373000
1373001
1373002
1373003
1373004
1373005
1373006
1373007
1373008
1373009
1373010
1373011
1373012
1373013
1373014
1373015
1373016
1373017
1373018
1373019
1373020
1373021
1373022
1373023
1373024
1373025
1373026
1373027
1373028
1373029
1373030
1373031
1373032
1373033
1373034
1373035
1373036
1373037
1373038
1373039
1373040
1373041
1373042
1373043
1373044
1373045
1373046
1373047
1373048
1373049
1373050
1373051
1373052
1373053
1373054
1373055
1373056
1373057
1373058
1373059
1373060
1373061
1373062
1373063
1373064
1373065
1373066
1373067
1373068
1373069
1373070
1373071
1373072
1373073
1373074
1373075
1373076
1373077
1373078
1373079
1373080
1373081
1373082
1373083
1373084
1373085
1373086
1373087
1373088
1373089
1373090
1373091
1373092
1373093
1373094
1373095
1373096
1373097
1373098
1373099
1374000
1374001
1374002
1374003
1374004
1374005
1374006
1374007
1374008
1374009
1374010
1374011
1374012
1374013
1374014
1374015
1374016
1374017
1374018
1374019
1374020
1374021
1374022
1374023
1374024
1374025
1374026
1374027
1374028
1374029
1374030
1374031
1374032
1374033
1374034
1374035
1374036
1374037
1374038
1374039
1374040
1374041
1374042
1374043
1374044
1374045
1374046
1374047
1374048
1374049
1374050
1374051
1374052
1374053
1374054
1374055
1374056
1374057
1374058
1374059
1374060
1374061
1374062
1374063
1374064
1374065
1374066
1374067
1374068
1374069
1374070
1374071
1374072
1374073
1374074
1374075
1374076
1374077
1374078
1374079
1374080
1374081
1374082
1374083
1374084
1374085
1374086
1374087
1374088
1374089
1374090
1374091
1374092
1374093
1374094
1374095
1374096
1374097
1374098
1374099
1375000
1375001
1375002
1375003
1375004
1375005
1375006
1375007
1375008
1375009
1375010
1375011
1375012
1375013
1375014
1375015
1375016
1375017
1375018
1375019
1375020
1375021
1375022
1375023
1375024
1375025
1375026
1375027
1375028
1375029
1375030
1375031
1375032
1375033
1375034
1375035
1375036
1375037
1375038
1375039
1375040
1375041
1375042
1375043
1375044
1375045
1375046
1375047
1375048
1375049
1375050
1375051
1375052
1375053
1375054
1375055
1375056
1375057
1375058
1375059
1375060
1375061
1375062
1375063
1375064
1375065
1375066
1375067
1375068
1375069
1375070
1375071
1375072
1375073
1375074
1375075
1375076
1375077
1375078
1375079
1375080
1375081
1375082
1375083
1375084
1375085
1375086
1375087
1375088
1375089
1375090
1375091
1375092
1375093
1375094
1375095
1375096
1375097
1375098
1375099
1376000
1376001
1376002
1376003
1376004
1376005
1376006
1376007
1376008
1376009
1376010
1376011
1376012
1376013
1376014
1376015
1376016
1376017
1376018
1376019
1376020
1376021
1376022
1376023
1376024
1376025
1376026
1376027
1376028
1376029
1376030
1376031
1376032
1376033
1376034
1376035
1376036
1376037
1376038
1376039
1376040
1376041
1376042
1376043
1376044
1376045
1376046
1376047
1376048
1376049
1376050
1376051
1376052
1376053
1376054
1376055
1376056
1376057
1376058
1376059
1376060
1376061
1376062
1376063
1376064
1376065
1376066
1376067
1376068
1376069
1376070
1376071
1376072
1376073
1376074
1376075
1376076
1376077
1376078
1376079
1376080
1376081
1376082
1376083
1376084
1376085
1376086
1376087
1376088
1376089
1376090
1376091
1376092
1376093
1376094
1376095
1376096
1376097
1376098
1376099
1377000
1377001
1377002
1377003
1377004
1377005
1377006
1377007
1377008
1377009
1377010
1377011
1377012
1377013
1377014
1377015
1377016
1377017
1377018
1377019
1377020
1377021
1377022
1377023
1377024
1377025
1377026
1377027
1377028
1377029
1377030
1377031
1377032
1377033
1377034
1377035
1377036
1377037
1377038
1377039
1377040
1377041
1377042
1377043
1377044
1377045
1377046
1377047
1377048
1377049
1377050
1377051
1377052
1377053
1377054
1377055
1377056
1377057
1377058
1377059
1377060
1377061
1377062
1377063
1377064
1377065
1377066
1377067
1377068
1377069
1377070
1377071
1377072
1377073
1377074
1377075
1377076
1377077
1377078
1377079
1377080
1377081
1377082
1377083
1377084
1377085
1377086
1377087
1377088
1377089
1377090
1377091
1377092
1377093
1377094
1377095
1377096
1377097
1377098
1377099
1378000
1378001
1378002
1378003
1378004
1378005
1378006
1378007
1378008
1378009
1378010
1378011
1378012
1378013
1378014
1378015
1378016
1378017
1378018
1378019
1378020
1378021
1378022
1378023
1378024
1378025
1378026
1378027
1378028
1378029
1378030
1378031
1378032
1378033
1378034
1378035
1378036
1378037
1378038
1378039
1378040
1378041
1378042
1378043
1378044
1378045
1378046
1378047
1378048
1378049
1378050
1378051
1378052
1378053
1378054
1378055
1378056
1378057
1378058
1378059
1378060
1378061
1378062
1378063
1378064
1378065
1378066
1378067
1378068
1378069
1378070
1378071
1378072
1378073
1378074
1378075
1378076
1378077
1378078
1378079
1378080
1378081
1378082
1378083
1378084
1378085
1378086
1378087
1378088
1378089
1378090
1378091
1378092
1378093
1378094
1378095
1378096
1378097
1378098
1378099
1379000
1379001
1379002
1379003
1379004
1379005
1379006
1379007
1379008
1379009
1379010
1379011
1379012
1379013
1379014
1379015
1379016
1379017
1379018
1379019
1379020
1379021
1379022
1379023
1379024
1379025
1379026
1379027
1379028
1379029
1379030
1379031
1379032
1379033
1379034
1379035
1379036
1379037
1379038
1379039
1379040
1379041
1379042
1379043
1379044
1379045
1379046
1379047
1379048
1379049
1379050
1379051
1379052
1379053
1379054
1379055
1379056
1379057
1379058
1379059
1379060
1379061
1379062
1379063
1379064
1379065
1379066
1379067
1379068
1379069
1379070
1379071
1379072
1379073
1379074
1379075
1379076
1379077
1379078
1379079
1379080
1379081
1379082
1379083
1379084
1379085
1379086
1379087
1379088
1379089
1379090
1379091
1379092
1379093
1379094
1379095
1379096
1379097
1379098
1379099
1380000
1380001
1380002
1380003
1380004
1380005
1380006
1380007
1380008
1380009
1380010
1380011
1380012
1380013
1380014
1380015
1380016
1380017
1380018
1380019
1380020
1380021
1380022
1380023
1380024
1380025
1380026
1380027
1380028
1380029
1380030
1380031
1380032
1380033
1380034
1380035
1380036
1380037
1380038
1380039
1380040
1380041
1380042
1380043
1380044
1380045
1380046
1380047
1380048
1380049
1380050
1380051
1380052
1380053
1380054
1380055
1380056
1380057
1380058
1380059
1380060
1380061
1380062
1380063
1380064
1380065
1380066
1380067
1380068
1380069
1380070
1380071
1380072
1380073
1380074
1380075
1380076
1380077
1380078
1380079
1380080
1380081
1380082
1380083
1380084
1380085
1380086
1380087
1380088
1380089
1380090
1380091
1380092
1380093
1380094
1380095
1380096
1380097
1380098
1380099
1381000
1381001
1381002
1381003
1381004
1381005
1381006
1381007
1381008
1381009
1381010
1381011
1381012
1381013
1381014
1381015
1381016
1381017
1381018
1381019
1381020
1381021
1381022
1381023
1381024
1381025
1381026
1381027
1381028
1381029
1381030
1381031
1381032
1381033
1381034
1381035
1381036
1381037
1381038
1381039
1381040
1381041
1381042
1381043
1381044
1381045
1381046
1381047
1381048
1381049
1381050
1381051
1381052
1381053
1381054
1381055
1381056
1381057
1381058
1381059
1381060
1381061
1381062
1381063
1381064
1381065
1381066
1381067
1381068
1381069
1381070
1381071
1381072
1381073
1381074
1381075
1381076
1381077
1381078
1381079
1381080
1381081
1381082
1381083
1381084
1381085
1381086
1381087
1381088
1381089
1381090
1381091
1381092
1381093
1381094
1381095
1381096
1381097
1381098
1381099
1382000
1382001
1382002
1382003
1382004
1382005
1382006
1382007
1382008
1382009
1382010
1382011
1382012
1382013
1382014
1382015
1382016
1382017
1382018
1382019
1382020
1382021
1382022
1382023
1382024
1382025
1382026
1382027
1382028
1382029
1382030
1382031
1382032
1382033
1382034
1382035
1382036
1382037
1382038
1382039
1382040
1382041
1382042
1382043
1382044
1382045
1382046
1382047
1382048
1382049
1382050
1382051
1382052
1382053
1382054
1382055
1382056
1382057
1382058
1382059
1382060
1382061
1382062
1382063
1382064
1382065
1382066
1382067
1382068
1382069
1382070
1382071
1382072
1382073
1382074
1382075
1382076
1382077
1382078
1382079
1382080
1382081
1382082
1382083
1382084
1382085
1382086
1382087
1382088
1382089
1382090
1382091
1382092
1382093
1382094
1382095
1382096
1382097
1382098
1382099
1383000
1383001
1383002
1383003
1383004
1383005
1383006
1383007
1383008
1383009
1383010
1383011
1383012
1383013
1383014
1383015
1383016
1383017
1383018
1383019
1383020
1383021
1383022
1383023
1383024
1383025
1383026
1383027
1383028
1383029
1383030
1383031
1383032
1383033
1383034
1383035
1383036
1383037
1383038
1383039
1383040
1383041
1383042
1383043
1383044
1383045
1383046
1383047
1383048
1383049
1383050
1383051
1383052
1383053
1383054
1383055
1383056
1383057
1383058
1383059
1383060
1383061
1383062
1383063
1383064
1383065
1383066
1383067
1383068
1383069
1383070
1383071
1383072
1383073
1383074
1383075
1383076
1383077
1383078
1383079
1383080
1383081
1383082
1383083
1383084
1383085
1383086
1383087
1383088
1383089
1383090
1383091
1383092
1383093
1383094
1383095
1383096
1383097
1383098
1383099
1384000
1384001
1384002
1384003
1384004
1384005
1384006
1384007
1384008
1384009
1384010
1384011
1384012
1384013
1384014
1384015
1384016
1384017
1384018
1384019
1384020
1384021
1384022
1384023
1384024
1384025
1384026
1384027
1384028
1384029
1384030
1384031
1384032
1384033
1384034
1384035
1384036
1384037
1384038
1384039
1384040
1384041
1384042
1384043
1384044
1384045
1384046
1384047
1384048
1384049
1384050
1384051
1384052
1384053
1384054
1384055
1384056
1384057
1384058
1384059
1384060
1384061
1384062
1384063
1384064
1384065
1384066
1384067
1384068
1384069
1384070
1384071
1384072
1384073
1384074
1384075
1384076
1384077
1384078
1384079
1384080
1384081
1384082
1384083
1384084
1384085
1384086
1384087
1384088
1384089
1384090
1384091
1384092
1384093
1384094
1384095
1384096
1384097
1384098
1384099
1385000
1385001
1385002
1385003
1385004
1385005
1385006
1385007
1385008
1385009
1385010
1385011
1385012
1385013
1385014
1385015
1385016
1385017
1385018
1385019
1385020
1385021
1385022
1385023
1385024
1385025
1385026
1385027
1385028
1385029
1385030
1385031
1385032
1385033
1385034
1385035
1385036
1385037
1385038
1385039
1385040
1385041
1385042
1385043
1385044
1385045
1385046
1385047
1385048
1385049
1385050
1385051
1385052
1385053
1385054
1385055
1385056
1385057
1385058
1385059
1385060
1385061
1385062
1385063
1385064
1385065
1385066
1385067
1385068
1385069
1385070
1385071
1385072
1385073
1385074
1385075
1385076
1385077
1385078
1385079
1385080
1385081
1385082
1385083
1385084
1385085
1385086
1385087
1385088
1385089
1385090
1385091
1385092
1385093
1385094
1385095
1385096
1385097
1385098
1385099
1386000
1386001
1386002
1386003
1386004
1386005
1386006
1386007
1386008
1386009
1386010
1386011
1386012
1386013
1386014
1386015
1386016
1386017
1386018
1386019
1386020
1386021
1386022
1386023
1386024
1386025
1386026
1386027
1386028
1386029
1386030
1386031
1386032
1386033
1386034
1386035
1386036
1386037
1386038
1386039
1386040
1386041
1386042
1386043
1386044
1386045
1386046
1386047
1386048
1386049
1386050
1386051
1386052
1386053
1386054
1386055
1386056
1386057
1386058
1386059
1386060
1386061
1386062
1386063
1386064
1386065
1386066
1386067
1386068
1386069
1386070
1386071
1386072
1386073
1386074
1386075
1386076
1386077
1386078
1386079
1386080
1386081
1386082
1386083
1386084
1386085
1386086
1386087
1386088
1386089
1386090
1386091
1386092
1386093
1386094
1386095
1386096
1386097
1386098
1386099
1387000
1387001
1387002
1387003
1387004
1387005
1387006
1387007
1387008
1387009
1387010
1387011
1387012
1387013
1387014
1387015
1387016
1387017
1387018
1387019
1387020
1387021
1387022
1387023
1387024
1387025
1387026
1387027
1387028
1387029
1387030
1387031
1387032
1387033
1387034
1387035
1387036
1387037
1387038
1387039
1387040
1387041
1387042
1387043
1387044
1387045
1387046
1387047
1387048
1387049
1387050
1387051
1387052
1387053
1387054
1387055
1387056
1387057
1387058
1387059
1387060
1387061
1387062
1387063
1387064
1387065
1387066
1387067
1387068
1387069
1387070
1387071
1387072
1387073
1387074
1387075
1387076
1387077
1387078
1387079
1387080
1387081
1387082
1387083
1387084
1387085
1387086
1387087
1387088
1387089
1387090
1387091
1387092
1387093
1387094
1387095
1387096
1387097
1387098
1387099
1388000
1388001
1388002
1388003
1388004
1388005
1388006
1388007
1388008
1388009
1388010
1388011
1388012
1388013
1388014
1388015
1388016
1388017
1388018
1388019
1388020
1388021
1388022
1388023
1388024
1388025
1388026
1388027
1388028
1388029
1388030
1388031
1388032
1388033
1388034
1388035
1388036
1388037
1388038
1388039
1388040
1388041
1388042
1388043
1388044
1388045
1388046
1388047
1388048
1388049
1388050
1388051
1388052
1388053
1388054
1388055
1388056
1388057
1388058
1388059
1388060
1388061
1388062
1388063
1388064
1388065
1388066
1388067
1388068
1388069
1388070
1388071
1388072
1388073
1388074
1388075
1388076
1388077
1388078
1388079
1388080
1388081
1388082
1388083
1388084
1388085
1388086
1388087
1388088
1388089
1388090
1388091
1388092
1388093
1388094
1388095
1388096
1388097
1388098
1388099
1389000
1389001
1389002
1389003
1389004
1389005
1389006
1389007
1389008
1389009
1389010
1389011
1389012
1389013
1389014
1389015
1389016
1389017
1389018
1389019
1389020
1389021
1389022
1389023
1389024
1389025
1389026
1389027
1389028
1389029
1389030
1389031
1389032
1389033
1389034
1389035
1389036
1389037
1389038
1389039
1389040
1389041
1389042
1389043
1389044
1389045
1389046
1389047
1389048
1389049
1389050
1389051
1389052
1389053
1389054
1389055
1389056
1389057
1389058
1389059
1389060
1389061
1389062
1389063
1389064
1389065
1389066
1389067
1389068
1389069
1389070
1389071
1389072
1389073
1389074
1389075
1389076
1389077
1389078
1389079
1389080
1389081
1389082
1389083
1389084
1389085
1389086
1389087
1389088
1389089
1389090
1389091
1389092
1389093
1389094
1389095
1389096
1389097
1389098
1389099
1390000
1390001
1390002
1390003
1390004
1390005
1390006
1390007
1390008
1390009
1390010
1390011
1390012
1390013
1390014
1390015
1390016
1390017
1390018
1390019
1390020
1390021
1390022
1390023
1390024
1390025
1390026
1390027
1390028
1390029
1390030
1390031
1390032
1390033
1390034
1390035
1390036
1390037
1390038
1390039
1390040
1390041
1390042
1390043
1390044
1390045
1390046
1390047
1390048
1390049
1390050
1390051
1390052
1390053
1390054
1390055
1390056
1390057
1390058
1390059
1390060
1390061
1390062
1390063
1390064
1390065
1390066
1390067
1390068
1390069
1390070
1390071
1390072
1390073
1390074
1390075
1390076
1390077
1390078
1390079
1390080
1390081
1390082
1390083
1390084
1390085
1390086
1390087
1390088
1390089
1390090
1390091
1390092
1390093
1390094
1390095
1390096
1390097
1390098
1390099
1391000
1391001
1391002
1391003
1391004
1391005
1391006
1391007
1391008
1391009
1391010
1391011
1391012
1391013
1391014
1391015
1391016
1391017
1391018
1391019
1391020
1391021
1391022
1391023
1391024
1391025
1391026
1391027
1391028
1391029
1391030
1391031
1391032
1391033
1391034
1391035
1391036
1391037
1391038
1391039
1391040
1391041
1391042
1391043
1391044
1391045
1391046
1391047
1391048
1391049
1391050
1391051
1391052
1391053
1391054
1391055
1391056
1391057
1391058
1391059
1391060
1391061
1391062
1391063
1391064
1391065
1391066
1391067
1391068
1391069
1391070
1391071
1391072
1391073
1391074
1391075
1391076
1391077
1391078
1391079
1391080
1391081
1391082
1391083
1391084
1391085
1391086
1391087
1391088
1391089
1391090
1391091
1391092
1391093
1391094
1391095
1391096
1391097
1391098
1391099
1392000
1392001
1392002
1392003
1392004
1392005
1392006
1392007
1392008
1392009
1392010
1392011
1392012
1392013
1392014
1392015
1392016
1392017
1392018
1392019
1392020
1392021
1392022
1392023
1392024
1392025
1392026
1392027
1392028
1392029
1392030
1392031
1392032
1392033
1392034
1392035
1392036
1392037
1392038
1392039
1392040
1392041
1392042
1392043
1392044
1392045
1392046
1392047
1392048
1392049
1392050
1392051
1392052
1392053
1392054
1392055
1392056
1392057
1392058
1392059
1392060
1392061
1392062
1392063
1392064
1392065
1392066
1392067
1392068
1392069
1392070
1392071
1392072
1392073
1392074
1392075
1392076
1392077
1392078
1392079
1392080
1392081
1392082
1392083
1392084
1392085
1392086
1392087
1392088
1392089
1392090
1392091
1392092
1392093
1392094
1392095
1392096
1392097
1392098
1392099
1393000
1393001
1393002
1393003
1393004
1393005
1393006
1393007
1393008
1393009
1393010
1393011
1393012
1393013
1393014
1393015
1393016
1393017
1393018
1393019
1393020
1393021
1393022
1393023
1393024
1393025
1393026
1393027
1393028
1393029
1393030
1393031
1393032
1393033
1393034
1393035
1393036
1393037
1393038
1393039
1393040
1393041
1393042
1393043
1393044
1393045
1393046
1393047
1393048
1393049
1393050
1393051
1393052
1393053
1393054
1393055
1393056
1393057
1393058
1393059
1393060
1393061
1393062
1393063
1393064
1393065
1393066
1393067
1393068
1393069
1393070
1393071
1393072
1393073
1393074
1393075
1393076
1393077
1393078
1393079
1393080
1393081
1393082
1393083
1393084
1393085
1393086
1393087
1393088
1393089
1393090
1393091
1393092
1393093
1393094
1393095
1393096
1393097
1393098
1393099
1394000
1394001
1394002
1394003
1394004
1394005
1394006
1394007
1394008
1394009
1394010
1394011
1394012
1394013
1394014
1394015
1394016
1394017
1394018
1394019
1394020
1394021
1394022
1394023
1394024
1394025
1394026
1394027
1394028
1394029
1394030
1394031
1394032
1394033
1394034
1394035
1394036
1394037
1394038
1394039
1394040
1394041
1394042
1394043
1394044
1394045
1394046
1394047
1394048
1394049
1394050
1394051
1394052
1394053
1394054
1394055
1394056
1394057
1394058
1394059
1394060
1394061
1394062
1394063
1394064
1394065
1394066
1394067
1394068
1394069
1394070
1394071
1394072
1394073
1394074
1394075
1394076
1394077
1394078
1394079
1394080
1394081
1394082
1394083
1394084
1394085
1394086
1394087
1394088
1394089
1394090
1394091
1394092
1394093
1394094
1394095
1394096
1394097
1394098
1394099
1395000
1395001
1395002
1395003
1395004
1395005
1395006
1395007
1395008
1395009
1395010
1395011
1395012
1395013
1395014
1395015
1395016
1395017
1395018
1395019
1395020
1395021
1395022
1395023
1395024
1395025
1395026
1395027
1395028
1395029
1395030
1395031
1395032
1395033
1395034
1395035
1395036
1395037
1395038
1395039
1395040
1395041
1395042
1395043
1395044
1395045
1395046
1395047
1395048
1395049
1395050
1395051
1395052
1395053
1395054
1395055
1395056
1395057
1395058
1395059
1395060
1395061
1395062
1395063
1395064
1395065
1395066
1395067
1395068
1395069
1395070
1395071
1395072
1395073
1395074
1395075
1395076
1395077
1395078
1395079
1395080
1395081
1395082
1395083
1395084
1395085
1395086
1395087
1395088
1395089
1395090
1395091
1395092
1395093
1395094
1395095
1395096
1395097
1395098
1395099
1396000
1396001
1396002
1396003
1396004
1396005
1396006
1396007
1396008
1396009
1396010
1396011
1396012
1396013
1396014
1396015
1396016
1396017
1396018
1396019
1396020
1396021
1396022
1396023
1396024
1396025
1396026
1396027
1396028
1396029
1396030
1396031
1396032
1396033
1396034
1396035
1396036
1396037
1396038
1396039
1396040
1396041
1396042
1396043
1396044
1396045
1396046
1396047
1396048
1396049
1396050
1396051
1396052
1396053
1396054
1396055
1396056
1396057
1396058
1396059
1396060
1396061
1396062
1396063
1396064
1396065
1396066
1396067
1396068
1396069
1396070
1396071
1396072
1396073
1396074
1396075
1396076
1396077
1396078
1396079
1396080
1396081
1396082
1396083
1396084
1396085
1396086
1396087
1396088
1396089
1396090
1396091
1396092
1396093
1396094
1396095
1396096
1396097
1396098
1396099
1397000
1397001
1397002
1397003
1397004
1397005
1397006
1397007
1397008
1397009
1397010
1397011
1397012
1397013
1397014
1397015
1397016
1397017
1397018
1397019
1397020
1397021
1397022
1397023
1397024
1397025
1397026
1397027
1397028
1397029
1397030
1397031
1397032
1397033
1397034
1397035
1397036
1397037
1397038
1397039
1397040
1397041
1397042
1397043
1397044
1397045
1397046
1397047
1397048
1397049
1397050
1397051
1397052
1397053
1397054
1397055
1397056
1397057
1397058
1397059
1397060
1397061
1397062
1397063
1397064
1397065
1397066
1397067
1397068
1397069
1397070
1397071
1397072
1397073
1397074
1397075
1397076
1397077
1397078
1397079
1397080
1397081
1397082
1397083
1397084
1397085
1397086
1397087
1397088
1397089
1397090
1397091
1397092
1397093
1397094
1397095
1397096
1397097
1397098
1397099
1398000
1398001
1398002
1398003
1398004
1398005
1398006
1398007
1398008
1398009
1398010
1398011
1398012
1398013
1398014
1398015
1398016
1398017
1398018
1398019
1398020
1398021
1398022
1398023
1398024
1398025
1398026
1398027
1398028
1398029
1398030
1398031
1398032
1398033
1398034
1398035
1398036
1398037
1398038
1398039
1398040
1398041
1398042
1398043
1398044
1398045
1398046
1398047
1398048
1398049
1398050
1398051
1398052
1398053
1398054
1398055
1398056
1398057
1398058
1398059
1398060
1398061
1398062
1398063
1398064
1398065
1398066
1398067
1398068
1398069
1398070
1398071
1398072
1398073
1398074
1398075
1398076
1398077
1398078
1398079
1398080
1398081
1398082
1398083
1398084
1398085
1398086
1398087
1398088
1398089
1398090
1398091
1398092
1398093
1398094
1398095
1398096
1398097
1398098
1398099
1399000
1399001
1399002
1399003
1399004
1399005
1399006
1399007
1399008
1399009
1399010
1399011
1399012
1399013
1399014
1399015
1399016
1399017
1399018
1399019
1399020
1399021
1399022
1399023
1399024
1399025
1399026
1399027
1399028
1399029
1399030
1399031
1399032
1399033
1399034
1399035
1399036
1399037
1399038
1399039
1399040
1399041
1399042
1399043
1399044
1399045
1399046
1399047
1399048
1399049
1399050
1399051
1399052
1399053
1399054
1399055
1399056
1399057
1399058
1399059
1399060
1399061
1399062
1399063
1399064
1399065
1399066
1399067
1399068
1399069
1399070
1399071
1399072
1399073
1399074
1399075
1399076
1399077
1399078
1399079
1399080
1399081
1399082
1399083
1399084
1399085
1399086
1399087
1399088
1399089
1399090
1399091
1399092
1399093
1399094
1399095
1399096
1399097
1399098
1399099
1400000
1400001
1400002
1400003
1400004
1400005
1400006
1400007
1400008
1400009
1400010
1400011
1400012
1400013
1400014
1400015
1400016
1400017
1400018
1400019
1400020
1400021
1400022
1400023
1400024
1400025
1400026
1400027
1400028
1400029
1400030
1400031
1400032
1400033
1400034
1400035
1400036
1400037
1400038
1400039
1400040
1400041
1400042
1400043
1400044
1400045
1400046
1400047
1400048
1400049
1400050
1400051
1400052
1400053
1400054
1400055
1400056
1400057
1400058
1400059
1400060
1400061
1400062
1400063
1400064
1400065
1400066
1400067
1400068
1400069
1400070
1400071
1400072
1400073
1400074
1400075
1400076
1400077
1400078
1400079
1400080
1400081
1400082
1400083
1400084
1400085
1400086
1400087
1400088
1400089
1400090
1400091
1400092
1400093
1400094
1400095
1400096
1400097
1400098
1400099
1401000
1401001
1401002
1401003
1401004
1401005
1401006
1401007
1401008
1401009
1401010
1401011
1401012
1401013
1401014
1401015
1401016
1401017
1401018
1401019
1401020
1401021
1401022
1401023
1401024
1401025
1401026
1401027
1401028
1401029
1401030
1401031
1401032
1401033
1401034
1401035
1401036
1401037
1401038
1401039
1401040
1401041
1401042
1401043
1401044
1401045
1401046
1401047
1401048
1401049
1401050
1401051
1401052
1401053
1401054
1401055
1401056
1401057
1401058
1401059
1401060
1401061
1401062
1401063
1401064
1401065
1401066
1401067
1401068
1401069
1401070
1401071
1401072
1401073
1401074
1401075
1401076
1401077
1401078
1401079
1401080
1401081
1401082
1401083
1401084
1401085
1401086
1401087
1401088
1401089
1401090
1401091
1401092
1401093
1401094
1401095
1401096
1401097
1401098
1401099
1402000
1402001
1402002
1402003
1402004
1402005
1402006
1402007
1402008
1402009
1402010
1402011
1402012
1402013
1402014
1402015
1402016
1402017
1402018
1402019
1402020
1402021
1402022
1402023
1402024
1402025
1402026
1402027
1402028
1402029
1402030
1402031
1402032
1402033
1402034
1402035
1402036
1402037
1402038
1402039
1402040
1402041
1402042
1402043
1402044
1402045
1402046
1402047
1402048
1402049
1402050
1402051
1402052
1402053
1402054
1402055
1402056
1402057
1402058
1402059
1402060
1402061
1402062
1402063
1402064
1402065
1402066
1402067
1402068
1402069
1402070
1402071
1402072
1402073
1402074
1402075
1402076
1402077
1402078
1402079
1402080
1402081
1402082
1402083
1402084
1402085
1402086
1402087
1402088
1402089
1402090
1402091
1402092
1402093
1402094
1402095
1402096
1402097
1402098
1402099
1403000
1403001
1403002
1403003
1403004
1403005
1403006
1403007
1403008
1403009
1403010
1403011
1403012
1403013
1403014
1403015
1403016
1403017
1403018
1403019
1403020
1403021
1403022
1403023
1403024
1403025
1403026
1403027
1403028
1403029
1403030
1403031
1403032
1403033
1403034
1403035
1403036
1403037
1403038
1403039
1403040
1403041
1403042
1403043
1403044
1403045
1403046
1403047
1403048
1403049
1403050
1403051
1403052
1403053
1403054
1403055
1403056
1403057
1403058
1403059
1403060
1403061
1403062
1403063
1403064
1403065
1403066
1403067
1403068
1403069
1403070
1403071
1403072
1403073
1403074
1403075
1403076
1403077
1403078
1403079
1403080
1403081
1403082
1403083
1403084
1403085
1403086
1403087
1403088
1403089
1403090
1403091
1403092
1403093
1403094
1403095
1403096
1403097
1403098
1403099
1404000
1404001
1404002
1404003
1404004
1404005
1404006
1404007
1404008
1404009
1404010
1404011
1404012
1404013
1404014
1404015
1404016
1404017
1404018
1404019
1404020
1404021
1404022
1404023
1404024
1404025
1404026
1404027
1404028
1404029
1404030
1404031
1404032
1404033
1404034
1404035
1404036
1404037
1404038
1404039
1404040
1404041
1404042
1404043
1404044
1404045
1404046
1404047
1404048
1404049
1404050
1404051
1404052
1404053
1404054
1404055
1404056
1404057
1404058
1404059
1404060
1404061
1404062
1404063
1404064
1404065
1404066
1404067
1404068
1404069
1404070
1404071
1404072
1404073
1404074
1404075
1404076
1404077
1404078
1404079
1404080
1404081
1404082
1404083
1404084
1404085
1404086
1404087
1404088
1404089
1404090
1404091
1404092
1404093
1404094
1404095
1404096
1404097
1404098
1404099
1405000
1405001
1405002
1405003
1405004
1405005
1405006
1405007
1405008
1405009
1405010
1405011
1405012
1405013
1405014
1405015
1405016
1405017
1405018
1405019
1405020
1405021
1405022
1405023
1405024
1405025
1405026
1405027
1405028
1405029
1405030
1405031
1405032
1405033
1405034
1405035
1405036
1405037
1405038
1405039
1405040
1405041
1405042
1405043
1405044
1405045
1405046
1405047
1405048
1405049
1405050
1405051
1405052
1405053
1405054
1405055
1405056
1405057
1405058
1405059
1405060
1405061
1405062
1405063
1405064
1405065
1405066
1405067
1405068
1405069
1405070
1405071
1405072
1405073
1405074
1405075
1405076
1405077
1405078
1405079
1405080
1405081
1405082
1405083
1405084
1405085
1405086
1405087
1405088
1405089
1405090
1405091
1405092
1405093
1405094
1405095
1405096
1405097
1405098
1405099
1406000
1406001
1406002
1406003
1406004
1406005
1406006
1406007
1406008
1406009
1406010
1406011
1406012
1406013
1406014
1406015
1406016
1406017
1406018
1406019
1406020
1406021
1406022
1406023
1406024
1406025
1406026
1406027
1406028
1406029
1406030
1406031
1406032
1406033
1406034
1406035
1406036
1406037
1406038
1406039
1406040
1406041
1406042
1406043
1406044
1406045
1406046
1406047
1406048
1406049
1406050
1406051
1406052
1406053
1406054
1406055
1406056
1406057
1406058
1406059
1406060
1406061
1406062
1406063
1406064
1406065
1406066
1406067
1406068
1406069
1406070
1406071
1406072
1406073
1406074
1406075
1406076
1406077
1406078
1406079
1406080
1406081
1406082
1406083
1406084
1406085
1406086
1406087
1406088
1406089
1406090
1406091
1406092
1406093
1406094
1406095
1406096
1406097
1406098
1406099
1407000
1407001
1407002
1407003
1407004
1407005
1407006
1407007
1407008
1407009
1407010
1407011
1407012
1407013
1407014
1407015
1407016
1407017
1407018
1407019
1407020
1407021
1407022
1407023
1407024
1407025
1407026
1407027
1407028
1407029
1407030
1407031
1407032
1407033
1407034
1407035
1407036
1407037
1407038
1407039
1407040
1407041
1407042
1407043
1407044
1407045
1407046
1407047
1407048
1407049
1407050
1407051
1407052
1407053
1407054
1407055
1407056
1407057
1407058
1407059
1407060
1407061
1407062
1407063
1407064
1407065
1407066
1407067
1407068
1407069
1407070
1407071
1407072
1407073
1407074
1407075
1407076
1407077
1407078
1407079
1407080
1407081
1407082
1407083
1407084
1407085
1407086
1407087
1407088
1407089
1407090
1407091
1407092
1407093
1407094
1407095
1407096
1407097
1407098
1407099
1408000
1408001
1408002
1408003
1408004
1408005
1408006
1408007
1408008
1408009
1408010
1408011
1408012
1408013
1408014
1408015
1408016
1408017
1408018
1408019
1408020
1408021
1408022
1408023
1408024
1408025
1408026
1408027
1408028
1408029
1408030
1408031
1408032
1408033
1408034
1408035
1408036
1408037
1408038
1408039
1408040
1408041
1408042
1408043
1408044
1408045
1408046
1408047
1408048
1408049
1408050
1408051
1408052
1408053
1408054
1408055
1408056
1408057
1408058
1408059
1408060
1408061
1408062
1408063
1408064
1408065
1408066
1408067
1408068
1408069
1408070
1408071
1408072
1408073
1408074
1408075
1408076
1408077
1408078
1408079
1408080
1408081
1408082
1408083
1408084
1408085
1408086
1408087
1408088
1408089
1408090
1408091
1408092
1408093
1408094
1408095
1408096
1408097
1408098
1408099
1409000
1409001
1409002
1409003
1409004
1409005
1409006
1409007
1409008
1409009
1409010
1409011
1409012
1409013
1409014
1409015
1409016
1409017
1409018
1409019
1409020
1409021
1409022
1409023
1409024
1409025
1409026
1409027
1409028
1409029
1409030
1409031
1409032
1409033
1409034
1409035
1409036
1409037
1409038
1409039
1409040
1409041
1409042
1409043
1409044
1409045
1409046
1409047
1409048
1409049
1409050
1409051
1409052
1409053
1409054
1409055
1409056
1409057
1409058
1409059
1409060
1409061
1409062
1409063
1409064
1409065
1409066
1409067
1409068
1409069
1409070
1409071
1409072
1409073
1409074
1409075
1409076
1409077
1409078
1409079
1409080
1409081
1409082
1409083
1409084
1409085
1409086
1409087
1409088
1409089
1409090
1409091
1409092
1409093
1409094
1409095
1409096
1409097
1409098
1409099
1410000
1410001
1410002
1410003
1410004
1410005
1410006
1410007
1410008
1410009
1410010
1410011
1410012
1410013
1410014
1410015
1410016
1410017
1410018
1410019
1410020
1410021
1410022
1410023
1410024
1410025
1410026
1410027
1410028
1410029
1410030
1410031
1410032
1410033
1410034
1410035
1410036
1410037
1410038
1410039
1410040
1410041
1410042
1410043
1410044
1410045
1410046
1410047
1410048
1410049
1410050
1410051
1410052
1410053
1410054
1410055
1410056
1410057
1410058
1410059
1410060
1410061
1410062
1410063
1410064
1410065
1410066
1410067
1410068
1410069
1410070
1410071
1410072
1410073
1410074
1410075
1410076
1410077
1410078
1410079
1410080
1410081
1410082
1410083
1410084
1410085
1410086
1410087
1410088
1410089
1410090
1410091
1410092
1410093
1410094
1410095
1410096
1410097
1410098
1410099
1411000
1411001
1411002
1411003
1411004
1411005
1411006
1411007
1411008
1411009
1411010
1411011
1411012
1411013
1411014
1411015
1411016
1411017
1411018
1411019
1411020
1411021
1411022
1411023
1411024
1411025
1411026
1411027
1411028
1411029
1411030
1411031
1411032
1411033
1411034
1411035
1411036
1411037
1411038
1411039
1411040
1411041
1411042
1411043
1411044
1411045
1411046
1411047
1411048
1411049
1411050
1411051
1411052
1411053
1411054
1411055
1411056
1411057
1411058
1411059
1411060
1411061
1411062
1411063
1411064
1411065
1411066
1411067
1411068
1411069
1411070
1411071
1411072
1411073
1411074
1411075
1411076
1411077
1411078
1411079
1411080
1411081
1411082
1411083
1411084
1411085
1411086
1411087
1411088
1411089
1411090
1411091
1411092
1411093
1411094
1411095
1411096
1411097
1411098
1411099
1412000
1412001
1412002
1412003
1412004
1412005
1412006
1412007
1412008
1412009
1412010
1412011
1412012
1412013
1412014
1412015
1412016
1412017
1412018
1412019
1412020
1412021
1412022
1412023
1412024
1412025
1412026
1412027
1412028
1412029
1412030
1412031
1412032
1412033
1412034
1412035
1412036
1412037
1412038
1412039
1412040
1412041
1412042
1412043
1412044
1412045
1412046
1412047
1412048
1412049
1412050
1412051
1412052
1412053
1412054
1412055
1412056
1412057
1412058
1412059
1412060
1412061
1412062
1412063
1412064
1412065
1412066
1412067
1412068
1412069
1412070
1412071
1412072
1412073
1412074
1412075
1412076
1412077
1412078
1412079
1412080
1412081
1412082
1412083
1412084
1412085
1412086
1412087
1412088
1412089
1412090
1412091
1412092
1412093
1412094
1412095
1412096
1412097
1412098
1412099
1413000
1413001
1413002
1413003
1413004
1413005
1413006
1413007
1413008
1413009
1413010
1413011
1413012
1413013
1413014
1413015
1413016
1413017
1413018
1413019
1413020
1413021
1413022
1413023
1413024
1413025
1413026
1413027
1413028
1413029
1413030
1413031
1413032
1413033
1413034
1413035
1413036
1413037
1413038
1413039
1413040
1413041
1413042
1413043
1413044
1413045
1413046
1413047
1413048
1413049
1413050
1413051
1413052
1413053
1413054
1413055
1413056
1413057
1413058
1413059
1413060
1413061
1413062
1413063
1413064
1413065
1413066
1413067
1413068
1413069
1413070
1413071
1413072
1413073
1413074
1413075
1413076
1413077
1413078
1413079
1413080
1413081
1413082
1413083
1413084
1413085
1413086
1413087
1413088
1413089
1413090
1413091
1413092
1413093
1413094
1413095
1413096
1413097
1413098
1413099
1414000
1414001
1414002
1414003
1414004
1414005
1414006
1414007
1414008
1414009
1414010
1414011
1414012
1414013
1414014
1414015
1414016
1414017
1414018
1414019
1414020
1414021
1414022
1414023
1414024
1414025
1414026
1414027
1414028
1414029
1414030
1414031
1414032
1414033
1414034
1414035
1414036
1414037
1414038
1414039
1414040
1414041
1414042
1414043
1414044
1414045
1414046
1414047
1414048
1414049
1414050
1414051
1414052
1414053
1414054
1414055
1414056
1414057
1414058
1414059
1414060
1414061
1414062
1414063
1414064
1414065
1414066
1414067
1414068
1414069
1414070
1414071
1414072
1414073
1414074
1414075
1414076
1414077
1414078
1414079
1414080
1414081
1414082
1414083
1414084
1414085
1414086
1414087
1414088
1414089
1414090
1414091
1414092
1414093
1414094
1414095
1414096
1414097
1414098
1414099
1415000
1415001
1415002
1415003
1415004
1415005
1415006
1415007
1415008
1415009
1415010
1415011
1415012
1415013
1415014
1415015
1415016
1415017
1415018
1415019
1415020
1415021
1415022
1415023
1415024
1415025
1415026
1415027
1415028
1415029
1415030
1415031
1415032
1415033
1415034
1415035
1415036
1415037
1415038
1415039
1415040
1415041
1415042
1415043
1415044
1415045
1415046
1415047
1415048
1415049
1415050
1415051
1415052
1415053
1415054
1415055
1415056
1415057
1415058
1415059
1415060
1415061
1415062
1415063
1415064
1415065
1415066
1415067
1415068
1415069
1415070
1415071
1415072
1415073
1415074
1415075
1415076
1415077
1415078
1415079
1415080
1415081
1415082
1415083
1415084
1415085
1415086
1415087
1415088
1415089
1415090
1415091
1415092
1415093
1415094
1415095
1415096
1415097
1415098
1415099
1416000
1416001
1416002
1416003
1416004
1416005
1416006
1416007
1416008
1416009
1416010
1416011
1416012
1416013
1416014
1416015
1416016
1416017
1416018
1416019
1416020
1416021
1416022
1416023
1416024
1416025
1416026
1416027
1416028
1416029
1416030
1416031
1416032
1416033
1416034
1416035
1416036
1416037
1416038
1416039
1416040
1416041
1416042
1416043
1416044
1416045
1416046
1416047
1416048
1416049
1416050
1416051
1416052
1416053
1416054
1416055
1416056
1416057
1416058
1416059
1416060
1416061
1416062
1416063
1416064
1416065
1416066
1416067
1416068
1416069
1416070
1416071
1416072
1416073
1416074
1416075
1416076
1416077
1416078
1416079
1416080
1416081
1416082
1416083
1416084
1416085
1416086
1416087
1416088
1416089
1416090
1416091
1416092
1416093
1416094
1416095
1416096
1416097
1416098
1416099
1417000
1417001
1417002
1417003
1417004
1417005
1417006
1417007
1417008
1417009
1417010
1417011
1417012
1417013
1417014
1417015
1417016
1417017
1417018
1417019
1417020
1417021
1417022
1417023
1417024
1417025
1417026
1417027
1417028
1417029
1417030
1417031
1417032
1417033
1417034
1417035
1417036
1417037
1417038
1417039
1417040
1417041
1417042
1417043
1417044
1417045
1417046
1417047
1417048
1417049
1417050
1417051
1417052
1417053
1417054
1417055
1417056
1417057
1417058
1417059
1417060
1417061
1417062
1417063
1417064
1417065
1417066
1417067
1417068
1417069
1417070
1417071
1417072
1417073
1417074
1417075
1417076
1417077
1417078
1417079
1417080
1417081
1417082
1417083
1417084
1417085
1417086
1417087
1417088
1417089
1417090
1417091
1417092
1417093
1417094
1417095
1417096
1417097
1417098
1417099
1418000
1418001
1418002
1418003
1418004
1418005
1418006
1418007
1418008
1418009
1418010
1418011
1418012
1418013
1418014
1418015
1418016
1418017
1418018
1418019
1418020
1418021
1418022
1418023
1418024
1418025
1418026
1418027
1418028
1418029
1418030
1418031
1418032
1418033
1418034
1418035
1418036
1418037
1418038
1418039
1418040
1418041
1418042
1418043
1418044
1418045
1418046
1418047
1418048
1418049
1418050
1418051
1418052
1418053
1418054
1418055
1418056
1418057
1418058
1418059
1418060
1418061
1418062
1418063
1418064
1418065
1418066
1418067
1418068
1418069
1418070
1418071
1418072
1418073
1418074
1418075
1418076
1418077
1418078
1418079
1418080
1418081
1418082
1418083
1418084
1418085
1418086
1418087
1418088
1418089
1418090
1418091
1418092
1418093
1418094
1418095
1418096
1418097
1418098
1418099
1419000
1419001
1419002
1419003
1419004
1419005
1419006
1419007
1419008
1419009
1419010
1419011
1419012
1419013
1419014
1419015
1419016
1419017
1419018
1419019
1419020
1419021
1419022
1419023
1419024
1419025
1419026
1419027
1419028
1419029
1419030
1419031
1419032
1419033
1419034
1419035
1419036
1419037
1419038
1419039
1419040
1419041
1419042
1419043
1419044
1419045
1419046
1419047
1419048
1419049
1419050
1419051
1419052
1419053
1419054
1419055
1419056
1419057
1419058
1419059
1419060
1419061
1419062
1419063
1419064
1419065
1419066
1419067
1419068
1419069
1419070
1419071
1419072
1419073
1419074
1419075
1419076
1419077
1419078
1419079
1419080
1419081
1419082
1419083
1419084
1419085
1419086
1419087
1419088
1419089
1419090
1419091
1419092
1419093
1419094
1419095
1419096
1419097
1419098
1419099
1420000
1420001
1420002
1420003
1420004
1420005
1420006
1420007
1420008
1420009
1420010
1420011
1420012
1420013
1420014
1420015
1420016
1420017
1420018
1420019
1420020
1420021
1420022
1420023
1420024
1420025
1420026
1420027
1420028
1420029
1420030
1420031
1420032
1420033
1420034
1420035
1420036
1420037
1420038
1420039
1420040
1420041
1420042
1420043
1420044
1420045
1420046
1420047
1420048
1420049
1420050
1420051
1420052
1420053
1420054
1420055
1420056
1420057
1420058
1420059
1420060
1420061
1420062
1420063
1420064
1420065
1420066
1420067
1420068
1420069
1420070
1420071
1420072
1420073
1420074
1420075
1420076
1420077
1420078
1420079
1420080
1420081
1420082
1420083
1420084
1420085
1420086
1420087
1420088
1420089
1420090
1420091
1420092
1420093
1420094
1420095
1420096
1420097
1420098
1420099
1421000
1421001
1421002
1421003
1421004
1421005
1421006
1421007
1421008
1421009
1421010
1421011
1421012
1421013
1421014
1421015
1421016
1421017
1421018
1421019
1421020
1421021
1421022
1421023
1421024
1421025
1421026
1421027
1421028
1421029
1421030
1421031
1421032
1421033
1421034
1421035
1421036
1421037
1421038
1421039
1421040
1421041
1421042
1421043
1421044
1421045
1421046
1421047
1421048
1421049
1421050
1421051
1421052
1421053
1421054
1421055
1421056
1421057
1421058
1421059
1421060
1421061
1421062
1421063
1421064
1421065
1421066
1421067
1421068
1421069
1421070
1421071
1421072
1421073
1421074
1421075
1421076
1421077
1421078
1421079
1421080
1421081
1421082
1421083
1421084
1421085
1421086
1421087
1421088
1421089
1421090
1421091
1421092
1421093
1421094
1421095
1421096
1421097
1421098
1421099
1422000
1422001
1422002
1422003
1422004
1422005
1422006
1422007
1422008
1422009
1422010
1422011
1422012
1422013
1422014
1422015
1422016
1422017
1422018
1422019
1422020
1422021
1422022
1422023
1422024
1422025
1422026
1422027
1422028
1422029
1422030
1422031
1422032
1422033
1422034
1422035
1422036
1422037
1422038
1422039
1422040
1422041
1422042
1422043
1422044
1422045
1422046
1422047
1422048
1422049
1422050
1422051
1422052
1422053
1422054
1422055
1422056
1422057
1422058
1422059
1422060
1422061
1422062
1422063
1422064
1422065
1422066
1422067
1422068
1422069
1422070
1422071
1422072
1422073
1422074
1422075
1422076
1422077
1422078
1422079
1422080
1422081
1422082
1422083
1422084
1422085
1422086
1422087
1422088
1422089
1422090
1422091
1422092
1422093
1422094
1422095
1422096
1422097
1422098
1422099
1423000
1423001
1423002
1423003
1423004
1423005
1423006
1423007
1423008
1423009
1423010
1423011
1423012
1423013
1423014
1423015
1423016
1423017
1423018
1423019
1423020
1423021
1423022
1423023
1423024
1423025
1423026
1423027
1423028
1423029
1423030
1423031
1423032
1423033
1423034
1423035
1423036
1423037
1423038
1423039
1423040
1423041
1423042
1423043
1423044
1423045
1423046
1423047
1423048
1423049
1423050
1423051
1423052
1423053
1423054
1423055
1423056
1423057
1423058
1423059
1423060
1423061
1423062
1423063
1423064
1423065
1423066
1423067
1423068
1423069
1423070
1423071
1423072
1423073
1423074
1423075
1423076
1423077
1423078
1423079
1423080
1423081
1423082
1423083
1423084
1423085
1423086
1423087
1423088
1423089
1423090
1423091
1423092
1423093
1423094
1423095
1423096
1423097
1423098
1423099
1424000
1424001
1424002
1424003
1424004
1424005
1424006
1424007
1424008
1424009
1424010
1424011
1424012
1424013
1424014
1424015
1424016
1424017
1424018
1424019
1424020
1424021
1424022
1424023
1424024
1424025
1424026
1424027
1424028
1424029
1424030
1424031
1424032
1424033
1424034
1424035
1424036
1424037
1424038
1424039
1424040
1424041
1424042
1424043
1424044
1424045
1424046
1424047
1424048
1424049
1424050
1424051
1424052
1424053
1424054
1424055
1424056
1424057
1424058
1424059
1424060
1424061
1424062
1424063
1424064
1424065
1424066
1424067
1424068
1424069
1424070
1424071
1424072
1424073
1424074
1424075
1424076
1424077
1424078
1424079
1424080
1424081
1424082
1424083
1424084
1424085
1424086
1424087
1424088
1424089
1424090
1424091
1424092
1424093
1424094
1424095
1424096
1424097
1424098
1424099
1425000
1425001
1425002
1425003
1425004
1425005
1425006
1425007
1425008
1425009
1425010
1425011
1425012
1425013
1425014
1425015
1425016
1425017
1425018
1425019
1425020
1425021
1425022
1425023
1425024
1425025
1425026
1425027
1425028
1425029
1425030
1425031
1425032
1425033
1425034
1425035
1425036
1425037
1425038
1425039
1425040
1425041
1425042
1425043
1425044
1425045
1425046
1425047
1425048
1425049
1425050
1425051
1425052
1425053
1425054
1425055
1425056
1425057
1425058
1425059
1425060
1425061
1425062
1425063
1425064
1425065
1425066
1425067
1425068
1425069
1425070
1425071
1425072
1425073
1425074
1425075
1425076
1425077
1425078
1425079
1425080
1425081
1425082
1425083
1425084
1425085
1425086
1425087
1425088
1425089
1425090
1425091
1425092
1425093
1425094
1425095
1425096
1425097
1425098
1425099
1426000
1426001
1426002
1426003
1426004
1426005
1426006
1426007
1426008
1426009
1426010
1426011
1426012
1426013
1426014
1426015
1426016
1426017
1426018
1426019
1426020
1426021
1426022
1426023
1426024
1426025
1426026
1426027
1426028
1426029
1426030
1426031
1426032
1426033
1426034
1426035
1426036
1426037
1426038
1426039
1426040
1426041
1426042
1426043
1426044
1426045
1426046
1426047
1426048
1426049
1426050
1426051
1426052
1426053
1426054
1426055
1426056
1426057
1426058
1426059
1426060
1426061
1426062
1426063
1426064
1426065
1426066
1426067
1426068
1426069
1426070
1426071
1426072
1426073
1426074
1426075
1426076
1426077
1426078
1426079
1426080
1426081
1426082
1426083
1426084
1426085
1426086
1426087
1426088
1426089
1426090
1426091
1426092
1426093
1426094
1426095
1426096
1426097
1426098
1426099
1427000
1427001
1427002
1427003
1427004
1427005
1427006
1427007
1427008
1427009
1427010
1427011
1427012
1427013
1427014
1427015
1427016
1427017
1427018
1427019
1427020
1427021
1427022
1427023
1427024
1427025
1427026
1427027
1427028
1427029
1427030
1427031
1427032
1427033
1427034
1427035
1427036
1427037
1427038
1427039
1427040
1427041
1427042
1427043
1427044
1427045
1427046
1427047
1427048
1427049
1427050
1427051
1427052
1427053
1427054
1427055
1427056
1427057
1427058
1427059
1427060
1427061
1427062
1427063
1427064
1427065
1427066
1427067
1427068
1427069
1427070
1427071
1427072
1427073
1427074
1427075
1427076
1427077
1427078
1427079
1427080
1427081
1427082
1427083
1427084
1427085
1427086
1427087
1427088
1427089
1427090
1427091
1427092
1427093
1427094
1427095
1427096
1427097
1427098
1427099
1428000
1428001
1428002
1428003
1428004
1428005
1428006
1428007
1428008
1428009
1428010
1428011
1428012
1428013
1428014
1428015
1428016
1428017
1428018
1428019
1428020
1428021
1428022
1428023
1428024
1428025
1428026
1428027
1428028
1428029
1428030
1428031
1428032
1428033
1428034
1428035
1428036
1428037
1428038
1428039
1428040
1428041
1428042
1428043
1428044
1428045
1428046
1428047
1428048
1428049
1428050
1428051
1428052
1428053
1428054
1428055
1428056
1428057
1428058
1428059
1428060
1428061
1428062
1428063
1428064
1428065
1428066
1428067
1428068
1428069
1428070
1428071
1428072
1428073
1428074
1428075
1428076
1428077
1428078
1428079
1428080
1428081
1428082
1428083
1428084
1428085
1428086
1428087
1428088
1428089
1428090
1428091
1428092
1428093
1428094
1428095
1428096
1428097
1428098
1428099
1429000
1429001
1429002
1429003
1429004
1429005
1429006
1429007
1429008
1429009
1429010
1429011
1429012
1429013
1429014
1429015
1429016
1429017
1429018
1429019
1429020
1429021
1429022
1429023
1429024
1429025
1429026
1429027
1429028
1429029
1429030
1429031
1429032
1429033
1429034
1429035
1429036
1429037
1429038
1429039
1429040
1429041
1429042
1429043
1429044
1429045
1429046
1429047
1429048
1429049
1429050
1429051
1429052
1429053
1429054
1429055
1429056
1429057
1429058
1429059
1429060
1429061
1429062
1429063
1429064
1429065
1429066
1429067
1429068
1429069
1429070
1429071
1429072
1429073
1429074
1429075
1429076
1429077
1429078
1429079
1429080
1429081
1429082
1429083
1429084
1429085
1429086
1429087
1429088
1429089
1429090
1429091
1429092
1429093
1429094
1429095
1429096
1429097
1429098
1429099
1430000
1430001
1430002
1430003
1430004
1430005
1430006
1430007
1430008
1430009
1430010
1430011
1430012
1430013
1430014
1430015
1430016
1430017
1430018
1430019
1430020
1430021
1430022
1430023
1430024
1430025
1430026
1430027
1430028
1430029
1430030
1430031
1430032
1430033
1430034
1430035
1430036
1430037
1430038
1430039
1430040
1430041
1430042
1430043
1430044
1430045
1430046
1430047
1430048
1430049
1430050
1430051
1430052
1430053
1430054
1430055
1430056
1430057
1430058
1430059
1430060
1430061
1430062
1430063
1430064
1430065
1430066
1430067
1430068
1430069
1430070
1430071
1430072
1430073
1430074
1430075
1430076
1430077
1430078
1430079
1430080
1430081
1430082
1430083
1430084
1430085
1430086
1430087
1430088
1430089
1430090
1430091
1430092
1430093
1430094
1430095
1430096
1430097
1430098
1430099
1431000
1431001
1431002
1431003
1431004
1431005
1431006
1431007
1431008
1431009
1431010
1431011
1431012
1431013
1431014
1431015
1431016
1431017
1431018
1431019
1431020
1431021
1431022
1431023
1431024
1431025
1431026
1431027
1431028
1431029
1431030
1431031
1431032
1431033
1431034
1431035
1431036
1431037
1431038
1431039
1431040
1431041
1431042
1431043
1431044
1431045
1431046
1431047
1431048
1431049
1431050
1431051
1431052
1431053
1431054
1431055
1431056
1431057
1431058
1431059
1431060
1431061
1431062
1431063
1431064
1431065
1431066
1431067
1431068
1431069
1431070
1431071
1431072
1431073
1431074
1431075
1431076
1431077
1431078
1431079
1431080
1431081
1431082
1431083
1431084
1431085
1431086
1431087
1431088
1431089
1431090
1431091
1431092
1431093
1431094
1431095
1431096
1431097
1431098
1431099
1432000
1432001
1432002
1432003
1432004
1432005
1432006
1432007
1432008
1432009
1432010
1432011
1432012
1432013
1432014
1432015
1432016
1432017
1432018
1432019
1432020
1432021
1432022
1432023
1432024
1432025
1432026
1432027
1432028
1432029
1432030
1432031
1432032
1432033
1432034
1432035
1432036
1432037
1432038
1432039
1432040
1432041
1432042
1432043
1432044
1432045
1432046
1432047
1432048
1432049
1432050
1432051
1432052
1432053
1432054
1432055
1432056
1432057
1432058
1432059
1432060
1432061
1432062
1432063
1432064
1432065
1432066
1432067
1432068
1432069
1432070
1432071
1432072
1432073
1432074
1432075
1432076
1432077
1432078
1432079
1432080
1432081
1432082
1432083
1432084
1432085
1432086
1432087
1432088
1432089
1432090
1432091
1432092
1432093
1432094
1432095
1432096
1432097
1432098
1432099
1433000
1433001
1433002
1433003
1433004
1433005
1433006
1433007
1433008
1433009
1433010
1433011
1433012
1433013
1433014
1433015
1433016
1433017
1433018
1433019
1433020
1433021
1433022
1433023
1433024
1433025
1433026
1433027
1433028
1433029
1433030
1433031
1433032
1433033
1433034
1433035
1433036
1433037
1433038
1433039
1433040
1433041
1433042
1433043
1433044
1433045
1433046
1433047
1433048
1433049
1433050
1433051
1433052
1433053
1433054
1433055
1433056
1433057
1433058
1433059
1433060
1433061
1433062
1433063
1433064
1433065
1433066
1433067
1433068
1433069
1433070
1433071
1433072
1433073
1433074
1433075
1433076
1433077
1433078
1433079
1433080
1433081
1433082
1433083
1433084
1433085
1433086
1433087
1433088
1433089
1433090
1433091
1433092
1433093
1433094
1433095
1433096
1433097
1433098
1433099
1434000
1434001
1434002
1434003
1434004
1434005
1434006
1434007
1434008
1434009
1434010
1434011
1434012
1434013
1434014
1434015
1434016
1434017
1434018
1434019
1434020
1434021
1434022
1434023
1434024
1434025
1434026
1434027
1434028
1434029
1434030
1434031
1434032
1434033
1434034
1434035
1434036
1434037
1434038
1434039
1434040
1434041
1434042
1434043
1434044
1434045
1434046
1434047
1434048
1434049
1434050
1434051
1434052
1434053
1434054
1434055
1434056
1434057
1434058
1434059
1434060
1434061
1434062
1434063
1434064
1434065
1434066
1434067
1434068
1434069
1434070
1434071
1434072
1434073
1434074
1434075
1434076
1434077
1434078
1434079
1434080
1434081
1434082
1434083
1434084
1434085
1434086
1434087
1434088
1434089
1434090
1434091
1434092
1434093
1434094
1434095
1434096
1434097
1434098
1434099
1435000
1435001
1435002
1435003
1435004
1435005
1435006
1435007
1435008
1435009
1435010
1435011
1435012
1435013
1435014
1435015
1435016
1435017
1435018
1435019
1435020
1435021
1435022
1435023
1435024
1435025
1435026
1435027
1435028
1435029
1435030
1435031
1435032
1435033
1435034
1435035
1435036
1435037
1435038
1435039
1435040
1435041
1435042
1435043
1435044
1435045
1435046
1435047
1435048
1435049
1435050
1435051
1435052
1435053
1435054
1435055
1435056
1435057
1435058
1435059
1435060
1435061
1435062
1435063
1435064
1435065
1435066
1435067
1435068
1435069
1435070
1435071
1435072
1435073
1435074
1435075
1435076
1435077
1435078
1435079
1435080
1435081
1435082
1435083
1435084
1435085
1435086
1435087
1435088
1435089
1435090
1435091
1435092
1435093
1435094
1435095
1435096
1435097
1435098
1435099
1436000
1436001
1436002
1436003
1436004
1436005
1436006
1436007
1436008
1436009
1436010
1436011
1436012
1436013
1436014
1436015
1436016
1436017
1436018
1436019
1436020
1436021
1436022
1436023
1436024
1436025
1436026
1436027
1436028
1436029
1436030
1436031
1436032
1436033
1436034
1436035
1436036
1436037
1436038
1436039
1436040
1436041
1436042
1436043
1436044
1436045
1436046
1436047
1436048
1436049
1436050
1436051
1436052
1436053
1436054
1436055
1436056
1436057
1436058
1436059
1436060
1436061
1436062
1436063
1436064
1436065
1436066
1436067
1436068
1436069
1436070
1436071
1436072
1436073
1436074
1436075
1436076
1436077
1436078
1436079
1436080
1436081
1436082
1436083
1436084
1436085
1436086
1436087
1436088
1436089
1436090
1436091
1436092
1436093
1436094
1436095
1436096
1436097
1436098
1436099
1437000
1437001
1437002
1437003
1437004
1437005
1437006
1437007
1437008
1437009
1437010
1437011
1437012
1437013
1437014
1437015
1437016
1437017
1437018
1437019
1437020
1437021
1437022
1437023
1437024
1437025
1437026
1437027
1437028
1437029
1437030
1437031
1437032
1437033
1437034
1437035
1437036
1437037
1437038
1437039
1437040
1437041
1437042
1437043
1437044
1437045
1437046
1437047
1437048
1437049
1437050
1437051
1437052
1437053
1437054
1437055
1437056
1437057
1437058
1437059
1437060
1437061
1437062
1437063
1437064
1437065
1437066
1437067
1437068
1437069
1437070
1437071
1437072
1437073
1437074
1437075
1437076
1437077
1437078
1437079
1437080
1437081
1437082
1437083
1437084
1437085
1437086
1437087
1437088
1437089
1437090
1437091
1437092
1437093
1437094
1437095
1437096
1437097
1437098
1437099
1438000
1438001
1438002
1438003
1438004
1438005
1438006
1438007
1438008
1438009
1438010
1438011
1438012
1438013
1438014
1438015
1438016
1438017
1438018
1438019
1438020
1438021
1438022
1438023
1438024
1438025
1438026
1438027
1438028
1438029
1438030
1438031
1438032
1438033
1438034
1438035
1438036
1438037
1438038
1438039
1438040
1438041
1438042
1438043
1438044
1438045
1438046
1438047
1438048
1438049
1438050
1438051
1438052
1438053
1438054
1438055
1438056
1438057
1438058
1438059
1438060
1438061
1438062
1438063
1438064
1438065
1438066
1438067
1438068
1438069
1438070
1438071
1438072
1438073
1438074
1438075
1438076
1438077
1438078
1438079
1438080
1438081
1438082
1438083
1438084
1438085
1438086
1438087
1438088
1438089
1438090
1438091
1438092
1438093
1438094
1438095
1438096
1438097
1438098
1438099
1439000
1439001
1439002
1439003
1439004
1439005
1439006
1439007
1439008
1439009
1439010
1439011
1439012
1439013
1439014
1439015
1439016
1439017
1439018
1439019
1439020
1439021
1439022
1439023
1439024
1439025
1439026
1439027
1439028
1439029
1439030
1439031
1439032
1439033
1439034
1439035
1439036
1439037
1439038
1439039
1439040
1439041
1439042
1439043
1439044
1439045
1439046
1439047
1439048
1439049
1439050
1439051
1439052
1439053
1439054
1439055
1439056
1439057
1439058
1439059
1439060
1439061
1439062
1439063
1439064
1439065
1439066
1439067
1439068
1439069
1439070
1439071
1439072
1439073
1439074
1439075
1439076
1439077
1439078
1439079
1439080
1439081
1439082
1439083
1439084
1439085
1439086
1439087
1439088
1439089
1439090
1439091
1439092
1439093
1439094
1439095
1439096
1439097
1439098
1439099
1440000
1440001
1440002
1440003
1440004
1440005
1440006
1440007
1440008
1440009
1440010
1440011
1440012
1440013
1440014
1440015
1440016
1440017
1440018
1440019
1440020
1440021
1440022
1440023
1440024
1440025
1440026
1440027
1440028
1440029
1440030
1440031
1440032
1440033
1440034
1440035
1440036
1440037
1440038
1440039
1440040
1440041
1440042
1440043
1440044
1440045
1440046
1440047
1440048
1440049
1440050
1440051
1440052
1440053
1440054
1440055
1440056
1440057
1440058
1440059
1440060
1440061
1440062
1440063
1440064
1440065
1440066
1440067
1440068
1440069
1440070
1440071
1440072
1440073
1440074
1440075
1440076
1440077
1440078
1440079
1440080
1440081
1440082
1440083
1440084
1440085
1440086
1440087
1440088
1440089
1440090
1440091
1440092
1440093
1440094
1440095
1440096
1440097
1440098
1440099
1441000
1441001
1441002
1441003
1441004
1441005
1441006
1441007
1441008
1441009
1441010
1441011
1441012
1441013
1441014
1441015
1441016
1441017
1441018
1441019
1441020
1441021
1441022
1441023
1441024
1441025
1441026
1441027
1441028
1441029
1441030
1441031
1441032
1441033
1441034
1441035
1441036
1441037
1441038
1441039
1441040
1441041
1441042
1441043
1441044
1441045
1441046
1441047
1441048
1441049
1441050
1441051
1441052
1441053
1441054
1441055
1441056
1441057
1441058
1441059
1441060
1441061
1441062
1441063
1441064
1441065
1441066
1441067
1441068
1441069
1441070
1441071
1441072
1441073
1441074
1441075
1441076
1441077
1441078
1441079
1441080
1441081
1441082
1441083
1441084
1441085
1441086
1441087
1441088
1441089
1441090
1441091
1441092
1441093
1441094
1441095
1441096
1441097
1441098
1441099
1442000
1442001
1442002
1442003
1442004
1442005
1442006
1442007
1442008
1442009
1442010
1442011
1442012
1442013
1442014
1442015
1442016
1442017
1442018
1442019
1442020
1442021
1442022
1442023
1442024
1442025
1442026
1442027
1442028
1442029
1442030
1442031
1442032
1442033
1442034
1442035
1442036
1442037
1442038
1442039
1442040
1442041
1442042
1442043
1442044
1442045
1442046
1442047
1442048
1442049
1442050
1442051
1442052
1442053
1442054
1442055
1442056
1442057
1442058
1442059
1442060
1442061
1442062
1442063
1442064
1442065
1442066
1442067
1442068
1442069
1442070
1442071
1442072
1442073
1442074
1442075
1442076
1442077
1442078
1442079
1442080
1442081
1442082
1442083
1442084
1442085
1442086
1442087
1442088
1442089
1442090
1442091
1442092
1442093
1442094
1442095
1442096
1442097
1442098
1442099
1443000
1443001
1443002
1443003
1443004
1443005
1443006
1443007
1443008
1443009
1443010
1443011
1443012
1443013
1443014
1443015
1443016
1443017
1443018
1443019
1443020
1443021
1443022
1443023
1443024
1443025
1443026
1443027
1443028
1443029
1443030
1443031
1443032
1443033
1443034
1443035
1443036
1443037
1443038
1443039
1443040
1443041
1443042
1443043
1443044
1443045
1443046
1443047
1443048
1443049
1443050
1443051
1443052
1443053
1443054
1443055
1443056
1443057
1443058
1443059
1443060
1443061
1443062
1443063
1443064
1443065
1443066
1443067
1443068
1443069
1443070
1443071
1443072
1443073
1443074
1443075
1443076
1443077
1443078
1443079
1443080
1443081
1443082
1443083
1443084
1443085
1443086
1443087
1443088
1443089
1443090
1443091
1443092
1443093
1443094
1443095
1443096
1443097
1443098
1443099
1444000
1444001
1444002
1444003
1444004
1444005
1444006
1444007
1444008
1444009
1444010
1444011
1444012
1444013
1444014
1444015
1444016
1444017
1444018
1444019
1444020
1444021
1444022
1444023
1444024
1444025
1444026
1444027
1444028
1444029
1444030
1444031
1444032
1444033
1444034
1444035
1444036
1444037
1444038
1444039
1444040
1444041
1444042
1444043
1444044
1444045
1444046
1444047
1444048
1444049
1444050
1444051
1444052
1444053
1444054
1444055
1444056
1444057
1444058
1444059
1444060
1444061
1444062
1444063
1444064
1444065
1444066
1444067
1444068
1444069
1444070
1444071
1444072
1444073
1444074
1444075
1444076
1444077
1444078
1444079
1444080
1444081
1444082
1444083
1444084
1444085
1444086
1444087
1444088
1444089
1444090
1444091
1444092
1444093
1444094
1444095
1444096
1444097
1444098
1444099
1445000
1445001
1445002
1445003
1445004
1445005
1445006
1445007
1445008
1445009
1445010
1445011
1445012
1445013
1445014
1445015
1445016
1445017
1445018
1445019
1445020
1445021
1445022
1445023
1445024
1445025
1445026
1445027
1445028
1445029
1445030
1445031
1445032
1445033
1445034
1445035
1445036
1445037
1445038
1445039
1445040
1445041
1445042
1445043
1445044
1445045
1445046
1445047
1445048
1445049
1445050
1445051
1445052
1445053
1445054
1445055
1445056
1445057
1445058
1445059
1445060
1445061
1445062
1445063
1445064
1445065
1445066
1445067
1445068
1445069
1445070
1445071
1445072
1445073
1445074
1445075
1445076
1445077
1445078
1445079
1445080
1445081
1445082
1445083
1445084
1445085
1445086
1445087
1445088
1445089
1445090
1445091
1445092
1445093
1445094
1445095
1445096
1445097
1445098
1445099
1446000
1446001
1446002
1446003
1446004
1446005
1446006
1446007
1446008
1446009
1446010
1446011
1446012
1446013
1446014
1446015
1446016
1446017
1446018
1446019
1446020
1446021
1446022
1446023
1446024
1446025
1446026
1446027
1446028
1446029
1446030
1446031
1446032
1446033
1446034
1446035
1446036
1446037
1446038
1446039
1446040
1446041
1446042
1446043
1446044
1446045
1446046
1446047
1446048
1446049
1446050
1446051
1446052
1446053
1446054
1446055
1446056
1446057
1446058
1446059
1446060
1446061
1446062
1446063
1446064
1446065
1446066
1446067
1446068
1446069
1446070
1446071
1446072
1446073
1446074
1446075
1446076
1446077
1446078
1446079
1446080
1446081
1446082
1446083
1446084
1446085
1446086
1446087
1446088
1446089
1446090
1446091
1446092
1446093
1446094
1446095
1446096
1446097
1446098
1446099
1447000
1447001
1447002
1447003
1447004
1447005
1447006
1447007
1447008
1447009
1447010
1447011
1447012
1447013
1447014
1447015
1447016
1447017
1447018
1447019
1447020
1447021
1447022
1447023
1447024
1447025
1447026
1447027
1447028
1447029
1447030
1447031
1447032
1447033
1447034
1447035
1447036
1447037
1447038
1447039
1447040
1447041
1447042
1447043
1447044
1447045
1447046
1447047
1447048
1447049
1447050
1447051
1447052
1447053
1447054
1447055
1447056
1447057
1447058
1447059
1447060
1447061
1447062
1447063
1447064
1447065
1447066
1447067
1447068
1447069
1447070
1447071
1447072
1447073
1447074
1447075
1447076
1447077
1447078
1447079
1447080
1447081
1447082
1447083
1447084
1447085
1447086
1447087
1447088
1447089
1447090
1447091
1447092
1447093
1447094
1447095
1447096
1447097
1447098
1447099
1448000
1448001
1448002
1448003
1448004
1448005
1448006
1448007
1448008
1448009
1448010
1448011
1448012
1448013
1448014
1448015
1448016
1448017
1448018
1448019
1448020
1448021
1448022
1448023
1448024
1448025
1448026
1448027
1448028
1448029
1448030
1448031
1448032
1448033
1448034
1448035
1448036
1448037
1448038
1448039
1448040
1448041
1448042
1448043
1448044
1448045
1448046
1448047
1448048
1448049
1448050
1448051
1448052
1448053
1448054
1448055
1448056
1448057
1448058
1448059
1448060
1448061
1448062
1448063
1448064
1448065
1448066
1448067
1448068
1448069
1448070
1448071
1448072
1448073
1448074
1448075
1448076
1448077
1448078
1448079
1448080
1448081
1448082
1448083
1448084
1448085
1448086
1448087
1448088
1448089
1448090
1448091
1448092
1448093
1448094
1448095
1448096
1448097
1448098
1448099
1449000
1449001
1449002
1449003
1449004
1449005
1449006
1449007
1449008
1449009
1449010
1449011
1449012
1449013
1449014
1449015
1449016
1449017
1449018
1449019
1449020
1449021
1449022
1449023
1449024
1449025
1449026
1449027
1449028
1449029
1449030
1449031
1449032
1449033
1449034
1449035
1449036
1449037
1449038
1449039
1449040
1449041
1449042
1449043
1449044
1449045
1449046
1449047
1449048
1449049
1449050
1449051
1449052
1449053
1449054
1449055
1449056
1449057
1449058
1449059
1449060
1449061
1449062
1449063
1449064
1449065
1449066
1449067
1449068
1449069
1449070
1449071
1449072
1449073
1449074
1449075
1449076
1449077
1449078
1449079
1449080
1449081
1449082
1449083
1449084
1449085
1449086
1449087
1449088
1449089
1449090
1449091
1449092
1449093
1449094
1449095
1449096
1449097
1449098
1449099
1450000
1450001
1450002
1450003
1450004
1450005
1450006
1450007
1450008
1450009
1450010
1450011
1450012
1450013
1450014
1450015
1450016
1450017
1450018
1450019
1450020
1450021
1450022
1450023
1450024
1450025
1450026
1450027
1450028
1450029
1450030
1450031
1450032
1450033
1450034
1450035
1450036
1450037
1450038
1450039
1450040
1450041
1450042
1450043
1450044
1450045
1450046
1450047
1450048
1450049
1450050
1450051
1450052
1450053
1450054
1450055
1450056
1450057
1450058
1450059
1450060
1450061
1450062
1450063
1450064
1450065
1450066
1450067
1450068
1450069
1450070
1450071
1450072
1450073
1450074
1450075
1450076
1450077
1450078
1450079
1450080
1450081
1450082
1450083
1450084
1450085
1450086
1450087
1450088
1450089
1450090
1450091
1450092
1450093
1450094
1450095
1450096
1450097
1450098
1450099
1451000
1451001
1451002
1451003
1451004
1451005
1451006
1451007
1451008
1451009
1451010
1451011
1451012
1451013
1451014
1451015
1451016
1451017
1451018
1451019
1451020
1451021
1451022
1451023
1451024
1451025
1451026
1451027
1451028
1451029
1451030
1451031
1451032
1451033
1451034
1451035
1451036
1451037
1451038
1451039
1451040
1451041
1451042
1451043
1451044
1451045
1451046
1451047
1451048
1451049
1451050
1451051
1451052
1451053
1451054
1451055
1451056
1451057
1451058
1451059
1451060
1451061
1451062
1451063
1451064
1451065
1451066
1451067
1451068
1451069
1451070
1451071
1451072
1451073
1451074
1451075
1451076
1451077
1451078
1451079
1451080
1451081
1451082
1451083
1451084
1451085
1451086
1451087
1451088
1451089
1451090
1451091
1451092
1451093
1451094
1451095
1451096
1451097
1451098
1451099
1452000
1452001
1452002
1452003
1452004
1452005
1452006
1452007
1452008
1452009
1452010
1452011
1452012
1452013
1452014
1452015
1452016
1452017
1452018
1452019
1452020
1452021
1452022
1452023
1452024
1452025
1452026
1452027
1452028
1452029
1452030
1452031
1452032
1452033
1452034
1452035
1452036
1452037
1452038
1452039
1452040
1452041
1452042
1452043
1452044
1452045
1452046
1452047
1452048
1452049
1452050
1452051
1452052
1452053
1452054
1452055
1452056
1452057
1452058
1452059
1452060
1452061
1452062
1452063
1452064
1452065
1452066
1452067
1452068
1452069
1452070
1452071
1452072
1452073
1452074
1452075
1452076
1452077
1452078
1452079
1452080
1452081
1452082
1452083
1452084
1452085
1452086
1452087
1452088
1452089
1452090
1452091
1452092
1452093
1452094
1452095
1452096
1452097
1452098
1452099
1453000
1453001
1453002
1453003
1453004
1453005
1453006
1453007
1453008
1453009
1453010
1453011
1453012
1453013
1453014
1453015
1453016
1453017
1453018
1453019
1453020
1453021
1453022
1453023
1453024
1453025
1453026
1453027
1453028
1453029
1453030
1453031
1453032
1453033
1453034
1453035
1453036
1453037
1453038
1453039
1453040
1453041
1453042
1453043
1453044
1453045
1453046
1453047
1453048
1453049
1453050
1453051
1453052
1453053
1453054
1453055
1453056
1453057
1453058
1453059
1453060
1453061
1453062
1453063
1453064
1453065
1453066
1453067
1453068
1453069
1453070
1453071
1453072
1453073
1453074
1453075
1453076
1453077
1453078
1453079
1453080
1453081
1453082
1453083
1453084
1453085
1453086
1453087
1453088
1453089
1453090
1453091
1453092
1453093
1453094
1453095
1453096
1453097
1453098
1453099
1454000
1454001
1454002
1454003
1454004
1454005
1454006
1454007
1454008
1454009
1454010
1454011
1454012
1454013
1454014
1454015
1454016
1454017
1454018
1454019
1454020
1454021
1454022
1454023
1454024
1454025
1454026
1454027
1454028
1454029
1454030
1454031
1454032
1454033
1454034
1454035
1454036
1454037
1454038
1454039
1454040
1454041
1454042
1454043
1454044
1454045
1454046
1454047
1454048
1454049
1454050
1454051
1454052
1454053
1454054
1454055
1454056
1454057
1454058
1454059
1454060
1454061
1454062
1454063
1454064
1454065
1454066
1454067
1454068
1454069
1454070
1454071
1454072
1454073
1454074
1454075
1454076
1454077
1454078
1454079
1454080
1454081
1454082
1454083
1454084
1454085
1454086
1454087
1454088
1454089
1454090
1454091
1454092
1454093
1454094
1454095
1454096
1454097
1454098
1454099
1455000
1455001
1455002
1455003
1455004
1455005
1455006
1455007
1455008
1455009
1455010
1455011
1455012
1455013
1455014
1455015
1455016
1455017
1455018
1455019
1455020
1455021
1455022
1455023
1455024
1455025
1455026
1455027
1455028
1455029
1455030
1455031
1455032
1455033
1455034
1455035
1455036
1455037
1455038
1455039
1455040
1455041
1455042
1455043
1455044
1455045
1455046
1455047
1455048
1455049
1455050
1455051
1455052
1455053
1455054
1455055
1455056
1455057
1455058
1455059
1455060
1455061
1455062
1455063
1455064
1455065
1455066
1455067
1455068
1455069
1455070
1455071
1455072
1455073
1455074
1455075
1455076
1455077
1455078
1455079
1455080
1455081
1455082
1455083
1455084
1455085
1455086
1455087
1455088
1455089
1455090
1455091
1455092
1455093
1455094
1455095
1455096
1455097
1455098
1455099
1456000
1456001
1456002
1456003
1456004
1456005
1456006
1456007
1456008
1456009
1456010
1456011
1456012
1456013
1456014
1456015
1456016
1456017
1456018
1456019
1456020
1456021
1456022
1456023
1456024
1456025
1456026
1456027
1456028
1456029
1456030
1456031
1456032
1456033
1456034
1456035
1456036
1456037
1456038
1456039
1456040
1456041
1456042
1456043
1456044
1456045
1456046
1456047
1456048
1456049
1456050
1456051
1456052
1456053
1456054
1456055
1456056
1456057
1456058
1456059
1456060
1456061
1456062
1456063
1456064
1456065
1456066
1456067
1456068
1456069
1456070
1456071
1456072
1456073
1456074
1456075
1456076
1456077
1456078
1456079
1456080
1456081
1456082
1456083
1456084
1456085
1456086
1456087
1456088
1456089
1456090
1456091
1456092
1456093
1456094
1456095
1456096
1456097
1456098
1456099
1457000
1457001
1457002
1457003
1457004
1457005
1457006
1457007
1457008
1457009
1457010
1457011
1457012
1457013
1457014
1457015
1457016
1457017
1457018
1457019
1457020
1457021
1457022
1457023
1457024
1457025
1457026
1457027
1457028
1457029
1457030
1457031
1457032
1457033
1457034
1457035
1457036
1457037
1457038
1457039
1457040
1457041
1457042
1457043
1457044
1457045
1457046
1457047
1457048
1457049
1457050
1457051
1457052
1457053
1457054
1457055
1457056
1457057
1457058
1457059
1457060
1457061
1457062
1457063
1457064
1457065
1457066
1457067
1457068
1457069
1457070
1457071
1457072
1457073
1457074
1457075
1457076
1457077
1457078
1457079
1457080
1457081
1457082
1457083
1457084
1457085
1457086
1457087
1457088
1457089
1457090
1457091
1457092
1457093
1457094
1457095
1457096
1457097
1457098
1457099
1458000
1458001
1458002
1458003
1458004
1458005
1458006
1458007
1458008
1458009
1458010
1458011
1458012
1458013
1458014
1458015
1458016
1458017
1458018
1458019
1458020
1458021
1458022
1458023
1458024
1458025
1458026
1458027
1458028
1458029
1458030
1458031
1458032
1458033
1458034
1458035
1458036
1458037
1458038
1458039
1458040
1458041
1458042
1458043
1458044
1458045
1458046
1458047
1458048
1458049
1458050
1458051
1458052
1458053
1458054
1458055
1458056
1458057
1458058
1458059
1458060
1458061
1458062
1458063
1458064
1458065
1458066
1458067
1458068
1458069
1458070
1458071
1458072
1458073
1458074
1458075
1458076
1458077
1458078
1458079
1458080
1458081
1458082
1458083
1458084
1458085
1458086
1458087
1458088
1458089
1458090
1458091
1458092
1458093
1458094
1458095
1458096
1458097
1458098
1458099
1459000
1459001
1459002
1459003
1459004
1459005
1459006
1459007
1459008
1459009
1459010
1459011
1459012
1459013
1459014
1459015
1459016
1459017
1459018
1459019
1459020
1459021
1459022
1459023
1459024
1459025
1459026
1459027
1459028
1459029
1459030
1459031
1459032
1459033
1459034
1459035
1459036
1459037
1459038
1459039
1459040
1459041
1459042
1459043
1459044
1459045
1459046
1459047
1459048
1459049
1459050
1459051
1459052
1459053
1459054
1459055
1459056
1459057
1459058
1459059
1459060
1459061
1459062
1459063
1459064
1459065
1459066
1459067
1459068
1459069
1459070
1459071
1459072
1459073
1459074
1459075
1459076
1459077
1459078
1459079
1459080
1459081
1459082
1459083
1459084
1459085
1459086
1459087
1459088
1459089
1459090
1459091
1459092
1459093
1459094
1459095
1459096
1459097
1459098
1459099
1460000
1460001
1460002
1460003
1460004
1460005
1460006
1460007
1460008
1460009
1460010
1460011
1460012
1460013
1460014
1460015
1460016
1460017
1460018
1460019
1460020
1460021
1460022
1460023
1460024
1460025
1460026
1460027
1460028
1460029
1460030
1460031
1460032
1460033
1460034
1460035
1460036
1460037
1460038
1460039
1460040
1460041
1460042
1460043
1460044
1460045
1460046
1460047
1460048
1460049
1460050
1460051
1460052
1460053
1460054
1460055
1460056
1460057
1460058
1460059
1460060
1460061
1460062
1460063
1460064
1460065
1460066
1460067
1460068
1460069
1460070
1460071
1460072
1460073
1460074
1460075
1460076
1460077
1460078
1460079
1460080
1460081
1460082
1460083
1460084
1460085
1460086
1460087
1460088
1460089
1460090
1460091
1460092
1460093
1460094
1460095
1460096
1460097
1460098
1460099
1461000
1461001
1461002
1461003
1461004
1461005
1461006
1461007
1461008
1461009
1461010
1461011
1461012
1461013
1461014
1461015
1461016
1461017
1461018
1461019
1461020
1461021
1461022
1461023
1461024
1461025
1461026
1461027
1461028
1461029
1461030
1461031
1461032
1461033
1461034
1461035
1461036
1461037
1461038
1461039
1461040
1461041
1461042
1461043
1461044
1461045
1461046
1461047
1461048
1461049
1461050
1461051
1461052
1461053
1461054
1461055
1461056
1461057
1461058
1461059
1461060
1461061
1461062
1461063
1461064
1461065
1461066
1461067
1461068
1461069
1461070
1461071
1461072
1461073
1461074
1461075
1461076
1461077
1461078
1461079
1461080
1461081
1461082
1461083
1461084
1461085
1461086
1461087
1461088
1461089
1461090
1461091
1461092
1461093
1461094
1461095
1461096
1461097
1461098
1461099
1462000
1462001
1462002
1462003
1462004
1462005
1462006
1462007
1462008
1462009
1462010
1462011
1462012
1462013
1462014
1462015
1462016
1462017
1462018
1462019
1462020
1462021
1462022
1462023
1462024
1462025
1462026
1462027
1462028
1462029
1462030
1462031
1462032
1462033
1462034
1462035
1462036
1462037
1462038
1462039
1462040
1462041
1462042
1462043
1462044
1462045
1462046
1462047
1462048
1462049
1462050
1462051
1462052
1462053
1462054
1462055
1462056
1462057
1462058
1462059
1462060
1462061
1462062
1462063
1462064
1462065
1462066
1462067
1462068
1462069
1462070
1462071
1462072
1462073
1462074
1462075
1462076
1462077
1462078
1462079
1462080
1462081
1462082
1462083
1462084
1462085
1462086
1462087
1462088
1462089
1462090
1462091
1462092
1462093
1462094
1462095
1462096
1462097
1462098
1462099
1463000
1463001
1463002
1463003
1463004
1463005
1463006
1463007
1463008
1463009
1463010
1463011
1463012
1463013
1463014
1463015
1463016
1463017
1463018
1463019
1463020
1463021
1463022
1463023
1463024
1463025
1463026
1463027
1463028
1463029
1463030
1463031
1463032
1463033
1463034
1463035
1463036
1463037
1463038
1463039
1463040
1463041
1463042
1463043
1463044
1463045
1463046
1463047
1463048
1463049
1463050
1463051
1463052
1463053
1463054
1463055
1463056
1463057
1463058
1463059
1463060
1463061
1463062
1463063
1463064
1463065
1463066
1463067
1463068
1463069
1463070
1463071
1463072
1463073
1463074
1463075
1463076
1463077
1463078
1463079
1463080
1463081
1463082
1463083
1463084
1463085
1463086
1463087
1463088
1463089
1463090
1463091
1463092
1463093
1463094
1463095
1463096
1463097
1463098
1463099
1464000
1464001
1464002
1464003
1464004
1464005
1464006
1464007
1464008
1464009
1464010
1464011
1464012
1464013
1464014
1464015
1464016
1464017
1464018
1464019
1464020
1464021
1464022
1464023
1464024
1464025
1464026
1464027
1464028
1464029
1464030
1464031
1464032
1464033
1464034
1464035
1464036
1464037
1464038
1464039
1464040
1464041
1464042
1464043
1464044
1464045
1464046
1464047
1464048
1464049
1464050
1464051
1464052
1464053
1464054
1464055
1464056
1464057
1464058
1464059
1464060
1464061
1464062
1464063
1464064
1464065
1464066
1464067
1464068
1464069
1464070
1464071
1464072
1464073
1464074
1464075
1464076
1464077
1464078
1464079
1464080
1464081
1464082
1464083
1464084
1464085
1464086
1464087
1464088
1464089
1464090
1464091
1464092
1464093
1464094
1464095
1464096
1464097
1464098
1464099
1465000
1465001
1465002
1465003
1465004
1465005
1465006
1465007
1465008
1465009
1465010
1465011
1465012
1465013
1465014
1465015
1465016
1465017
1465018
1465019
1465020
1465021
1465022
1465023
1465024
1465025
1465026
1465027
1465028
1465029
1465030
1465031
1465032
1465033
1465034
1465035
1465036
1465037
1465038
1465039
1465040
1465041
1465042
1465043
1465044
1465045
1465046
1465047
1465048
1465049
1465050
1465051
1465052
1465053
1465054
1465055
1465056
1465057
1465058
1465059
1465060
1465061
1465062
1465063
1465064
1465065
1465066
1465067
1465068
1465069
1465070
1465071
1465072
1465073
1465074
1465075
1465076
1465077
1465078
1465079
1465080
1465081
1465082
1465083
1465084
1465085
1465086
1465087
1465088
1465089
1465090
1465091
1465092
1465093
1465094
1465095
1465096
1465097
1465098
1465099
1466000
1466001
1466002
1466003
1466004
1466005
1466006
1466007
1466008
1466009
1466010
1466011
1466012
1466013
1466014
1466015
1466016
1466017
1466018
1466019
1466020
1466021
1466022
1466023
1466024
1466025
1466026
1466027
1466028
1466029
1466030
1466031
1466032
1466033
1466034
1466035
1466036
1466037
1466038
1466039
1466040
1466041
1466042
1466043
1466044
1466045
1466046
1466047
1466048
1466049
1466050
1466051
1466052
1466053
1466054
1466055
1466056
1466057
1466058
1466059
1466060
1466061
1466062
1466063
1466064
1466065
1466066
1466067
1466068
1466069
1466070
1466071
1466072
1466073
1466074
1466075
1466076
1466077
1466078
1466079
1466080
1466081
1466082
1466083
1466084
1466085
1466086
1466087
1466088
1466089
1466090
1466091
1466092
1466093
1466094
1466095
1466096
1466097
1466098
1466099
1467000
1467001
1467002
1467003
1467004
1467005
1467006
1467007
1467008
1467009
1467010
1467011
1467012
1467013
1467014
1467015
1467016
1467017
1467018
1467019
1467020
1467021
1467022
1467023
1467024
1467025
1467026
1467027
1467028
1467029
1467030
1467031
1467032
1467033
1467034
1467035
1467036
1467037
1467038
1467039
1467040
1467041
1467042
1467043
1467044
1467045
1467046
1467047
1467048
1467049
1467050
1467051
1467052
1467053
1467054
1467055
1467056
1467057
1467058
1467059
1467060
1467061
1467062
1467063
1467064
1467065
1467066
1467067
1467068
1467069
1467070
1467071
1467072
1467073
1467074
1467075
1467076
1467077
1467078
1467079
1467080
1467081
1467082
1467083
1467084
1467085
1467086
1467087
1467088
1467089
1467090
1467091
1467092
1467093
1467094
1467095
1467096
1467097
1467098
1467099
1468000
1468001
1468002
1468003
1468004
1468005
1468006
1468007
1468008
1468009
1468010
1468011
1468012
1468013
1468014
1468015
1468016
1468017
1468018
1468019
1468020
1468021
1468022
1468023
1468024
1468025
1468026
1468027
1468028
1468029
1468030
1468031
1468032
1468033
1468034
1468035
1468036
1468037
1468038
1468039
1468040
1468041
1468042
1468043
1468044
1468045
1468046
1468047
1468048
1468049
1468050
1468051
1468052
1468053
1468054
1468055
1468056
1468057
1468058
1468059
1468060
1468061
1468062
1468063
1468064
1468065
1468066
1468067
1468068
1468069
1468070
1468071
1468072
1468073
1468074
1468075
1468076
1468077
1468078
1468079
1468080
1468081
1468082
1468083
1468084
1468085
1468086
1468087
1468088
1468089
1468090
1468091
1468092
1468093
1468094
1468095
1468096
1468097
1468098
1468099
1469000
1469001
1469002
1469003
1469004
1469005
1469006
1469007
1469008
1469009
1469010
1469011
1469012
1469013
1469014
1469015
1469016
1469017
1469018
1469019
1469020
1469021
1469022
1469023
1469024
1469025
1469026
1469027
1469028
1469029
1469030
1469031
1469032
1469033
1469034
1469035
1469036
1469037
1469038
1469039
1469040
1469041
1469042
1469043
1469044
1469045
1469046
1469047
1469048
1469049
1469050
1469051
1469052
1469053
1469054
1469055
1469056
1469057
1469058
1469059
1469060
1469061
1469062
1469063
1469064
1469065
1469066
1469067
1469068
1469069
1469070
1469071
1469072
1469073
1469074
1469075
1469076
1469077
1469078
1469079
1469080
1469081
1469082
1469083
1469084
1469085
1469086
1469087
1469088
1469089
1469090
1469091
1469092
1469093
1469094
1469095
1469096
1469097
1469098
1469099
1470000
1470001
1470002
1470003
1470004
1470005
1470006
1470007
1470008
1470009
1470010
1470011
1470012
1470013
1470014
1470015
1470016
1470017
1470018
1470019
1470020
1470021
1470022
1470023
1470024
1470025
1470026
1470027
1470028
1470029
1470030
1470031
1470032
1470033
1470034
1470035
1470036
1470037
1470038
1470039
1470040
1470041
1470042
1470043
1470044
1470045
1470046
1470047
1470048
1470049
1470050
1470051
1470052
1470053
1470054
1470055
1470056
1470057
1470058
1470059
1470060
1470061
1470062
1470063
1470064
1470065
1470066
1470067
1470068
1470069
1470070
1470071
1470072
1470073
1470074
1470075
1470076
1470077
1470078
1470079
1470080
1470081
1470082
1470083
1470084
1470085
1470086
1470087
1470088
1470089
1470090
1470091
1470092
1470093
1470094
1470095
1470096
1470097
1470098
1470099
1471000
1471001
1471002
1471003
1471004
1471005
1471006
1471007
1471008
1471009
1471010
1471011
1471012
1471013
1471014
1471015
1471016
1471017
1471018
1471019
1471020
1471021
1471022
1471023
1471024
1471025
1471026
1471027
1471028
1471029
1471030
1471031
1471032
1471033
1471034
1471035
1471036
1471037
1471038
1471039
1471040
1471041
1471042
1471043
1471044
1471045
1471046
1471047
1471048
1471049
1471050
1471051
1471052
1471053
1471054
1471055
1471056
1471057
1471058
1471059
1471060
1471061
1471062
1471063
1471064
1471065
1471066
1471067
1471068
1471069
1471070
1471071
1471072
1471073
1471074
1471075
1471076
1471077
1471078
1471079
1471080
1471081
1471082
1471083
1471084
1471085
1471086
1471087
1471088
1471089
1471090
1471091
1471092
1471093
1471094
1471095
1471096
1471097
1471098
1471099
1472000
1472001
1472002
1472003
1472004
1472005
1472006
1472007
1472008
1472009
1472010
1472011
1472012
1472013
1472014
1472015
1472016
1472017
1472018
1472019
1472020
1472021
1472022
1472023
1472024
1472025
1472026
1472027
1472028
1472029
1472030
1472031
1472032
1472033
1472034
1472035
1472036
1472037
1472038
1472039
1472040
1472041
1472042
1472043
1472044
1472045
1472046
1472047
1472048
1472049
1472050
1472051
1472052
1472053
1472054
1472055
1472056
1472057
1472058
1472059
1472060
1472061
1472062
1472063
1472064
1472065
1472066
1472067
1472068
1472069
1472070
1472071
1472072
1472073
1472074
1472075
1472076
1472077
1472078
1472079
1472080
1472081
1472082
1472083
1472084
1472085
1472086
1472087
1472088
1472089
1472090
1472091
1472092
1472093
1472094
1472095
1472096
1472097
1472098
1472099
1473000
1473001
1473002
1473003
1473004
1473005
1473006
1473007
1473008
1473009
1473010
1473011
1473012
1473013
1473014
1473015
1473016
1473017
1473018
1473019
1473020
1473021
1473022
1473023
1473024
1473025
1473026
1473027
1473028
1473029
1473030
1473031
1473032
1473033
1473034
1473035
1473036
1473037
1473038
1473039
1473040
1473041
1473042
1473043
1473044
1473045
1473046
1473047
1473048
1473049
1473050
1473051
1473052
1473053
1473054
1473055
1473056
1473057
1473058
1473059
1473060
1473061
1473062
1473063
1473064
1473065
1473066
1473067
1473068
1473069
1473070
1473071
1473072
1473073
1473074
1473075
1473076
1473077
1473078
1473079
1473080
1473081
1473082
1473083
1473084
1473085
1473086
1473087
1473088
1473089
1473090
1473091
1473092
1473093
1473094
1473095
1473096
1473097
1473098
1473099
1474000
1474001
1474002
1474003
1474004
1474005
1474006
1474007
1474008
1474009
1474010
1474011
1474012
1474013
1474014
1474015
1474016
1474017
1474018
1474019
1474020
1474021
1474022
1474023
1474024
1474025
1474026
1474027
1474028
1474029
1474030
1474031
1474032
1474033
1474034
1474035
1474036
1474037
1474038
1474039
1474040
1474041
1474042
1474043
1474044
1474045
1474046
1474047
1474048
1474049
1474050
1474051
1474052
1474053
1474054
1474055
1474056
1474057
1474058
1474059
1474060
1474061
1474062
1474063
1474064
1474065
1474066
1474067
1474068
1474069
1474070
1474071
1474072
1474073
1474074
1474075
1474076
1474077
1474078
1474079
1474080
1474081
1474082
1474083
1474084
1474085
1474086
1474087
1474088
1474089
1474090
1474091
1474092
1474093
1474094
1474095
1474096
1474097
1474098
1474099
1475000
1475001
1475002
1475003
1475004
1475005
1475006
1475007
1475008
1475009
1475010
1475011
1475012
1475013
1475014
1475015
1475016
1475017
1475018
1475019
1475020
1475021
1475022
1475023
1475024
1475025
1475026
1475027
1475028
1475029
1475030
1475031
1475032
1475033
1475034
1475035
1475036
1475037
1475038
1475039
1475040
1475041
1475042
1475043
1475044
1475045
1475046
1475047
1475048
1475049
1475050
1475051
1475052
1475053
1475054
1475055
1475056
1475057
1475058
1475059
1475060
1475061
1475062
1475063
1475064
1475065
1475066
1475067
1475068
1475069
1475070
1475071
1475072
1475073
1475074
1475075
1475076
1475077
1475078
1475079
1475080
1475081
1475082
1475083
1475084
1475085
1475086
1475087
1475088
1475089
1475090
1475091
1475092
1475093
1475094
1475095
1475096
1475097
1475098
1475099
1476000
1476001
1476002
1476003
1476004
1476005
1476006
1476007
1476008
1476009
1476010
1476011
1476012
1476013
1476014
1476015
1476016
1476017
1476018
1476019
1476020
1476021
1476022
1476023
1476024
1476025
1476026
1476027
1476028
1476029
1476030
1476031
1476032
1476033
1476034
1476035
1476036
1476037
1476038
1476039
1476040
1476041
1476042
1476043
1476044
1476045
1476046
1476047
1476048
1476049
1476050
1476051
1476052
1476053
1476054
1476055
1476056
1476057
1476058
1476059
1476060
1476061
1476062
1476063
1476064
1476065
1476066
1476067
1476068
1476069
1476070
1476071
1476072
1476073
1476074
1476075
1476076
1476077
1476078
1476079
1476080
1476081
1476082
1476083
1476084
1476085
1476086
1476087
1476088
1476089
1476090
1476091
1476092
1476093
1476094
1476095
1476096
1476097
1476098
1476099
1477000
1477001
1477002
1477003
1477004
1477005
1477006
1477007
1477008
1477009
1477010
1477011
1477012
1477013
1477014
1477015
1477016
1477017
1477018
1477019
1477020
1477021
1477022
1477023
1477024
1477025
1477026
1477027
1477028
1477029
1477030
1477031
1477032
1477033
1477034
1477035
1477036
1477037
1477038
1477039
1477040
1477041
1477042
1477043
1477044
1477045
1477046
1477047
1477048
1477049
1477050
1477051
1477052
1477053
1477054
1477055
1477056
1477057
1477058
1477059
1477060
1477061
1477062
1477063
1477064
1477065
1477066
1477067
1477068
1477069
1477070
1477071
1477072
1477073
1477074
1477075
1477076
1477077
1477078
1477079
1477080
1477081
1477082
1477083
1477084
1477085
1477086
1477087
1477088
1477089
1477090
1477091
1477092
1477093
1477094
1477095
1477096
1477097
1477098
1477099
1478000
1478001
1478002
1478003
1478004
1478005
1478006
1478007
1478008
1478009
1478010
1478011
1478012
1478013
1478014
1478015
1478016
1478017
1478018
1478019
1478020
1478021
1478022
1478023
1478024
1478025
1478026
1478027
1478028
1478029
1478030
1478031
1478032
1478033
1478034
1478035
1478036
1478037
1478038
1478039
1478040
1478041
1478042
1478043
1478044
1478045
1478046
1478047
1478048
1478049
1478050
1478051
1478052
1478053
1478054
1478055
1478056
1478057
1478058
1478059
1478060
1478061
1478062
1478063
1478064
1478065
1478066
1478067
1478068
1478069
1478070
1478071
1478072
1478073
1478074
1478075
1478076
1478077
1478078
1478079
1478080
1478081
1478082
1478083
1478084
1478085
1478086
1478087
1478088
1478089
1478090
1478091
1478092
1478093
1478094
1478095
1478096
1478097
1478098
1478099
1479000
1479001
1479002
1479003
1479004
1479005
1479006
1479007
1479008
1479009
1479010
1479011
1479012
1479013
1479014
1479015
1479016
1479017
1479018
1479019
1479020
1479021
1479022
1479023
1479024
1479025
1479026
1479027
1479028
1479029
1479030
1479031
1479032
1479033
1479034
1479035
1479036
1479037
1479038
1479039
1479040
1479041
1479042
1479043
1479044
1479045
1479046
1479047
1479048
1479049
1479050
1479051
1479052
1479053
1479054
1479055
1479056
1479057
1479058
1479059
1479060
1479061
1479062
1479063
1479064
1479065
1479066
1479067
1479068
1479069
1479070
1479071
1479072
1479073
1479074
1479075
1479076
1479077
1479078
1479079
1479080
1479081
1479082
1479083
1479084
1479085
1479086
1479087
1479088
1479089
1479090
1479091
1479092
1479093
1479094
1479095
1479096
1479097
1479098
1479099
1480000
1480001
1480002
1480003
1480004
1480005
1480006
1480007
1480008
1480009
1480010
1480011
1480012
1480013
1480014
1480015
1480016
1480017
1480018
1480019
1480020
1480021
1480022
1480023
1480024
1480025
1480026
1480027
1480028
1480029
1480030
1480031
1480032
1480033
1480034
1480035
1480036
1480037
1480038
1480039
1480040
1480041
1480042
1480043
1480044
1480045
1480046
1480047
1480048
1480049
1480050
1480051
1480052
1480053
1480054
1480055
1480056
1480057
1480058
1480059
1480060
1480061
1480062
1480063
1480064
1480065
1480066
1480067
1480068
1480069
1480070
1480071
1480072
1480073
1480074
1480075
1480076
1480077
1480078
1480079
1480080
1480081
1480082
1480083
1480084
1480085
1480086
1480087
1480088
1480089
1480090
1480091
1480092
1480093
1480094
1480095
1480096
1480097
1480098
1480099
1481000
1481001
1481002
1481003
1481004
1481005
1481006
1481007
1481008
1481009
1481010
1481011
1481012
1481013
1481014
1481015
1481016
1481017
1481018
1481019
1481020
1481021
1481022
1481023
1481024
1481025
1481026
1481027
1481028
1481029
1481030
1481031
1481032
1481033
1481034
1481035
1481036
1481037
1481038
1481039
1481040
1481041
1481042
1481043
1481044
1481045
1481046
1481047
1481048
1481049
1481050
1481051
1481052
1481053
1481054
1481055
1481056
1481057
1481058
1481059
1481060
1481061
1481062
1481063
1481064
1481065
1481066
1481067
1481068
1481069
1481070
1481071
1481072
1481073
1481074
1481075
1481076
1481077
1481078
1481079
1481080
1481081
1481082
1481083
1481084
1481085
1481086
1481087
1481088
1481089
1481090
1481091
1481092
1481093
1481094
1481095
1481096
1481097
1481098
1481099
1482000
1482001
1482002
1482003
1482004
1482005
1482006
1482007
1482008
1482009
1482010
1482011
1482012
1482013
1482014
1482015
1482016
1482017
1482018
1482019
1482020
1482021
1482022
1482023
1482024
1482025
1482026
1482027
1482028
1482029
1482030
1482031
1482032
1482033
1482034
1482035
1482036
1482037
1482038
1482039
1482040
1482041
1482042
1482043
1482044
1482045
1482046
1482047
1482048
1482049
1482050
1482051
1482052
1482053
1482054
1482055
1482056
1482057
1482058
1482059
1482060
1482061
1482062
1482063
1482064
1482065
1482066
1482067
1482068
1482069
1482070
1482071
1482072
1482073
1482074
1482075
1482076
1482077
1482078
1482079
1482080
1482081
1482082
1482083
1482084
1482085
1482086
1482087
1482088
1482089
1482090
1482091
1482092
1482093
1482094
1482095
1482096
1482097
1482098
1482099
1483000
1483001
1483002
1483003
1483004
1483005
1483006
1483007
1483008
1483009
1483010
1483011
1483012
1483013
1483014
1483015
1483016
1483017
1483018
1483019
1483020
1483021
1483022
1483023
1483024
1483025
1483026
1483027
1483028
1483029
1483030
1483031
1483032
1483033
1483034
1483035
1483036
1483037
1483038
1483039
1483040
1483041
1483042
1483043
1483044
1483045
1483046
1483047
1483048
1483049
1483050
1483051
1483052
1483053
1483054
1483055
1483056
1483057
1483058
1483059
1483060
1483061
1483062
1483063
1483064
1483065
1483066
1483067
1483068
1483069
1483070
1483071
1483072
1483073
1483074
1483075
1483076
1483077
1483078
1483079
1483080
1483081
1483082
1483083
1483084
1483085
1483086
1483087
1483088
1483089
1483090
1483091
1483092
1483093
1483094
1483095
1483096
1483097
1483098
1483099
1484000
1484001
1484002
1484003
1484004
1484005
1484006
1484007
1484008
1484009
1484010
1484011
1484012
1484013
1484014
1484015
1484016
1484017
1484018
1484019
1484020
1484021
1484022
1484023
1484024
1484025
1484026
1484027
1484028
1484029
1484030
1484031
1484032
1484033
1484034
1484035
1484036
1484037
1484038
1484039
1484040
1484041
1484042
1484043
1484044
1484045
1484046
1484047
1484048
1484049
1484050
1484051
1484052
1484053
1484054
1484055
1484056
1484057
1484058
1484059
1484060
1484061
1484062
1484063
1484064
1484065
1484066
1484067
1484068
1484069
1484070
1484071
1484072
1484073
1484074
1484075
1484076
1484077
1484078
1484079
1484080
1484081
1484082
1484083
1484084
1484085
1484086
1484087
1484088
1484089
1484090
1484091
1484092
1484093
1484094
1484095
1484096
1484097
1484098
1484099
1485000
1485001
1485002
1485003
1485004
1485005
1485006
1485007
1485008
1485009
1485010
1485011
1485012
1485013
1485014
1485015
1485016
1485017
1485018
1485019
1485020
1485021
1485022
1485023
1485024
1485025
1485026
1485027
1485028
1485029
1485030
1485031
1485032
1485033
1485034
1485035
1485036
1485037
1485038
1485039
1485040
1485041
1485042
1485043
1485044
1485045
1485046
1485047
1485048
1485049
1485050
1485051
1485052
1485053
1485054
1485055
1485056
1485057
1485058
1485059
1485060
1485061
1485062
1485063
1485064
1485065
1485066
1485067
1485068
1485069
1485070
1485071
1485072
1485073
1485074
1485075
1485076
1485077
1485078
1485079
1485080
1485081
1485082
1485083
1485084
1485085
1485086
1485087
1485088
1485089
1485090
1485091
1485092
1485093
1485094
1485095
1485096
1485097
1485098
1485099
1486000
1486001
1486002
1486003
1486004
1486005
1486006
1486007
1486008
1486009
1486010
1486011
1486012
1486013
1486014
1486015
1486016
1486017
1486018
1486019
1486020
1486021
1486022
1486023
1486024
1486025
1486026
1486027
1486028
1486029
1486030
1486031
1486032
1486033
1486034
1486035
1486036
1486037
1486038
1486039
1486040
1486041
1486042
1486043
1486044
1486045
1486046
1486047
1486048
1486049
1486050
1486051
1486052
1486053
1486054
1486055
1486056
1486057
1486058
1486059
1486060
1486061
1486062
1486063
1486064
1486065
1486066
1486067
1486068
1486069
1486070
1486071
1486072
1486073
1486074
1486075
1486076
1486077
1486078
1486079
1486080
1486081
1486082
1486083
1486084
1486085
1486086
1486087
1486088
1486089
1486090
1486091
1486092
1486093
1486094
1486095
1486096
1486097
1486098
1486099
1487000
1487001
1487002
1487003
1487004
1487005
1487006
1487007
1487008
1487009
1487010
1487011
1487012
1487013
1487014
1487015
1487016
1487017
1487018
1487019
1487020
1487021
1487022
1487023
1487024
1487025
1487026
1487027
1487028
1487029
1487030
1487031
1487032
1487033
1487034
1487035
1487036
1487037
1487038
1487039
1487040
1487041
1487042
1487043
1487044
1487045
1487046
1487047
1487048
1487049
1487050
1487051
1487052
1487053
1487054
1487055
1487056
1487057
1487058
1487059
1487060
1487061
1487062
1487063
1487064
1487065
1487066
1487067
1487068
1487069
1487070
1487071
1487072
1487073
1487074
1487075
1487076
1487077
1487078
1487079
1487080
1487081
1487082
1487083
1487084
1487085
1487086
1487087
1487088
1487089
1487090
1487091
1487092
1487093
1487094
1487095
1487096
1487097
1487098
1487099
1488000
1488001
1488002
1488003
1488004
1488005
1488006
1488007
1488008
1488009
1488010
1488011
1488012
1488013
1488014
1488015
1488016
1488017
1488018
1488019
1488020
1488021
1488022
1488023
1488024
1488025
1488026
1488027
1488028
1488029
1488030
1488031
1488032
1488033
1488034
1488035
1488036
1488037
1488038
1488039
1488040
1488041
1488042
1488043
1488044
1488045
1488046
1488047
1488048
1488049
1488050
1488051
1488052
1488053
1488054
1488055
1488056
1488057
1488058
1488059
1488060
1488061
1488062
1488063
1488064
1488065
1488066
1488067
1488068
1488069
1488070
1488071
1488072
1488073
1488074
1488075
1488076
1488077
1488078
1488079
1488080
1488081
1488082
1488083
1488084
1488085
1488086
1488087
1488088
1488089
1488090
1488091
1488092
1488093
1488094
1488095
1488096
1488097
1488098
1488099
1489000
1489001
1489002
1489003
1489004
1489005
1489006
1489007
1489008
1489009
1489010
1489011
1489012
1489013
1489014
1489015
1489016
1489017
1489018
1489019
1489020
1489021
1489022
1489023
1489024
1489025
1489026
1489027
1489028
1489029
1489030
1489031
1489032
1489033
1489034
1489035
1489036
1489037
1489038
1489039
1489040
1489041
1489042
1489043
1489044
1489045
1489046
1489047
1489048
1489049
1489050
1489051
1489052
1489053
1489054
1489055
1489056
1489057
1489058
1489059
1489060
1489061
1489062
1489063
1489064
1489065
1489066
1489067
1489068
1489069
1489070
1489071
1489072
1489073
1489074
1489075
1489076
1489077
1489078
1489079
1489080
1489081
1489082
1489083
1489084
1489085
1489086
1489087
1489088
1489089
1489090
1489091
1489092
1489093
1489094
1489095
1489096
1489097
1489098
1489099
1490000
1490001
1490002
1490003
1490004
1490005
1490006
1490007
1490008
1490009
1490010
1490011
1490012
1490013
1490014
1490015
1490016
1490017
1490018
1490019
1490020
1490021
1490022
1490023
1490024
1490025
1490026
1490027
1490028
1490029
1490030
1490031
1490032
1490033
1490034
1490035
1490036
1490037
1490038
1490039
1490040
1490041
1490042
1490043
1490044
1490045
1490046
1490047
1490048
1490049
1490050
1490051
1490052
1490053
1490054
1490055
1490056
1490057
1490058
1490059
1490060
1490061
1490062
1490063
1490064
1490065
1490066
1490067
1490068
1490069
1490070
1490071
1490072
1490073
1490074
1490075
1490076
1490077
1490078
1490079
1490080
1490081
1490082
1490083
1490084
1490085
1490086
1490087
1490088
1490089
1490090
1490091
1490092
1490093
1490094
1490095
1490096
1490097
1490098
1490099
1491000
1491001
1491002
1491003
1491004
1491005
1491006
1491007
1491008
1491009
1491010
1491011
1491012
1491013
1491014
1491015
1491016
1491017
1491018
1491019
1491020
1491021
1491022
1491023
1491024
1491025
1491026
1491027
1491028
1491029
1491030
1491031
1491032
1491033
1491034
1491035
1491036
1491037
1491038
1491039
1491040
1491041
1491042
1491043
1491044
1491045
1491046
1491047
1491048
1491049
1491050
1491051
1491052
1491053
1491054
1491055
1491056
1491057
1491058
1491059
1491060
1491061
1491062
1491063
1491064
1491065
1491066
1491067
1491068
1491069
1491070
1491071
1491072
1491073
1491074
1491075
1491076
1491077
1491078
1491079
1491080
1491081
1491082
1491083
1491084
1491085
1491086
1491087
1491088
1491089
1491090
1491091
1491092
1491093
1491094
1491095
1491096
1491097
1491098
1491099
1492000
1492001
1492002
1492003
1492004
1492005
1492006
1492007
1492008
1492009
1492010
1492011
1492012
1492013
1492014
1492015
1492016
1492017
1492018
1492019
1492020
1492021
1492022
1492023
1492024
1492025
1492026
1492027
1492028
1492029
1492030
1492031
1492032
1492033
1492034
1492035
1492036
1492037
1492038
1492039
1492040
1492041
1492042
1492043
1492044
1492045
1492046
1492047
1492048
1492049
1492050
1492051
1492052
1492053
1492054
1492055
1492056
1492057
1492058
1492059
1492060
1492061
1492062
1492063
1492064
1492065
1492066
1492067
1492068
1492069
1492070
1492071
1492072
1492073
1492074
1492075
1492076
1492077
1492078
1492079
1492080
1492081
1492082
1492083
1492084
1492085
1492086
1492087
1492088
1492089
1492090
1492091
1492092
1492093
1492094
1492095
1492096
1492097
1492098
1492099
1493000
1493001
1493002
1493003
1493004
1493005
1493006
1493007
1493008
1493009
1493010
1493011
1493012
1493013
1493014
1493015
1493016
1493017
1493018
1493019
1493020
1493021
1493022
1493023
1493024
1493025
1493026
1493027
1493028
1493029
1493030
1493031
1493032
1493033
1493034
1493035
1493036
1493037
1493038
1493039
1493040
1493041
1493042
1493043
1493044
1493045
1493046
1493047
1493048
1493049
1493050
1493051
1493052
1493053
1493054
1493055
1493056
1493057
1493058
1493059
1493060
1493061
1493062
1493063
1493064
1493065
1493066
1493067
1493068
1493069
1493070
1493071
1493072
1493073
1493074
1493075
1493076
1493077
1493078
1493079
1493080
1493081
1493082
1493083
1493084
1493085
1493086
1493087
1493088
1493089
1493090
1493091
1493092
1493093
1493094
1493095
1493096
1493097
1493098
1493099
1494000
1494001
1494002
1494003
1494004
1494005
1494006
1494007
1494008
1494009
1494010
1494011
1494012
1494013
1494014
1494015
1494016
1494017
1494018
1494019
1494020
1494021
1494022
1494023
1494024
1494025
1494026
1494027
1494028
1494029
1494030
1494031
1494032
1494033
1494034
1494035
1494036
1494037
1494038
1494039
1494040
1494041
1494042
1494043
1494044
1494045
1494046
1494047
1494048
1494049
1494050
1494051
1494052
1494053
1494054
1494055
1494056
1494057
1494058
1494059
1494060
1494061
1494062
1494063
1494064
1494065
1494066
1494067
1494068
1494069
1494070
1494071
1494072
1494073
1494074
1494075
1494076
1494077
1494078
1494079
1494080
1494081
1494082
1494083
1494084
1494085
1494086
1494087
1494088
1494089
1494090
1494091
1494092
1494093
1494094
1494095
1494096
1494097
1494098
1494099
1495000
1495001
1495002
1495003
1495004
1495005
1495006
1495007
1495008
1495009
1495010
1495011
1495012
1495013
1495014
1495015
1495016
1495017
1495018
1495019
1495020
1495021
1495022
1495023
1495024
1495025
1495026
1495027
1495028
1495029
1495030
1495031
1495032
1495033
1495034
1495035
1495036
1495037
1495038
1495039
1495040
1495041
1495042
1495043
1495044
1495045
1495046
1495047
1495048
1495049
1495050
1495051
1495052
1495053
1495054
1495055
1495056
1495057
1495058
1495059
1495060
1495061
1495062
1495063
1495064
1495065
1495066
1495067
1495068
1495069
1495070
1495071
1495072
1495073
1495074
1495075
1495076
1495077
1495078
1495079
1495080
1495081
1495082
1495083
1495084
1495085
1495086
1495087
1495088
1495089
1495090
1495091
1495092
1495093
1495094
1495095
1495096
1495097
1495098
1495099
1496000
1496001
1496002
1496003
1496004
1496005
1496006
1496007
1496008
1496009
1496010
1496011
1496012
1496013
1496014
1496015
1496016
1496017
1496018
1496019
1496020
1496021
1496022
1496023
1496024
1496025
1496026
1496027
1496028
1496029
1496030
1496031
1496032
1496033
1496034
1496035
1496036
1496037
1496038
1496039
1496040
1496041
1496042
1496043
1496044
1496045
1496046
1496047
1496048
1496049
1496050
1496051
1496052
1496053
1496054
1496055
1496056
1496057
1496058
1496059
1496060
1496061
1496062
1496063
1496064
1496065
1496066
1496067
1496068
1496069
1496070
1496071
1496072
1496073
1496074
1496075
1496076
1496077
1496078
1496079
1496080
1496081
1496082
1496083
1496084
1496085
1496086
1496087
1496088
1496089
1496090
1496091
1496092
1496093
1496094
1496095
1496096
1496097
1496098
1496099
1497000
1497001
1497002
1497003
1497004
1497005
1497006
1497007
1497008
1497009
1497010
1497011
1497012
1497013
1497014
1497015
1497016
1497017
1497018
1497019
1497020
1497021
1497022
1497023
1497024
1497025
1497026
1497027
1497028
1497029
1497030
1497031
1497032
1497033
1497034
1497035
1497036
1497037
1497038
1497039
1497040
1497041
1497042
1497043
1497044
1497045
1497046
1497047
1497048
1497049
1497050
1497051
1497052
1497053
1497054
1497055
1497056
1497057
1497058
1497059
1497060
1497061
1497062
1497063
1497064
1497065
1497066
1497067
1497068
1497069
1497070
1497071
1497072
1497073
1497074
1497075
1497076
1497077
1497078
1497079
1497080
1497081
1497082
1497083
1497084
1497085
1497086
1497087
1497088
1497089
1497090
1497091
1497092
1497093
1497094
1497095
1497096
1497097
1497098
1497099
1498000
1498001
1498002
1498003
1498004
1498005
1498006
1498007
1498008
1498009
1498010
1498011
1498012
1498013
1498014
1498015
1498016
1498017
1498018
1498019
1498020
1498021
1498022
1498023
1498024
1498025
1498026
1498027
1498028
1498029
1498030
1498031
1498032
1498033
1498034
1498035
1498036
1498037
1498038
1498039
1498040
1498041
1498042
1498043
1498044
1498045
1498046
1498047
1498048
1498049
1498050
1498051
1498052
1498053
1498054
1498055
1498056
1498057
1498058
1498059
1498060
1498061
1498062
1498063
1498064
1498065
1498066
1498067
1498068
1498069
1498070
1498071
1498072
1498073
1498074
1498075
1498076
1498077
1498078
1498079
1498080
1498081
1498082
1498083
1498084
1498085
1498086
1498087
1498088
1498089
1498090
1498091
1498092
1498093
1498094
1498095
1498096
1498097
1498098
1498099
1499000
1499001
1499002
1499003
1499004
1499005
1499006
1499007
1499008
1499009
1499010
1499011
1499012
1499013
1499014
1499015
1499016
1499017
1499018
1499019
1499020
1499021
1499022
1499023
1499024
1499025
1499026
1499027
1499028
1499029
1499030
1499031
1499032
1499033
1499034
1499035
1499036
1499037
1499038
1499039
1499040
1499041
1499042
1499043
1499044
1499045
1499046
1499047
1499048
1499049
1499050
1499051
1499052
1499053
1499054
1499055
1499056
1499057
1499058
1499059
1499060
1499061
1499062
1499063
1499064
1499065
1499066
1499067
1499068
1499069
1499070
1499071
1499072
1499073
1499074
1499075
1499076
1499077
1499078
1499079
1499080
1499081
1499082
1499083
1499084
1499085
1499086
1499087
1499088
1499089
1499090
1499091
1499092
1499093
1499094
1499095
1499096
1499097
1499098
1499099
1500000
1500001
1500002
1500003
1500004
1500005
1500006
1500007
1500008
1500009
1500010
1500011
1500012
1500013
1500014
1500015
1500016
1500017
1500018
1500019
1500020
1500021
1500022
1500023
1500024
1500025
1500026
1500027
1500028
1500029
1500030
1500031
1500032
1500033
1500034
1500035
1500036
1500037
1500038
1500039
1500040
1500041
1500042
1500043
1500044
1500045
1500046
1500047
1500048
1500049
1500050
1500051
1500052
1500053
1500054
1500055
1500056
1500057
1500058
1500059
1500060
1500061
1500062
1500063
1500064
1500065
1500066
1500067
1500068
1500069
1500070
1500071
1500072
1500073
1500074
1500075
1500076
1500077
1500078
1500079
1500080
1500081
1500082
1500083
1500084
1500085
1500086
1500087
1500088
1500089
1500090
1500091
1500092
1500093
1500094
1500095
1500096
1500097
1500098
1500099
1501000
1501001
1501002
1501003
1501004
1501005
1501006
1501007
1501008
1501009
1501010
1501011
1501012
1501013
1501014
1501015
1501016
1501017
1501018
1501019
1501020
1501021
1501022
1501023
1501024
1501025
1501026
1501027
1501028
1501029
1501030
1501031
1501032
1501033
1501034
1501035
1501036
1501037
1501038
1501039
1501040
1501041
1501042
1501043
1501044
1501045
1501046
1501047
1501048
1501049
1501050
1501051
1501052
1501053
1501054
1501055
1501056
1501057
1501058
1501059
1501060
1501061
1501062
1501063
1501064
1501065
1501066
1501067
1501068
1501069
1501070
1501071
1501072
1501073
1501074
1501075
1501076
1501077
1501078
1501079
1501080
1501081
1501082
1501083
1501084
1501085
1501086
1501087
1501088
1501089
1501090
1501091
1501092
1501093
1501094
1501095
1501096
1501097
1501098
1501099
1502000
1502001
1502002
1502003
1502004
1502005
1502006
1502007
1502008
1502009
1502010
1502011
1502012
1502013
1502014
1502015
1502016
1502017
1502018
1502019
1502020
1502021
1502022
1502023
1502024
1502025
1502026
1502027
1502028
1502029
1502030
1502031
1502032
1502033
1502034
1502035
1502036
1502037
1502038
1502039
1502040
1502041
1502042
1502043
1502044
1502045
1502046
1502047
1502048
1502049
1502050
1502051
1502052
1502053
1502054
1502055
1502056
1502057
1502058
1502059
1502060
1502061
1502062
1502063
1502064
1502065
1502066
1502067
1502068
1502069
1502070
1502071
1502072
1502073
1502074
1502075
1502076
1502077
1502078
1502079
1502080
1502081
1502082
1502083
1502084
1502085
1502086
1502087
1502088
1502089
1502090
1502091
1502092
1502093
1502094
1502095
1502096
1502097
1502098
1502099
1503000
1503001
1503002
1503003
1503004
1503005
1503006
1503007
1503008
1503009
1503010
1503011
1503012
1503013
1503014
1503015
1503016
1503017
1503018
1503019
1503020
1503021
1503022
1503023
1503024
1503025
1503026
1503027
1503028
1503029
1503030
1503031
1503032
1503033
1503034
1503035
1503036
1503037
1503038
1503039
1503040
1503041
1503042
1503043
1503044
1503045
1503046
1503047
1503048
1503049
1503050
1503051
1503052
1503053
1503054
1503055
1503056
1503057
1503058
1503059
1503060
1503061
1503062
1503063
1503064
1503065
1503066
1503067
1503068
1503069
1503070
1503071
1503072
1503073
1503074
1503075
1503076
1503077
1503078
1503079
1503080
1503081
1503082
1503083
1503084
1503085
1503086
1503087
1503088
1503089
1503090
1503091
1503092
1503093
1503094
1503095
1503096
1503097
1503098
1503099
1504000
1504001
1504002
1504003
1504004
1504005
1504006
1504007
1504008
1504009
1504010
1504011
1504012
1504013
1504014
1504015
1504016
1504017
1504018
1504019
1504020
1504021
1504022
1504023
1504024
1504025
1504026
1504027
1504028
1504029
1504030
1504031
1504032
1504033
1504034
1504035
1504036
1504037
1504038
1504039
1504040
1504041
1504042
1504043
1504044
1504045
1504046
1504047
1504048
1504049
1504050
1504051
1504052
1504053
1504054
1504055
1504056
1504057
1504058
1504059
1504060
1504061
1504062
1504063
1504064
1504065
1504066
1504067
1504068
1504069
1504070
1504071
1504072
1504073
1504074
1504075
1504076
1504077
1504078
1504079
1504080
1504081
1504082
1504083
1504084
1504085
1504086
1504087
1504088
1504089
1504090
1504091
1504092
1504093
1504094
1504095
1504096
1504097
1504098
1504099
1505000
1505001
1505002
1505003
1505004
1505005
1505006
1505007
1505008
1505009
1505010
1505011
1505012
1505013
1505014
1505015
1505016
1505017
1505018
1505019
1505020
1505021
1505022
1505023
1505024
1505025
1505026
1505027
1505028
1505029
1505030
1505031
1505032
1505033
1505034
1505035
1505036
1505037
1505038
1505039
1505040
1505041
1505042
1505043
1505044
1505045
1505046
1505047
1505048
1505049
1505050
1505051
1505052
1505053
1505054
1505055
1505056
1505057
1505058
1505059
1505060
1505061
1505062
1505063
1505064
1505065
1505066
1505067
1505068
1505069
1505070
1505071
1505072
1505073
1505074
1505075
1505076
1505077
1505078
1505079
1505080
1505081
1505082
1505083
1505084
1505085
1505086
1505087
1505088
1505089
1505090
1505091
1505092
1505093
1505094
1505095
1505096
1505097
1505098
1505099
1506000
1506001
1506002
1506003
1506004
1506005
1506006
1506007
1506008
1506009
1506010
1506011
1506012
1506013
1506014
1506015
1506016
1506017
1506018
1506019
1506020
1506021
1506022
1506023
1506024
1506025
1506026
1506027
1506028
1506029
1506030
1506031
1506032
1506033
1506034
1506035
1506036
1506037
1506038
1506039
1506040
1506041
1506042
1506043
1506044
1506045
1506046
1506047
1506048
1506049
1506050
1506051
1506052
1506053
1506054
1506055
1506056
1506057
1506058
1506059
1506060
1506061
1506062
1506063
1506064
1506065
1506066
1506067
1506068
1506069
1506070
1506071
1506072
1506073
1506074
1506075
1506076
1506077
1506078
1506079
1506080
1506081
1506082
1506083
1506084
1506085
1506086
1506087
1506088
1506089
1506090
1506091
1506092
1506093
1506094
1506095
1506096
1506097
1506098
1506099
1507000
1507001
1507002
1507003
1507004
1507005
1507006
1507007
1507008
1507009
1507010
1507011
1507012
1507013
1507014
1507015
1507016
1507017
1507018
1507019
1507020
1507021
1507022
1507023
1507024
1507025
1507026
1507027
1507028
1507029
1507030
1507031
1507032
1507033
1507034
1507035
1507036
1507037
1507038
1507039
1507040
1507041
1507042
1507043
1507044
1507045
1507046
1507047
1507048
1507049
1507050
1507051
1507052
1507053
1507054
1507055
1507056
1507057
1507058
1507059
1507060
1507061
1507062
1507063
1507064
1507065
1507066
1507067
1507068
1507069
1507070
1507071
1507072
1507073
1507074
1507075
1507076
1507077
1507078
1507079
1507080
1507081
1507082
1507083
1507084
1507085
1507086
1507087
1507088
1507089
1507090
1507091
1507092
1507093
1507094
1507095
1507096
1507097
1507098
1507099
1508000
1508001
1508002
1508003
1508004
1508005
1508006
1508007
1508008
1508009
1508010
1508011
1508012
1508013
1508014
1508015
1508016
1508017
1508018
1508019
1508020
1508021
1508022
1508023
1508024
1508025
1508026
1508027
1508028
1508029
1508030
1508031
1508032
1508033
1508034
1508035
1508036
1508037
1508038
1508039
1508040
1508041
1508042
1508043
1508044
1508045
1508046
1508047
1508048
1508049
1508050
1508051
1508052
1508053
1508054
1508055
1508056
1508057
1508058
1508059
1508060
1508061
1508062
1508063
1508064
1508065
1508066
1508067
1508068
1508069
1508070
1508071
1508072
1508073
1508074
1508075
1508076
1508077
1508078
1508079
1508080
1508081
1508082
1508083
1508084
1508085
1508086
1508087
1508088
1508089
1508090
1508091
1508092
1508093
1508094
1508095
1508096
1508097
1508098
1508099
1509000
1509001
1509002
1509003
1509004
1509005
1509006
1509007
1509008
1509009
1509010
1509011
1509012
1509013
1509014
1509015
1509016
1509017
1509018
1509019
1509020
1509021
1509022
1509023
1509024
1509025
1509026
1509027
1509028
1509029
1509030
1509031
1509032
1509033
1509034
1509035
1509036
1509037
1509038
1509039
1509040
1509041
1509042
1509043
1509044
1509045
1509046
1509047
1509048
1509049
1509050
1509051
1509052
1509053
1509054
1509055
1509056
1509057
1509058
1509059
1509060
1509061
1509062
1509063
1509064
1509065
1509066
1509067
1509068
1509069
1509070
1509071
1509072
1509073
1509074
1509075
1509076
1509077
1509078
1509079
1509080
1509081
1509082
1509083
1509084
1509085
1509086
1509087
1509088
1509089
1509090
1509091
1509092
1509093
1509094
1509095
1509096
1509097
1509098
1509099
1510000
1510001
1510002
1510003
1510004
1510005
1510006
1510007
1510008
1510009
1510010
1510011
1510012
1510013
1510014
1510015
1510016
1510017
1510018
1510019
1510020
1510021
1510022
1510023
1510024
1510025
1510026
1510027
1510028
1510029
1510030
1510031
1510032
1510033
1510034
1510035
1510036
1510037
1510038
1510039
1510040
1510041
1510042
1510043
1510044
1510045
1510046
1510047
1510048
1510049
1510050
1510051
1510052
1510053
1510054
1510055
1510056
1510057
1510058
1510059
1510060
1510061
1510062
1510063
1510064
1510065
1510066
1510067
1510068
1510069
1510070
1510071
1510072
1510073
1510074
1510075
1510076
1510077
1510078
1510079
1510080
1510081
1510082
1510083
1510084
1510085
1510086
1510087
1510088
1510089
1510090
1510091
1510092
1510093
1510094
1510095
1510096
1510097
1510098
1510099
1511000
1511001
1511002
1511003
1511004
1511005
1511006
1511007
1511008
1511009
1511010
1511011
1511012
1511013
1511014
1511015
1511016
1511017
1511018
1511019
1511020
1511021
1511022
1511023
1511024
1511025
1511026
1511027
1511028
1511029
1511030
1511031
1511032
1511033
1511034
1511035
1511036
1511037
1511038
1511039
1511040
1511041
1511042
1511043
1511044
1511045
1511046
1511047
1511048
1511049
1511050
1511051
1511052
1511053
1511054
1511055
1511056
1511057
1511058
1511059
1511060
1511061
1511062
1511063
1511064
1511065
1511066
1511067
1511068
1511069
1511070
1511071
1511072
1511073
1511074
1511075
1511076
1511077
1511078
1511079
1511080
1511081
1511082
1511083
1511084
1511085
1511086
1511087
1511088
1511089
1511090
1511091
1511092
1511093
1511094
1511095
1511096
1511097
1511098
1511099
1512000
1512001
1512002
1512003
1512004
1512005
1512006
1512007
1512008
1512009
1512010
1512011
1512012
1512013
1512014
1512015
1512016
1512017
1512018
1512019
1512020
1512021
1512022
1512023
1512024
1512025
1512026
1512027
1512028
1512029
1512030
1512031
1512032
1512033
1512034
1512035
1512036
1512037
1512038
1512039
1512040
1512041
1512042
1512043
1512044
1512045
1512046
1512047
1512048
1512049
1512050
1512051
1512052
1512053
1512054
1512055
1512056
1512057
1512058
1512059
1512060
1512061
1512062
1512063
1512064
1512065
1512066
1512067
1512068
1512069
1512070
1512071
1512072
1512073
1512074
1512075
1512076
1512077
1512078
1512079
1512080
1512081
1512082
1512083
1512084
1512085
1512086
1512087
1512088
1512089
1512090
1512091
1512092
1512093
1512094
1512095
1512096
1512097
1512098
1512099
1513000
1513001
1513002
1513003
1513004
1513005
1513006
1513007
1513008
1513009
1513010
1513011
1513012
1513013
1513014
1513015
1513016
1513017
1513018
1513019
1513020
1513021
1513022
1513023
1513024
1513025
1513026
1513027
1513028
1513029
1513030
1513031
1513032
1513033
1513034
1513035
1513036
1513037
1513038
1513039
1513040
1513041
1513042
1513043
1513044
1513045
1513046
1513047
1513048
1513049
1513050
1513051
1513052
1513053
1513054
1513055
1513056
1513057
1513058
1513059
1513060
1513061
1513062
1513063
1513064
1513065
1513066
1513067
1513068
1513069
1513070
1513071
1513072
1513073
1513074
1513075
1513076
1513077
1513078
1513079
1513080
1513081
1513082
1513083
1513084
1513085
1513086
1513087
1513088
1513089
1513090
1513091
1513092
1513093
1513094
1513095
1513096
1513097
1513098
1513099
1514000
1514001
1514002
1514003
1514004
1514005
1514006
1514007
1514008
1514009
1514010
1514011
1514012
1514013
1514014
1514015
1514016
1514017
1514018
1514019
1514020
1514021
1514022
1514023
1514024
1514025
1514026
1514027
1514028
1514029
1514030
1514031
1514032
1514033
1514034
1514035
1514036
1514037
1514038
1514039
1514040
1514041
1514042
1514043
1514044
1514045
1514046
1514047
1514048
1514049
1514050
1514051
1514052
1514053
1514054
1514055
1514056
1514057
1514058
1514059
1514060
1514061
1514062
1514063
1514064
1514065
1514066
1514067
1514068
1514069
1514070
1514071
1514072
1514073
1514074
1514075
1514076
1514077
1514078
1514079
1514080
1514081
1514082
1514083
1514084
1514085
1514086
1514087
1514088
1514089
1514090
1514091
1514092
1514093
1514094
1514095
1514096
1514097
1514098
1514099
1515000
1515001
1515002
1515003
1515004
1515005
1515006
1515007
1515008
1515009
1515010
1515011
1515012
1515013
1515014
1515015
1515016
1515017
1515018
1515019
1515020
1515021
1515022
1515023
1515024
1515025
1515026
1515027
1515028
1515029
1515030
1515031
1515032
1515033
1515034
1515035
1515036
1515037
1515038
1515039
1515040
1515041
1515042
1515043
1515044
1515045
1515046
1515047
1515048
1515049
1515050
1515051
1515052
1515053
1515054
1515055
1515056
1515057
1515058
1515059
1515060
1515061
1515062
1515063
1515064
1515065
1515066
1515067
1515068
1515069
1515070
1515071
1515072
1515073
1515074
1515075
1515076
1515077
1515078
1515079
1515080
1515081
1515082
1515083
1515084
1515085
1515086
1515087
1515088
1515089
1515090
1515091
1515092
1515093
1515094
1515095
1515096
1515097
1515098
1515099
1516000
1516001
1516002
1516003
1516004
1516005
1516006
1516007
1516008
1516009
1516010
1516011
1516012
1516013
1516014
1516015
1516016
1516017
1516018
1516019
1516020
1516021
1516022
1516023
1516024
1516025
1516026
1516027
1516028
1516029
1516030
1516031
1516032
1516033
1516034
1516035
1516036
1516037
1516038
1516039
1516040
1516041
1516042
1516043
1516044
1516045
1516046
1516047
1516048
1516049
1516050
1516051
1516052
1516053
1516054
1516055
1516056
1516057
1516058
1516059
1516060
1516061
1516062
1516063
1516064
1516065
1516066
1516067
1516068
1516069
1516070
1516071
1516072
1516073
1516074
1516075
1516076
1516077
1516078
1516079
1516080
1516081
1516082
1516083
1516084
1516085
1516086
1516087
1516088
1516089
1516090
1516091
1516092
1516093
1516094
1516095
1516096
1516097
1516098
1516099
1517000
1517001
1517002
1517003
1517004
1517005
1517006
1517007
1517008
1517009
1517010
1517011
1517012
1517013
1517014
1517015
1517016
1517017
1517018
1517019
1517020
1517021
1517022
1517023
1517024
1517025
1517026
1517027
1517028
1517029
1517030
1517031
1517032
1517033
1517034
1517035
1517036
1517037
1517038
1517039
1517040
1517041
1517042
1517043
1517044
1517045
1517046
1517047
1517048
1517049
1517050
1517051
1517052
1517053
1517054
1517055
1517056
1517057
1517058
1517059
1517060
1517061
1517062
1517063
1517064
1517065
1517066
1517067
1517068
1517069
1517070
1517071
1517072
1517073
1517074
1517075
1517076
1517077
1517078
1517079
1517080
1517081
1517082
1517083
1517084
1517085
1517086
1517087
1517088
1517089
1517090
1517091
1517092
1517093
1517094
1517095
1517096
1517097
1517098
1517099
1518000
1518001
1518002
1518003
1518004
1518005
1518006
1518007
1518008
1518009
1518010
1518011
1518012
1518013
1518014
1518015
1518016
1518017
1518018
1518019
1518020
1518021
1518022
1518023
1518024
1518025
1518026
1518027
1518028
1518029
1518030
1518031
1518032
1518033
1518034
1518035
1518036
1518037
1518038
1518039
1518040
1518041
1518042
1518043
1518044
1518045
1518046
1518047
1518048
1518049
1518050
1518051
1518052
1518053
1518054
1518055
1518056
1518057
1518058
1518059
1518060
1518061
1518062
1518063
1518064
1518065
1518066
1518067
1518068
1518069
1518070
1518071
1518072
1518073
1518074
1518075
1518076
1518077
1518078
1518079
1518080
1518081
1518082
1518083
1518084
1518085
1518086
1518087
1518088
1518089
1518090
1518091
1518092
1518093
1518094
1518095
1518096
1518097
1518098
1518099
1519000
1519001
1519002
1519003
1519004
1519005
1519006
1519007
1519008
1519009
1519010
1519011
1519012
1519013
1519014
1519015
1519016
1519017
1519018
1519019
1519020
1519021
1519022
1519023
1519024
1519025
1519026
1519027
1519028
1519029
1519030
1519031
1519032
1519033
1519034
1519035
1519036
1519037
1519038
1519039
1519040
1519041
1519042
1519043
1519044
1519045
1519046
1519047
1519048
1519049
1519050
1519051
1519052
1519053
1519054
1519055
1519056
1519057
1519058
1519059
1519060
1519061
1519062
1519063
1519064
1519065
1519066
1519067
1519068
1519069
1519070
1519071
1519072
1519073
1519074
1519075
1519076
1519077
1519078
1519079
1519080
1519081
1519082
1519083
1519084
1519085
1519086
1519087
1519088
1519089
1519090
1519091
1519092
1519093
1519094
1519095
1519096
1519097
1519098
1519099
1520000
1520001
1520002
1520003
1520004
1520005
1520006
1520007
1520008
1520009
1520010
1520011
1520012
1520013
1520014
1520015
1520016
1520017
1520018
1520019
1520020
1520021
1520022
1520023
1520024
1520025
1520026
1520027
1520028
1520029
1520030
1520031
1520032
1520033
1520034
1520035
1520036
1520037
1520038
1520039
1520040
1520041
1520042
1520043
1520044
1520045
1520046
1520047
1520048
1520049
1520050
1520051
1520052
1520053
1520054
1520055
1520056
1520057
1520058
1520059
1520060
1520061
1520062
1520063
1520064
1520065
1520066
1520067
1520068
1520069
1520070
1520071
1520072
1520073
1520074
1520075
1520076
1520077
1520078
1520079
1520080
1520081
1520082
1520083
1520084
1520085
1520086
1520087
1520088
1520089
1520090
1520091
1520092
1520093
1520094
1520095
1520096
1520097
1520098
1520099
1521000
1521001
1521002
1521003
1521004
1521005
1521006
1521007
1521008
1521009
1521010
1521011
1521012
1521013
1521014
1521015
1521016
1521017
1521018
1521019
1521020
1521021
1521022
1521023
1521024
1521025
1521026
1521027
1521028
1521029
1521030
1521031
1521032
1521033
1521034
1521035
1521036
1521037
1521038
1521039
1521040
1521041
1521042
1521043
1521044
1521045
1521046
1521047
1521048
1521049
1521050
1521051
1521052
1521053
1521054
1521055
1521056
1521057
1521058
1521059
1521060
1521061
1521062
1521063
1521064
1521065
1521066
1521067
1521068
1521069
1521070
1521071
1521072
1521073
1521074
1521075
1521076
1521077
1521078
1521079
1521080
1521081
1521082
1521083
1521084
1521085
1521086
1521087
1521088
1521089
1521090
1521091
1521092
1521093
1521094
1521095
1521096
1521097
1521098
1521099
1522000
1522001
1522002
1522003
1522004
1522005
1522006
1522007
1522008
1522009
1522010
1522011
1522012
1522013
1522014
1522015
1522016
1522017
1522018
1522019
1522020
1522021
1522022
1522023
1522024
1522025
1522026
1522027
1522028
1522029
1522030
1522031
1522032
1522033
1522034
1522035
1522036
1522037
1522038
1522039
1522040
1522041
1522042
1522043
1522044
1522045
1522046
1522047
1522048
1522049
1522050
1522051
1522052
1522053
1522054
1522055
1522056
1522057
1522058
1522059
1522060
1522061
1522062
1522063
1522064
1522065
1522066
1522067
1522068
1522069
1522070
1522071
1522072
1522073
1522074
1522075
1522076
1522077
1522078
1522079
1522080
1522081
1522082
1522083
1522084
1522085
1522086
1522087
1522088
1522089
1522090
1522091
1522092
1522093
1522094
1522095
1522096
1522097
1522098
1522099
1523000
1523001
1523002
1523003
1523004
1523005
1523006
1523007
1523008
1523009
1523010
1523011
1523012
1523013
1523014
1523015
1523016
1523017
1523018
1523019
1523020
1523021
1523022
1523023
1523024
1523025
1523026
1523027
1523028
1523029
1523030
1523031
1523032
1523033
1523034
1523035
1523036
1523037
1523038
1523039
1523040
1523041
1523042
1523043
1523044
1523045
1523046
1523047
1523048
1523049
1523050
1523051
1523052
1523053
1523054
1523055
1523056
1523057
1523058
1523059
1523060
1523061
1523062
1523063
1523064
1523065
1523066
1523067
1523068
1523069
1523070
1523071
1523072
1523073
1523074
1523075
1523076
1523077
1523078
1523079
1523080
1523081
1523082
1523083
1523084
1523085
1523086
1523087
1523088
1523089
1523090
1523091
1523092
1523093
1523094
1523095
1523096
1523097
1523098
1523099
1524000
1524001
1524002
1524003
1524004
1524005
1524006
1524007
1524008
1524009
1524010
1524011
1524012
1524013
1524014
1524015
1524016
1524017
1524018
1524019
1524020
1524021
1524022
1524023
1524024
1524025
1524026
1524027
1524028
1524029
1524030
1524031
1524032
1524033
1524034
1524035
1524036
1524037
1524038
1524039
1524040
1524041
1524042
1524043
1524044
1524045
1524046
1524047
1524048
1524049
1524050
1524051
1524052
1524053
1524054
1524055
1524056
1524057
1524058
1524059
1524060
1524061
1524062
1524063
1524064
1524065
1524066
1524067
1524068
1524069
1524070
1524071
1524072
1524073
1524074
1524075
1524076
1524077
1524078
1524079
1524080
1524081
1524082
1524083
1524084
1524085
1524086
1524087
1524088
1524089
1524090
1524091
1524092
1524093
1524094
1524095
1524096
1524097
1524098
1524099
1525000
1525001
1525002
1525003
1525004
1525005
1525006
1525007
1525008
1525009
1525010
1525011
1525012
1525013
1525014
1525015
1525016
1525017
1525018
1525019
1525020
1525021
1525022
1525023
1525024
1525025
1525026
1525027
1525028
1525029
1525030
1525031
1525032
1525033
1525034
1525035
1525036
1525037
1525038
1525039
1525040
1525041
1525042
1525043
1525044
1525045
1525046
1525047
1525048
1525049
1525050
1525051
1525052
1525053
1525054
1525055
1525056
1525057
1525058
1525059
1525060
1525061
1525062
1525063
1525064
1525065
1525066
1525067
1525068
1525069
1525070
1525071
1525072
1525073
1525074
1525075
1525076
1525077
1525078
1525079
1525080
1525081
1525082
1525083
1525084
1525085
1525086
1525087
1525088
1525089
1525090
1525091
1525092
1525093
1525094
1525095
1525096
1525097
1525098
1525099
1526000
1526001
1526002
1526003
1526004
1526005
1526006
1526007
1526008
1526009
1526010
1526011
1526012
1526013
1526014
1526015
1526016
1526017
1526018
1526019
1526020
1526021
1526022
1526023
1526024
1526025
1526026
1526027
1526028
1526029
1526030
1526031
1526032
1526033
1526034
1526035
1526036
1526037
1526038
1526039
1526040
1526041
1526042
1526043
1526044
1526045
1526046
1526047
1526048
1526049
1526050
1526051
1526052
1526053
1526054
1526055
1526056
1526057
1526058
1526059
1526060
1526061
1526062
1526063
1526064
1526065
1526066
1526067
1526068
1526069
1526070
1526071
1526072
1526073
1526074
1526075
1526076
1526077
1526078
1526079
1526080
1526081
1526082
1526083
1526084
1526085
1526086
1526087
1526088
1526089
1526090
1526091
1526092
1526093
1526094
1526095
1526096
1526097
1526098
1526099
1527000
1527001
1527002
1527003
1527004
1527005
1527006
1527007
1527008
1527009
1527010
1527011
1527012
1527013
1527014
1527015
1527016
1527017
1527018
1527019
1527020
1527021
1527022
1527023
1527024
1527025
1527026
1527027
1527028
1527029
1527030
1527031
1527032
1527033
1527034
1527035
1527036
1527037
1527038
1527039
1527040
1527041
1527042
1527043
1527044
1527045
1527046
1527047
1527048
1527049
1527050
1527051
1527052
1527053
1527054
1527055
1527056
1527057
1527058
1527059
1527060
1527061
1527062
1527063
1527064
1527065
1527066
1527067
1527068
1527069
1527070
1527071
1527072
1527073
1527074
1527075
1527076
1527077
1527078
1527079
1527080
1527081
1527082
1527083
1527084
1527085
1527086
1527087
1527088
1527089
1527090
1527091
1527092
1527093
1527094
1527095
1527096
1527097
1527098
1527099
1528000
1528001
1528002
1528003
1528004
1528005
1528006
1528007
1528008
1528009
1528010
1528011
1528012
1528013
1528014
1528015
1528016
1528017
1528018
1528019
1528020
1528021
1528022
1528023
1528024
1528025
1528026
1528027
1528028
1528029
1528030
1528031
1528032
1528033
1528034
1528035
1528036
1528037
1528038
1528039
1528040
1528041
1528042
1528043
1528044
1528045
1528046
1528047
1528048
1528049
1528050
1528051
1528052
1528053
1528054
1528055
1528056
1528057
1528058
1528059
1528060
1528061
1528062
1528063
1528064
1528065
1528066
1528067
1528068
1528069
1528070
1528071
1528072
1528073
1528074
1528075
1528076
1528077
1528078
1528079
1528080
1528081
1528082
1528083
1528084
1528085
1528086
1528087
1528088
1528089
1528090
1528091
1528092
1528093
1528094
1528095
1528096
1528097
1528098
1528099
1529000
1529001
1529002
1529003
1529004
1529005
1529006
1529007
1529008
1529009
1529010
1529011
1529012
1529013
1529014
1529015
1529016
1529017
1529018
1529019
1529020
1529021
1529022
1529023
1529024
1529025
1529026
1529027
1529028
1529029
1529030
1529031
1529032
1529033
1529034
1529035
1529036
1529037
1529038
1529039
1529040
1529041
1529042
1529043
1529044
1529045
1529046
1529047
1529048
1529049
1529050
1529051
1529052
1529053
1529054
1529055
1529056
1529057
1529058
1529059
1529060
1529061
1529062
1529063
1529064
1529065
1529066
1529067
1529068
1529069
1529070
1529071
1529072
1529073
1529074
1529075
1529076
1529077
1529078
1529079
1529080
1529081
1529082
1529083
1529084
1529085
1529086
1529087
1529088
1529089
1529090
1529091
1529092
1529093
1529094
1529095
1529096
1529097
1529098
1529099
1530000
1530001
1530002
1530003
1530004
1530005
1530006
1530007
1530008
1530009
1530010
1530011
1530012
1530013
1530014
1530015
1530016
1530017
1530018
1530019
1530020
1530021
1530022
1530023
1530024
1530025
1530026
1530027
1530028
1530029
1530030
1530031
1530032
1530033
1530034
1530035
1530036
1530037
1530038
1530039
1530040
1530041
1530042
1530043
1530044
1530045
1530046
1530047
1530048
1530049
1530050
1530051
1530052
1530053
1530054
1530055
1530056
1530057
1530058
1530059
1530060
1530061
1530062
1530063
1530064
1530065
1530066
1530067
1530068
1530069
1530070
1530071
1530072
1530073
1530074
1530075
1530076
1530077
1530078
1530079
1530080
1530081
1530082
1530083
1530084
1530085
1530086
1530087
1530088
1530089
1530090
1530091
1530092
1530093
1530094
1530095
1530096
1530097
1530098
1530099
1531000
1531001
1531002
1531003
1531004
1531005
1531006
1531007
1531008
1531009
1531010
1531011
1531012
1531013
1531014
1531015
1531016
1531017
1531018
1531019
1531020
1531021
1531022
1531023
1531024
1531025
1531026
1531027
1531028
1531029
1531030
1531031
1531032
1531033
1531034
1531035
1531036
1531037
1531038
1531039
1531040
1531041
1531042
1531043
1531044
1531045
1531046
1531047
1531048
1531049
1531050
1531051
1531052
1531053
1531054
1531055
1531056
1531057
1531058
1531059
1531060
1531061
1531062
1531063
1531064
1531065
1531066
1531067
1531068
1531069
1531070
1531071
1531072
1531073
1531074
1531075
1531076
1531077
1531078
1531079
1531080
1531081
1531082
1531083
1531084
1531085
1531086
1531087
1531088
1531089
1531090
1531091
1531092
1531093
1531094
1531095
1531096
1531097
1531098
1531099
1532000
1532001
1532002
1532003
1532004
1532005
1532006
1532007
1532008
1532009
1532010
1532011
1532012
1532013
1532014
1532015
1532016
1532017
1532018
1532019
1532020
1532021
1532022
1532023
1532024
1532025
1532026
1532027
1532028
1532029
1532030
1532031
1532032
1532033
1532034
1532035
1532036
1532037
1532038
1532039
1532040
1532041
1532042
1532043
1532044
1532045
1532046
1532047
1532048
1532049
1532050
1532051
1532052
1532053
1532054
1532055
1532056
1532057
1532058
1532059
1532060
1532061
1532062
1532063
1532064
1532065
1532066
1532067
1532068
1532069
1532070
1532071
1532072
1532073
1532074
1532075
1532076
1532077
1532078
1532079
1532080
1532081
1532082
1532083
1532084
1532085
1532086
1532087
1532088
1532089
1532090
1532091
1532092
1532093
1532094
1532095
1532096
1532097
1532098
1532099
1533000
1533001
1533002
1533003
1533004
1533005
1533006
1533007
1533008
1533009
1533010
1533011
1533012
1533013
1533014
1533015
1533016
1533017
1533018
1533019
1533020
1533021
1533022
1533023
1533024
1533025
1533026
1533027
1533028
1533029
1533030
1533031
1533032
1533033
1533034
1533035
1533036
1533037
1533038
1533039
1533040
1533041
1533042
1533043
1533044
1533045
1533046
1533047
1533048
1533049
1533050
1533051
1533052
1533053
1533054
1533055
1533056
1533057
1533058
1533059
1533060
1533061
1533062
1533063
1533064
1533065
1533066
1533067
1533068
1533069
1533070
1533071
1533072
1533073
1533074
1533075
1533076
1533077
1533078
1533079
1533080
1533081
1533082
1533083
1533084
1533085
1533086
1533087
1533088
1533089
1533090
1533091
1533092
1533093
1533094
1533095
1533096
1533097
1533098
1533099
1534000
1534001
1534002
1534003
1534004
1534005
1534006
1534007
1534008
1534009
1534010
1534011
1534012
1534013
1534014
1534015
1534016
1534017
1534018
1534019
1534020
1534021
1534022
1534023
1534024
1534025
1534026
1534027
1534028
1534029
1534030
1534031
1534032
1534033
1534034
1534035
1534036
1534037
1534038
1534039
1534040
1534041
1534042
1534043
1534044
1534045
1534046
1534047
1534048
1534049
1534050
1534051
1534052
1534053
1534054
1534055
1534056
1534057
1534058
1534059
1534060
1534061
1534062
1534063
1534064
1534065
1534066
1534067
1534068
1534069
1534070
1534071
1534072
1534073
1534074
1534075
1534076
1534077
1534078
1534079
1534080
1534081
1534082
1534083
1534084
1534085
1534086
1534087
1534088
1534089
1534090
1534091
1534092
1534093
1534094
1534095
1534096
1534097
1534098
1534099
1535000
1535001
1535002
1535003
1535004
1535005
1535006
1535007
1535008
1535009
1535010
1535011
1535012
1535013
1535014
1535015
1535016
1535017
1535018
1535019
1535020
1535021
1535022
1535023
1535024
1535025
1535026
1535027
1535028
1535029
1535030
1535031
1535032
1535033
1535034
1535035
1535036
1535037
1535038
1535039
1535040
1535041
1535042
1535043
1535044
1535045
1535046
1535047
1535048
1535049
1535050
1535051
1535052
1535053
1535054
1535055
1535056
1535057
1535058
1535059
1535060
1535061
1535062
1535063
1535064
1535065
1535066
1535067
1535068
1535069
1535070
1535071
1535072
1535073
1535074
1535075
1535076
1535077
1535078
1535079
1535080
1535081
1535082
1535083
1535084
1535085
1535086
1535087
1535088
1535089
1535090
1535091
1535092
1535093
1535094
1535095
1535096
1535097
1535098
1535099
1536000
1536001
1536002
1536003
1536004
1536005
1536006
1536007
1536008
1536009
1536010
1536011
1536012
1536013
1536014
1536015
1536016
1536017
1536018
1536019
1536020
1536021
1536022
1536023
1536024
1536025
1536026
1536027
1536028
1536029
1536030
1536031
1536032
1536033
1536034
1536035
1536036
1536037
1536038
1536039
1536040
1536041
1536042
1536043
1536044
1536045
1536046
1536047
1536048
1536049
1536050
1536051
1536052
1536053
1536054
1536055
1536056
1536057
1536058
1536059
1536060
1536061
1536062
1536063
1536064
1536065
1536066
1536067
1536068
1536069
1536070
1536071
1536072
1536073
1536074
1536075
1536076
1536077
1536078
1536079
1536080
1536081
1536082
1536083
1536084
1536085
1536086
1536087
1536088
1536089
1536090
1536091
1536092
1536093
1536094
1536095
1536096
1536097
1536098
1536099
1537000
1537001
1537002
1537003
1537004
1537005
1537006
1537007
1537008
1537009
1537010
1537011
1537012
1537013
1537014
1537015
1537016
1537017
1537018
1537019
1537020
1537021
1537022
1537023
1537024
1537025
1537026
1537027
1537028
1537029
1537030
1537031
1537032
1537033
1537034
1537035
1537036
1537037
1537038
1537039
1537040
1537041
1537042
1537043
1537044
1537045
1537046
1537047
1537048
1537049
1537050
1537051
1537052
1537053
1537054
1537055
1537056
1537057
1537058
1537059
1537060
1537061
1537062
1537063
1537064
1537065
1537066
1537067
1537068
1537069
1537070
1537071
1537072
1537073
1537074
1537075
1537076
1537077
1537078
1537079
1537080
1537081
1537082
1537083
1537084
1537085
1537086
1537087
1537088
1537089
1537090
1537091
1537092
1537093
1537094
1537095
1537096
1537097
1537098
1537099
1538000
1538001
1538002
1538003
1538004
1538005
1538006
1538007
1538008
1538009
1538010
1538011
1538012
1538013
1538014
1538015
1538016
1538017
1538018
1538019
1538020
1538021
1538022
1538023
1538024
1538025
1538026
1538027
1538028
1538029
1538030
1538031
1538032
1538033
1538034
1538035
1538036
1538037
1538038
1538039
1538040
1538041
1538042
1538043
1538044
1538045
1538046
1538047
1538048
1538049
1538050
1538051
1538052
1538053
1538054
1538055
1538056
1538057
1538058
1538059
1538060
1538061
1538062
1538063
1538064
1538065
1538066
1538067
1538068
1538069
1538070
1538071
1538072
1538073
1538074
1538075
1538076
1538077
1538078
1538079
1538080
1538081
1538082
1538083
1538084
1538085
1538086
1538087
1538088
1538089
1538090
1538091
1538092
1538093
1538094
1538095
1538096
1538097
1538098
1538099
1539000
1539001
1539002
1539003
1539004
1539005
1539006
1539007
1539008
1539009
1539010
1539011
1539012
1539013
1539014
1539015
1539016
1539017
1539018
1539019
1539020
1539021
1539022
1539023
1539024
1539025
1539026
1539027
1539028
1539029
1539030
1539031
1539032
1539033
1539034
1539035
1539036
1539037
1539038
1539039
1539040
1539041
1539042
1539043
1539044
1539045
1539046
1539047
1539048
1539049
1539050
1539051
1539052
1539053
1539054
1539055
1539056
1539057
1539058
1539059
1539060
1539061
1539062
1539063
1539064
1539065
1539066
1539067
1539068
1539069
1539070
1539071
1539072
1539073
1539074
1539075
1539076
1539077
1539078
1539079
1539080
1539081
1539082
1539083
1539084
1539085
1539086
1539087
1539088
1539089
1539090
1539091
1539092
1539093
1539094
1539095
1539096
1539097
1539098
1539099
1540000
1540001
1540002
1540003
1540004
1540005
1540006
1540007
1540008
1540009
1540010
1540011
1540012
1540013
1540014
1540015
1540016
1540017
1540018
1540019
1540020
1540021
1540022
1540023
1540024
1540025
1540026
1540027
1540028
1540029
1540030
1540031
1540032
1540033
1540034
1540035
1540036
1540037
1540038
1540039
1540040
1540041
1540042
1540043
1540044
1540045
1540046
1540047
1540048
1540049
1540050
1540051
1540052
1540053
1540054
1540055
1540056
1540057
1540058
1540059
1540060
1540061
1540062
1540063
1540064
1540065
1540066
1540067
1540068
1540069
1540070
1540071
1540072
1540073
1540074
1540075
1540076
1540077
1540078
1540079
1540080
1540081
1540082
1540083
1540084
1540085
1540086
1540087
1540088
1540089
1540090
1540091
1540092
1540093
1540094
1540095
1540096
1540097
1540098
1540099
1541000
1541001
1541002
1541003
1541004
1541005
1541006
1541007
1541008
1541009
1541010
1541011
1541012
1541013
1541014
1541015
1541016
1541017
1541018
1541019
1541020
1541021
1541022
1541023
1541024
1541025
1541026
1541027
1541028
1541029
1541030
1541031
1541032
1541033
1541034
1541035
1541036
1541037
1541038
1541039
1541040
1541041
1541042
1541043
1541044
1541045
1541046
1541047
1541048
1541049
1541050
1541051
1541052
1541053
1541054
1541055
1541056
1541057
1541058
1541059
1541060
1541061
1541062
1541063
1541064
1541065
1541066
1541067
1541068
1541069
1541070
1541071
1541072
1541073
1541074
1541075
1541076
1541077
1541078
1541079
1541080
1541081
1541082
1541083
1541084
1541085
1541086
1541087
1541088
1541089
1541090
1541091
1541092
1541093
1541094
1541095
1541096
1541097
1541098
1541099
1542000
1542001
1542002
1542003
1542004
1542005
1542006
1542007
1542008
1542009
1542010
1542011
1542012
1542013
1542014
1542015
1542016
1542017
1542018
1542019
1542020
1542021
1542022
1542023
1542024
1542025
1542026
1542027
1542028
1542029
1542030
1542031
1542032
1542033
1542034
1542035
1542036
1542037
1542038
1542039
1542040
1542041
1542042
1542043
1542044
1542045
1542046
1542047
1542048
1542049
1542050
1542051
1542052
1542053
1542054
1542055
1542056
1542057
1542058
1542059
1542060
1542061
1542062
1542063
1542064
1542065
1542066
1542067
1542068
1542069
1542070
1542071
1542072
1542073
1542074
1542075
1542076
1542077
1542078
1542079
1542080
1542081
1542082
1542083
1542084
1542085
1542086
1542087
1542088
1542089
1542090
1542091
1542092
1542093
1542094
1542095
1542096
1542097
1542098
1542099
1543000
1543001
1543002
1543003
1543004
1543005
1543006
1543007
1543008
1543009
1543010
1543011
1543012
1543013
1543014
1543015
1543016
1543017
1543018
1543019
1543020
1543021
1543022
1543023
1543024
1543025
1543026
1543027
1543028
1543029
1543030
1543031
1543032
1543033
1543034
1543035
1543036
1543037
1543038
1543039
1543040
1543041
1543042
1543043
1543044
1543045
1543046
1543047
1543048
1543049
1543050
1543051
1543052
1543053
1543054
1543055
1543056
1543057
1543058
1543059
1543060
1543061
1543062
1543063
1543064
1543065
1543066
1543067
1543068
1543069
1543070
1543071
1543072
1543073
1543074
1543075
1543076
1543077
1543078
1543079
1543080
1543081
1543082
1543083
1543084
1543085
1543086
1543087
1543088
1543089
1543090
1543091
1543092
1543093
1543094
1543095
1543096
1543097
1543098
1543099
1544000
1544001
1544002
1544003
1544004
1544005
1544006
1544007
1544008
1544009
1544010
1544011
1544012
1544013
1544014
1544015
1544016
1544017
1544018
1544019
1544020
1544021
1544022
1544023
1544024
1544025
1544026
1544027
1544028
1544029
1544030
1544031
1544032
1544033
1544034
1544035
1544036
1544037
1544038
1544039
1544040
1544041
1544042
1544043
1544044
1544045
1544046
1544047
1544048
1544049
1544050
1544051
1544052
1544053
1544054
1544055
1544056
1544057
1544058
1544059
1544060
1544061
1544062
1544063
1544064
1544065
1544066
1544067
1544068
1544069
1544070
1544071
1544072
1544073
1544074
1544075
1544076
1544077
1544078
1544079
1544080
1544081
1544082
1544083
1544084
1544085
1544086
1544087
1544088
1544089
1544090
1544091
1544092
1544093
1544094
1544095
1544096
1544097
1544098
1544099
1545000
1545001
1545002
1545003
1545004
1545005
1545006
1545007
1545008
1545009
1545010
1545011
1545012
1545013
1545014
1545015
1545016
1545017
1545018
1545019
1545020
1545021
1545022
1545023
1545024
1545025
1545026
1545027
1545028
1545029
1545030
1545031
1545032
1545033
1545034
1545035
1545036
1545037
1545038
1545039
1545040
1545041
1545042
1545043
1545044
1545045
1545046
1545047
1545048
1545049
1545050
1545051
1545052
1545053
1545054
1545055
1545056
1545057
1545058
1545059
1545060
1545061
1545062
1545063
1545064
1545065
1545066
1545067
1545068
1545069
1545070
1545071
1545072
1545073
1545074
1545075
1545076
1545077
1545078
1545079
1545080
1545081
1545082
1545083
1545084
1545085
1545086
1545087
1545088
1545089
1545090
1545091
1545092
1545093
1545094
1545095
1545096
1545097
1545098
1545099
1546000
1546001
1546002
1546003
1546004
1546005
1546006
1546007
1546008
1546009
1546010
1546011
1546012
1546013
1546014
1546015
1546016
1546017
1546018
1546019
1546020
1546021
1546022
1546023
1546024
1546025
1546026
1546027
1546028
1546029
1546030
1546031
1546032
1546033
1546034
1546035
1546036
1546037
1546038
1546039
1546040
1546041
1546042
1546043
1546044
1546045
1546046
1546047
1546048
1546049
1546050
1546051
1546052
1546053
1546054
1546055
1546056
1546057
1546058
1546059
1546060
1546061
1546062
1546063
1546064
1546065
1546066
1546067
1546068
1546069
1546070
1546071
1546072
1546073
1546074
1546075
1546076
1546077
1546078
1546079
1546080
1546081
1546082
1546083
1546084
1546085
1546086
1546087
1546088
1546089
1546090
1546091
1546092
1546093
1546094
1546095
1546096
1546097
1546098
1546099
1547000
1547001
1547002
1547003
1547004
1547005
1547006
1547007
1547008
1547009
1547010
1547011
1547012
1547013
1547014
1547015
1547016
1547017
1547018
1547019
1547020
1547021
1547022
1547023
1547024
1547025
1547026
1547027
1547028
1547029
1547030
1547031
1547032
1547033
1547034
1547035
1547036
1547037
1547038
1547039
1547040
1547041
1547042
1547043
1547044
1547045
1547046
1547047
1547048
1547049
1547050
1547051
1547052
1547053
1547054
1547055
1547056
1547057
1547058
1547059
1547060
1547061
1547062
1547063
1547064
1547065
1547066
1547067
1547068
1547069
1547070
1547071
1547072
1547073
1547074
1547075
1547076
1547077
1547078
1547079
1547080
1547081
1547082
1547083
1547084
1547085
1547086
1547087
1547088
1547089
1547090
1547091
1547092
1547093
1547094
1547095
1547096
1547097
1547098
1547099
1548000
1548001
1548002
1548003
1548004
1548005
1548006
1548007
1548008
1548009
1548010
1548011
1548012
1548013
1548014
1548015
1548016
1548017
1548018
1548019
1548020
1548021
1548022
1548023
1548024
1548025
1548026
1548027
1548028
1548029
1548030
1548031
1548032
1548033
1548034
1548035
1548036
1548037
1548038
1548039
1548040
1548041
1548042
1548043
1548044
1548045
1548046
1548047
1548048
1548049
1548050
1548051
1548052
1548053
1548054
1548055
1548056
1548057
1548058
1548059
1548060
1548061
1548062
1548063
1548064
1548065
1548066
1548067
1548068
1548069
1548070
1548071
1548072
1548073
1548074
1548075
1548076
1548077
1548078
1548079
1548080
1548081
1548082
1548083
1548084
1548085
1548086
1548087
1548088
1548089
1548090
1548091
1548092
1548093
1548094
1548095
1548096
1548097
1548098
1548099
1549000
1549001
1549002
1549003
1549004
1549005
1549006
1549007
1549008
1549009
1549010
1549011
1549012
1549013
1549014
1549015
1549016
1549017
1549018
1549019
1549020
1549021
1549022
1549023
1549024
1549025
1549026
1549027
1549028
1549029
1549030
1549031
1549032
1549033
1549034
1549035
1549036
1549037
1549038
1549039
1549040
1549041
1549042
1549043
1549044
1549045
1549046
1549047
1549048
1549049
1549050
1549051
1549052
1549053
1549054
1549055
1549056
1549057
1549058
1549059
1549060
1549061
1549062
1549063
1549064
1549065
1549066
1549067
1549068
1549069
1549070
1549071
1549072
1549073
1549074
1549075
1549076
1549077
1549078
1549079
1549080
1549081
1549082
1549083
1549084
1549085
1549086
1549087
1549088
1549089
1549090
1549091
1549092
1549093
1549094
1549095
1549096
1549097
1549098
1549099
1550000
1550001
1550002
1550003
1550004
1550005
1550006
1550007
1550008
1550009
1550010
1550011
1550012
1550013
1550014
1550015
1550016
1550017
1550018
1550019
1550020
1550021
1550022
1550023
1550024
1550025
1550026
1550027
1550028
1550029
1550030
1550031
1550032
1550033
1550034
1550035
1550036
1550037
1550038
1550039
1550040
1550041
1550042
1550043
1550044
1550045
1550046
1550047
1550048
1550049
1550050
1550051
1550052
1550053
1550054
1550055
1550056
1550057
1550058
1550059
1550060
1550061
1550062
1550063
1550064
1550065
1550066
1550067
1550068
1550069
1550070
1550071
1550072
1550073
1550074
1550075
1550076
1550077
1550078
1550079
1550080
1550081
1550082
1550083
1550084
1550085
1550086
1550087
1550088
1550089
1550090
1550091
1550092
1550093
1550094
1550095
1550096
1550097
1550098
1550099
1551000
1551001
1551002
1551003
1551004
1551005
1551006
1551007
1551008
1551009
1551010
1551011
1551012
1551013
1551014
1551015
1551016
1551017
1551018
1551019
1551020
1551021
1551022
1551023
1551024
1551025
1551026
1551027
1551028
1551029
1551030
1551031
1551032
1551033
1551034
1551035
1551036
1551037
1551038
1551039
1551040
1551041
1551042
1551043
1551044
1551045
1551046
1551047
1551048
1551049
1551050
1551051
1551052
1551053
1551054
1551055
1551056
1551057
1551058
1551059
1551060
1551061
1551062
1551063
1551064
1551065
1551066
1551067
1551068
1551069
1551070
1551071
1551072
1551073
1551074
1551075
1551076
1551077
1551078
1551079
1551080
1551081
1551082
1551083
1551084
1551085
1551086
1551087
1551088
1551089
1551090
1551091
1551092
1551093
1551094
1551095
1551096
1551097
1551098
1551099
1552000
1552001
1552002
1552003
1552004
1552005
1552006
1552007
1552008
1552009
1552010
1552011
1552012
1552013
1552014
1552015
1552016
1552017
1552018
1552019
1552020
1552021
1552022
1552023
1552024
1552025
1552026
1552027
1552028
1552029
1552030
1552031
1552032
1552033
1552034
1552035
1552036
1552037
1552038
1552039
1552040
1552041
1552042
1552043
1552044
1552045
1552046
1552047
1552048
1552049
1552050
1552051
1552052
1552053
1552054
1552055
1552056
1552057
1552058
1552059
1552060
1552061
1552062
1552063
1552064
1552065
1552066
1552067
1552068
1552069
1552070
1552071
1552072
1552073
1552074
1552075
1552076
1552077
1552078
1552079
1552080
1552081
1552082
1552083
1552084
1552085
1552086
1552087
1552088
1552089
1552090
1552091
1552092
1552093
1552094
1552095
1552096
1552097
1552098
1552099
1553000
1553001
1553002
1553003
1553004
1553005
1553006
1553007
1553008
1553009
1553010
1553011
1553012
1553013
1553014
1553015
1553016
1553017
1553018
1553019
1553020
1553021
1553022
1553023
1553024
1553025
1553026
1553027
1553028
1553029
1553030
1553031
1553032
1553033
1553034
1553035
1553036
1553037
1553038
1553039
1553040
1553041
1553042
1553043
1553044
1553045
1553046
1553047
1553048
1553049
1553050
1553051
1553052
1553053
1553054
1553055
1553056
1553057
1553058
1553059
1553060
1553061
1553062
1553063
1553064
1553065
1553066
1553067
1553068
1553069
1553070
1553071
1553072
1553073
1553074
1553075
1553076
1553077
1553078
1553079
1553080
1553081
1553082
1553083
1553084
1553085
1553086
1553087
1553088
1553089
1553090
1553091
1553092
1553093
1553094
1553095
1553096
1553097
1553098
1553099
1554000
1554001
1554002
1554003
1554004
1554005
1554006
1554007
1554008
1554009
1554010
1554011
1554012
1554013
1554014
1554015
1554016
1554017
1554018
1554019
1554020
1554021
1554022
1554023
1554024
1554025
1554026
1554027
1554028
1554029
1554030
1554031
1554032
1554033
1554034
1554035
1554036
1554037
1554038
1554039
1554040
1554041
1554042
1554043
1554044
1554045
1554046
1554047
1554048
1554049
1554050
1554051
1554052
1554053
1554054
1554055
1554056
1554057
1554058
1554059
1554060
1554061
1554062
1554063
1554064
1554065
1554066
1554067
1554068
1554069
1554070
1554071
1554072
1554073
1554074
1554075
1554076
1554077
1554078
1554079
1554080
1554081
1554082
1554083
1554084
1554085
1554086
1554087
1554088
1554089
1554090
1554091
1554092
1554093
1554094
1554095
1554096
1554097
1554098
1554099
1555000
1555001
1555002
1555003
1555004
1555005
1555006
1555007
1555008
1555009
1555010
1555011
1555012
1555013
1555014
1555015
1555016
1555017
1555018
1555019
1555020
1555021
1555022
1555023
1555024
1555025
1555026
1555027
1555028
1555029
1555030
1555031
1555032
1555033
1555034
1555035
1555036
1555037
1555038
1555039
1555040
1555041
1555042
1555043
1555044
1555045
1555046
1555047
1555048
1555049
1555050
1555051
1555052
1555053
1555054
1555055
1555056
1555057
1555058
1555059
1555060
1555061
1555062
1555063
1555064
1555065
1555066
1555067
1555068
1555069
1555070
1555071
1555072
1555073
1555074
1555075
1555076
1555077
1555078
1555079
1555080
1555081
1555082
1555083
1555084
1555085
1555086
1555087
1555088
1555089
1555090
1555091
1555092
1555093
1555094
1555095
1555096
1555097
1555098
1555099
1556000
1556001
1556002
1556003
1556004
1556005
1556006
1556007
1556008
1556009
1556010
1556011
1556012
1556013
1556014
1556015
1556016
1556017
1556018
1556019
1556020
1556021
1556022
1556023
1556024
1556025
1556026
1556027
1556028
1556029
1556030
1556031
1556032
1556033
1556034
1556035
1556036
1556037
1556038
1556039
1556040
1556041
1556042
1556043
1556044
1556045
1556046
1556047
1556048
1556049
1556050
1556051
1556052
1556053
1556054
1556055
1556056
1556057
1556058
1556059
1556060
1556061
1556062
1556063
1556064
1556065
1556066
1556067
1556068
1556069
1556070
1556071
1556072
1556073
1556074
1556075
1556076
1556077
1556078
1556079
1556080
1556081
1556082
1556083
1556084
1556085
1556086
1556087
1556088
1556089
1556090
1556091
1556092
1556093
1556094
1556095
1556096
1556097
1556098
1556099
1557000
1557001
1557002
1557003
1557004
1557005
1557006
1557007
1557008
1557009
1557010
1557011
1557012
1557013
1557014
1557015
1557016
1557017
1557018
1557019
1557020
1557021
1557022
1557023
1557024
1557025
1557026
1557027
1557028
1557029
1557030
1557031
1557032
1557033
1557034
1557035
1557036
1557037
1557038
1557039
1557040
1557041
1557042
1557043
1557044
1557045
1557046
1557047
1557048
1557049
1557050
1557051
1557052
1557053
1557054
1557055
1557056
1557057
1557058
1557059
1557060
1557061
1557062
1557063
1557064
1557065
1557066
1557067
1557068
1557069
1557070
1557071
1557072
1557073
1557074
1557075
1557076
1557077
1557078
1557079
1557080
1557081
1557082
1557083
1557084
1557085
1557086
1557087
1557088
1557089
1557090
1557091
1557092
1557093
1557094
1557095
1557096
1557097
1557098
1557099
1558000
1558001
1558002
1558003
1558004
1558005
1558006
1558007
1558008
1558009
1558010
1558011
1558012
1558013
1558014
1558015
1558016
1558017
1558018
1558019
1558020
1558021
1558022
1558023
1558024
1558025
1558026
1558027
1558028
1558029
1558030
1558031
1558032
1558033
1558034
1558035
1558036
1558037
1558038
1558039
1558040
1558041
1558042
1558043
1558044
1558045
1558046
1558047
1558048
1558049
1558050
1558051
1558052
1558053
1558054
1558055
1558056
1558057
1558058
1558059
1558060
1558061
1558062
1558063
1558064
1558065
1558066
1558067
1558068
1558069
1558070
1558071
1558072
1558073
1558074
1558075
1558076
1558077
1558078
1558079
1558080
1558081
1558082
1558083
1558084
1558085
1558086
1558087
1558088
1558089
1558090
1558091
1558092
1558093
1558094
1558095
1558096
1558097
1558098
1558099
1559000
1559001
1559002
1559003
1559004
1559005
1559006
1559007
1559008
1559009
1559010
1559011
1559012
1559013
1559014
1559015
1559016
1559017
1559018
1559019
1559020
1559021
1559022
1559023
1559024
1559025
1559026
1559027
1559028
1559029
1559030
1559031
1559032
1559033
1559034
1559035
1559036
1559037
1559038
1559039
1559040
1559041
1559042
1559043
1559044
1559045
1559046
1559047
1559048
1559049
1559050
1559051
1559052
1559053
1559054
1559055
1559056
1559057
1559058
1559059
1559060
1559061
1559062
1559063
1559064
1559065
1559066
1559067
1559068
1559069
1559070
1559071
1559072
1559073
1559074
1559075
1559076
1559077
1559078
1559079
1559080
1559081
1559082
1559083
1559084
1559085
1559086
1559087
1559088
1559089
1559090
1559091
1559092
1559093
1559094
1559095
1559096
1559097
1559098
1559099
1560000
1560001
1560002
1560003
1560004
1560005
1560006
1560007
1560008
1560009
1560010
1560011
1560012
1560013
1560014
1560015
1560016
1560017
1560018
1560019
1560020
1560021
1560022
1560023
1560024
1560025
1560026
1560027
1560028
1560029
1560030
1560031
1560032
1560033
1560034
1560035
1560036
1560037
1560038
1560039
1560040
1560041
1560042
1560043
1560044
1560045
1560046
1560047
1560048
1560049
1560050
1560051
1560052
1560053
1560054
1560055
1560056
1560057
1560058
1560059
1560060
1560061
1560062
1560063
1560064
1560065
1560066
1560067
1560068
1560069
1560070
1560071
1560072
1560073
1560074
1560075
1560076
1560077
1560078
1560079
1560080
1560081
1560082
1560083
1560084
1560085
1560086
1560087
1560088
1560089
1560090
1560091
1560092
1560093
1560094
1560095
1560096
1560097
1560098
1560099
1561000
1561001
1561002
1561003
1561004
1561005
1561006
1561007
1561008
1561009
1561010
1561011
1561012
1561013
1561014
1561015
1561016
1561017
1561018
1561019
1561020
1561021
1561022
1561023
1561024
1561025
1561026
1561027
1561028
1561029
1561030
1561031
1561032
1561033
1561034
1561035
1561036
1561037
1561038
1561039
1561040
1561041
1561042
1561043
1561044
1561045
1561046
1561047
1561048
1561049
1561050
1561051
1561052
1561053
1561054
1561055
1561056
1561057
1561058
1561059
1561060
1561061
1561062
1561063
1561064
1561065
1561066
1561067
1561068
1561069
1561070
1561071
1561072
1561073
1561074
1561075
1561076
1561077
1561078
1561079
1561080
1561081
1561082
1561083
1561084
1561085
1561086
1561087
1561088
1561089
1561090
1561091
1561092
1561093
1561094
1561095
1561096
1561097
1561098
1561099
1562000
1562001
1562002
1562003
1562004
1562005
1562006
1562007
1562008
1562009
1562010
1562011
1562012
1562013
1562014
1562015
1562016
1562017
1562018
1562019
1562020
1562021
1562022
1562023
1562024
1562025
1562026
1562027
1562028
1562029
1562030
1562031
1562032
1562033
1562034
1562035
1562036
1562037
1562038
1562039
1562040
1562041
1562042
1562043
1562044
1562045
1562046
1562047
1562048
1562049
1562050
1562051
1562052
1562053
1562054
1562055
1562056
1562057
1562058
1562059
1562060
1562061
1562062
1562063
1562064
1562065
1562066
1562067
1562068
1562069
1562070
1562071
1562072
1562073
1562074
1562075
1562076
1562077
1562078
1562079
1562080
1562081
1562082
1562083
1562084
1562085
1562086
1562087
1562088
1562089
1562090
1562091
1562092
1562093
1562094
1562095
1562096
1562097
1562098
1562099
1563000
1563001
1563002
1563003
1563004
1563005
1563006
1563007
1563008
1563009
1563010
1563011
1563012
1563013
1563014
1563015
1563016
1563017
1563018
1563019
1563020
1563021
1563022
1563023
1563024
1563025
1563026
1563027
1563028
1563029
1563030
1563031
1563032
1563033
1563034
1563035
1563036
1563037
1563038
1563039
1563040
1563041
1563042
1563043
1563044
1563045
1563046
1563047
1563048
1563049
1563050
1563051
1563052
1563053
1563054
1563055
1563056
1563057
1563058
1563059
1563060
1563061
1563062
1563063
1563064
1563065
1563066
1563067
1563068
1563069
1563070
1563071
1563072
1563073
1563074
1563075
1563076
1563077
1563078
1563079
1563080
1563081
1563082
1563083
1563084
1563085
1563086
1563087
1563088
1563089
1563090
1563091
1563092
1563093
1563094
1563095
1563096
1563097
1563098
1563099
1564000
1564001
1564002
1564003
1564004
1564005
1564006
1564007
1564008
1564009
1564010
1564011
1564012
1564013
1564014
1564015
1564016
1564017
1564018
1564019
1564020
1564021
1564022
1564023
1564024
1564025
1564026
1564027
1564028
1564029
1564030
1564031
1564032
1564033
1564034
1564035
1564036
1564037
1564038
1564039
1564040
1564041
1564042
1564043
1564044
1564045
1564046
1564047
1564048
1564049
1564050
1564051
1564052
1564053
1564054
1564055
1564056
1564057
1564058
1564059
1564060
1564061
1564062
1564063
1564064
1564065
1564066
1564067
1564068
1564069
1564070
1564071
1564072
1564073
1564074
1564075
1564076
1564077
1564078
1564079
1564080
1564081
1564082
1564083
1564084
1564085
1564086
1564087
1564088
1564089
1564090
1564091
1564092
1564093
1564094
1564095
1564096
1564097
1564098
1564099
1565000
1565001
1565002
1565003
1565004
1565005
1565006
1565007
1565008
1565009
1565010
1565011
1565012
1565013
1565014
1565015
1565016
1565017
1565018
1565019
1565020
1565021
1565022
1565023
1565024
1565025
1565026
1565027
1565028
1565029
1565030
1565031
1565032
1565033
1565034
1565035
1565036
1565037
1565038
1565039
1565040
1565041
1565042
1565043
1565044
1565045
1565046
1565047
1565048
1565049
1565050
1565051
1565052
1565053
1565054
1565055
1565056
1565057
1565058
1565059
1565060
1565061
1565062
1565063
1565064
1565065
1565066
1565067
1565068
1565069
1565070
1565071
1565072
1565073
1565074
1565075
1565076
1565077
1565078
1565079
1565080
1565081
1565082
1565083
1565084
1565085
1565086
1565087
1565088
1565089
1565090
1565091
1565092
1565093
1565094
1565095
1565096
1565097
1565098
1565099
1566000
1566001
1566002
1566003
1566004
1566005
1566006
1566007
1566008
1566009
1566010
1566011
1566012
1566013
1566014
1566015
1566016
1566017
1566018
1566019
1566020
1566021
1566022
1566023
1566024
1566025
1566026
1566027
1566028
1566029
1566030
1566031
1566032
1566033
1566034
1566035
1566036
1566037
1566038
1566039
1566040
1566041
1566042
1566043
1566044
1566045
1566046
1566047
1566048
1566049
1566050
1566051
1566052
1566053
1566054
1566055
1566056
1566057
1566058
1566059
1566060
1566061
1566062
1566063
1566064
1566065
1566066
1566067
1566068
1566069
1566070
1566071
1566072
1566073
1566074
1566075
1566076
1566077
1566078
1566079
1566080
1566081
1566082
1566083
1566084
1566085
1566086
1566087
1566088
1566089
1566090
1566091
1566092
1566093
1566094
1566095
1566096
1566097
1566098
1566099
1567000
1567001
1567002
1567003
1567004
1567005
1567006
1567007
1567008
1567009
1567010
1567011
1567012
1567013
1567014
1567015
1567016
1567017
1567018
1567019
1567020
1567021
1567022
1567023
1567024
1567025
1567026
1567027
1567028
1567029
1567030
1567031
1567032
1567033
1567034
1567035
1567036
1567037
1567038
1567039
1567040
1567041
1567042
1567043
1567044
1567045
1567046
1567047
1567048
1567049
1567050
1567051
1567052
1567053
1567054
1567055
1567056
1567057
1567058
1567059
1567060
1567061
1567062
1567063
1567064
1567065
1567066
1567067
1567068
1567069
1567070
1567071
1567072
1567073
1567074
1567075
1567076
1567077
1567078
1567079
1567080
1567081
1567082
1567083
1567084
1567085
1567086
1567087
1567088
1567089
1567090
1567091
1567092
1567093
1567094
1567095
1567096
1567097
1567098
1567099
1568000
1568001
1568002
1568003
1568004
1568005
1568006
1568007
1568008
1568009
1568010
1568011
1568012
1568013
1568014
1568015
1568016
1568017
1568018
1568019
1568020
1568021
1568022
1568023
1568024
1568025
1568026
1568027
1568028
1568029
1568030
1568031
1568032
1568033
1568034
1568035
1568036
1568037
1568038
1568039
1568040
1568041
1568042
1568043
1568044
1568045
1568046
1568047
1568048
1568049
1568050
1568051
1568052
1568053
1568054
1568055
1568056
1568057
1568058
1568059
1568060
1568061
1568062
1568063
1568064
1568065
1568066
1568067
1568068
1568069
1568070
1568071
1568072
1568073
1568074
1568075
1568076
1568077
1568078
1568079
1568080
1568081
1568082
1568083
1568084
1568085
1568086
1568087
1568088
1568089
1568090
1568091
1568092
1568093
1568094
1568095
1568096
1568097
1568098
1568099
1569000
1569001
1569002
1569003
1569004
1569005
1569006
1569007
1569008
1569009
1569010
1569011
1569012
1569013
1569014
1569015
1569016
1569017
1569018
1569019
1569020
1569021
1569022
1569023
1569024
1569025
1569026
1569027
1569028
1569029
1569030
1569031
1569032
1569033
1569034
1569035
1569036
1569037
1569038
1569039
1569040
1569041
1569042
1569043
1569044
1569045
1569046
1569047
1569048
1569049
1569050
1569051
1569052
1569053
1569054
1569055
1569056
1569057
1569058
1569059
1569060
1569061
1569062
1569063
1569064
1569065
1569066
1569067
1569068
1569069
1569070
1569071
1569072
1569073
1569074
1569075
1569076
1569077
1569078
1569079
1569080
1569081
1569082
1569083
1569084
1569085
1569086
1569087
1569088
1569089
1569090
1569091
1569092
1569093
1569094
1569095
1569096
1569097
1569098
1569099
1570000
1570001
1570002
1570003
1570004
1570005
1570006
1570007
1570008
1570009
1570010
1570011
1570012
1570013
1570014
1570015
1570016
1570017
1570018
1570019
1570020
1570021
1570022
1570023
1570024
1570025
1570026
1570027
1570028
1570029
1570030
1570031
1570032
1570033
1570034
1570035
1570036
1570037
1570038
1570039
1570040
1570041
1570042
1570043
1570044
1570045
1570046
1570047
1570048
1570049
1570050
1570051
1570052
1570053
1570054
1570055
1570056
1570057
1570058
1570059
1570060
1570061
1570062
1570063
1570064
1570065
1570066
1570067
1570068
1570069
1570070
1570071
1570072
1570073
1570074
1570075
1570076
1570077
1570078
1570079
1570080
1570081
1570082
1570083
1570084
1570085
1570086
1570087
1570088
1570089
1570090
1570091
1570092
1570093
1570094
1570095
1570096
1570097
1570098
1570099
1571000
1571001
1571002
1571003
1571004
1571005
1571006
1571007
1571008
1571009
1571010
1571011
1571012
1571013
1571014
1571015
1571016
1571017
1571018
1571019
1571020
1571021
1571022
1571023
1571024
1571025
1571026
1571027
1571028
1571029
1571030
1571031
1571032
1571033
1571034
1571035
1571036
1571037
1571038
1571039
1571040
1571041
1571042
1571043
1571044
1571045
1571046
1571047
1571048
1571049
1571050
1571051
1571052
1571053
1571054
1571055
1571056
1571057
1571058
1571059
1571060
1571061
1571062
1571063
1571064
1571065
1571066
1571067
1571068
1571069
1571070
1571071
1571072
1571073
1571074
1571075
1571076
1571077
1571078
1571079
1571080
1571081
1571082
1571083
1571084
1571085
1571086
1571087
1571088
1571089
1571090
1571091
1571092
1571093
1571094
1571095
1571096
1571097
1571098
1571099
1572000
1572001
1572002
1572003
1572004
1572005
1572006
1572007
1572008
1572009
1572010
1572011
1572012
1572013
1572014
1572015
1572016
1572017
1572018
1572019
1572020
1572021
1572022
1572023
1572024
1572025
1572026
1572027
1572028
1572029
1572030
1572031
1572032
1572033
1572034
1572035
1572036
1572037
1572038
1572039
1572040
1572041
1572042
1572043
1572044
1572045
1572046
1572047
1572048
1572049
1572050
1572051
1572052
1572053
1572054
1572055
1572056
1572057
1572058
1572059
1572060
1572061
1572062
1572063
1572064
1572065
1572066
1572067
1572068
1572069
1572070
1572071
1572072
1572073
1572074
1572075
1572076
1572077
1572078
1572079
1572080
1572081
1572082
1572083
1572084
1572085
1572086
1572087
1572088
1572089
1572090
1572091
1572092
1572093
1572094
1572095
1572096
1572097
1572098
1572099
1573000
1573001
1573002
1573003
1573004
1573005
1573006
1573007
1573008
1573009
1573010
1573011
1573012
1573013
1573014
1573015
1573016
1573017
1573018
1573019
1573020
1573021
1573022
1573023
1573024
1573025
1573026
1573027
1573028
1573029
1573030
1573031
1573032
1573033
1573034
1573035
1573036
1573037
1573038
1573039
1573040
1573041
1573042
1573043
1573044
1573045
1573046
1573047
1573048
1573049
1573050
1573051
1573052
1573053
1573054
1573055
1573056
1573057
1573058
1573059
1573060
1573061
1573062
1573063
1573064
1573065
1573066
1573067
1573068
1573069
1573070
1573071
1573072
1573073
1573074
1573075
1573076
1573077
1573078
1573079
1573080
1573081
1573082
1573083
1573084
1573085
1573086
1573087
1573088
1573089
1573090
1573091
1573092
1573093
1573094
1573095
1573096
1573097
1573098
1573099
1574000
1574001
1574002
1574003
1574004
1574005
1574006
1574007
1574008
1574009
1574010
1574011
1574012
1574013
1574014
1574015
1574016
1574017
1574018
1574019
1574020
1574021
1574022
1574023
1574024
1574025
1574026
1574027
1574028
1574029
1574030
1574031
1574032
1574033
1574034
1574035
1574036
1574037
1574038
1574039
1574040
1574041
1574042
1574043
1574044
1574045
1574046
1574047
1574048
1574049
1574050
1574051
1574052
1574053
1574054
1574055
1574056
1574057
1574058
1574059
1574060
1574061
1574062
1574063
1574064
1574065
1574066
1574067
1574068
1574069
1574070
1574071
1574072
1574073
1574074
1574075
1574076
1574077
1574078
1574079
1574080
1574081
1574082
1574083
1574084
1574085
1574086
1574087
1574088
1574089
1574090
1574091
1574092
1574093
1574094
1574095
1574096
1574097
1574098
1574099
1575000
1575001
1575002
1575003
1575004
1575005
1575006
1575007
1575008
1575009
1575010
1575011
1575012
1575013
1575014
1575015
1575016
1575017
1575018
1575019
1575020
1575021
1575022
1575023
1575024
1575025
1575026
1575027
1575028
1575029
1575030
1575031
1575032
1575033
1575034
1575035
1575036
1575037
1575038
1575039
1575040
1575041
1575042
1575043
1575044
1575045
1575046
1575047
1575048
1575049
1575050
1575051
1575052
1575053
1575054
1575055
1575056
1575057
1575058
1575059
1575060
1575061
1575062
1575063
1575064
1575065
1575066
1575067
1575068
1575069
1575070
1575071
1575072
1575073
1575074
1575075
1575076
1575077
1575078
1575079
1575080
1575081
1575082
1575083
1575084
1575085
1575086
1575087
1575088
1575089
1575090
1575091
1575092
1575093
1575094
1575095
1575096
1575097
1575098
1575099
1576000
1576001
1576002
1576003
1576004
1576005
1576006
1576007
1576008
1576009
1576010
1576011
1576012
1576013
1576014
1576015
1576016
1576017
1576018
1576019
1576020
1576021
1576022
1576023
1576024
1576025
1576026
1576027
1576028
1576029
1576030
1576031
1576032
1576033
1576034
1576035
1576036
1576037
1576038
1576039
1576040
1576041
1576042
1576043
1576044
1576045
1576046
1576047
1576048
1576049
1576050
1576051
1576052
1576053
1576054
1576055
1576056
1576057
1576058
1576059
1576060
1576061
1576062
1576063
1576064
1576065
1576066
1576067
1576068
1576069
1576070
1576071
1576072
1576073
1576074
1576075
1576076
1576077
1576078
1576079
1576080
1576081
1576082
1576083
1576084
1576085
1576086
1576087
1576088
1576089
1576090
1576091
1576092
1576093
1576094
1576095
1576096
1576097
1576098
1576099
1577000
1577001
1577002
1577003
1577004
1577005
1577006
1577007
1577008
1577009
1577010
1577011
1577012
1577013
1577014
1577015
1577016
1577017
1577018
1577019
1577020
1577021
1577022
1577023
1577024
1577025
1577026
1577027
1577028
1577029
1577030
1577031
1577032
1577033
1577034
1577035
1577036
1577037
1577038
1577039
1577040
1577041
1577042
1577043
1577044
1577045
1577046
1577047
1577048
1577049
1577050
1577051
1577052
1577053
1577054
1577055
1577056
1577057
1577058
1577059
1577060
1577061
1577062
1577063
1577064
1577065
1577066
1577067
1577068
1577069
1577070
1577071
1577072
1577073
1577074
1577075
1577076
1577077
1577078
1577079
1577080
1577081
1577082
1577083
1577084
1577085
1577086
1577087
1577088
1577089
1577090
1577091
1577092
1577093
1577094
1577095
1577096
1577097
1577098
1577099
1578000
1578001
1578002
1578003
1578004
1578005
1578006
1578007
1578008
1578009
1578010
1578011
1578012
1578013
1578014
1578015
1578016
1578017
1578018
1578019
1578020
1578021
1578022
1578023
1578024
1578025
1578026
1578027
1578028
1578029
1578030
1578031
1578032
1578033
1578034
1578035
1578036
1578037
1578038
1578039
1578040
1578041
1578042
1578043
1578044
1578045
1578046
1578047
1578048
1578049
1578050
1578051
1578052
1578053
1578054
1578055
1578056
1578057
1578058
1578059
1578060
1578061
1578062
1578063
1578064
1578065
1578066
1578067
1578068
1578069
1578070
1578071
1578072
1578073
1578074
1578075
1578076
1578077
1578078
1578079
1578080
1578081
1578082
1578083
1578084
1578085
1578086
1578087
1578088
1578089
1578090
1578091
1578092
1578093
1578094
1578095
1578096
1578097
1578098
1578099
1579000
1579001
1579002
1579003
1579004
1579005
1579006
1579007
1579008
1579009
1579010
1579011
1579012
1579013
1579014
1579015
1579016
1579017
1579018
1579019
1579020
1579021
1579022
1579023
1579024
1579025
1579026
1579027
1579028
1579029
1579030
1579031
1579032
1579033
1579034
1579035
1579036
1579037
1579038
1579039
1579040
1579041
1579042
1579043
1579044
1579045
1579046
1579047
1579048
1579049
1579050
1579051
1579052
1579053
1579054
1579055
1579056
1579057
1579058
1579059
1579060
1579061
1579062
1579063
1579064
1579065
1579066
1579067
1579068
1579069
1579070
1579071
1579072
1579073
1579074
1579075
1579076
1579077
1579078
1579079
1579080
1579081
1579082
1579083
1579084
1579085
1579086
1579087
1579088
1579089
1579090
1579091
1579092
1579093
1579094
1579095
1579096
1579097
1579098
1579099
1580000
1580001
1580002
1580003
1580004
1580005
1580006
1580007
1580008
1580009
1580010
1580011
1580012
1580013
1580014
1580015
1580016
1580017
1580018
1580019
1580020
1580021
1580022
1580023
1580024
1580025
1580026
1580027
1580028
1580029
1580030
1580031
1580032
1580033
1580034
1580035
1580036
1580037
1580038
1580039
1580040
1580041
1580042
1580043
1580044
1580045
1580046
1580047
1580048
1580049
1580050
1580051
1580052
1580053
1580054
1580055
1580056
1580057
1580058
1580059
1580060
1580061
1580062
1580063
1580064
1580065
1580066
1580067
1580068
1580069
1580070
1580071
1580072
1580073
1580074
1580075
1580076
1580077
1580078
1580079
1580080
1580081
1580082
1580083
1580084
1580085
1580086
1580087
1580088
1580089
1580090
1580091
1580092
1580093
1580094
1580095
1580096
1580097
1580098
1580099
1581000
1581001
1581002
1581003
1581004
1581005
1581006
1581007
1581008
1581009
1581010
1581011
1581012
1581013
1581014
1581015
1581016
1581017
1581018
1581019
1581020
1581021
1581022
1581023
1581024
1581025
1581026
1581027
1581028
1581029
1581030
1581031
1581032
1581033
1581034
1581035
1581036
1581037
1581038
1581039
1581040
1581041
1581042
1581043
1581044
1581045
1581046
1581047
1581048
1581049
1581050
1581051
1581052
1581053
1581054
1581055
1581056
1581057
1581058
1581059
1581060
1581061
1581062
1581063
1581064
1581065
1581066
1581067
1581068
1581069
1581070
1581071
1581072
1581073
1581074
1581075
1581076
1581077
1581078
1581079
1581080
1581081
1581082
1581083
1581084
1581085
1581086
1581087
1581088
1581089
1581090
1581091
1581092
1581093
1581094
1581095
1581096
1581097
1581098
1581099
1582000
1582001
1582002
1582003
1582004
1582005
1582006
1582007
1582008
1582009
1582010
1582011
1582012
1582013
1582014
1582015
1582016
1582017
1582018
1582019
1582020
1582021
1582022
1582023
1582024
1582025
1582026
1582027
1582028
1582029
1582030
1582031
1582032
1582033
1582034
1582035
1582036
1582037
1582038
1582039
1582040
1582041
1582042
1582043
1582044
1582045
1582046
1582047
1582048
1582049
1582050
1582051
1582052
1582053
1582054
1582055
1582056
1582057
1582058
1582059
1582060
1582061
1582062
1582063
1582064
1582065
1582066
1582067
1582068
1582069
1582070
1582071
1582072
1582073
1582074
1582075
1582076
1582077
1582078
1582079
1582080
1582081
1582082
1582083
1582084
1582085
1582086
1582087
1582088
1582089
1582090
1582091
1582092
1582093
1582094
1582095
1582096
1582097
1582098
1582099
1583000
1583001
1583002
1583003
1583004
1583005
1583006
1583007
1583008
1583009
1583010
1583011
1583012
1583013
1583014
1583015
1583016
1583017
1583018
1583019
1583020
1583021
1583022
1583023
1583024
1583025
1583026
1583027
1583028
1583029
1583030
1583031
1583032
1583033
1583034
1583035
1583036
1583037
1583038
1583039
1583040
1583041
1583042
1583043
1583044
1583045
1583046
1583047
1583048
1583049
1583050
1583051
1583052
1583053
1583054
1583055
1583056
1583057
1583058
1583059
1583060
1583061
1583062
1583063
1583064
1583065
1583066
1583067
1583068
1583069
1583070
1583071
1583072
1583073
1583074
1583075
1583076
1583077
1583078
1583079
1583080
1583081
1583082
1583083
1583084
1583085
1583086
1583087
1583088
1583089
1583090
1583091
1583092
1583093
1583094
1583095
1583096
1583097
1583098
1583099
1584000
1584001
1584002
1584003
1584004
1584005
1584006
1584007
1584008
1584009
1584010
1584011
1584012
1584013
1584014
1584015
1584016
1584017
1584018
1584019
1584020
1584021
1584022
1584023
1584024
1584025
1584026
1584027
1584028
1584029
1584030
1584031
1584032
1584033
1584034
1584035
1584036
1584037
1584038
1584039
1584040
1584041
1584042
1584043
1584044
1584045
1584046
1584047
1584048
1584049
1584050
1584051
1584052
1584053
1584054
1584055
1584056
1584057
1584058
1584059
1584060
1584061
1584062
1584063
1584064
1584065
1584066
1584067
1584068
1584069
1584070
1584071
1584072
1584073
1584074
1584075
1584076
1584077
1584078
1584079
1584080
1584081
1584082
1584083
1584084
1584085
1584086
1584087
1584088
1584089
1584090
1584091
1584092
1584093
1584094
1584095
1584096
1584097
1584098
1584099
1585000
1585001
1585002
1585003
1585004
1585005
1585006
1585007
1585008
1585009
1585010
1585011
1585012
1585013
1585014
1585015
1585016
1585017
1585018
1585019
1585020
1585021
1585022
1585023
1585024
1585025
1585026
1585027
1585028
1585029
1585030
1585031
1585032
1585033
1585034
1585035
1585036
1585037
1585038
1585039
1585040
1585041
1585042
1585043
1585044
1585045
1585046
1585047
1585048
1585049
1585050
1585051
1585052
1585053
1585054
1585055
1585056
1585057
1585058
1585059
1585060
1585061
1585062
1585063
1585064
1585065
1585066
1585067
1585068
1585069
1585070
1585071
1585072
1585073
1585074
1585075
1585076
1585077
1585078
1585079
1585080
1585081
1585082
1585083
1585084
1585085
1585086
1585087
1585088
1585089
1585090
1585091
1585092
1585093
1585094
1585095
1585096
1585097
1585098
1585099
1586000
1586001
1586002
1586003
1586004
1586005
1586006
1586007
1586008
1586009
1586010
1586011
1586012
1586013
1586014
1586015
1586016
1586017
1586018
1586019
1586020
1586021
1586022
1586023
1586024
1586025
1586026
1586027
1586028
1586029
1586030
1586031
1586032
1586033
1586034
1586035
1586036
1586037
1586038
1586039
1586040
1586041
1586042
1586043
1586044
1586045
1586046
1586047
1586048
1586049
1586050
1586051
1586052
1586053
1586054
1586055
1586056
1586057
1586058
1586059
1586060
1586061
1586062
1586063
1586064
1586065
1586066
1586067
1586068
1586069
1586070
1586071
1586072
1586073
1586074
1586075
1586076
1586077
1586078
1586079
1586080
1586081
1586082
1586083
1586084
1586085
1586086
1586087
1586088
1586089
1586090
1586091
1586092
1586093
1586094
1586095
1586096
1586097
1586098
1586099
1587000
1587001
1587002
1587003
1587004
1587005
1587006
1587007
1587008
1587009
1587010
1587011
1587012
1587013
1587014
1587015
1587016
1587017
1587018
1587019
1587020
1587021
1587022
1587023
1587024
1587025
1587026
1587027
1587028
1587029
1587030
1587031
1587032
1587033
1587034
1587035
1587036
1587037
1587038
1587039
1587040
1587041
1587042
1587043
1587044
1587045
1587046
1587047
1587048
1587049
1587050
1587051
1587052
1587053
1587054
1587055
1587056
1587057
1587058
1587059
1587060
1587061
1587062
1587063
1587064
1587065
1587066
1587067
1587068
1587069
1587070
1587071
1587072
1587073
1587074
1587075
1587076
1587077
1587078
1587079
1587080
1587081
1587082
1587083
1587084
1587085
1587086
1587087
1587088
1587089
1587090
1587091
1587092
1587093
1587094
1587095
1587096
1587097
1587098
1587099
1588000
1588001
1588002
1588003
1588004
1588005
1588006
1588007
1588008
1588009
1588010
1588011
1588012
1588013
1588014
1588015
1588016
1588017
1588018
1588019
1588020
1588021
1588022
1588023
1588024
1588025
1588026
1588027
1588028
1588029
1588030
1588031
1588032
1588033
1588034
1588035
1588036
1588037
1588038
1588039
1588040
1588041
1588042
1588043
1588044
1588045
1588046
1588047
1588048
1588049
1588050
1588051
1588052
1588053
1588054
1588055
1588056
1588057
1588058
1588059
1588060
1588061
1588062
1588063
1588064
1588065
1588066
1588067
1588068
1588069
1588070
1588071
1588072
1588073
1588074
1588075
1588076
1588077
1588078
1588079
1588080
1588081
1588082
1588083
1588084
1588085
1588086
1588087
1588088
1588089
1588090
1588091
1588092
1588093
1588094
1588095
1588096
1588097
1588098
1588099
1589000
1589001
1589002
1589003
1589004
1589005
1589006
1589007
1589008
1589009
1589010
1589011
1589012
1589013
1589014
1589015
1589016
1589017
1589018
1589019
1589020
1589021
1589022
1589023
1589024
1589025
1589026
1589027
1589028
1589029
1589030
1589031
1589032
1589033
1589034
1589035
1589036
1589037
1589038
1589039
1589040
1589041
1589042
1589043
1589044
1589045
1589046
1589047
1589048
1589049
1589050
1589051
1589052
1589053
1589054
1589055
1589056
1589057
1589058
1589059
1589060
1589061
1589062
1589063
1589064
1589065
1589066
1589067
1589068
1589069
1589070
1589071
1589072
1589073
1589074
1589075
1589076
1589077
1589078
1589079
1589080
1589081
1589082
1589083
1589084
1589085
1589086
1589087
1589088
1589089
1589090
1589091
1589092
1589093
1589094
1589095
1589096
1589097
1589098
1589099
1590000
1590001
1590002
1590003
1590004
1590005
1590006
1590007
1590008
1590009
1590010
1590011
1590012
1590013
1590014
1590015
1590016
1590017
1590018
1590019
1590020
1590021
1590022
1590023
1590024
1590025
1590026
1590027
1590028
1590029
1590030
1590031
1590032
1590033
1590034
1590035
1590036
1590037
1590038
1590039
1590040
1590041
1590042
1590043
1590044
1590045
1590046
1590047
1590048
1590049
1590050
1590051
1590052
1590053
1590054
1590055
1590056
1590057
1590058
1590059
1590060
1590061
1590062
1590063
1590064
1590065
1590066
1590067
1590068
1590069
1590070
1590071
1590072
1590073
1590074
1590075
1590076
1590077
1590078
1590079
1590080
1590081
1590082
1590083
1590084
1590085
1590086
1590087
1590088
1590089
1590090
1590091
1590092
1590093
1590094
1590095
1590096
1590097
1590098
1590099
1591000
1591001
1591002
1591003
1591004
1591005
1591006
1591007
1591008
1591009
1591010
1591011
1591012
1591013
1591014
1591015
1591016
1591017
1591018
1591019
1591020
1591021
1591022
1591023
1591024
1591025
1591026
1591027
1591028
1591029
1591030
1591031
1591032
1591033
1591034
1591035
1591036
1591037
1591038
1591039
1591040
1591041
1591042
1591043
1591044
1591045
1591046
1591047
1591048
1591049
1591050
1591051
1591052
1591053
1591054
1591055
1591056
1591057
1591058
1591059
1591060
1591061
1591062
1591063
1591064
1591065
1591066
1591067
1591068
1591069
1591070
1591071
1591072
1591073
1591074
1591075
1591076
1591077
1591078
1591079
1591080
1591081
1591082
1591083
1591084
1591085
1591086
1591087
1591088
1591089
1591090
1591091
1591092
1591093
1591094
1591095
1591096
1591097
1591098
1591099
1592000
1592001
1592002
1592003
1592004
1592005
1592006
1592007
1592008
1592009
1592010
1592011
1592012
1592013
1592014
1592015
1592016
1592017
1592018
1592019
1592020
1592021
1592022
1592023
1592024
1592025
1592026
1592027
1592028
1592029
1592030
1592031
1592032
1592033
1592034
1592035
1592036
1592037
1592038
1592039
1592040
1592041
1592042
1592043
1592044
1592045
1592046
1592047
1592048
1592049
1592050
1592051
1592052
1592053
1592054
1592055
1592056
1592057
1592058
1592059
1592060
1592061
1592062
1592063
1592064
1592065
1592066
1592067
1592068
1592069
1592070
1592071
1592072
1592073
1592074
1592075
1592076
1592077
1592078
1592079
1592080
1592081
1592082
1592083
1592084
1592085
1592086
1592087
1592088
1592089
1592090
1592091
1592092
1592093
1592094
1592095
1592096
1592097
1592098
1592099
1593000
1593001
1593002
1593003
1593004
1593005
1593006
1593007
1593008
1593009
1593010
1593011
1593012
1593013
1593014
1593015
1593016
1593017
1593018
1593019
1593020
1593021
1593022
1593023
1593024
1593025
1593026
1593027
1593028
1593029
1593030
1593031
1593032
1593033
1593034
1593035
1593036
1593037
1593038
1593039
1593040
1593041
1593042
1593043
1593044
1593045
1593046
1593047
1593048
1593049
1593050
1593051
1593052
1593053
1593054
1593055
1593056
1593057
1593058
1593059
1593060
1593061
1593062
1593063
1593064
1593065
1593066
1593067
1593068
1593069
1593070
1593071
1593072
1593073
1593074
1593075
1593076
1593077
1593078
1593079
1593080
1593081
1593082
1593083
1593084
1593085
1593086
1593087
1593088
1593089
1593090
1593091
1593092
1593093
1593094
1593095
1593096
1593097
1593098
1593099
1594000
1594001
1594002
1594003
1594004
1594005
1594006
1594007
1594008
1594009
1594010
1594011
1594012
1594013
1594014
1594015
1594016
1594017
1594018
1594019
1594020
1594021
1594022
1594023
1594024
1594025
1594026
1594027
1594028
1594029
1594030
1594031
1594032
1594033
1594034
1594035
1594036
1594037
1594038
1594039
1594040
1594041
1594042
1594043
1594044
1594045
1594046
1594047
1594048
1594049
1594050
1594051
1594052
1594053
1594054
1594055
1594056
1594057
1594058
1594059
1594060
1594061
1594062
1594063
1594064
1594065
1594066
1594067
1594068
1594069
1594070
1594071
1594072
1594073
1594074
1594075
1594076
1594077
1594078
1594079
1594080
1594081
1594082
1594083
1594084
1594085
1594086
1594087
1594088
1594089
1594090
1594091
1594092
1594093
1594094
1594095
1594096
1594097
1594098
1594099
1595000
1595001
1595002
1595003
1595004
1595005
1595006
1595007
1595008
1595009
1595010
1595011
1595012
1595013
1595014
1595015
1595016
1595017
1595018
1595019
1595020
1595021
1595022
1595023
1595024
1595025
1595026
1595027
1595028
1595029
1595030
1595031
1595032
1595033
1595034
1595035
1595036
1595037
1595038
1595039
1595040
1595041
1595042
1595043
1595044
1595045
1595046
1595047
1595048
1595049
1595050
1595051
1595052
1595053
1595054
1595055
1595056
1595057
1595058
1595059
1595060
1595061
1595062
1595063
1595064
1595065
1595066
1595067
1595068
1595069
1595070
1595071
1595072
1595073
1595074
1595075
1595076
1595077
1595078
1595079
1595080
1595081
1595082
1595083
1595084
1595085
1595086
1595087
1595088
1595089
1595090
1595091
1595092
1595093
1595094
1595095
1595096
1595097
1595098
1595099
1596000
1596001
1596002
1596003
1596004
1596005
1596006
1596007
1596008
1596009
1596010
1596011
1596012
1596013
1596014
1596015
1596016
1596017
1596018
1596019
1596020
1596021
1596022
1596023
1596024
1596025
1596026
1596027
1596028
1596029
1596030
1596031
1596032
1596033
1596034
1596035
1596036
1596037
1596038
1596039
1596040
1596041
1596042
1596043
1596044
1596045
1596046
1596047
1596048
1596049
1596050
1596051
1596052
1596053
1596054
1596055
1596056
1596057
1596058
1596059
1596060
1596061
1596062
1596063
1596064
1596065
1596066
1596067
1596068
1596069
1596070
1596071
1596072
1596073
1596074
1596075
1596076
1596077
1596078
1596079
1596080
1596081
1596082
1596083
1596084
1596085
1596086
1596087
1596088
1596089
1596090
1596091
1596092
1596093
1596094
1596095
1596096
1596097
1596098
1596099
1597000
1597001
1597002
1597003
1597004
1597005
1597006
1597007
1597008
1597009
1597010
1597011
1597012
1597013
1597014
1597015
1597016
1597017
1597018
1597019
1597020
1597021
1597022
1597023
1597024
1597025
1597026
1597027
1597028
1597029
1597030
1597031
1597032
1597033
1597034
1597035
1597036
1597037
1597038
1597039
1597040
1597041
1597042
1597043
1597044
1597045
1597046
1597047
1597048
1597049
1597050
1597051
1597052
1597053
1597054
1597055
1597056
1597057
1597058
1597059
1597060
1597061
1597062
1597063
1597064
1597065
1597066
1597067
1597068
1597069
1597070
1597071
1597072
1597073
1597074
1597075
1597076
1597077
1597078
1597079
1597080
1597081
1597082
1597083
1597084
1597085
1597086
1597087
1597088
1597089
1597090
1597091
1597092
1597093
1597094
1597095
1597096
1597097
1597098
1597099
1598000
1598001
1598002
1598003
1598004
1598005
1598006
1598007
1598008
1598009
1598010
1598011
1598012
1598013
1598014
1598015
1598016
1598017
1598018
1598019
1598020
1598021
1598022
1598023
1598024
1598025
1598026
1598027
1598028
1598029
1598030
1598031
1598032
1598033
1598034
1598035
1598036
1598037
1598038
1598039
1598040
1598041
1598042
1598043
1598044
1598045
1598046
1598047
1598048
1598049
1598050
1598051
1598052
1598053
1598054
1598055
1598056
1598057
1598058
1598059
1598060
1598061
1598062
1598063
1598064
1598065
1598066
1598067
1598068
1598069
1598070
1598071
1598072
1598073
1598074
1598075
1598076
1598077
1598078
1598079
1598080
1598081
1598082
1598083
1598084
1598085
1598086
1598087
1598088
1598089
1598090
1598091
1598092
1598093
1598094
1598095
1598096
1598097
1598098
1598099
1599000
1599001
1599002
1599003
1599004
1599005
1599006
1599007
1599008
1599009
1599010
1599011
1599012
1599013
1599014
1599015
1599016
1599017
1599018
1599019
1599020
1599021
1599022
1599023
1599024
1599025
1599026
1599027
1599028
1599029
1599030
1599031
1599032
1599033
1599034
1599035
1599036
1599037
1599038
1599039
1599040
1599041
1599042
1599043
1599044
1599045
1599046
1599047
1599048
1599049
1599050
1599051
1599052
1599053
1599054
1599055
1599056
1599057
1599058
1599059
1599060
1599061
1599062
1599063
1599064
1599065
1599066
1599067
1599068
1599069
1599070
1599071
1599072
1599073
1599074
1599075
1599076
1599077
1599078
1599079
1599080
1599081
1599082
1599083
1599084
1599085
1599086
1599087
1599088
1599089
1599090
1599091
1599092
1599093
1599094
1599095
1599096
1599097
1599098
1599099
1600000
1600001
1600002
1600003
1600004
1600005
1600006
1600007
1600008
1600009
1600010
1600011
1600012
1600013
1600014
1600015
1600016
1600017
1600018
1600019
1600020
1600021
1600022
1600023
1600024
1600025
1600026
1600027
1600028
1600029
1600030
1600031
1600032
1600033
1600034
1600035
1600036
1600037
1600038
1600039
1600040
1600041
1600042
1600043
1600044
1600045
1600046
1600047
1600048
1600049
1600050
1600051
1600052
1600053
1600054
1600055
1600056
1600057
1600058
1600059
1600060
1600061
1600062
1600063
1600064
1600065
1600066
1600067
1600068
1600069
1600070
1600071
1600072
1600073
1600074
1600075
1600076
1600077
1600078
1600079
1600080
1600081
1600082
1600083
1600084
1600085
1600086
1600087
1600088
1600089
1600090
1600091
1600092
1600093
1600094
1600095
1600096
1600097
1600098
1600099
1601000
1601001
1601002
1601003
1601004
1601005
1601006
1601007
1601008
1601009
1601010
1601011
1601012
1601013
1601014
1601015
1601016
1601017
1601018
1601019
1601020
1601021
1601022
1601023
1601024
1601025
1601026
1601027
1601028
1601029
1601030
1601031
1601032
1601033
1601034
1601035
1601036
1601037
1601038
1601039
1601040
1601041
1601042
1601043
1601044
1601045
1601046
1601047
1601048
1601049
1601050
1601051
1601052
1601053
1601054
1601055
1601056
1601057
1601058
1601059
1601060
1601061
1601062
1601063
1601064
1601065
1601066
1601067
1601068
1601069
1601070
1601071
1601072
1601073
1601074
1601075
1601076
1601077
1601078
1601079
1601080
1601081
1601082
1601083
1601084
1601085
1601086
1601087
1601088
1601089
1601090
1601091
1601092
1601093
1601094
1601095
1601096
1601097
1601098
1601099
1602000
1602001
1602002
1602003
1602004
1602005
1602006
1602007
1602008
1602009
1602010
1602011
1602012
1602013
1602014
1602015
1602016
1602017
1602018
1602019
1602020
1602021
1602022
1602023
1602024
1602025
1602026
1602027
1602028
1602029
1602030
1602031
1602032
1602033
1602034
1602035
1602036
1602037
1602038
1602039
1602040
1602041
1602042
1602043
1602044
1602045
1602046
1602047
1602048
1602049
1602050
1602051
1602052
1602053
1602054
1602055
1602056
1602057
1602058
1602059
1602060
1602061
1602062
1602063
1602064
1602065
1602066
1602067
1602068
1602069
1602070
1602071
1602072
1602073
1602074
1602075
1602076
1602077
1602078
1602079
1602080
1602081
1602082
1602083
1602084
1602085
1602086
1602087
1602088
1602089
1602090
1602091
1602092
1602093
1602094
1602095
1602096
1602097
1602098
1602099
1603000
1603001
1603002
1603003
1603004
1603005
1603006
1603007
1603008
1603009
1603010
1603011
1603012
1603013
1603014
1603015
1603016
1603017
1603018
1603019
1603020
1603021
1603022
1603023
1603024
1603025
1603026
1603027
1603028
1603029
1603030
1603031
1603032
1603033
1603034
1603035
1603036
1603037
1603038
1603039
1603040
1603041
1603042
1603043
1603044
1603045
1603046
1603047
1603048
1603049
1603050
1603051
1603052
1603053
1603054
1603055
1603056
1603057
1603058
1603059
1603060
1603061
1603062
1603063
1603064
1603065
1603066
1603067
1603068
1603069
1603070
1603071
1603072
1603073
1603074
1603075
1603076
1603077
1603078
1603079
1603080
1603081
1603082
1603083
1603084
1603085
1603086
1603087
1603088
1603089
1603090
1603091
1603092
1603093
1603094
1603095
1603096
1603097
1603098
1603099
1604000
1604001
1604002
1604003
1604004
1604005
1604006
1604007
1604008
1604009
1604010
1604011
1604012
1604013
1604014
1604015
1604016
1604017
1604018
1604019
1604020
1604021
1604022
1604023
1604024
1604025
1604026
1604027
1604028
1604029
1604030
1604031
1604032
1604033
1604034
1604035
1604036
1604037
1604038
1604039
1604040
1604041
1604042
1604043
1604044
1604045
1604046
1604047
1604048
1604049
1604050
1604051
1604052
1604053
1604054
1604055
1604056
1604057
1604058
1604059
1604060
1604061
1604062
1604063
1604064
1604065
1604066
1604067
1604068
1604069
1604070
1604071
1604072
1604073
1604074
1604075
1604076
1604077
1604078
1604079
1604080
1604081
1604082
1604083
1604084
1604085
1604086
1604087
1604088
1604089
1604090
1604091
1604092
1604093
1604094
1604095
1604096
1604097
1604098
1604099
1605000
1605001
1605002
1605003
1605004
1605005
1605006
1605007
1605008
1605009
1605010
1605011
1605012
1605013
1605014
1605015
1605016
1605017
1605018
1605019
1605020
1605021
1605022
1605023
1605024
1605025
1605026
1605027
1605028
1605029
1605030
1605031
1605032
1605033
1605034
1605035
1605036
1605037
1605038
1605039
1605040
1605041
1605042
1605043
1605044
1605045
1605046
1605047
1605048
1605049
1605050
1605051
1605052
1605053
1605054
1605055
1605056
1605057
1605058
1605059
1605060
1605061
1605062
1605063
1605064
1605065
1605066
1605067
1605068
1605069
1605070
1605071
1605072
1605073
1605074
1605075
1605076
1605077
1605078
1605079
1605080
1605081
1605082
1605083
1605084
1605085
1605086
1605087
1605088
1605089
1605090
1605091
1605092
1605093
1605094
1605095
1605096
1605097
1605098
1605099
1606000
1606001
1606002
1606003
1606004
1606005
1606006
1606007
1606008
1606009
1606010
1606011
1606012
1606013
1606014
1606015
1606016
1606017
1606018
1606019
1606020
1606021
1606022
1606023
1606024
1606025
1606026
1606027
1606028
1606029
1606030
1606031
1606032
1606033
1606034
1606035
1606036
1606037
1606038
1606039
1606040
1606041
1606042
1606043
1606044
1606045
1606046
1606047
1606048
1606049
1606050
1606051
1606052
1606053
1606054
1606055
1606056
1606057
1606058
1606059
1606060
1606061
1606062
1606063
1606064
1606065
1606066
1606067
1606068
1606069
1606070
1606071
1606072
1606073
1606074
1606075
1606076
1606077
1606078
1606079
1606080
1606081
1606082
1606083
1606084
1606085
1606086
1606087
1606088
1606089
1606090
1606091
1606092
1606093
1606094
1606095
1606096
1606097
1606098
1606099
1607000
1607001
1607002
1607003
1607004
1607005
1607006
1607007
1607008
1607009
1607010
1607011
1607012
1607013
1607014
1607015
1607016
1607017
1607018
1607019
1607020
1607021
1607022
1607023
1607024
1607025
1607026
1607027
1607028
1607029
1607030
1607031
1607032
1607033
1607034
1607035
1607036
1607037
1607038
1607039
1607040
1607041
1607042
1607043
1607044
1607045
1607046
1607047
1607048
1607049
1607050
1607051
1607052
1607053
1607054
1607055
1607056
1607057
1607058
1607059
1607060
1607061
1607062
1607063
1607064
1607065
1607066
1607067
1607068
1607069
1607070
1607071
1607072
1607073
1607074
1607075
1607076
1607077
1607078
1607079
1607080
1607081
1607082
1607083
1607084
1607085
1607086
1607087
1607088
1607089
1607090
1607091
1607092
1607093
1607094
1607095
1607096
1607097
1607098
1607099
1608000
1608001
1608002
1608003
1608004
1608005
1608006
1608007
1608008
1608009
1608010
1608011
1608012
1608013
1608014
1608015
1608016
1608017
1608018
1608019
1608020
1608021
1608022
1608023
1608024
1608025
1608026
1608027
1608028
1608029
1608030
1608031
1608032
1608033
1608034
1608035
1608036
1608037
1608038
1608039
1608040
1608041
1608042
1608043
1608044
1608045
1608046
1608047
1608048
1608049
1608050
1608051
1608052
1608053
1608054
1608055
1608056
1608057
1608058
1608059
1608060
1608061
1608062
1608063
1608064
1608065
1608066
1608067
1608068
1608069
1608070
1608071
1608072
1608073
1608074
1608075
1608076
1608077
1608078
1608079
1608080
1608081
1608082
1608083
1608084
1608085
1608086
1608087
1608088
1608089
1608090
1608091
1608092
1608093
1608094
1608095
1608096
1608097
1608098
1608099
1609000
1609001
1609002
1609003
1609004
1609005
1609006
1609007
1609008
1609009
1609010
1609011
1609012
1609013
1609014
1609015
1609016
1609017
1609018
1609019
1609020
1609021
1609022
1609023
1609024
1609025
1609026
1609027
1609028
1609029
1609030
1609031
1609032
1609033
1609034
1609035
1609036
1609037
1609038
1609039
1609040
1609041
1609042
1609043
1609044
1609045
1609046
1609047
1609048
1609049
1609050
1609051
1609052
1609053
1609054
1609055
1609056
1609057
1609058
1609059
1609060
1609061
1609062
1609063
1609064
1609065
1609066
1609067
1609068
1609069
1609070
1609071
1609072
1609073
1609074
1609075
1609076
1609077
1609078
1609079
1609080
1609081
1609082
1609083
1609084
1609085
1609086
1609087
1609088
1609089
1609090
1609091
1609092
1609093
1609094
1609095
1609096
1609097
1609098
1609099
1610000
1610001
1610002
1610003
1610004
1610005
1610006
1610007
1610008
1610009
1610010
1610011
1610012
1610013
1610014
1610015
1610016
1610017
1610018
1610019
1610020
1610021
1610022
1610023
1610024
1610025
1610026
1610027
1610028
1610029
1610030
1610031
1610032
1610033
1610034
1610035
1610036
1610037
1610038
1610039
1610040
1610041
1610042
1610043
1610044
1610045
1610046
1610047
1610048
1610049
1610050
1610051
1610052
1610053
1610054
1610055
1610056
1610057
1610058
1610059
1610060
1610061
1610062
1610063
1610064
1610065
1610066
1610067
1610068
1610069
1610070
1610071
1610072
1610073
1610074
1610075
1610076
1610077
1610078
1610079
1610080
1610081
1610082
1610083
1610084
1610085
1610086
1610087
1610088
1610089
1610090
1610091
1610092
1610093
1610094
1610095
1610096
1610097
1610098
1610099
1611000
1611001
1611002
1611003
1611004
1611005
1611006
1611007
1611008
1611009
1611010
1611011
1611012
1611013
1611014
1611015
1611016
1611017
1611018
1611019
1611020
1611021
1611022
1611023
1611024
1611025
1611026
1611027
1611028
1611029
1611030
1611031
1611032
1611033
1611034
1611035
1611036
1611037
1611038
1611039
1611040
1611041
1611042
1611043
1611044
1611045
1611046
1611047
1611048
1611049
1611050
1611051
1611052
1611053
1611054
1611055
1611056
1611057
1611058
1611059
1611060
1611061
1611062
1611063
1611064
1611065
1611066
1611067
1611068
1611069
1611070
1611071
1611072
1611073
1611074
1611075
1611076
1611077
1611078
1611079
1611080
1611081
1611082
1611083
1611084
1611085
1611086
1611087
1611088
1611089
1611090
1611091
1611092
1611093
1611094
1611095
1611096
1611097
1611098
1611099
1612000
1612001
1612002
1612003
1612004
1612005
1612006
1612007
1612008
1612009
1612010
1612011
1612012
1612013
1612014
1612015
1612016
1612017
1612018
1612019
1612020
1612021
1612022
1612023
1612024
1612025
1612026
1612027
1612028
1612029
1612030
1612031
1612032
1612033
1612034
1612035
1612036
1612037
1612038
1612039
1612040
1612041
1612042
1612043
1612044
1612045
1612046
1612047
1612048
1612049
1612050
1612051
1612052
1612053
1612054
1612055
1612056
1612057
1612058
1612059
1612060
1612061
1612062
1612063
1612064
1612065
1612066
1612067
1612068
1612069
1612070
1612071
1612072
1612073
1612074
1612075
1612076
1612077
1612078
1612079
1612080
1612081
1612082
1612083
1612084
1612085
1612086
1612087
1612088
1612089
1612090
1612091
1612092
1612093
1612094
1612095
1612096
1612097
1612098
1612099
1613000
1613001
1613002
1613003
1613004
1613005
1613006
1613007
1613008
1613009
1613010
1613011
1613012
1613013
1613014
1613015
1613016
1613017
1613018
1613019
1613020
1613021
1613022
1613023
1613024
1613025
1613026
1613027
1613028
1613029
1613030
1613031
1613032
1613033
1613034
1613035
1613036
1613037
1613038
1613039
1613040
1613041
1613042
1613043
1613044
1613045
1613046
1613047
1613048
1613049
1613050
1613051
1613052
1613053
1613054
1613055
1613056
1613057
1613058
1613059
1613060
1613061
1613062
1613063
1613064
1613065
1613066
1613067
1613068
1613069
1613070
1613071
1613072
1613073
1613074
1613075
1613076
1613077
1613078
1613079
1613080
1613081
1613082
1613083
1613084
1613085
1613086
1613087
1613088
1613089
1613090
1613091
1613092
1613093
1613094
1613095
1613096
1613097
1613098
1613099
1614000
1614001
1614002
1614003
1614004
1614005
1614006
1614007
1614008
1614009
1614010
1614011
1614012
1614013
1614014
1614015
1614016
1614017
1614018
1614019
1614020
1614021
1614022
1614023
1614024
1614025
1614026
1614027
1614028
1614029
1614030
1614031
1614032
1614033
1614034
1614035
1614036
1614037
1614038
1614039
1614040
1614041
1614042
1614043
1614044
1614045
1614046
1614047
1614048
1614049
1614050
1614051
1614052
1614053
1614054
1614055
1614056
1614057
1614058
1614059
1614060
1614061
1614062
1614063
1614064
1614065
1614066
1614067
1614068
1614069
1614070
1614071
1614072
1614073
1614074
1614075
1614076
1614077
1614078
1614079
1614080
1614081
1614082
1614083
1614084
1614085
1614086
1614087
1614088
1614089
1614090
1614091
1614092
1614093
1614094
1614095
1614096
1614097
1614098
1614099
1615000
1615001
1615002
1615003
1615004
1615005
1615006
1615007
1615008
1615009
1615010
1615011
1615012
1615013
1615014
1615015
1615016
1615017
1615018
1615019
1615020
1615021
1615022
1615023
1615024
1615025
1615026
1615027
1615028
1615029
1615030
1615031
1615032
1615033
1615034
1615035
1615036
1615037
1615038
1615039
1615040
1615041
1615042
1615043
1615044
1615045
1615046
1615047
1615048
1615049
1615050
1615051
1615052
1615053
1615054
1615055
1615056
1615057
1615058
1615059
1615060
1615061
1615062
1615063
1615064
1615065
1615066
1615067
1615068
1615069
1615070
1615071
1615072
1615073
1615074
1615075
1615076
1615077
1615078
1615079
1615080
1615081
1615082
1615083
1615084
1615085
1615086
1615087
1615088
1615089
1615090
1615091
1615092
1615093
1615094
1615095
1615096
1615097
1615098
1615099
1616000
1616001
1616002
1616003
1616004
1616005
1616006
1616007
1616008
1616009
1616010
1616011
1616012
1616013
1616014
1616015
1616016
1616017
1616018
1616019
1616020
1616021
1616022
1616023
1616024
1616025
1616026
1616027
1616028
1616029
1616030
1616031
1616032
1616033
1616034
1616035
1616036
1616037
1616038
1616039
1616040
1616041
1616042
1616043
1616044
1616045
1616046
1616047
1616048
1616049
1616050
1616051
1616052
1616053
1616054
1616055
1616056
1616057
1616058
1616059
1616060
1616061
1616062
1616063
1616064
1616065
1616066
1616067
1616068
1616069
1616070
1616071
1616072
1616073
1616074
1616075
1616076
1616077
1616078
1616079
1616080
1616081
1616082
1616083
1616084
1616085
1616086
1616087
1616088
1616089
1616090
1616091
1616092
1616093
1616094
1616095
1616096
1616097
1616098
1616099
1617000
1617001
1617002
1617003
1617004
1617005
1617006
1617007
1617008
1617009
1617010
1617011
1617012
1617013
1617014
1617015
1617016
1617017
1617018
1617019
1617020
1617021
1617022
1617023
1617024
1617025
1617026
1617027
1617028
1617029
1617030
1617031
1617032
1617033
1617034
1617035
1617036
1617037
1617038
1617039
1617040
1617041
1617042
1617043
1617044
1617045
1617046
1617047
1617048
1617049
1617050
1617051
1617052
1617053
1617054
1617055
1617056
1617057
1617058
1617059
1617060
1617061
1617062
1617063
1617064
1617065
1617066
1617067
1617068
1617069
1617070
1617071
1617072
1617073
1617074
1617075
1617076
1617077
1617078
1617079
1617080
1617081
1617082
1617083
1617084
1617085
1617086
1617087
1617088
1617089
1617090
1617091
1617092
1617093
1617094
1617095
1617096
1617097
1617098
1617099
1618000
1618001
1618002
1618003
1618004
1618005
1618006
1618007
1618008
1618009
1618010
1618011
1618012
1618013
1618014
1618015
1618016
1618017
1618018
1618019
1618020
1618021
1618022
1618023
1618024
1618025
1618026
1618027
1618028
1618029
1618030
1618031
1618032
1618033
1618034
1618035
1618036
1618037
1618038
1618039
1618040
1618041
1618042
1618043
1618044
1618045
1618046
1618047
1618048
1618049
1618050
1618051
1618052
1618053
1618054
1618055
1618056
1618057
1618058
1618059
1618060
1618061
1618062
1618063
1618064
1618065
1618066
1618067
1618068
1618069
1618070
1618071
1618072
1618073
1618074
1618075
1618076
1618077
1618078
1618079
1618080
1618081
1618082
1618083
1618084
1618085
1618086
1618087
1618088
1618089
1618090
1618091
1618092
1618093
1618094
1618095
1618096
1618097
1618098
1618099
1619000
1619001
1619002
1619003
1619004
1619005
1619006
1619007
1619008
1619009
1619010
1619011
1619012
1619013
1619014
1619015
1619016
1619017
1619018
1619019
1619020
1619021
1619022
1619023
1619024
1619025
1619026
1619027
1619028
1619029
1619030
1619031
1619032
1619033
1619034
1619035
1619036
1619037
1619038
1619039
1619040
1619041
1619042
1619043
1619044
1619045
1619046
1619047
1619048
1619049
1619050
1619051
1619052
1619053
1619054
1619055
1619056
1619057
1619058
1619059
1619060
1619061
1619062
1619063
1619064
1619065
1619066
1619067
1619068
1619069
1619070
1619071
1619072
1619073
1619074
1619075
1619076
1619077
1619078
1619079
1619080
1619081
1619082
1619083
1619084
1619085
1619086
1619087
1619088
1619089
1619090
1619091
1619092
1619093
1619094
1619095
1619096
1619097
1619098
1619099
1620000
1620001
1620002
1620003
1620004
1620005
1620006
1620007
1620008
1620009
1620010
1620011
1620012
1620013
1620014
1620015
1620016
1620017
1620018
1620019
1620020
1620021
1620022
1620023
1620024
1620025
1620026
1620027
1620028
1620029
1620030
1620031
1620032
1620033
1620034
1620035
1620036
1620037
1620038
1620039
1620040
1620041
1620042
1620043
1620044
1620045
1620046
1620047
1620048
1620049
1620050
1620051
1620052
1620053
1620054
1620055
1620056
1620057
1620058
1620059
1620060
1620061
1620062
1620063
1620064
1620065
1620066
1620067
1620068
1620069
1620070
1620071
1620072
1620073
1620074
1620075
1620076
1620077
1620078
1620079
1620080
1620081
1620082
1620083
1620084
1620085
1620086
1620087
1620088
1620089
1620090
1620091
1620092
1620093
1620094
1620095
1620096
1620097
1620098
1620099
1621000
1621001
1621002
1621003
1621004
1621005
1621006
1621007
1621008
1621009
1621010
1621011
1621012
1621013
1621014
1621015
1621016
1621017
1621018
1621019
1621020
1621021
1621022
1621023
1621024
1621025
1621026
1621027
1621028
1621029
1621030
1621031
1621032
1621033
1621034
1621035
1621036
1621037
1621038
1621039
1621040
1621041
1621042
1621043
1621044
1621045
1621046
1621047
1621048
1621049
1621050
1621051
1621052
1621053
1621054
1621055
1621056
1621057
1621058
1621059
1621060
1621061
1621062
1621063
1621064
1621065
1621066
1621067
1621068
1621069
1621070
1621071
1621072
1621073
1621074
1621075
1621076
1621077
1621078
1621079
1621080
1621081
1621082
1621083
1621084
1621085
1621086
1621087
1621088
1621089
1621090
1621091
1621092
1621093
1621094
1621095
1621096
1621097
1621098
1621099
1622000
1622001
1622002
1622003
1622004
1622005
1622006
1622007
1622008
1622009
1622010
1622011
1622012
1622013
1622014
1622015
1622016
1622017
1622018
1622019
1622020
1622021
1622022
1622023
1622024
1622025
1622026
1622027
1622028
1622029
1622030
1622031
1622032
1622033
1622034
1622035
1622036
1622037
1622038
1622039
1622040
1622041
1622042
1622043
1622044
1622045
1622046
1622047
1622048
1622049
1622050
1622051
1622052
1622053
1622054
1622055
1622056
1622057
1622058
1622059
1622060
1622061
1622062
1622063
1622064
1622065
1622066
1622067
1622068
1622069
1622070
1622071
1622072
1622073
1622074
1622075
1622076
1622077
1622078
1622079
1622080
1622081
1622082
1622083
1622084
1622085
1622086
1622087
1622088
1622089
1622090
1622091
1622092
1622093
1622094
1622095
1622096
1622097
1622098
1622099
1623000
1623001
1623002
1623003
1623004
1623005
1623006
1623007
1623008
1623009
1623010
1623011
1623012
1623013
1623014
1623015
1623016
1623017
1623018
1623019
1623020
1623021
1623022
1623023
1623024
1623025
1623026
1623027
1623028
1623029
1623030
1623031
1623032
1623033
1623034
1623035
1623036
1623037
1623038
1623039
1623040
1623041
1623042
1623043
1623044
1623045
1623046
1623047
1623048
1623049
1623050
1623051
1623052
1623053
1623054
1623055
1623056
1623057
1623058
1623059
1623060
1623061
1623062
1623063
1623064
1623065
1623066
1623067
1623068
1623069
1623070
1623071
1623072
1623073
1623074
1623075
1623076
1623077
1623078
1623079
1623080
1623081
1623082
1623083
1623084
1623085
1623086
1623087
1623088
1623089
1623090
1623091
1623092
1623093
1623094
1623095
1623096
1623097
1623098
1623099
1624000
1624001
1624002
1624003
1624004
1624005
1624006
1624007
1624008
1624009
1624010
1624011
1624012
1624013
1624014
1624015
1624016
1624017
1624018
1624019
1624020
1624021
1624022
1624023
1624024
1624025
1624026
1624027
1624028
1624029
1624030
1624031
1624032
1624033
1624034
1624035
1624036
1624037
1624038
1624039
1624040
1624041
1624042
1624043
1624044
1624045
1624046
1624047
1624048
1624049
1624050
1624051
1624052
1624053
1624054
1624055
1624056
1624057
1624058
1624059
1624060
1624061
1624062
1624063
1624064
1624065
1624066
1624067
1624068
1624069
1624070
1624071
1624072
1624073
1624074
1624075
1624076
1624077
1624078
1624079
1624080
1624081
1624082
1624083
1624084
1624085
1624086
1624087
1624088
1624089
1624090
1624091
1624092
1624093
1624094
1624095
1624096
1624097
1624098
1624099
1625000
1625001
1625002
1625003
1625004
1625005
1625006
1625007
1625008
1625009
1625010
1625011
1625012
1625013
1625014
1625015
1625016
1625017
1625018
1625019
1625020
1625021
1625022
1625023
1625024
1625025
1625026
1625027
1625028
1625029
1625030
1625031
1625032
1625033
1625034
1625035
1625036
1625037
1625038
1625039
1625040
1625041
1625042
1625043
1625044
1625045
1625046
1625047
1625048
1625049
1625050
1625051
1625052
1625053
1625054
1625055
1625056
1625057
1625058
1625059
1625060
1625061
1625062
1625063
1625064
1625065
1625066
1625067
1625068
1625069
1625070
1625071
1625072
1625073
1625074
1625075
1625076
1625077
1625078
1625079
1625080
1625081
1625082
1625083
1625084
1625085
1625086
1625087
1625088
1625089
1625090
1625091
1625092
1625093
1625094
1625095
1625096
1625097
1625098
1625099
1626000
1626001
1626002
1626003
1626004
1626005
1626006
1626007
1626008
1626009
1626010
1626011
1626012
1626013
1626014
1626015
1626016
1626017
1626018
1626019
1626020
1626021
1626022
1626023
1626024
1626025
1626026
1626027
1626028
1626029
1626030
1626031
1626032
1626033
1626034
1626035
1626036
1626037
1626038
1626039
1626040
1626041
1626042
1626043
1626044
1626045
1626046
1626047
1626048
1626049
1626050
1626051
1626052
1626053
1626054
1626055
1626056
1626057
1626058
1626059
1626060
1626061
1626062
1626063
1626064
1626065
1626066
1626067
1626068
1626069
1626070
1626071
1626072
1626073
1626074
1626075
1626076
1626077
1626078
1626079
1626080
1626081
1626082
1626083
1626084
1626085
1626086
1626087
1626088
1626089
1626090
1626091
1626092
1626093
1626094
1626095
1626096
1626097
1626098
1626099
1627000
1627001
1627002
1627003
1627004
1627005
1627006
1627007
1627008
1627009
1627010
1627011
1627012
1627013
1627014
1627015
1627016
1627017
1627018
1627019
1627020
1627021
1627022
1627023
1627024
1627025
1627026
1627027
1627028
1627029
1627030
1627031
1627032
1627033
1627034
1627035
1627036
1627037
1627038
1627039
1627040
1627041
1627042
1627043
1627044
1627045
1627046
1627047
1627048
1627049
1627050
1627051
1627052
1627053
1627054
1627055
1627056
1627057
1627058
1627059
1627060
1627061
1627062
1627063
1627064
1627065
1627066
1627067
1627068
1627069
1627070
1627071
1627072
1627073
1627074
1627075
1627076
1627077
1627078
1627079
1627080
1627081
1627082
1627083
1627084
1627085
1627086
1627087
1627088
1627089
1627090
1627091
1627092
1627093
1627094
1627095
1627096
1627097
1627098
1627099
1628000
1628001
1628002
1628003
1628004
1628005
1628006
1628007
1628008
1628009
1628010
1628011
1628012
1628013
1628014
1628015
1628016
1628017
1628018
1628019
1628020
1628021
1628022
1628023
1628024
1628025
1628026
1628027
1628028
1628029
1628030
1628031
1628032
1628033
1628034
1628035
1628036
1628037
1628038
1628039
1628040
1628041
1628042
1628043
1628044
1628045
1628046
1628047
1628048
1628049
1628050
1628051
1628052
1628053
1628054
1628055
1628056
1628057
1628058
1628059
1628060
1628061
1628062
1628063
1628064
1628065
1628066
1628067
1628068
1628069
1628070
1628071
1628072
1628073
1628074
1628075
1628076
1628077
1628078
1628079
1628080
1628081
1628082
1628083
1628084
1628085
1628086
1628087
1628088
1628089
1628090
1628091
1628092
1628093
1628094
1628095
1628096
1628097
1628098
1628099
1629000
1629001
1629002
1629003
1629004
1629005
1629006
1629007
1629008
1629009
1629010
1629011
1629012
1629013
1629014
1629015
1629016
1629017
1629018
1629019
1629020
1629021
1629022
1629023
1629024
1629025
1629026
1629027
1629028
1629029
1629030
1629031
1629032
1629033
1629034
1629035
1629036
1629037
1629038
1629039
1629040
1629041
1629042
1629043
1629044
1629045
1629046
1629047
1629048
1629049
1629050
1629051
1629052
1629053
1629054
1629055
1629056
1629057
1629058
1629059
1629060
1629061
1629062
1629063
1629064
1629065
1629066
1629067
1629068
1629069
1629070
1629071
1629072
1629073
1629074
1629075
1629076
1629077
1629078
1629079
1629080
1629081
1629082
1629083
1629084
1629085
1629086
1629087
1629088
1629089
1629090
1629091
1629092
1629093
1629094
1629095
1629096
1629097
1629098
1629099
1630000
1630001
1630002
1630003
1630004
1630005
1630006
1630007
1630008
1630009
1630010
1630011
1630012
1630013
1630014
1630015
1630016
1630017
1630018
1630019
1630020
1630021
1630022
1630023
1630024
1630025
1630026
1630027
1630028
1630029
1630030
1630031
1630032
1630033
1630034
1630035
1630036
1630037
1630038
1630039
1630040
1630041
1630042
1630043
1630044
1630045
1630046
1630047
1630048
1630049
1630050
1630051
1630052
1630053
1630054
1630055
1630056
1630057
1630058
1630059
1630060
1630061
1630062
1630063
1630064
1630065
1630066
1630067
1630068
1630069
1630070
1630071
1630072
1630073
1630074
1630075
1630076
1630077
1630078
1630079
1630080
1630081
1630082
1630083
1630084
1630085
1630086
1630087
1630088
1630089
1630090
1630091
1630092
1630093
1630094
1630095
1630096
1630097
1630098
1630099
1631000
1631001
1631002
1631003
1631004
1631005
1631006
1631007
1631008
1631009
1631010
1631011
1631012
1631013
1631014
1631015
1631016
1631017
1631018
1631019
1631020
1631021
1631022
1631023
1631024
1631025
1631026
1631027
1631028
1631029
1631030
1631031
1631032
1631033
1631034
1631035
1631036
1631037
1631038
1631039
1631040
1631041
1631042
1631043
1631044
1631045
1631046
1631047
1631048
1631049
1631050
1631051
1631052
1631053
1631054
1631055
1631056
1631057
1631058
1631059
1631060
1631061
1631062
1631063
1631064
1631065
1631066
1631067
1631068
1631069
1631070
1631071
1631072
1631073
1631074
1631075
1631076
1631077
1631078
1631079
1631080
1631081
1631082
1631083
1631084
1631085
1631086
1631087
1631088
1631089
1631090
1631091
1631092
1631093
1631094
1631095
1631096
1631097
1631098
1631099
1632000
1632001
1632002
1632003
1632004
1632005
1632006
1632007
1632008
1632009
1632010
1632011
1632012
1632013
1632014
1632015
1632016
1632017
1632018
1632019
1632020
1632021
1632022
1632023
1632024
1632025
1632026
1632027
1632028
1632029
1632030
1632031
1632032
1632033
1632034
1632035
1632036
1632037
1632038
1632039
1632040
1632041
1632042
1632043
1632044
1632045
1632046
1632047
1632048
1632049
1632050
1632051
1632052
1632053
1632054
1632055
1632056
1632057
1632058
1632059
1632060
1632061
1632062
1632063
1632064
1632065
1632066
1632067
1632068
1632069
1632070
1632071
1632072
1632073
1632074
1632075
1632076
1632077
1632078
1632079
1632080
1632081
1632082
1632083
1632084
1632085
1632086
1632087
1632088
1632089
1632090
1632091
1632092
1632093
1632094
1632095
1632096
1632097
1632098
1632099
1633000
1633001
1633002
1633003
1633004
1633005
1633006
1633007
1633008
1633009
1633010
1633011
1633012
1633013
1633014
1633015
1633016
1633017
1633018
1633019
1633020
1633021
1633022
1633023
1633024
1633025
1633026
1633027
1633028
1633029
1633030
1633031
1633032
1633033
1633034
1633035
1633036
1633037
1633038
1633039
1633040
1633041
1633042
1633043
1633044
1633045
1633046
1633047
1633048
1633049
1633050
1633051
1633052
1633053
1633054
1633055
1633056
1633057
1633058
1633059
1633060
1633061
1633062
1633063
1633064
1633065
1633066
1633067
1633068
1633069
1633070
1633071
1633072
1633073
1633074
1633075
1633076
1633077
1633078
1633079
1633080
1633081
1633082
1633083
1633084
1633085
1633086
1633087
1633088
1633089
1633090
1633091
1633092
1633093
1633094
1633095
1633096
1633097
1633098
1633099
1634000
1634001
1634002
1634003
1634004
1634005
1634006
1634007
1634008
1634009
1634010
1634011
1634012
1634013
1634014
1634015
1634016
1634017
1634018
1634019
1634020
1634021
1634022
1634023
1634024
1634025
1634026
1634027
1634028
1634029
1634030
1634031
1634032
1634033
1634034
1634035
1634036
1634037
1634038
1634039
1634040
1634041
1634042
1634043
1634044
1634045
1634046
1634047
1634048
1634049
1634050
1634051
1634052
1634053
1634054
1634055
1634056
1634057
1634058
1634059
1634060
1634061
1634062
1634063
1634064
1634065
1634066
1634067
1634068
1634069
1634070
1634071
1634072
1634073
1634074
1634075
1634076
1634077
1634078
1634079
1634080
1634081
1634082
1634083
1634084
1634085
1634086
1634087
1634088
1634089
1634090
1634091
1634092
1634093
1634094
1634095
1634096
1634097
1634098
1634099
1635000
1635001
1635002
1635003
1635004
1635005
1635006
1635007
1635008
1635009
1635010
1635011
1635012
1635013
1635014
1635015
1635016
1635017
1635018
1635019
1635020
1635021
1635022
1635023
1635024
1635025
1635026
1635027
1635028
1635029
1635030
1635031
1635032
1635033
1635034
1635035
1635036
1635037
1635038
1635039
1635040
1635041
1635042
1635043
1635044
1635045
1635046
1635047
1635048
1635049
1635050
1635051
1635052
1635053
1635054
1635055
1635056
1635057
1635058
1635059
1635060
1635061
1635062
1635063
1635064
1635065
1635066
1635067
1635068
1635069
1635070
1635071
1635072
1635073
1635074
1635075
1635076
1635077
1635078
1635079
1635080
1635081
1635082
1635083
1635084
1635085
1635086
1635087
1635088
1635089
1635090
1635091
1635092
1635093
1635094
1635095
1635096
1635097
1635098
1635099
1636000
1636001
1636002
1636003
1636004
1636005
1636006
1636007
1636008
1636009
1636010
1636011
1636012
1636013
1636014
1636015
1636016
1636017
1636018
1636019
1636020
1636021
1636022
1636023
1636024
1636025
1636026
1636027
1636028
1636029
1636030
1636031
1636032
1636033
1636034
1636035
1636036
1636037
1636038
1636039
1636040
1636041
1636042
1636043
1636044
1636045
1636046
1636047
1636048
1636049
1636050
1636051
1636052
1636053
1636054
1636055
1636056
1636057
1636058
1636059
1636060
1636061
1636062
1636063
1636064
1636065
1636066
1636067
1636068
1636069
1636070
1636071
1636072
1636073
1636074
1636075
1636076
1636077
1636078
1636079
1636080
1636081
1636082
1636083
1636084
1636085
1636086
1636087
1636088
1636089
1636090
1636091
1636092
1636093
1636094
1636095
1636096
1636097
1636098
1636099
1637000
1637001
1637002
1637003
1637004
1637005
1637006
1637007
1637008
1637009
1637010
1637011
1637012
1637013
1637014
1637015
1637016
1637017
1637018
1637019
1637020
1637021
1637022
1637023
1637024
1637025
1637026
1637027
1637028
1637029
1637030
1637031
1637032
1637033
1637034
1637035
1637036
1637037
1637038
1637039
1637040
1637041
1637042
1637043
1637044
1637045
1637046
1637047
1637048
1637049
1637050
1637051
1637052
1637053
1637054
1637055
1637056
1637057
1637058
1637059
1637060
1637061
1637062
1637063
1637064
1637065
1637066
1637067
1637068
1637069
1637070
1637071
1637072
1637073
1637074
1637075
1637076
1637077
1637078
1637079
1637080
1637081
1637082
1637083
1637084
1637085
1637086
1637087
1637088
1637089
1637090
1637091
1637092
1637093
1637094
1637095
1637096
1637097
1637098
1637099
1638000
1638001
1638002
1638003
1638004
1638005
1638006
1638007
1638008
1638009
1638010
1638011
1638012
1638013
1638014
1638015
1638016
1638017
1638018
1638019
1638020
1638021
1638022
1638023
1638024
1638025
1638026
1638027
1638028
1638029
1638030
1638031
1638032
1638033
1638034
1638035
1638036
1638037
1638038
1638039
1638040
1638041
1638042
1638043
1638044
1638045
1638046
1638047
1638048
1638049
1638050
1638051
1638052
1638053
1638054
1638055
1638056
1638057
1638058
1638059
1638060
1638061
1638062
1638063
1638064
1638065
1638066
1638067
1638068
1638069
1638070
1638071
1638072
1638073
1638074
1638075
1638076
1638077
1638078
1638079
1638080
1638081
1638082
1638083
1638084
1638085
1638086
1638087
1638088
1638089
1638090
1638091
1638092
1638093
1638094
1638095
1638096
1638097
1638098
1638099
1639000
1639001
1639002
1639003
1639004
1639005
1639006
1639007
1639008
1639009
1639010
1639011
1639012
1639013
1639014
1639015
1639016
1639017
1639018
1639019
1639020
1639021
1639022
1639023
1639024
1639025
1639026
1639027
1639028
1639029
1639030
1639031
1639032
1639033
1639034
1639035
1639036
1639037
1639038
1639039
1639040
1639041
1639042
1639043
1639044
1639045
1639046
1639047
1639048
1639049
1639050
1639051
1639052
1639053
1639054
1639055
1639056
1639057
1639058
1639059
1639060
1639061
1639062
1639063
1639064
1639065
1639066
1639067
1639068
1639069
1639070
1639071
1639072
1639073
1639074
1639075
1639076
1639077
1639078
1639079
1639080
1639081
1639082
1639083
1639084
1639085
1639086
1639087
1639088
1639089
1639090
1639091
1639092
1639093
1639094
1639095
1639096
1639097
1639098
1639099
1640000
1640001
1640002
1640003
1640004
1640005
1640006
1640007
1640008
1640009
1640010
1640011
1640012
1640013
1640014
1640015
1640016
1640017
1640018
1640019
1640020
1640021
1640022
1640023
1640024
1640025
1640026
1640027
1640028
1640029
1640030
1640031
1640032
1640033
1640034
1640035
1640036
1640037
1640038
1640039
1640040
1640041
1640042
1640043
1640044
1640045
1640046
1640047
1640048
1640049
1640050
1640051
1640052
1640053
1640054
1640055
1640056
1640057
1640058
1640059
1640060
1640061
1640062
1640063
1640064
1640065
1640066
1640067
1640068
1640069
1640070
1640071
1640072
1640073
1640074
1640075
1640076
1640077
1640078
1640079
1640080
1640081
1640082
1640083
1640084
1640085
1640086
1640087
1640088
1640089
1640090
1640091
1640092
1640093
1640094
1640095
1640096
1640097
1640098
1640099
1641000
1641001
1641002
1641003
1641004
1641005
1641006
1641007
1641008
1641009
1641010
1641011
1641012
1641013
1641014
1641015
1641016
1641017
1641018
1641019
1641020
1641021
1641022
1641023
1641024
1641025
1641026
1641027
1641028
1641029
1641030
1641031
1641032
1641033
1641034
1641035
1641036
1641037
1641038
1641039
1641040
1641041
1641042
1641043
1641044
1641045
1641046
1641047
1641048
1641049
1641050
1641051
1641052
1641053
1641054
1641055
1641056
1641057
1641058
1641059
1641060
1641061
1641062
1641063
1641064
1641065
1641066
1641067
1641068
1641069
1641070
1641071
1641072
1641073
1641074
1641075
1641076
1641077
1641078
1641079
1641080
1641081
1641082
1641083
1641084
1641085
1641086
1641087
1641088
1641089
1641090
1641091
1641092
1641093
1641094
1641095
1641096
1641097
1641098
1641099
1642000
1642001
1642002
1642003
1642004
1642005
1642006
1642007
1642008
1642009
1642010
1642011
1642012
1642013
1642014
1642015
1642016
1642017
1642018
1642019
1642020
1642021
1642022
1642023
1642024
1642025
1642026
1642027
1642028
1642029
1642030
1642031
1642032
1642033
1642034
1642035
1642036
1642037
1642038
1642039
1642040
1642041
1642042
1642043
1642044
1642045
1642046
1642047
1642048
1642049
1642050
1642051
1642052
1642053
1642054
1642055
1642056
1642057
1642058
1642059
1642060
1642061
1642062
1642063
1642064
1642065
1642066
1642067
1642068
1642069
1642070
1642071
1642072
1642073
1642074
1642075
1642076
1642077
1642078
1642079
1642080
1642081
1642082
1642083
1642084
1642085
1642086
1642087
1642088
1642089
1642090
1642091
1642092
1642093
1642094
1642095
1642096
1642097
1642098
1642099
1643000
1643001
1643002
1643003
1643004
1643005
1643006
1643007
1643008
1643009
1643010
1643011
1643012
1643013
1643014
1643015
1643016
1643017
1643018
1643019
1643020
1643021
1643022
1643023
1643024
1643025
1643026
1643027
1643028
1643029
1643030
1643031
1643032
1643033
1643034
1643035
1643036
1643037
1643038
1643039
1643040
1643041
1643042
1643043
1643044
1643045
1643046
1643047
1643048
1643049
1643050
1643051
1643052
1643053
1643054
1643055
1643056
1643057
1643058
1643059
1643060
1643061
1643062
1643063
1643064
1643065
1643066
1643067
1643068
1643069
1643070
1643071
1643072
1643073
1643074
1643075
1643076
1643077
1643078
1643079
1643080
1643081
1643082
1643083
1643084
1643085
1643086
1643087
1643088
1643089
1643090
1643091
1643092
1643093
1643094
1643095
1643096
1643097
1643098
1643099
1644000
1644001
1644002
1644003
1644004
1644005
1644006
1644007
1644008
1644009
1644010
1644011
1644012
1644013
1644014
1644015
1644016
1644017
1644018
1644019
1644020
1644021
1644022
1644023
1644024
1644025
1644026
1644027
1644028
1644029
1644030
1644031
1644032
1644033
1644034
1644035
1644036
1644037
1644038
1644039
1644040
1644041
1644042
1644043
1644044
1644045
1644046
1644047
1644048
1644049
1644050
1644051
1644052
1644053
1644054
1644055
1644056
1644057
1644058
1644059
1644060
1644061
1644062
1644063
1644064
1644065
1644066
1644067
1644068
1644069
1644070
1644071
1644072
1644073
1644074
1644075
1644076
1644077
1644078
1644079
1644080
1644081
1644082
1644083
1644084
1644085
1644086
1644087
1644088
1644089
1644090
1644091
1644092
1644093
1644094
1644095
1644096
1644097
1644098
1644099
1645000
1645001
1645002
1645003
1645004
1645005
1645006
1645007
1645008
1645009
1645010
1645011
1645012
1645013
1645014
1645015
1645016
1645017
1645018
1645019
1645020
1645021
1645022
1645023
1645024
1645025
1645026
1645027
1645028
1645029
1645030
1645031
1645032
1645033
1645034
1645035
1645036
1645037
1645038
1645039
1645040
1645041
1645042
1645043
1645044
1645045
1645046
1645047
1645048
1645049
1645050
1645051
1645052
1645053
1645054
1645055
1645056
1645057
1645058
1645059
1645060
1645061
1645062
1645063
1645064
1645065
1645066
1645067
1645068
1645069
1645070
1645071
1645072
1645073
1645074
1645075
1645076
1645077
1645078
1645079
1645080
1645081
1645082
1645083
1645084
1645085
1645086
1645087
1645088
1645089
1645090
1645091
1645092
1645093
1645094
1645095
1645096
1645097
1645098
1645099
1646000
1646001
1646002
1646003
1646004
1646005
1646006
1646007
1646008
1646009
1646010
1646011
1646012
1646013
1646014
1646015
1646016
1646017
1646018
1646019
1646020
1646021
1646022
1646023
1646024
1646025
1646026
1646027
1646028
1646029
1646030
1646031
1646032
1646033
1646034
1646035
1646036
1646037
1646038
1646039
1646040
1646041
1646042
1646043
1646044
1646045
1646046
1646047
1646048
1646049
1646050
1646051
1646052
1646053
1646054
1646055
1646056
1646057
1646058
1646059
1646060
1646061
1646062
1646063
1646064
1646065
1646066
1646067
1646068
1646069
1646070
1646071
1646072
1646073
1646074
1646075
1646076
1646077
1646078
1646079
1646080
1646081
1646082
1646083
1646084
1646085
1646086
1646087
1646088
1646089
1646090
1646091
1646092
1646093
1646094
1646095
1646096
1646097
1646098
1646099
1647000
1647001
1647002
1647003
1647004
1647005
1647006
1647007
1647008
1647009
1647010
1647011
1647012
1647013
1647014
1647015
1647016
1647017
1647018
1647019
1647020
1647021
1647022
1647023
1647024
1647025
1647026
1647027
1647028
1647029
1647030
1647031
1647032
1647033
1647034
1647035
1647036
1647037
1647038
1647039
1647040
1647041
1647042
1647043
1647044
1647045
1647046
1647047
1647048
1647049
1647050
1647051
1647052
1647053
1647054
1647055
1647056
1647057
1647058
1647059
1647060
1647061
1647062
1647063
1647064
1647065
1647066
1647067
1647068
1647069
1647070
1647071
1647072
1647073
1647074
1647075
1647076
1647077
1647078
1647079
1647080
1647081
1647082
1647083
1647084
1647085
1647086
1647087
1647088
1647089
1647090
1647091
1647092
1647093
1647094
1647095
1647096
1647097
1647098
1647099
1648000
1648001
1648002
1648003
1648004
1648005
1648006
1648007
1648008
1648009
1648010
1648011
1648012
1648013
1648014
1648015
1648016
1648017
1648018
1648019
1648020
1648021
1648022
1648023
1648024
1648025
1648026
1648027
1648028
1648029
1648030
1648031
1648032
1648033
1648034
1648035
1648036
1648037
1648038
1648039
1648040
1648041
1648042
1648043
1648044
1648045
1648046
1648047
1648048
1648049
1648050
1648051
1648052
1648053
1648054
1648055
1648056
1648057
1648058
1648059
1648060
1648061
1648062
1648063
1648064
1648065
1648066
1648067
1648068
1648069
1648070
1648071
1648072
1648073
1648074
1648075
1648076
1648077
1648078
1648079
1648080
1648081
1648082
1648083
1648084
1648085
1648086
1648087
1648088
1648089
1648090
1648091
1648092
1648093
1648094
1648095
1648096
1648097
1648098
1648099
1649000
1649001
1649002
1649003
1649004
1649005
1649006
1649007
1649008
1649009
1649010
1649011
1649012
1649013
1649014
1649015
1649016
1649017
1649018
1649019
1649020
1649021
1649022
1649023
1649024
1649025
1649026
1649027
1649028
1649029
1649030
1649031
1649032
1649033
1649034
1649035
1649036
1649037
1649038
1649039
1649040
1649041
1649042
1649043
1649044
1649045
1649046
1649047
1649048
1649049
1649050
1649051
1649052
1649053
1649054
1649055
1649056
1649057
1649058
1649059
1649060
1649061
1649062
1649063
1649064
1649065
1649066
1649067
1649068
1649069
1649070
1649071
1649072
1649073
1649074
1649075
1649076
1649077
1649078
1649079
1649080
1649081
1649082
1649083
1649084
1649085
1649086
1649087
1649088
1649089
1649090
1649091
1649092
1649093
1649094
1649095
1649096
1649097
1649098
1649099
1650000
1650001
1650002
1650003
1650004
1650005
1650006
1650007
1650008
1650009
1650010
1650011
1650012
1650013
1650014
1650015
1650016
1650017
1650018
1650019
1650020
1650021
1650022
1650023
1650024
1650025
1650026
1650027
1650028
1650029
1650030
1650031
1650032
1650033
1650034
1650035
1650036
1650037
1650038
1650039
1650040
1650041
1650042
1650043
1650044
1650045
1650046
1650047
1650048
1650049
1650050
1650051
1650052
1650053
1650054
1650055
1650056
1650057
1650058
1650059
1650060
1650061
1650062
1650063
1650064
1650065
1650066
1650067
1650068
1650069
1650070
1650071
1650072
1650073
1650074
1650075
1650076
1650077
1650078
1650079
1650080
1650081
1650082
1650083
1650084
1650085
1650086
1650087
1650088
1650089
1650090
1650091
1650092
1650093
1650094
1650095
1650096
1650097
1650098
1650099
1651000
1651001
1651002
1651003
1651004
1651005
1651006
1651007
1651008
1651009
1651010
1651011
1651012
1651013
1651014
1651015
1651016
1651017
1651018
1651019
1651020
1651021
1651022
1651023
1651024
1651025
1651026
1651027
1651028
1651029
1651030
1651031
1651032
1651033
1651034
1651035
1651036
1651037
1651038
1651039
1651040
1651041
1651042
1651043
1651044
1651045
1651046
1651047
1651048
1651049
1651050
1651051
1651052
1651053
1651054
1651055
1651056
1651057
1651058
1651059
1651060
1651061
1651062
1651063
1651064
1651065
1651066
1651067
1651068
1651069
1651070
1651071
1651072
1651073
1651074
1651075
1651076
1651077
1651078
1651079
1651080
1651081
1651082
1651083
1651084
1651085
1651086
1651087
1651088
1651089
1651090
1651091
1651092
1651093
1651094
1651095
1651096
1651097
1651098
1651099
1652000
1652001
1652002
1652003
1652004
1652005
1652006
1652007
1652008
1652009
1652010
1652011
1652012
1652013
1652014
1652015
1652016
1652017
1652018
1652019
1652020
1652021
1652022
1652023
1652024
1652025
1652026
1652027
1652028
1652029
1652030
1652031
1652032
1652033
1652034
1652035
1652036
1652037
1652038
1652039
1652040
1652041
1652042
1652043
1652044
1652045
1652046
1652047
1652048
1652049
1652050
1652051
1652052
1652053
1652054
1652055
1652056
1652057
1652058
1652059
1652060
1652061
1652062
1652063
1652064
1652065
1652066
1652067
1652068
1652069
1652070
1652071
1652072
1652073
1652074
1652075
1652076
1652077
1652078
1652079
1652080
1652081
1652082
1652083
1652084
1652085
1652086
1652087
1652088
1652089
1652090
1652091
1652092
1652093
1652094
1652095
1652096
1652097
1652098
1652099
1653000
1653001
1653002
1653003
1653004
1653005
1653006
1653007
1653008
1653009
1653010
1653011
1653012
1653013
1653014
1653015
1653016
1653017
1653018
1653019
1653020
1653021
1653022
1653023
1653024
1653025
1653026
1653027
1653028
1653029
1653030
1653031
1653032
1653033
1653034
1653035
1653036
1653037
1653038
1653039
1653040
1653041
1653042
1653043
1653044
1653045
1653046
1653047
1653048
1653049
1653050
1653051
1653052
1653053
1653054
1653055
1653056
1653057
1653058
1653059
1653060
1653061
1653062
1653063
1653064
1653065
1653066
1653067
1653068
1653069
1653070
1653071
1653072
1653073
1653074
1653075
1653076
1653077
1653078
1653079
1653080
1653081
1653082
1653083
1653084
1653085
1653086
1653087
1653088
1653089
1653090
1653091
1653092
1653093
1653094
1653095
1653096
1653097
1653098
1653099
1654000
1654001
1654002
1654003
1654004
1654005
1654006
1654007
1654008
1654009
1654010
1654011
1654012
1654013
1654014
1654015
1654016
1654017
1654018
1654019
1654020
1654021
1654022
1654023
1654024
1654025
1654026
1654027
1654028
1654029
1654030
1654031
1654032
1654033
1654034
1654035
1654036
1654037
1654038
1654039
1654040
1654041
1654042
1654043
1654044
1654045
1654046
1654047
1654048
1654049
1654050
1654051
1654052
1654053
1654054
1654055
1654056
1654057
1654058
1654059
1654060
1654061
1654062
1654063
1654064
1654065
1654066
1654067
1654068
1654069
1654070
1654071
1654072
1654073
1654074
1654075
1654076
1654077
1654078
1654079
1654080
1654081
1654082
1654083
1654084
1654085
1654086
1654087
1654088
1654089
1654090
1654091
1654092
1654093
1654094
1654095
1654096
1654097
1654098
1654099
1655000
1655001
1655002
1655003
1655004
1655005
1655006
1655007
1655008
1655009
1655010
1655011
1655012
1655013
1655014
1655015
1655016
1655017
1655018
1655019
1655020
1655021
1655022
1655023
1655024
1655025
1655026
1655027
1655028
1655029
1655030
1655031
1655032
1655033
1655034
1655035
1655036
1655037
1655038
1655039
1655040
1655041
1655042
1655043
1655044
1655045
1655046
1655047
1655048
1655049
1655050
1655051
1655052
1655053
1655054
1655055
1655056
1655057
1655058
1655059
1655060
1655061
1655062
1655063
1655064
1655065
1655066
1655067
1655068
1655069
1655070
1655071
1655072
1655073
1655074
1655075
1655076
1655077
1655078
1655079
1655080
1655081
1655082
1655083
1655084
1655085
1655086
1655087
1655088
1655089
1655090
1655091
1655092
1655093
1655094
1655095
1655096
1655097
1655098
1655099
1656000
1656001
1656002
1656003
1656004
1656005
1656006
1656007
1656008
1656009
1656010
1656011
1656012
1656013
1656014
1656015
1656016
1656017
1656018
1656019
1656020
1656021
1656022
1656023
1656024
1656025
1656026
1656027
1656028
1656029
1656030
1656031
1656032
1656033
1656034
1656035
1656036
1656037
1656038
1656039
1656040
1656041
1656042
1656043
1656044
1656045
1656046
1656047
1656048
1656049
1656050
1656051
1656052
1656053
1656054
1656055
1656056
1656057
1656058
1656059
1656060
1656061
1656062
1656063
1656064
1656065
1656066
1656067
1656068
1656069
1656070
1656071
1656072
1656073
1656074
1656075
1656076
1656077
1656078
1656079
1656080
1656081
1656082
1656083
1656084
1656085
1656086
1656087
1656088
1656089
1656090
1656091
1656092
1656093
1656094
1656095
1656096
1656097
1656098
1656099
1657000
1657001
1657002
1657003
1657004
1657005
1657006
1657007
1657008
1657009
1657010
1657011
1657012
1657013
1657014
1657015
1657016
1657017
1657018
1657019
1657020
1657021
1657022
1657023
1657024
1657025
1657026
1657027
1657028
1657029
1657030
1657031
1657032
1657033
1657034
1657035
1657036
1657037
1657038
1657039
1657040
1657041
1657042
1657043
1657044
1657045
1657046
1657047
1657048
1657049
1657050
1657051
1657052
1657053
1657054
1657055
1657056
1657057
1657058
1657059
1657060
1657061
1657062
1657063
1657064
1657065
1657066
1657067
1657068
1657069
1657070
1657071
1657072
1657073
1657074
1657075
1657076
1657077
1657078
1657079
1657080
1657081
1657082
1657083
1657084
1657085
1657086
1657087
1657088
1657089
1657090
1657091
1657092
1657093
1657094
1657095
1657096
1657097
1657098
1657099
1658000
1658001
1658002
1658003
1658004
1658005
1658006
1658007
1658008
1658009
1658010
1658011
1658012
1658013
1658014
1658015
1658016
1658017
1658018
1658019
1658020
1658021
1658022
1658023
1658024
1658025
1658026
1658027
1658028
1658029
1658030
1658031
1658032
1658033
1658034
1658035
1658036
1658037
1658038
1658039
1658040
1658041
1658042
1658043
1658044
1658045
1658046
1658047
1658048
1658049
1658050
1658051
1658052
1658053
1658054
1658055
1658056
1658057
1658058
1658059
1658060
1658061
1658062
1658063
1658064
1658065
1658066
1658067
1658068
1658069
1658070
1658071
1658072
1658073
1658074
1658075
1658076
1658077
1658078
1658079
1658080
1658081
1658082
1658083
1658084
1658085
1658086
1658087
1658088
1658089
1658090
1658091
1658092
1658093
1658094
1658095
1658096
1658097
1658098
1658099
1659000
1659001
1659002
1659003
1659004
1659005
1659006
1659007
1659008
1659009
1659010
1659011
1659012
1659013
1659014
1659015
1659016
1659017
1659018
1659019
1659020
1659021
1659022
1659023
1659024
1659025
1659026
1659027
1659028
1659029
1659030
1659031
1659032
1659033
1659034
1659035
1659036
1659037
1659038
1659039
1659040
1659041
1659042
1659043
1659044
1659045
1659046
1659047
1659048
1659049
1659050
1659051
1659052
1659053
1659054
1659055
1659056
1659057
1659058
1659059
1659060
1659061
1659062
1659063
1659064
1659065
1659066
1659067
1659068
1659069
1659070
1659071
1659072
1659073
1659074
1659075
1659076
1659077
1659078
1659079
1659080
1659081
1659082
1659083
1659084
1659085
1659086
1659087
1659088
1659089
1659090
1659091
1659092
1659093
1659094
1659095
1659096
1659097
1659098
1659099
1660000
1660001
1660002
1660003
1660004
1660005
1660006
1660007
1660008
1660009
1660010
1660011
1660012
1660013
1660014
1660015
1660016
1660017
1660018
1660019
1660020
1660021
1660022
1660023
1660024
1660025
1660026
1660027
1660028
1660029
1660030
1660031
1660032
1660033
1660034
1660035
1660036
1660037
1660038
1660039
1660040
1660041
1660042
1660043
1660044
1660045
1660046
1660047
1660048
1660049
1660050
1660051
1660052
1660053
1660054
1660055
1660056
1660057
1660058
1660059
1660060
1660061
1660062
1660063
1660064
1660065
1660066
1660067
1660068
1660069
1660070
1660071
1660072
1660073
1660074
1660075
1660076
1660077
1660078
1660079
1660080
1660081
1660082
1660083
1660084
1660085
1660086
1660087
1660088
1660089
1660090
1660091
1660092
1660093
1660094
1660095
1660096
1660097
1660098
1660099
1661000
1661001
1661002
1661003
1661004
1661005
1661006
1661007
1661008
1661009
1661010
1661011
1661012
1661013
1661014
1661015
1661016
1661017
1661018
1661019
1661020
1661021
1661022
1661023
1661024
1661025
1661026
1661027
1661028
1661029
1661030
1661031
1661032
1661033
1661034
1661035
1661036
1661037
1661038
1661039
1661040
1661041
1661042
1661043
1661044
1661045
1661046
1661047
1661048
1661049
1661050
1661051
1661052
1661053
1661054
1661055
1661056
1661057
1661058
1661059
1661060
1661061
1661062
1661063
1661064
1661065
1661066
1661067
1661068
1661069
1661070
1661071
1661072
1661073
1661074
1661075
1661076
1661077
1661078
1661079
1661080
1661081
1661082
1661083
1661084
1661085
1661086
1661087
1661088
1661089
1661090
1661091
1661092
1661093
1661094
1661095
1661096
1661097
1661098
1661099
1662000
1662001
1662002
1662003
1662004
1662005
1662006
1662007
1662008
1662009
1662010
1662011
1662012
1662013
1662014
1662015
1662016
1662017
1662018
1662019
1662020
1662021
1662022
1662023
1662024
1662025
1662026
1662027
1662028
1662029
1662030
1662031
1662032
1662033
1662034
1662035
1662036
1662037
1662038
1662039
1662040
1662041
1662042
1662043
1662044
1662045
1662046
1662047
1662048
1662049
1662050
1662051
1662052
1662053
1662054
1662055
1662056
1662057
1662058
1662059
1662060
1662061
1662062
1662063
1662064
1662065
1662066
1662067
1662068
1662069
1662070
1662071
1662072
1662073
1662074
1662075
1662076
1662077
1662078
1662079
1662080
1662081
1662082
1662083
1662084
1662085
1662086
1662087
1662088
1662089
1662090
1662091
1662092
1662093
1662094
1662095
1662096
1662097
1662098
1662099
1663000
1663001
1663002
1663003
1663004
1663005
1663006
1663007
1663008
1663009
1663010
1663011
1663012
1663013
1663014
1663015
1663016
1663017
1663018
1663019
1663020
1663021
1663022
1663023
1663024
1663025
1663026
1663027
1663028
1663029
1663030
1663031
1663032
1663033
1663034
1663035
1663036
1663037
1663038
1663039
1663040
1663041
1663042
1663043
1663044
1663045
1663046
1663047
1663048
1663049
1663050
1663051
1663052
1663053
1663054
1663055
1663056
1663057
1663058
1663059
1663060
1663061
1663062
1663063
1663064
1663065
1663066
1663067
1663068
1663069
1663070
1663071
1663072
1663073
1663074
1663075
1663076
1663077
1663078
1663079
1663080
1663081
1663082
1663083
1663084
1663085
1663086
1663087
1663088
1663089
1663090
1663091
1663092
1663093
1663094
1663095
1663096
1663097
1663098
1663099
1664000
1664001
1664002
1664003
1664004
1664005
1664006
1664007
1664008
1664009
1664010
1664011
1664012
1664013
1664014
1664015
1664016
1664017
1664018
1664019
1664020
1664021
1664022
1664023
1664024
1664025
1664026
1664027
1664028
1664029
1664030
1664031
1664032
1664033
1664034
1664035
1664036
1664037
1664038
1664039
1664040
1664041
1664042
1664043
1664044
1664045
1664046
1664047
1664048
1664049
1664050
1664051
1664052
1664053
1664054
1664055
1664056
1664057
1664058
1664059
1664060
1664061
1664062
1664063
1664064
1664065
1664066
1664067
1664068
1664069
1664070
1664071
1664072
1664073
1664074
1664075
1664076
1664077
1664078
1664079
1664080
1664081
1664082
1664083
1664084
1664085
1664086
1664087
1664088
1664089
1664090
1664091
1664092
1664093
1664094
1664095
1664096
1664097
1664098
1664099
1665000
1665001
1665002
1665003
1665004
1665005
1665006
1665007
1665008
1665009
1665010
1665011
1665012
1665013
1665014
1665015
1665016
1665017
1665018
1665019
1665020
1665021
1665022
1665023
1665024
1665025
1665026
1665027
1665028
1665029
1665030
1665031
1665032
1665033
1665034
1665035
1665036
1665037
1665038
1665039
1665040
1665041
1665042
1665043
1665044
1665045
1665046
1665047
1665048
1665049
1665050
1665051
1665052
1665053
1665054
1665055
1665056
1665057
1665058
1665059
1665060
1665061
1665062
1665063
1665064
1665065
1665066
1665067
1665068
1665069
1665070
1665071
1665072
1665073
1665074
1665075
1665076
1665077
1665078
1665079
1665080
1665081
1665082
1665083
1665084
1665085
1665086
1665087
1665088
1665089
1665090
1665091
1665092
1665093
1665094
1665095
1665096
1665097
1665098
1665099
1666000
1666001
1666002
1666003
1666004
1666005
1666006
1666007
1666008
1666009
1666010
1666011
1666012
1666013
1666014
1666015
1666016
1666017
1666018
1666019
1666020
1666021
1666022
1666023
1666024
1666025
1666026
1666027
1666028
1666029
1666030
1666031
1666032
1666033
1666034
1666035
1666036
1666037
1666038
1666039
1666040
1666041
1666042
1666043
1666044
1666045
1666046
1666047
1666048
1666049
1666050
1666051
1666052
1666053
1666054
1666055
1666056
1666057
1666058
1666059
1666060
1666061
1666062
1666063
1666064
1666065
1666066
1666067
1666068
1666069
1666070
1666071
1666072
1666073
1666074
1666075
1666076
1666077
1666078
1666079
1666080
1666081
1666082
1666083
1666084
1666085
1666086
1666087
1666088
1666089
1666090
1666091
1666092
1666093
1666094
1666095
1666096
1666097
1666098
1666099
1667000
1667001
1667002
1667003
1667004
1667005
1667006
1667007
1667008
1667009
1667010
1667011
1667012
1667013
1667014
1667015
1667016
1667017
1667018
1667019
1667020
1667021
1667022
1667023
1667024
1667025
1667026
1667027
1667028
1667029
1667030
1667031
1667032
1667033
1667034
1667035
1667036
1667037
1667038
1667039
1667040
1667041
1667042
1667043
1667044
1667045
1667046
1667047
1667048
1667049
1667050
1667051
1667052
1667053
1667054
1667055
1667056
1667057
1667058
1667059
1667060
1667061
1667062
1667063
1667064
1667065
1667066
1667067
1667068
1667069
1667070
1667071
1667072
1667073
1667074
1667075
1667076
1667077
1667078
1667079
1667080
1667081
1667082
1667083
1667084
1667085
1667086
1667087
1667088
1667089
1667090
1667091
1667092
1667093
1667094
1667095
1667096
1667097
1667098
1667099
1668000
1668001
1668002
1668003
1668004
1668005
1668006
1668007
1668008
1668009
1668010
1668011
1668012
1668013
1668014
1668015
1668016
1668017
1668018
1668019
1668020
1668021
1668022
1668023
1668024
1668025
1668026
1668027
1668028
1668029
1668030
1668031
1668032
1668033
1668034
1668035
1668036
1668037
1668038
1668039
1668040
1668041
1668042
1668043
1668044
1668045
1668046
1668047
1668048
1668049
1668050
1668051
1668052
1668053
1668054
1668055
1668056
1668057
1668058
1668059
1668060
1668061
1668062
1668063
1668064
1668065
1668066
1668067
1668068
1668069
1668070
1668071
1668072
1668073
1668074
1668075
1668076
1668077
1668078
1668079
1668080
1668081
1668082
1668083
1668084
1668085
1668086
1668087
1668088
1668089
1668090
1668091
1668092
1668093
1668094
1668095
1668096
1668097
1668098
1668099
1669000
1669001
1669002
1669003
1669004
1669005
1669006
1669007
1669008
1669009
1669010
1669011
1669012
1669013
1669014
1669015
1669016
1669017
1669018
1669019
1669020
1669021
1669022
1669023
1669024
1669025
1669026
1669027
1669028
1669029
1669030
1669031
1669032
1669033
1669034
1669035
1669036
1669037
1669038
1669039
1669040
1669041
1669042
1669043
1669044
1669045
1669046
1669047
1669048
1669049
1669050
1669051
1669052
1669053
1669054
1669055
1669056
1669057
1669058
1669059
1669060
1669061
1669062
1669063
1669064
1669065
1669066
1669067
1669068
1669069
1669070
1669071
1669072
1669073
1669074
1669075
1669076
1669077
1669078
1669079
1669080
1669081
1669082
1669083
1669084
1669085
1669086
1669087
1669088
1669089
1669090
1669091
1669092
1669093
1669094
1669095
1669096
1669097
1669098
1669099
1670000
1670001
1670002
1670003
1670004
1670005
1670006
1670007
1670008
1670009
1670010
1670011
1670012
1670013
1670014
1670015
1670016
1670017
1670018
1670019
1670020
1670021
1670022
1670023
1670024
1670025
1670026
1670027
1670028
1670029
1670030
1670031
1670032
1670033
1670034
1670035
1670036
1670037
1670038
1670039
1670040
1670041
1670042
1670043
1670044
1670045
1670046
1670047
1670048
1670049
1670050
1670051
1670052
1670053
1670054
1670055
1670056
1670057
1670058
1670059
1670060
1670061
1670062
1670063
1670064
1670065
1670066
1670067
1670068
1670069
1670070
1670071
1670072
1670073
1670074
1670075
1670076
1670077
1670078
1670079
1670080
1670081
1670082
1670083
1670084
1670085
1670086
1670087
1670088
1670089
1670090
1670091
1670092
1670093
1670094
1670095
1670096
1670097
1670098
1670099
1671000
1671001
1671002
1671003
1671004
1671005
1671006
1671007
1671008
1671009
1671010
1671011
1671012
1671013
1671014
1671015
1671016
1671017
1671018
1671019
1671020
1671021
1671022
1671023
1671024
1671025
1671026
1671027
1671028
1671029
1671030
1671031
1671032
1671033
1671034
1671035
1671036
1671037
1671038
1671039
1671040
1671041
1671042
1671043
1671044
1671045
1671046
1671047
1671048
1671049
1671050
1671051
1671052
1671053
1671054
1671055
1671056
1671057
1671058
1671059
1671060
1671061
1671062
1671063
1671064
1671065
1671066
1671067
1671068
1671069
1671070
1671071
1671072
1671073
1671074
1671075
1671076
1671077
1671078
1671079
1671080
1671081
1671082
1671083
1671084
1671085
1671086
1671087
1671088
1671089
1671090
1671091
1671092
1671093
1671094
1671095
1671096
1671097
1671098
1671099
1672000
1672001
1672002
1672003
1672004
1672005
1672006
1672007
1672008
1672009
1672010
1672011
1672012
1672013
1672014
1672015
1672016
1672017
1672018
1672019
1672020
1672021
1672022
1672023
1672024
1672025
1672026
1672027
1672028
1672029
1672030
1672031
1672032
1672033
1672034
1672035
1672036
1672037
1672038
1672039
1672040
1672041
1672042
1672043
1672044
1672045
1672046
1672047
1672048
1672049
1672050
1672051
1672052
1672053
1672054
1672055
1672056
1672057
1672058
1672059
1672060
1672061
1672062
1672063
1672064
1672065
1672066
1672067
1672068
1672069
1672070
1672071
1672072
1672073
1672074
1672075
1672076
1672077
1672078
1672079
1672080
1672081
1672082
1672083
1672084
1672085
1672086
1672087
1672088
1672089
1672090
1672091
1672092
1672093
1672094
1672095
1672096
1672097
1672098
1672099
1673000
1673001
1673002
1673003
1673004
1673005
1673006
1673007
1673008
1673009
1673010
1673011
1673012
1673013
1673014
1673015
1673016
1673017
1673018
1673019
1673020
1673021
1673022
1673023
1673024
1673025
1673026
1673027
1673028
1673029
1673030
1673031
1673032
1673033
1673034
1673035
1673036
1673037
1673038
1673039
1673040
1673041
1673042
1673043
1673044
1673045
1673046
1673047
1673048
1673049
1673050
1673051
1673052
1673053
1673054
1673055
1673056
1673057
1673058
1673059
1673060
1673061
1673062
1673063
1673064
1673065
1673066
1673067
1673068
1673069
1673070
1673071
1673072
1673073
1673074
1673075
1673076
1673077
1673078
1673079
1673080
1673081
1673082
1673083
1673084
1673085
1673086
1673087
1673088
1673089
1673090
1673091
1673092
1673093
1673094
1673095
1673096
1673097
1673098
1673099
1674000
1674001
1674002
1674003
1674004
1674005
1674006
1674007
1674008
1674009
1674010
1674011
1674012
1674013
1674014
1674015
1674016
1674017
1674018
1674019
1674020
1674021
1674022
1674023
1674024
1674025
1674026
1674027
1674028
1674029
1674030
1674031
1674032
1674033
1674034
1674035
1674036
1674037
1674038
1674039
1674040
1674041
1674042
1674043
1674044
1674045
1674046
1674047
1674048
1674049
1674050
1674051
1674052
1674053
1674054
1674055
1674056
1674057
1674058
1674059
1674060
1674061
1674062
1674063
1674064
1674065
1674066
1674067
1674068
1674069
1674070
1674071
1674072
1674073
1674074
1674075
1674076
1674077
1674078
1674079
1674080
1674081
1674082
1674083
1674084
1674085
1674086
1674087
1674088
1674089
1674090
1674091
1674092
1674093
1674094
1674095
1674096
1674097
1674098
1674099
1675000
1675001
1675002
1675003
1675004
1675005
1675006
1675007
1675008
1675009
1675010
1675011
1675012
1675013
1675014
1675015
1675016
1675017
1675018
1675019
1675020
1675021
1675022
1675023
1675024
1675025
1675026
1675027
1675028
1675029
1675030
1675031
1675032
1675033
1675034
1675035
1675036
1675037
1675038
1675039
1675040
1675041
1675042
1675043
1675044
1675045
1675046
1675047
1675048
1675049
1675050
1675051
1675052
1675053
1675054
1675055
1675056
1675057
1675058
1675059
1675060
1675061
1675062
1675063
1675064
1675065
1675066
1675067
1675068
1675069
1675070
1675071
1675072
1675073
1675074
1675075
1675076
1675077
1675078
1675079
1675080
1675081
1675082
1675083
1675084
1675085
1675086
1675087
1675088
1675089
1675090
1675091
1675092
1675093
1675094
1675095
1675096
1675097
1675098
1675099
1676000
1676001
1676002
1676003
1676004
1676005
1676006
1676007
1676008
1676009
1676010
1676011
1676012
1676013
1676014
1676015
1676016
1676017
1676018
1676019
1676020
1676021
1676022
1676023
1676024
1676025
1676026
1676027
1676028
1676029
1676030
1676031
1676032
1676033
1676034
1676035
1676036
1676037
1676038
1676039
1676040
1676041
1676042
1676043
1676044
1676045
1676046
1676047
1676048
1676049
1676050
1676051
1676052
1676053
1676054
1676055
1676056
1676057
1676058
1676059
1676060
1676061
1676062
1676063
1676064
1676065
1676066
1676067
1676068
1676069
1676070
1676071
1676072
1676073
1676074
1676075
1676076
1676077
1676078
1676079
1676080
1676081
1676082
1676083
1676084
1676085
1676086
1676087
1676088
1676089
1676090
1676091
1676092
1676093
1676094
1676095
1676096
1676097
1676098
1676099
1677000
1677001
1677002
1677003
1677004
1677005
1677006
1677007
1677008
1677009
1677010
1677011
1677012
1677013
1677014
1677015
1677016
1677017
1677018
1677019
1677020
1677021
1677022
1677023
1677024
1677025
1677026
1677027
1677028
1677029
1677030
1677031
1677032
1677033
1677034
1677035
1677036
1677037
1677038
1677039
1677040
1677041
1677042
1677043
1677044
1677045
1677046
1677047
1677048
1677049
1677050
1677051
1677052
1677053
1677054
1677055
1677056
1677057
1677058
1677059
1677060
1677061
1677062
1677063
1677064
1677065
1677066
1677067
1677068
1677069
1677070
1677071
1677072
1677073
1677074
1677075
1677076
1677077
1677078
1677079
1677080
1677081
1677082
1677083
1677084
1677085
1677086
1677087
1677088
1677089
1677090
1677091
1677092
1677093
1677094
1677095
1677096
1677097
1677098
1677099
1678000
1678001
1678002
1678003
1678004
1678005
1678006
1678007
1678008
1678009
1678010
1678011
1678012
1678013
1678014
1678015
1678016
1678017
1678018
1678019
1678020
1678021
1678022
1678023
1678024
1678025
1678026
1678027
1678028
1678029
1678030
1678031
1678032
1678033
1678034
1678035
1678036
1678037
1678038
1678039
1678040
1678041
1678042
1678043
1678044
1678045
1678046
1678047
1678048
1678049
1678050
1678051
1678052
1678053
1678054
1678055
1678056
1678057
1678058
1678059
1678060
1678061
1678062
1678063
1678064
1678065
1678066
1678067
1678068
1678069
1678070
1678071
1678072
1678073
1678074
1678075
1678076
1678077
1678078
1678079
1678080
1678081
1678082
1678083
1678084
1678085
1678086
1678087
1678088
1678089
1678090
1678091
1678092
1678093
1678094
1678095
1678096
1678097
1678098
1678099
1679000
1679001
1679002
1679003
1679004
1679005
1679006
1679007
1679008
1679009
1679010
1679011
1679012
1679013
1679014
1679015
1679016
1679017
1679018
1679019
1679020
1679021
1679022
1679023
1679024
1679025
1679026
1679027
1679028
1679029
1679030
1679031
1679032
1679033
1679034
1679035
1679036
1679037
1679038
1679039
1679040
1679041
1679042
1679043
1679044
1679045
1679046
1679047
1679048
1679049
1679050
1679051
1679052
1679053
1679054
1679055
1679056
1679057
1679058
1679059
1679060
1679061
1679062
1679063
1679064
1679065
1679066
1679067
1679068
1679069
1679070
1679071
1679072
1679073
1679074
1679075
1679076
1679077
1679078
1679079
1679080
1679081
1679082
1679083
1679084
1679085
1679086
1679087
1679088
1679089
1679090
1679091
1679092
1679093
1679094
1679095
1679096
1679097
1679098
1679099
1680000
1680001
1680002
1680003
1680004
1680005
1680006
1680007
1680008
1680009
1680010
1680011
1680012
1680013
1680014
1680015
1680016
1680017
1680018
1680019
1680020
1680021
1680022
1680023
1680024
1680025
1680026
1680027
1680028
1680029
1680030
1680031
1680032
1680033
1680034
1680035
1680036
1680037
1680038
1680039
1680040
1680041
1680042
1680043
1680044
1680045
1680046
1680047
1680048
1680049
1680050
1680051
1680052
1680053
1680054
1680055
1680056
1680057
1680058
1680059
1680060
1680061
1680062
1680063
1680064
1680065
1680066
1680067
1680068
1680069
1680070
1680071
1680072
1680073
1680074
1680075
1680076
1680077
1680078
1680079
1680080
1680081
1680082
1680083
1680084
1680085
1680086
1680087
1680088
1680089
1680090
1680091
1680092
1680093
1680094
1680095
1680096
1680097
1680098
1680099
1681000
1681001
1681002
1681003
1681004
1681005
1681006
1681007
1681008
1681009
1681010
1681011
1681012
1681013
1681014
1681015
1681016
1681017
1681018
1681019
1681020
1681021
1681022
1681023
1681024
1681025
1681026
1681027
1681028
1681029
1681030
1681031
1681032
1681033
1681034
1681035
1681036
1681037
1681038
1681039
1681040
1681041
1681042
1681043
1681044
1681045
1681046
1681047
1681048
1681049
1681050
1681051
1681052
1681053
1681054
1681055
1681056
1681057
1681058
1681059
1681060
1681061
1681062
1681063
1681064
1681065
1681066
1681067
1681068
1681069
1681070
1681071
1681072
1681073
1681074
1681075
1681076
1681077
1681078
1681079
1681080
1681081
1681082
1681083
1681084
1681085
1681086
1681087
1681088
1681089
1681090
1681091
1681092
1681093
1681094
1681095
1681096
1681097
1681098
1681099
1682000
1682001
1682002
1682003
1682004
1682005
1682006
1682007
1682008
1682009
1682010
1682011
1682012
1682013
1682014
1682015
1682016
1682017
1682018
1682019
1682020
1682021
1682022
1682023
1682024
1682025
1682026
1682027
1682028
1682029
1682030
1682031
1682032
1682033
1682034
1682035
1682036
1682037
1682038
1682039
1682040
1682041
1682042
1682043
1682044
1682045
1682046
1682047
1682048
1682049
1682050
1682051
1682052
1682053
1682054
1682055
1682056
1682057
1682058
1682059
1682060
1682061
1682062
1682063
1682064
1682065
1682066
1682067
1682068
1682069
1682070
1682071
1682072
1682073
1682074
1682075
1682076
1682077
1682078
1682079
1682080
1682081
1682082
1682083
1682084
1682085
1682086
1682087
1682088
1682089
1682090
1682091
1682092
1682093
1682094
1682095
1682096
1682097
1682098
1682099
1683000
1683001
1683002
1683003
1683004
1683005
1683006
1683007
1683008
1683009
1683010
1683011
1683012
1683013
1683014
1683015
1683016
1683017
1683018
1683019
1683020
1683021
1683022
1683023
1683024
1683025
1683026
1683027
1683028
1683029
1683030
1683031
1683032
1683033
1683034
1683035
1683036
1683037
1683038
1683039
1683040
1683041
1683042
1683043
1683044
1683045
1683046
1683047
1683048
1683049
1683050
1683051
1683052
1683053
1683054
1683055
1683056
1683057
1683058
1683059
1683060
1683061
1683062
1683063
1683064
1683065
1683066
1683067
1683068
1683069
1683070
1683071
1683072
1683073
1683074
1683075
1683076
1683077
1683078
1683079
1683080
1683081
1683082
1683083
1683084
1683085
1683086
1683087
1683088
1683089
1683090
1683091
1683092
1683093
1683094
1683095
1683096
1683097
1683098
1683099
1684000
1684001
1684002
1684003
1684004
1684005
1684006
1684007
1684008
1684009
1684010
1684011
1684012
1684013
1684014
1684015
1684016
1684017
1684018
1684019
1684020
1684021
1684022
1684023
1684024
1684025
1684026
1684027
1684028
1684029
1684030
1684031
1684032
1684033
1684034
1684035
1684036
1684037
1684038
1684039
1684040
1684041
1684042
1684043
1684044
1684045
1684046
1684047
1684048
1684049
1684050
1684051
1684052
1684053
1684054
1684055
1684056
1684057
1684058
1684059
1684060
1684061
1684062
1684063
1684064
1684065
1684066
1684067
1684068
1684069
1684070
1684071
1684072
1684073
1684074
1684075
1684076
1684077
1684078
1684079
1684080
1684081
1684082
1684083
1684084
1684085
1684086
1684087
1684088
1684089
1684090
1684091
1684092
1684093
1684094
1684095
1684096
1684097
1684098
1684099
1685000
1685001
1685002
1685003
1685004
1685005
1685006
1685007
1685008
1685009
1685010
1685011
1685012
1685013
1685014
1685015
1685016
1685017
1685018
1685019
1685020
1685021
1685022
1685023
1685024
1685025
1685026
1685027
1685028
1685029
1685030
1685031
1685032
1685033
1685034
1685035
1685036
1685037
1685038
1685039
1685040
1685041
1685042
1685043
1685044
1685045
1685046
1685047
1685048
1685049
1685050
1685051
1685052
1685053
1685054
1685055
1685056
1685057
1685058
1685059
1685060
1685061
1685062
1685063
1685064
1685065
1685066
1685067
1685068
1685069
1685070
1685071
1685072
1685073
1685074
1685075
1685076
1685077
1685078
1685079
1685080
1685081
1685082
1685083
1685084
1685085
1685086
1685087
1685088
1685089
1685090
1685091
1685092
1685093
1685094
1685095
1685096
1685097
1685098
1685099
1686000
1686001
1686002
1686003
1686004
1686005
1686006
1686007
1686008
1686009
1686010
1686011
1686012
1686013
1686014
1686015
1686016
1686017
1686018
1686019
1686020
1686021
1686022
1686023
1686024
1686025
1686026
1686027
1686028
1686029
1686030
1686031
1686032
1686033
1686034
1686035
1686036
1686037
1686038
1686039
1686040
1686041
1686042
1686043
1686044
1686045
1686046
1686047
1686048
1686049
1686050
1686051
1686052
1686053
1686054
1686055
1686056
1686057
1686058
1686059
1686060
1686061
1686062
1686063
1686064
1686065
1686066
1686067
1686068
1686069
1686070
1686071
1686072
1686073
1686074
1686075
1686076
1686077
1686078
1686079
1686080
1686081
1686082
1686083
1686084
1686085
1686086
1686087
1686088
1686089
1686090
1686091
1686092
1686093
1686094
1686095
1686096
1686097
1686098
1686099
1687000
1687001
1687002
1687003
1687004
1687005
1687006
1687007
1687008
1687009
1687010
1687011
1687012
1687013
1687014
1687015
1687016
1687017
1687018
1687019
1687020
1687021
1687022
1687023
1687024
1687025
1687026
1687027
1687028
1687029
1687030
1687031
1687032
1687033
1687034
1687035
1687036
1687037
1687038
1687039
1687040
1687041
1687042
1687043
1687044
1687045
1687046
1687047
1687048
1687049
1687050
1687051
1687052
1687053
1687054
1687055
1687056
1687057
1687058
1687059
1687060
1687061
1687062
1687063
1687064
1687065
1687066
1687067
1687068
1687069
1687070
1687071
1687072
1687073
1687074
1687075
1687076
1687077
1687078
1687079
1687080
1687081
1687082
1687083
1687084
1687085
1687086
1687087
1687088
1687089
1687090
1687091
1687092
1687093
1687094
1687095
1687096
1687097
1687098
1687099
1688000
1688001
1688002
1688003
1688004
1688005
1688006
1688007
1688008
1688009
1688010
1688011
1688012
1688013
1688014
1688015
1688016
1688017
1688018
1688019
1688020
1688021
1688022
1688023
1688024
1688025
1688026
1688027
1688028
1688029
1688030
1688031
1688032
1688033
1688034
1688035
1688036
1688037
1688038
1688039
1688040
1688041
1688042
1688043
1688044
1688045
1688046
1688047
1688048
1688049
1688050
1688051
1688052
1688053
1688054
1688055
1688056
1688057
1688058
1688059
1688060
1688061
1688062
1688063
1688064
1688065
1688066
1688067
1688068
1688069
1688070
1688071
1688072
1688073
1688074
1688075
1688076
1688077
1688078
1688079
1688080
1688081
1688082
1688083
1688084
1688085
1688086
1688087
1688088
1688089
1688090
1688091
1688092
1688093
1688094
1688095
1688096
1688097
1688098
1688099
1689000
1689001
1689002
1689003
1689004
1689005
1689006
1689007
1689008
1689009
1689010
1689011
1689012
1689013
1689014
1689015
1689016
1689017
1689018
1689019
1689020
1689021
1689022
1689023
1689024
1689025
1689026
1689027
1689028
1689029
1689030
1689031
1689032
1689033
1689034
1689035
1689036
1689037
1689038
1689039
1689040
1689041
1689042
1689043
1689044
1689045
1689046
1689047
1689048
1689049
1689050
1689051
1689052
1689053
1689054
1689055
1689056
1689057
1689058
1689059
1689060
1689061
1689062
1689063
1689064
1689065
1689066
1689067
1689068
1689069
1689070
1689071
1689072
1689073
1689074
1689075
1689076
1689077
1689078
1689079
1689080
1689081
1689082
1689083
1689084
1689085
1689086
1689087
1689088
1689089
1689090
1689091
1689092
1689093
1689094
1689095
1689096
1689097
1689098
1689099
1690000
1690001
1690002
1690003
1690004
1690005
1690006
1690007
1690008
1690009
1690010
1690011
1690012
1690013
1690014
1690015
1690016
1690017
1690018
1690019
1690020
1690021
1690022
1690023
1690024
1690025
1690026
1690027
1690028
1690029
1690030
1690031
1690032
1690033
1690034
1690035
1690036
1690037
1690038
1690039
1690040
1690041
1690042
1690043
1690044
1690045
1690046
1690047
1690048
1690049
1690050
1690051
1690052
1690053
1690054
1690055
1690056
1690057
1690058
1690059
1690060
1690061
1690062
1690063
1690064
1690065
1690066
1690067
1690068
1690069
1690070
1690071
1690072
1690073
1690074
1690075
1690076
1690077
1690078
1690079
1690080
1690081
1690082
1690083
1690084
1690085
1690086
1690087
1690088
1690089
1690090
1690091
1690092
1690093
1690094
1690095
1690096
1690097
1690098
1690099
1691000
1691001
1691002
1691003
1691004
1691005
1691006
1691007
1691008
1691009
1691010
1691011
1691012
1691013
1691014
1691015
1691016
1691017
1691018
1691019
1691020
1691021
1691022
1691023
1691024
1691025
1691026
1691027
1691028
1691029
1691030
1691031
1691032
1691033
1691034
1691035
1691036
1691037
1691038
1691039
1691040
1691041
1691042
1691043
1691044
1691045
1691046
1691047
1691048
1691049
1691050
1691051
1691052
1691053
1691054
1691055
1691056
1691057
1691058
1691059
1691060
1691061
1691062
1691063
1691064
1691065
1691066
1691067
1691068
1691069
1691070
1691071
1691072
1691073
1691074
1691075
1691076
1691077
1691078
1691079
1691080
1691081
1691082
1691083
1691084
1691085
1691086
1691087
1691088
1691089
1691090
1691091
1691092
1691093
1691094
1691095
1691096
1691097
1691098
1691099
1692000
1692001
1692002
1692003
1692004
1692005
1692006
1692007
1692008
1692009
1692010
1692011
1692012
1692013
1692014
1692015
1692016
1692017
1692018
1692019
1692020
1692021
1692022
1692023
1692024
1692025
1692026
1692027
1692028
1692029
1692030
1692031
1692032
1692033
1692034
1692035
1692036
1692037
1692038
1692039
1692040
1692041
1692042
1692043
1692044
1692045
1692046
1692047
1692048
1692049
1692050
1692051
1692052
1692053
1692054
1692055
1692056
1692057
1692058
1692059
1692060
1692061
1692062
1692063
1692064
1692065
1692066
1692067
1692068
1692069
1692070
1692071
1692072
1692073
1692074
1692075
1692076
1692077
1692078
1692079
1692080
1692081
1692082
1692083
1692084
1692085
1692086
1692087
1692088
1692089
1692090
1692091
1692092
1692093
1692094
1692095
1692096
1692097
1692098
1692099
1693000
1693001
1693002
1693003
1693004
1693005
1693006
1693007
1693008
1693009
1693010
1693011
1693012
1693013
1693014
1693015
1693016
1693017
1693018
1693019
1693020
1693021
1693022
1693023
1693024
1693025
1693026
1693027
1693028
1693029
1693030
1693031
1693032
1693033
1693034
1693035
1693036
1693037
1693038
1693039
1693040
1693041
1693042
1693043
1693044
1693045
1693046
1693047
1693048
1693049
1693050
1693051
1693052
1693053
1693054
1693055
1693056
1693057
1693058
1693059
1693060
1693061
1693062
1693063
1693064
1693065
1693066
1693067
1693068
1693069
1693070
1693071
1693072
1693073
1693074
1693075
1693076
1693077
1693078
1693079
1693080
1693081
1693082
1693083
1693084
1693085
1693086
1693087
1693088
1693089
1693090
1693091
1693092
1693093
1693094
1693095
1693096
1693097
1693098
1693099
1694000
1694001
1694002
1694003
1694004
1694005
1694006
1694007
1694008
1694009
1694010
1694011
1694012
1694013
1694014
1694015
1694016
1694017
1694018
1694019
1694020
1694021
1694022
1694023
1694024
1694025
1694026
1694027
1694028
1694029
1694030
1694031
1694032
1694033
1694034
1694035
1694036
1694037
1694038
1694039
1694040
1694041
1694042
1694043
1694044
1694045
1694046
1694047
1694048
1694049
1694050
1694051
1694052
1694053
1694054
1694055
1694056
1694057
1694058
1694059
1694060
1694061
1694062
1694063
1694064
1694065
1694066
1694067
1694068
1694069
1694070
1694071
1694072
1694073
1694074
1694075
1694076
1694077
1694078
1694079
1694080
1694081
1694082
1694083
1694084
1694085
1694086
1694087
1694088
1694089
1694090
1694091
1694092
1694093
1694094
1694095
1694096
1694097
1694098
1694099
1695000
1695001
1695002
1695003
1695004
1695005
1695006
1695007
1695008
1695009
1695010
1695011
1695012
1695013
1695014
1695015
1695016
1695017
1695018
1695019
1695020
1695021
1695022
1695023
1695024
1695025
1695026
1695027
1695028
1695029
1695030
1695031
1695032
1695033
1695034
1695035
1695036
1695037
1695038
1695039
1695040
1695041
1695042
1695043
1695044
1695045
1695046
1695047
1695048
1695049
1695050
1695051
1695052
1695053
1695054
1695055
1695056
1695057
1695058
1695059
1695060
1695061
1695062
1695063
1695064
1695065
1695066
1695067
1695068
1695069
1695070
1695071
1695072
1695073
1695074
1695075
1695076
1695077
1695078
1695079
1695080
1695081
1695082
1695083
1695084
1695085
1695086
1695087
1695088
1695089
1695090
1695091
1695092
1695093
1695094
1695095
1695096
1695097
1695098
1695099
1696000
1696001
1696002
1696003
1696004
1696005
1696006
1696007
1696008
1696009
1696010
1696011
1696012
1696013
1696014
1696015
1696016
1696017
1696018
1696019
1696020
1696021
1696022
1696023
1696024
1696025
1696026
1696027
1696028
1696029
1696030
1696031
1696032
1696033
1696034
1696035
1696036
1696037
1696038
1696039
1696040
1696041
1696042
1696043
1696044
1696045
1696046
1696047
1696048
1696049
1696050
1696051
1696052
1696053
1696054
1696055
1696056
1696057
1696058
1696059
1696060
1696061
1696062
1696063
1696064
1696065
1696066
1696067
1696068
1696069
1696070
1696071
1696072
1696073
1696074
1696075
1696076
1696077
1696078
1696079
1696080
1696081
1696082
1696083
1696084
1696085
1696086
1696087
1696088
1696089
1696090
1696091
1696092
1696093
1696094
1696095
1696096
1696097
1696098
1696099
1697000
1697001
1697002
1697003
1697004
1697005
1697006
1697007
1697008
1697009
1697010
1697011
1697012
1697013
1697014
1697015
1697016
1697017
1697018
1697019
1697020
1697021
1697022
1697023
1697024
1697025
1697026
1697027
1697028
1697029
1697030
1697031
1697032
1697033
1697034
1697035
1697036
1697037
1697038
1697039
1697040
1697041
1697042
1697043
1697044
1697045
1697046
1697047
1697048
1697049
1697050
1697051
1697052
1697053
1697054
1697055
1697056
1697057
1697058
1697059
1697060
1697061
1697062
1697063
1697064
1697065
1697066
1697067
1697068
1697069
1697070
1697071
1697072
1697073
1697074
1697075
1697076
1697077
1697078
1697079
1697080
1697081
1697082
1697083
1697084
1697085
1697086
1697087
1697088
1697089
1697090
1697091
1697092
1697093
1697094
1697095
1697096
1697097
1697098
1697099
1698000
1698001
1698002
1698003
1698004
1698005
1698006
1698007
1698008
1698009
1698010
1698011
1698012
1698013
1698014
1698015
1698016
1698017
1698018
1698019
1698020
1698021
1698022
1698023
1698024
1698025
1698026
1698027
1698028
1698029
1698030
1698031
1698032
1698033
1698034
1698035
1698036
1698037
1698038
1698039
1698040
1698041
1698042
1698043
1698044
1698045
1698046
1698047
1698048
1698049
1698050
1698051
1698052
1698053
1698054
1698055
1698056
1698057
1698058
1698059
1698060
1698061
1698062
1698063
1698064
1698065
1698066
1698067
1698068
1698069
1698070
1698071
1698072
1698073
1698074
1698075
1698076
1698077
1698078
1698079
1698080
1698081
1698082
1698083
1698084
1698085
1698086
1698087
1698088
1698089
1698090
1698091
1698092
1698093
1698094
1698095
1698096
1698097
1698098
1698099
1699000
1699001
1699002
1699003
1699004
1699005
1699006
1699007
1699008
1699009
1699010
1699011
1699012
1699013
1699014
1699015
1699016
1699017
1699018
1699019
1699020
1699021
1699022
1699023
1699024
1699025
1699026
1699027
1699028
1699029
1699030
1699031
1699032
1699033
1699034
1699035
1699036
1699037
1699038
1699039
1699040
1699041
1699042
1699043
1699044
1699045
1699046
1699047
1699048
1699049
1699050
1699051
1699052
1699053
1699054
1699055
1699056
1699057
1699058
1699059
1699060
1699061
1699062
1699063
1699064
1699065
1699066
1699067
1699068
1699069
1699070
1699071
1699072
1699073
1699074
1699075
1699076
1699077
1699078
1699079
1699080
1699081
1699082
1699083
1699084
1699085
1699086
1699087
1699088
1699089
1699090
1699091
1699092
1699093
1699094
1699095
1699096
1699097
1699098
1699099
1700000
1700001
1700002
1700003
1700004
1700005
1700006
1700007
1700008
1700009
1700010
1700011
1700012
1700013
1700014
1700015
1700016
1700017
1700018
1700019
1700020
1700021
1700022
1700023
1700024
1700025
1700026
1700027
1700028
1700029
1700030
1700031
1700032
1700033
1700034
1700035
1700036
1700037
1700038
1700039
1700040
1700041
1700042
1700043
1700044
1700045
1700046
1700047
1700048
1700049
1700050
1700051
1700052
1700053
1700054
1700055
1700056
1700057
1700058
1700059
1700060
1700061
1700062
1700063
1700064
1700065
1700066
1700067
1700068
1700069
1700070
1700071
1700072
1700073
1700074
1700075
1700076
1700077
1700078
1700079
1700080
1700081
1700082
1700083
1700084
1700085
1700086
1700087
1700088
1700089
1700090
1700091
1700092
1700093
1700094
1700095
1700096
1700097
1700098
1700099
1701000
1701001
1701002
1701003
1701004
1701005
1701006
1701007
1701008
1701009
1701010
1701011
1701012
1701013
1701014
1701015
1701016
1701017
1701018
1701019
1701020
1701021
1701022
1701023
1701024
1701025
1701026
1701027
1701028
1701029
1701030
1701031
1701032
1701033
1701034
1701035
1701036
1701037
1701038
1701039
1701040
1701041
1701042
1701043
1701044
1701045
1701046
1701047
1701048
1701049
1701050
1701051
1701052
1701053
1701054
1701055
1701056
1701057
1701058
1701059
1701060
1701061
1701062
1701063
1701064
1701065
1701066
1701067
1701068
1701069
1701070
1701071
1701072
1701073
1701074
1701075
1701076
1701077
1701078
1701079
1701080
1701081
1701082
1701083
1701084
1701085
1701086
1701087
1701088
1701089
1701090
1701091
1701092
1701093
1701094
1701095
1701096
1701097
1701098
1701099
1702000
1702001
1702002
1702003
1702004
1702005
1702006
1702007
1702008
1702009
1702010
1702011
1702012
1702013
1702014
1702015
1702016
1702017
1702018
1702019
1702020
1702021
1702022
1702023
1702024
1702025
1702026
1702027
1702028
1702029
1702030
1702031
1702032
1702033
1702034
1702035
1702036
1702037
1702038
1702039
1702040
1702041
1702042
1702043
1702044
1702045
1702046
1702047
1702048
1702049
1702050
1702051
1702052
1702053
1702054
1702055
1702056
1702057
1702058
1702059
1702060
1702061
1702062
1702063
1702064
1702065
1702066
1702067
1702068
1702069
1702070
1702071
1702072
1702073
1702074
1702075
1702076
1702077
1702078
1702079
1702080
1702081
1702082
1702083
1702084
1702085
1702086
1702087
1702088
1702089
1702090
1702091
1702092
1702093
1702094
1702095
1702096
1702097
1702098
1702099
1703000
1703001
1703002
1703003
1703004
1703005
1703006
1703007
1703008
1703009
1703010
1703011
1703012
1703013
1703014
1703015
1703016
1703017
1703018
1703019
1703020
1703021
1703022
1703023
1703024
1703025
1703026
1703027
1703028
1703029
1703030
1703031
1703032
1703033
1703034
1703035
1703036
1703037
1703038
1703039
1703040
1703041
1703042
1703043
1703044
1703045
1703046
1703047
1703048
1703049
1703050
1703051
1703052
1703053
1703054
1703055
1703056
1703057
1703058
1703059
1703060
1703061
1703062
1703063
1703064
1703065
1703066
1703067
1703068
1703069
1703070
1703071
1703072
1703073
1703074
1703075
1703076
1703077
1703078
1703079
1703080
1703081
1703082
1703083
1703084
1703085
1703086
1703087
1703088
1703089
1703090
1703091
1703092
1703093
1703094
1703095
1703096
1703097
1703098
1703099
1704000
1704001
1704002
1704003
1704004
1704005
1704006
1704007
1704008
1704009
1704010
1704011
1704012
1704013
1704014
1704015
1704016
1704017
1704018
1704019
1704020
1704021
1704022
1704023
1704024
1704025
1704026
1704027
1704028
1704029
1704030
1704031
1704032
1704033
1704034
1704035
1704036
1704037
1704038
1704039
1704040
1704041
1704042
1704043
1704044
1704045
1704046
1704047
1704048
1704049
1704050
1704051
1704052
1704053
1704054
1704055
1704056
1704057
1704058
1704059
1704060
1704061
1704062
1704063
1704064
1704065
1704066
1704067
1704068
1704069
1704070
1704071
1704072
1704073
1704074
1704075
1704076
1704077
1704078
1704079
1704080
1704081
1704082
1704083
1704084
1704085
1704086
1704087
1704088
1704089
1704090
1704091
1704092
1704093
1704094
1704095
1704096
1704097
1704098
1704099
1705000
1705001
1705002
1705003
1705004
1705005
1705006
1705007
1705008
1705009
1705010
1705011
1705012
1705013
1705014
1705015
1705016
1705017
1705018
1705019
1705020
1705021
1705022
1705023
1705024
1705025
1705026
1705027
1705028
1705029
1705030
1705031
1705032
1705033
1705034
1705035
1705036
1705037
1705038
1705039
1705040
1705041
1705042
1705043
1705044
1705045
1705046
1705047
1705048
1705049
1705050
1705051
1705052
1705053
1705054
1705055
1705056
1705057
1705058
1705059
1705060
1705061
1705062
1705063
1705064
1705065
1705066
1705067
1705068
1705069
1705070
1705071
1705072
1705073
1705074
1705075
1705076
1705077
1705078
1705079
1705080
1705081
1705082
1705083
1705084
1705085
1705086
1705087
1705088
1705089
1705090
1705091
1705092
1705093
1705094
1705095
1705096
1705097
1705098
1705099
1706000
1706001
1706002
1706003
1706004
1706005
1706006
1706007
1706008
1706009
1706010
1706011
1706012
1706013
1706014
1706015
1706016
1706017
1706018
1706019
1706020
1706021
1706022
1706023
1706024
1706025
1706026
1706027
1706028
1706029
1706030
1706031
1706032
1706033
1706034
1706035
1706036
1706037
1706038
1706039
1706040
1706041
1706042
1706043
1706044
1706045
1706046
1706047
1706048
1706049
1706050
1706051
1706052
1706053
1706054
1706055
1706056
1706057
1706058
1706059
1706060
1706061
1706062
1706063
1706064
1706065
1706066
1706067
1706068
1706069
1706070
1706071
1706072
1706073
1706074
1706075
1706076
1706077
1706078
1706079
1706080
1706081
1706082
1706083
1706084
1706085
1706086
1706087
1706088
1706089
1706090
1706091
1706092
1706093
1706094
1706095
1706096
1706097
1706098
1706099
1707000
1707001
1707002
1707003
1707004
1707005
1707006
1707007
1707008
1707009
1707010
1707011
1707012
1707013
1707014
1707015
1707016
1707017
1707018
1707019
1707020
1707021
1707022
1707023
1707024
1707025
1707026
1707027
1707028
1707029
1707030
1707031
1707032
1707033
1707034
1707035
1707036
1707037
1707038
1707039
1707040
1707041
1707042
1707043
1707044
1707045
1707046
1707047
1707048
1707049
1707050
1707051
1707052
1707053
1707054
1707055
1707056
1707057
1707058
1707059
1707060
1707061
1707062
1707063
1707064
1707065
1707066
1707067
1707068
1707069
1707070
1707071
1707072
1707073
1707074
1707075
1707076
1707077
1707078
1707079
1707080
1707081
1707082
1707083
1707084
1707085
1707086
1707087
1707088
1707089
1707090
1707091
1707092
1707093
1707094
1707095
1707096
1707097
1707098
1707099
1708000
1708001
1708002
1708003
1708004
1708005
1708006
1708007
1708008
1708009
1708010
1708011
1708012
1708013
1708014
1708015
1708016
1708017
1708018
1708019
1708020
1708021
1708022
1708023
1708024
1708025
1708026
1708027
1708028
1708029
1708030
1708031
1708032
1708033
1708034
1708035
1708036
1708037
1708038
1708039
1708040
1708041
1708042
1708043
1708044
1708045
1708046
1708047
1708048
1708049
1708050
1708051
1708052
1708053
1708054
1708055
1708056
1708057
1708058
1708059
1708060
1708061
1708062
1708063
1708064
1708065
1708066
1708067
1708068
1708069
1708070
1708071
1708072
1708073
1708074
1708075
1708076
1708077
1708078
1708079
1708080
1708081
1708082
1708083
1708084
1708085
1708086
1708087
1708088
1708089
1708090
1708091
1708092
1708093
1708094
1708095
1708096
1708097
1708098
1708099
1709000
1709001
1709002
1709003
1709004
1709005
1709006
1709007
1709008
1709009
1709010
1709011
1709012
1709013
1709014
1709015
1709016
1709017
1709018
1709019
1709020
1709021
1709022
1709023
1709024
1709025
1709026
1709027
1709028
1709029
1709030
1709031
1709032
1709033
1709034
1709035
1709036
1709037
1709038
1709039
1709040
1709041
1709042
1709043
1709044
1709045
1709046
1709047
1709048
1709049
1709050
1709051
1709052
1709053
1709054
1709055
1709056
1709057
1709058
1709059
1709060
1709061
1709062
1709063
1709064
1709065
1709066
1709067
1709068
1709069
1709070
1709071
1709072
1709073
1709074
1709075
1709076
1709077
1709078
1709079
1709080
1709081
1709082
1709083
1709084
1709085
1709086
1709087
1709088
1709089
1709090
1709091
1709092
1709093
1709094
1709095
1709096
1709097
1709098
1709099
1710000
1710001
1710002
1710003
1710004
1710005
1710006
1710007
1710008
1710009
1710010
1710011
1710012
1710013
1710014
1710015
1710016
1710017
1710018
1710019
1710020
1710021
1710022
1710023
1710024
1710025
1710026
1710027
1710028
1710029
1710030
1710031
1710032
1710033
1710034
1710035
1710036
1710037
1710038
1710039
1710040
1710041
1710042
1710043
1710044
1710045
1710046
1710047
1710048
1710049
1710050
1710051
1710052
1710053
1710054
1710055
1710056
1710057
1710058
1710059
1710060
1710061
1710062
1710063
1710064
1710065
1710066
1710067
1710068
1710069
1710070
1710071
1710072
1710073
1710074
1710075
1710076
1710077
1710078
1710079
1710080
1710081
1710082
1710083
1710084
1710085
1710086
1710087
1710088
1710089
1710090
1710091
1710092
1710093
1710094
1710095
1710096
1710097
1710098
1710099
1711000
1711001
1711002
1711003
1711004
1711005
1711006
1711007
1711008
1711009
1711010
1711011
1711012
1711013
1711014
1711015
1711016
1711017
1711018
1711019
1711020
1711021
1711022
1711023
1711024
1711025
1711026
1711027
1711028
1711029
1711030
1711031
1711032
1711033
1711034
1711035
1711036
1711037
1711038
1711039
1711040
1711041
1711042
1711043
1711044
1711045
1711046
1711047
1711048
1711049
1711050
1711051
1711052
1711053
1711054
1711055
1711056
1711057
1711058
1711059
1711060
1711061
1711062
1711063
1711064
1711065
1711066
1711067
1711068
1711069
1711070
1711071
1711072
1711073
1711074
1711075
1711076
1711077
1711078
1711079
1711080
1711081
1711082
1711083
1711084
1711085
1711086
1711087
1711088
1711089
1711090
1711091
1711092
1711093
1711094
1711095
1711096
1711097
1711098
1711099
1712000
1712001
1712002
1712003
1712004
1712005
1712006
1712007
1712008
1712009
1712010
1712011
1712012
1712013
1712014
1712015
1712016
1712017
1712018
1712019
1712020
1712021
1712022
1712023
1712024
1712025
1712026
1712027
1712028
1712029
1712030
1712031
1712032
1712033
1712034
1712035
1712036
1712037
1712038
1712039
1712040
1712041
1712042
1712043
1712044
1712045
1712046
1712047
1712048
1712049
1712050
1712051
1712052
1712053
1712054
1712055
1712056
1712057
1712058
1712059
1712060
1712061
1712062
1712063
1712064
1712065
1712066
1712067
1712068
1712069
1712070
1712071
1712072
1712073
1712074
1712075
1712076
1712077
1712078
1712079
1712080
1712081
1712082
1712083
1712084
1712085
1712086
1712087
1712088
1712089
1712090
1712091
1712092
1712093
1712094
1712095
1712096
1712097
1712098
1712099
1713000
1713001
1713002
1713003
1713004
1713005
1713006
1713007
1713008
1713009
1713010
1713011
1713012
1713013
1713014
1713015
1713016
1713017
1713018
1713019
1713020
1713021
1713022
1713023
1713024
1713025
1713026
1713027
1713028
1713029
1713030
1713031
1713032
1713033
1713034
1713035
1713036
1713037
1713038
1713039
1713040
1713041
1713042
1713043
1713044
1713045
1713046
1713047
1713048
1713049
1713050
1713051
1713052
1713053
1713054
1713055
1713056
1713057
1713058
1713059
1713060
1713061
1713062
1713063
1713064
1713065
1713066
1713067
1713068
1713069
1713070
1713071
1713072
1713073
1713074
1713075
1713076
1713077
1713078
1713079
1713080
1713081
1713082
1713083
1713084
1713085
1713086
1713087
1713088
1713089
1713090
1713091
1713092
1713093
1713094
1713095
1713096
1713097
1713098
1713099
1714000
1714001
1714002
1714003
1714004
1714005
1714006
1714007
1714008
1714009
1714010
1714011
1714012
1714013
1714014
1714015
1714016
1714017
1714018
1714019
1714020
1714021
1714022
1714023
1714024
1714025
1714026
1714027
1714028
1714029
1714030
1714031
1714032
1714033
1714034
1714035
1714036
1714037
1714038
1714039
1714040
1714041
1714042
1714043
1714044
1714045
1714046
1714047
1714048
1714049
1714050
1714051
1714052
1714053
1714054
1714055
1714056
1714057
1714058
1714059
1714060
1714061
1714062
1714063
1714064
1714065
1714066
1714067
1714068
1714069
1714070
1714071
1714072
1714073
1714074
1714075
1714076
1714077
1714078
1714079
1714080
1714081
1714082
1714083
1714084
1714085
1714086
1714087
1714088
1714089
1714090
1714091
1714092
1714093
1714094
1714095
1714096
1714097
1714098
1714099
1715000
1715001
1715002
1715003
1715004
1715005
1715006
1715007
1715008
1715009
1715010
1715011
1715012
1715013
1715014
1715015
1715016
1715017
1715018
1715019
1715020
1715021
1715022
1715023
1715024
1715025
1715026
1715027
1715028
1715029
1715030
1715031
1715032
1715033
1715034
1715035
1715036
1715037
1715038
1715039
1715040
1715041
1715042
1715043
1715044
1715045
1715046
1715047
1715048
1715049
1715050
1715051
1715052
1715053
1715054
1715055
1715056
1715057
1715058
1715059
1715060
1715061
1715062
1715063
1715064
1715065
1715066
1715067
1715068
1715069
1715070
1715071
1715072
1715073
1715074
1715075
1715076
1715077
1715078
1715079
1715080
1715081
1715082
1715083
1715084
1715085
1715086
1715087
1715088
1715089
1715090
1715091
1715092
1715093
1715094
1715095
1715096
1715097
1715098
1715099
1716000
1716001
1716002
1716003
1716004
1716005
1716006
1716007
1716008
1716009
1716010
1716011
1716012
1716013
1716014
1716015
1716016
1716017
1716018
1716019
1716020
1716021
1716022
1716023
1716024
1716025
1716026
1716027
1716028
1716029
1716030
1716031
1716032
1716033
1716034
1716035
1716036
1716037
1716038
1716039
1716040
1716041
1716042
1716043
1716044
1716045
1716046
1716047
1716048
1716049
1716050
1716051
1716052
1716053
1716054
1716055
1716056
1716057
1716058
1716059
1716060
1716061
1716062
1716063
1716064
1716065
1716066
1716067
1716068
1716069
1716070
1716071
1716072
1716073
1716074
1716075
1716076
1716077
1716078
1716079
1716080
1716081
1716082
1716083
1716084
1716085
1716086
1716087
1716088
1716089
1716090
1716091
1716092
1716093
1716094
1716095
1716096
1716097
1716098
1716099
1717000
1717001
1717002
1717003
1717004
1717005
1717006
1717007
1717008
1717009
1717010
1717011
1717012
1717013
1717014
1717015
1717016
1717017
1717018
1717019
1717020
1717021
1717022
1717023
1717024
1717025
1717026
1717027
1717028
1717029
1717030
1717031
1717032
1717033
1717034
1717035
1717036
1717037
1717038
1717039
1717040
1717041
1717042
1717043
1717044
1717045
1717046
1717047
1717048
1717049
1717050
1717051
1717052
1717053
1717054
1717055
1717056
1717057
1717058
1717059
1717060
1717061
1717062
1717063
1717064
1717065
1717066
1717067
1717068
1717069
1717070
1717071
1717072
1717073
1717074
1717075
1717076
1717077
1717078
1717079
1717080
1717081
1717082
1717083
1717084
1717085
1717086
1717087
1717088
1717089
1717090
1717091
1717092
1717093
1717094
1717095
1717096
1717097
1717098
1717099
1718000
1718001
1718002
1718003
1718004
1718005
1718006
1718007
1718008
1718009
1718010
1718011
1718012
1718013
1718014
1718015
1718016
1718017
1718018
1718019
1718020
1718021
1718022
1718023
1718024
1718025
1718026
1718027
1718028
1718029
1718030
1718031
1718032
1718033
1718034
1718035
1718036
1718037
1718038
1718039
1718040
1718041
1718042
1718043
1718044
1718045
1718046
1718047
1718048
1718049
1718050
1718051
1718052
1718053
1718054
1718055
1718056
1718057
1718058
1718059
1718060
1718061
1718062
1718063
1718064
1718065
1718066
1718067
1718068
1718069
1718070
1718071
1718072
1718073
1718074
1718075
1718076
1718077
1718078
1718079
1718080
1718081
1718082
1718083
1718084
1718085
1718086
1718087
1718088
1718089
1718090
1718091
1718092
1718093
1718094
1718095
1718096
1718097
1718098
1718099
1719000
1719001
1719002
1719003
1719004
1719005
1719006
1719007
1719008
1719009
1719010
1719011
1719012
1719013
1719014
1719015
1719016
1719017
1719018
1719019
1719020
1719021
1719022
1719023
1719024
1719025
1719026
1719027
1719028
1719029
1719030
1719031
1719032
1719033
1719034
1719035
1719036
1719037
1719038
1719039
1719040
1719041
1719042
1719043
1719044
1719045
1719046
1719047
1719048
1719049
1719050
1719051
1719052
1719053
1719054
1719055
1719056
1719057
1719058
1719059
1719060
1719061
1719062
1719063
1719064
1719065
1719066
1719067
1719068
1719069
1719070
1719071
1719072
1719073
1719074
1719075
1719076
1719077
1719078
1719079
1719080
1719081
1719082
1719083
1719084
1719085
1719086
1719087
1719088
1719089
1719090
1719091
1719092
1719093
1719094
1719095
1719096
1719097
1719098
1719099
1720000
1720001
1720002
1720003
1720004
1720005
1720006
1720007
1720008
1720009
1720010
1720011
1720012
1720013
1720014
1720015
1720016
1720017
1720018
1720019
1720020
1720021
1720022
1720023
1720024
1720025
1720026
1720027
1720028
1720029
1720030
1720031
1720032
1720033
1720034
1720035
1720036
1720037
1720038
1720039
1720040
1720041
1720042
1720043
1720044
1720045
1720046
1720047
1720048
1720049
1720050
1720051
1720052
1720053
1720054
1720055
1720056
1720057
1720058
1720059
1720060
1720061
1720062
1720063
1720064
1720065
1720066
1720067
1720068
1720069
1720070
1720071
1720072
1720073
1720074
1720075
1720076
1720077
1720078
1720079
1720080
1720081
1720082
1720083
1720084
1720085
1720086
1720087
1720088
1720089
1720090
1720091
1720092
1720093
1720094
1720095
1720096
1720097
1720098
1720099
1721000
1721001
1721002
1721003
1721004
1721005
1721006
1721007
1721008
1721009
1721010
1721011
1721012
1721013
1721014
1721015
1721016
1721017
1721018
1721019
1721020
1721021
1721022
1721023
1721024
1721025
1721026
1721027
1721028
1721029
1721030
1721031
1721032
1721033
1721034
1721035
1721036
1721037
1721038
1721039
1721040
1721041
1721042
1721043
1721044
1721045
1721046
1721047
1721048
1721049
1721050
1721051
1721052
1721053
1721054
1721055
1721056
1721057
1721058
1721059
1721060
1721061
1721062
1721063
1721064
1721065
1721066
1721067
1721068
1721069
1721070
1721071
1721072
1721073
1721074
1721075
1721076
1721077
1721078
1721079
1721080
1721081
1721082
1721083
1721084
1721085
1721086
1721087
1721088
1721089
1721090
1721091
1721092
1721093
1721094
1721095
1721096
1721097
1721098
1721099
1722000
1722001
1722002
1722003
1722004
1722005
1722006
1722007
1722008
1722009
1722010
1722011
1722012
1722013
1722014
1722015
1722016
1722017
1722018
1722019
1722020
1722021
1722022
1722023
1722024
1722025
1722026
1722027
1722028
1722029
1722030
1722031
1722032
1722033
1722034
1722035
1722036
1722037
1722038
1722039
1722040
1722041
1722042
1722043
1722044
1722045
1722046
1722047
1722048
1722049
1722050
1722051
1722052
1722053
1722054
1722055
1722056
1722057
1722058
1722059
1722060
1722061
1722062
1722063
1722064
1722065
1722066
1722067
1722068
1722069
1722070
1722071
1722072
1722073
1722074
1722075
1722076
1722077
1722078
1722079
1722080
1722081
1722082
1722083
1722084
1722085
1722086
1722087
1722088
1722089
1722090
1722091
1722092
1722093
1722094
1722095
1722096
1722097
1722098
1722099
1723000
1723001
1723002
1723003
1723004
1723005
1723006
1723007
1723008
1723009
1723010
1723011
1723012
1723013
1723014
1723015
1723016
1723017
1723018
1723019
1723020
1723021
1723022
1723023
1723024
1723025
1723026
1723027
1723028
1723029
1723030
1723031
1723032
1723033
1723034
1723035
1723036
1723037
1723038
1723039
1723040
1723041
1723042
1723043
1723044
1723045
1723046
1723047
1723048
1723049
1723050
1723051
1723052
1723053
1723054
1723055
1723056
1723057
1723058
1723059
1723060
1723061
1723062
1723063
1723064
1723065
1723066
1723067
1723068
1723069
1723070
1723071
1723072
1723073
1723074
1723075
1723076
1723077
1723078
1723079
1723080
1723081
1723082
1723083
1723084
1723085
1723086
1723087
1723088
1723089
1723090
1723091
1723092
1723093
1723094
1723095
1723096
1723097
1723098
1723099
1724000
1724001
1724002
1724003
1724004
1724005
1724006
1724007
1724008
1724009
1724010
1724011
1724012
1724013
1724014
1724015
1724016
1724017
1724018
1724019
1724020
1724021
1724022
1724023
1724024
1724025
1724026
1724027
1724028
1724029
1724030
1724031
1724032
1724033
1724034
1724035
1724036
1724037
1724038
1724039
1724040
1724041
1724042
1724043
1724044
1724045
1724046
1724047
1724048
1724049
1724050
1724051
1724052
1724053
1724054
1724055
1724056
1724057
1724058
1724059
1724060
1724061
1724062
1724063
1724064
1724065
1724066
1724067
1724068
1724069
1724070
1724071
1724072
1724073
1724074
1724075
1724076
1724077
1724078
1724079
1724080
1724081
1724082
1724083
1724084
1724085
1724086
1724087
1724088
1724089
1724090
1724091
1724092
1724093
1724094
1724095
1724096
1724097
1724098
1724099
1725000
1725001
1725002
1725003
1725004
1725005
1725006
1725007
1725008
1725009
1725010
1725011
1725012
1725013
1725014
1725015
1725016
1725017
1725018
1725019
1725020
1725021
1725022
1725023
1725024
1725025
1725026
1725027
1725028
1725029
1725030
1725031
1725032
1725033
1725034
1725035
1725036
1725037
1725038
1725039
1725040
1725041
1725042
1725043
1725044
1725045
1725046
1725047
1725048
1725049
1725050
1725051
1725052
1725053
1725054
1725055
1725056
1725057
1725058
1725059
1725060
1725061
1725062
1725063
1725064
1725065
1725066
1725067
1725068
1725069
1725070
1725071
1725072
1725073
1725074
1725075
1725076
1725077
1725078
1725079
1725080
1725081
1725082
1725083
1725084
1725085
1725086
1725087
1725088
1725089
1725090
1725091
1725092
1725093
1725094
1725095
1725096
1725097
1725098
1725099
1726000
1726001
1726002
1726003
1726004
1726005
1726006
1726007
1726008
1726009
1726010
1726011
1726012
1726013
1726014
1726015
1726016
1726017
1726018
1726019
1726020
1726021
1726022
1726023
1726024
1726025
1726026
1726027
1726028
1726029
1726030
1726031
1726032
1726033
1726034
1726035
1726036
1726037
1726038
1726039
1726040
1726041
1726042
1726043
1726044
1726045
1726046
1726047
1726048
1726049
1726050
1726051
1726052
1726053
1726054
1726055
1726056
1726057
1726058
1726059
1726060
1726061
1726062
1726063
1726064
1726065
1726066
1726067
1726068
1726069
1726070
1726071
1726072
1726073
1726074
1726075
1726076
1726077
1726078
1726079
1726080
1726081
1726082
1726083
1726084
1726085
1726086
1726087
1726088
1726089
1726090
1726091
1726092
1726093
1726094
1726095
1726096
1726097
1726098
1726099
1727000
1727001
1727002
1727003
1727004
1727005
1727006
1727007
1727008
1727009
1727010
1727011
1727012
1727013
1727014
1727015
1727016
1727017
1727018
1727019
1727020
1727021
1727022
1727023
1727024
1727025
1727026
1727027
1727028
1727029
1727030
1727031
1727032
1727033
1727034
1727035
1727036
1727037
1727038
1727039
1727040
1727041
1727042
1727043
1727044
1727045
1727046
1727047
1727048
1727049
1727050
1727051
1727052
1727053
1727054
1727055
1727056
1727057
1727058
1727059
1727060
1727061
1727062
1727063
1727064
1727065
1727066
1727067
1727068
1727069
1727070
1727071
1727072
1727073
1727074
1727075
1727076
1727077
1727078
1727079
1727080
1727081
1727082
1727083
1727084
1727085
1727086
1727087
1727088
1727089
1727090
1727091
1727092
1727093
1727094
1727095
1727096
1727097
1727098
1727099
1728000
1728001
1728002
1728003
1728004
1728005
1728006
1728007
1728008
1728009
1728010
1728011
1728012
1728013
1728014
1728015
1728016
1728017
1728018
1728019
1728020
1728021
1728022
1728023
1728024
1728025
1728026
1728027
1728028
1728029
1728030
1728031
1728032
1728033
1728034
1728035
1728036
1728037
1728038
1728039
1728040
1728041
1728042
1728043
1728044
1728045
1728046
1728047
1728048
1728049
1728050
1728051
1728052
1728053
1728054
1728055
1728056
1728057
1728058
1728059
1728060
1728061
1728062
1728063
1728064
1728065
1728066
1728067
1728068
1728069
1728070
1728071
1728072
1728073
1728074
1728075
1728076
1728077
1728078
1728079
1728080
1728081
1728082
1728083
1728084
1728085
1728086
1728087
1728088
1728089
1728090
1728091
1728092
1728093
1728094
1728095
1728096
1728097
1728098
1728099
1729000
1729001
1729002
1729003
1729004
1729005
1729006
1729007
1729008
1729009
1729010
1729011
1729012
1729013
1729014
1729015
1729016
1729017
1729018
1729019
1729020
1729021
1729022
1729023
1729024
1729025
1729026
1729027
1729028
1729029
1729030
1729031
1729032
1729033
1729034
1729035
1729036
1729037
1729038
1729039
1729040
1729041
1729042
1729043
1729044
1729045
1729046
1729047
1729048
1729049
1729050
1729051
1729052
1729053
1729054
1729055
1729056
1729057
1729058
1729059
1729060
1729061
1729062
1729063
1729064
1729065
1729066
1729067
1729068
1729069
1729070
1729071
1729072
1729073
1729074
1729075
1729076
1729077
1729078
1729079
1729080
1729081
1729082
1729083
1729084
1729085
1729086
1729087
1729088
1729089
1729090
1729091
1729092
1729093
1729094
1729095
1729096
1729097
1729098
1729099
1730000
1730001
1730002
1730003
1730004
1730005
1730006
1730007
1730008
1730009
1730010
1730011
1730012
1730013
1730014
1730015
1730016
1730017
1730018
1730019
1730020
1730021
1730022
1730023
1730024
1730025
1730026
1730027
1730028
1730029
1730030
1730031
1730032
1730033
1730034
1730035
1730036
1730037
1730038
1730039
1730040
1730041
1730042
1730043
1730044
1730045
1730046
1730047
1730048
1730049
1730050
1730051
1730052
1730053
1730054
1730055
1730056
1730057
1730058
1730059
1730060
1730061
1730062
1730063
1730064
1730065
1730066
1730067
1730068
1730069
1730070
1730071
1730072
1730073
1730074
1730075
1730076
1730077
1730078
1730079
1730080
1730081
1730082
1730083
1730084
1730085
1730086
1730087
1730088
1730089
1730090
1730091
1730092
1730093
1730094
1730095
1730096
1730097
1730098
1730099
1731000
1731001
1731002
1731003
1731004
1731005
1731006
1731007
1731008
1731009
1731010
1731011
1731012
1731013
1731014
1731015
1731016
1731017
1731018
1731019
1731020
1731021
1731022
1731023
1731024
1731025
1731026
1731027
1731028
1731029
1731030
1731031
1731032
1731033
1731034
1731035
1731036
1731037
1731038
1731039
1731040
1731041
1731042
1731043
1731044
1731045
1731046
1731047
1731048
1731049
1731050
1731051
1731052
1731053
1731054
1731055
1731056
1731057
1731058
1731059
1731060
1731061
1731062
1731063
1731064
1731065
1731066
1731067
1731068
1731069
1731070
1731071
1731072
1731073
1731074
1731075
1731076
1731077
1731078
1731079
1731080
1731081
1731082
1731083
1731084
1731085
1731086
1731087
1731088
1731089
1731090
1731091
1731092
1731093
1731094
1731095
1731096
1731097
1731098
1731099
1732000
1732001
1732002
1732003
1732004
1732005
1732006
1732007
1732008
1732009
1732010
1732011
1732012
1732013
1732014
1732015
1732016
1732017
1732018
1732019
1732020
1732021
1732022
1732023
1732024
1732025
1732026
1732027
1732028
1732029
1732030
1732031
1732032
1732033
1732034
1732035
1732036
1732037
1732038
1732039
1732040
1732041
1732042
1732043
1732044
1732045
1732046
1732047
1732048
1732049
1732050
1732051
1732052
1732053
1732054
1732055
1732056
1732057
1732058
1732059
1732060
1732061
1732062
1732063
1732064
1732065
1732066
1732067
1732068
1732069
1732070
1732071
1732072
1732073
1732074
1732075
1732076
1732077
1732078
1732079
1732080
1732081
1732082
1732083
1732084
1732085
1732086
1732087
1732088
1732089
1732090
1732091
1732092
1732093
1732094
1732095
1732096
1732097
1732098
1732099
1733000
1733001
1733002
1733003
1733004
1733005
1733006
1733007
1733008
1733009
1733010
1733011
1733012
1733013
1733014
1733015
1733016
1733017
1733018
1733019
1733020
1733021
1733022
1733023
1733024
1733025
1733026
1733027
1733028
1733029
1733030
1733031
1733032
1733033
1733034
1733035
1733036
1733037
1733038
1733039
1733040
1733041
1733042
1733043
1733044
1733045
1733046
1733047
1733048
1733049
1733050
1733051
1733052
1733053
1733054
1733055
1733056
1733057
1733058
1733059
1733060
1733061
1733062
1733063
1733064
1733065
1733066
1733067
1733068
1733069
1733070
1733071
1733072
1733073
1733074
1733075
1733076
1733077
1733078
1733079
1733080
1733081
1733082
1733083
1733084
1733085
1733086
1733087
1733088
1733089
1733090
1733091
1733092
1733093
1733094
1733095
1733096
1733097
1733098
1733099
1734000
1734001
1734002
1734003
1734004
1734005
1734006
1734007
1734008
1734009
1734010
1734011
1734012
1734013
1734014
1734015
1734016
1734017
1734018
1734019
1734020
1734021
1734022
1734023
1734024
1734025
1734026
1734027
1734028
1734029
1734030
1734031
1734032
1734033
1734034
1734035
1734036
1734037
1734038
1734039
1734040
1734041
1734042
1734043
1734044
1734045
1734046
1734047
1734048
1734049
1734050
1734051
1734052
1734053
1734054
1734055
1734056
1734057
1734058
1734059
1734060
1734061
1734062
1734063
1734064
1734065
1734066
1734067
1734068
1734069
1734070
1734071
1734072
1734073
1734074
1734075
1734076
1734077
1734078
1734079
1734080
1734081
1734082
1734083
1734084
1734085
1734086
1734087
1734088
1734089
1734090
1734091
1734092
1734093
1734094
1734095
1734096
1734097
1734098
1734099
1735000
1735001
1735002
1735003
1735004
1735005
1735006
1735007
1735008
1735009
1735010
1735011
1735012
1735013
1735014
1735015
1735016
1735017
1735018
1735019
1735020
1735021
1735022
1735023
1735024
1735025
1735026
1735027
1735028
1735029
1735030
1735031
1735032
1735033
1735034
1735035
1735036
1735037
1735038
1735039
1735040
1735041
1735042
1735043
1735044
1735045
1735046
1735047
1735048
1735049
1735050
1735051
1735052
1735053
1735054
1735055
1735056
1735057
1735058
1735059
1735060
1735061
1735062
1735063
1735064
1735065
1735066
1735067
1735068
1735069
1735070
1735071
1735072
1735073
1735074
1735075
1735076
1735077
1735078
1735079
1735080
1735081
1735082
1735083
1735084
1735085
1735086
1735087
1735088
1735089
1735090
1735091
1735092
1735093
1735094
1735095
1735096
1735097
1735098
1735099
1736000
1736001
1736002
1736003
1736004
1736005
1736006
1736007
1736008
1736009
1736010
1736011
1736012
1736013
1736014
1736015
1736016
1736017
1736018
1736019
1736020
1736021
1736022
1736023
1736024
1736025
1736026
1736027
1736028
1736029
1736030
1736031
1736032
1736033
1736034
1736035
1736036
1736037
1736038
1736039
1736040
1736041
1736042
1736043
1736044
1736045
1736046
1736047
1736048
1736049
1736050
1736051
1736052
1736053
1736054
1736055
1736056
1736057
1736058
1736059
1736060
1736061
1736062
1736063
1736064
1736065
1736066
1736067
1736068
1736069
1736070
1736071
1736072
1736073
1736074
1736075
1736076
1736077
1736078
1736079
1736080
1736081
1736082
1736083
1736084
1736085
1736086
1736087
1736088
1736089
1736090
1736091
1736092
1736093
1736094
1736095
1736096
1736097
1736098
1736099
1737000
1737001
1737002
1737003
1737004
1737005
1737006
1737007
1737008
1737009
1737010
1737011
1737012
1737013
1737014
1737015
1737016
1737017
1737018
1737019
1737020
1737021
1737022
1737023
1737024
1737025
1737026
1737027
1737028
1737029
1737030
1737031
1737032
1737033
1737034
1737035
1737036
1737037
1737038
1737039
1737040
1737041
1737042
1737043
1737044
1737045
1737046
1737047
1737048
1737049
1737050
1737051
1737052
1737053
1737054
1737055
1737056
1737057
1737058
1737059
1737060
1737061
1737062
1737063
1737064
1737065
1737066
1737067
1737068
1737069
1737070
1737071
1737072
1737073
1737074
1737075
1737076
1737077
1737078
1737079
1737080
1737081
1737082
1737083
1737084
1737085
1737086
1737087
1737088
1737089
1737090
1737091
1737092
1737093
1737094
1737095
1737096
1737097
1737098
1737099
1738000
1738001
1738002
1738003
1738004
1738005
1738006
1738007
1738008
1738009
1738010
1738011
1738012
1738013
1738014
1738015
1738016
1738017
1738018
1738019
1738020
1738021
1738022
1738023
1738024
1738025
1738026
1738027
1738028
1738029
1738030
1738031
1738032
1738033
1738034
1738035
1738036
1738037
1738038
1738039
1738040
1738041
1738042
1738043
1738044
1738045
1738046
1738047
1738048
1738049
1738050
1738051
1738052
1738053
1738054
1738055
1738056
1738057
1738058
1738059
1738060
1738061
1738062
1738063
1738064
1738065
1738066
1738067
1738068
1738069
1738070
1738071
1738072
1738073
1738074
1738075
1738076
1738077
1738078
1738079
1738080
1738081
1738082
1738083
1738084
1738085
1738086
1738087
1738088
1738089
1738090
1738091
1738092
1738093
1738094
1738095
1738096
1738097
1738098
1738099
1739000
1739001
1739002
1739003
1739004
1739005
1739006
1739007
1739008
1739009
1739010
1739011
1739012
1739013
1739014
1739015
1739016
1739017
1739018
1739019
1739020
1739021
1739022
1739023
1739024
1739025
1739026
1739027
1739028
1739029
1739030
1739031
1739032
1739033
1739034
1739035
1739036
1739037
1739038
1739039
1739040
1739041
1739042
1739043
1739044
1739045
1739046
1739047
1739048
1739049
1739050
1739051
1739052
1739053
1739054
1739055
1739056
1739057
1739058
1739059
1739060
1739061
1739062
1739063
1739064
1739065
1739066
1739067
1739068
1739069
1739070
1739071
1739072
1739073
1739074
1739075
1739076
1739077
1739078
1739079
1739080
1739081
1739082
1739083
1739084
1739085
1739086
1739087
1739088
1739089
1739090
1739091
1739092
1739093
1739094
1739095
1739096
1739097
1739098
1739099
1740000
1740001
1740002
1740003
1740004
1740005
1740006
1740007
1740008
1740009
1740010
1740011
1740012
1740013
1740014
1740015
1740016
1740017
1740018
1740019
1740020
1740021
1740022
1740023
1740024
1740025
1740026
1740027
1740028
1740029
1740030
1740031
1740032
1740033
1740034
1740035
1740036
1740037
1740038
1740039
1740040
1740041
1740042
1740043
1740044
1740045
1740046
1740047
1740048
1740049
1740050
1740051
1740052
1740053
1740054
1740055
1740056
1740057
1740058
1740059
1740060
1740061
1740062
1740063
1740064
1740065
1740066
1740067
1740068
1740069
1740070
1740071
1740072
1740073
1740074
1740075
1740076
1740077
1740078
1740079
1740080
1740081
1740082
1740083
1740084
1740085
1740086
1740087
1740088
1740089
1740090
1740091
1740092
1740093
1740094
1740095
1740096
1740097
1740098
1740099
1741000
1741001
1741002
1741003
1741004
1741005
1741006
1741007
1741008
1741009
1741010
1741011
1741012
1741013
1741014
1741015
1741016
1741017
1741018
1741019
1741020
1741021
1741022
1741023
1741024
1741025
1741026
1741027
1741028
1741029
1741030
1741031
1741032
1741033
1741034
1741035
1741036
1741037
1741038
1741039
1741040
1741041
1741042
1741043
1741044
1741045
1741046
1741047
1741048
1741049
1741050
1741051
1741052
1741053
1741054
1741055
1741056
1741057
1741058
1741059
1741060
1741061
1741062
1741063
1741064
1741065
1741066
1741067
1741068
1741069
1741070
1741071
1741072
1741073
1741074
1741075
1741076
1741077
1741078
1741079
1741080
1741081
1741082
1741083
1741084
1741085
1741086
1741087
1741088
1741089
1741090
1741091
1741092
1741093
1741094
1741095
1741096
1741097
1741098
1741099
1742000
1742001
1742002
1742003
1742004
1742005
1742006
1742007
1742008
1742009
1742010
1742011
1742012
1742013
1742014
1742015
1742016
1742017
1742018
1742019
1742020
1742021
1742022
1742023
1742024
1742025
1742026
1742027
1742028
1742029
1742030
1742031
1742032
1742033
1742034
1742035
1742036
1742037
1742038
1742039
1742040
1742041
1742042
1742043
1742044
1742045
1742046
1742047
1742048
1742049
1742050
1742051
1742052
1742053
1742054
1742055
1742056
1742057
1742058
1742059
1742060
1742061
1742062
1742063
1742064
1742065
1742066
1742067
1742068
1742069
1742070
1742071
1742072
1742073
1742074
1742075
1742076
1742077
1742078
1742079
1742080
1742081
1742082
1742083
1742084
1742085
1742086
1742087
1742088
1742089
1742090
1742091
1742092
1742093
1742094
1742095
1742096
1742097
1742098
1742099
1743000
1743001
1743002
1743003
1743004
1743005
1743006
1743007
1743008
1743009
1743010
1743011
1743012
1743013
1743014
1743015
1743016
1743017
1743018
1743019
1743020
1743021
1743022
1743023
1743024
1743025
1743026
1743027
1743028
1743029
1743030
1743031
1743032
1743033
1743034
1743035
1743036
1743037
1743038
1743039
1743040
1743041
1743042
1743043
1743044
1743045
1743046
1743047
1743048
1743049
1743050
1743051
1743052
1743053
1743054
1743055
1743056
1743057
1743058
1743059
1743060
1743061
1743062
1743063
1743064
1743065
1743066
1743067
1743068
1743069
1743070
1743071
1743072
1743073
1743074
1743075
1743076
1743077
1743078
1743079
1743080
1743081
1743082
1743083
1743084
1743085
1743086
1743087
1743088
1743089
1743090
1743091
1743092
1743093
1743094
1743095
1743096
1743097
1743098
1743099
1744000
1744001
1744002
1744003
1744004
1744005
1744006
1744007
1744008
1744009
1744010
1744011
1744012
1744013
1744014
1744015
1744016
1744017
1744018
1744019
1744020
1744021
1744022
1744023
1744024
1744025
1744026
1744027
1744028
1744029
1744030
1744031
1744032
1744033
1744034
1744035
1744036
1744037
1744038
1744039
1744040
1744041
1744042
1744043
1744044
1744045
1744046
1744047
1744048
1744049
1744050
1744051
1744052
1744053
1744054
1744055
1744056
1744057
1744058
1744059
1744060
1744061
1744062
1744063
1744064
1744065
1744066
1744067
1744068
1744069
1744070
1744071
1744072
1744073
1744074
1744075
1744076
1744077
1744078
1744079
1744080
1744081
1744082
1744083
1744084
1744085
1744086
1744087
1744088
1744089
1744090
1744091
1744092
1744093
1744094
1744095
1744096
1744097
1744098
1744099
1745000
1745001
1745002
1745003
1745004
1745005
1745006
1745007
1745008
1745009
1745010
1745011
1745012
1745013
1745014
1745015
1745016
1745017
1745018
1745019
1745020
1745021
1745022
1745023
1745024
1745025
1745026
1745027
1745028
1745029
1745030
1745031
1745032
1745033
1745034
1745035
1745036
1745037
1745038
1745039
1745040
1745041
1745042
1745043
1745044
1745045
1745046
1745047
1745048
1745049
1745050
1745051
1745052
1745053
1745054
1745055
1745056
1745057
1745058
1745059
1745060
1745061
1745062
1745063
1745064
1745065
1745066
1745067
1745068
1745069
1745070
1745071
1745072
1745073
1745074
1745075
1745076
1745077
1745078
1745079
1745080
1745081
1745082
1745083
1745084
1745085
1745086
1745087
1745088
1745089
1745090
1745091
1745092
1745093
1745094
1745095
1745096
1745097
1745098
1745099
1746000
1746001
1746002
1746003
1746004
1746005
1746006
1746007
1746008
1746009
1746010
1746011
1746012
1746013
1746014
1746015
1746016
1746017
1746018
1746019
1746020
1746021
1746022
1746023
1746024
1746025
1746026
1746027
1746028
1746029
1746030
1746031
1746032
1746033
1746034
1746035
1746036
1746037
1746038
1746039
1746040
1746041
1746042
1746043
1746044
1746045
1746046
1746047
1746048
1746049
1746050
1746051
1746052
1746053
1746054
1746055
1746056
1746057
1746058
1746059
1746060
1746061
1746062
1746063
1746064
1746065
1746066
1746067
1746068
1746069
1746070
1746071
1746072
1746073
1746074
1746075
1746076
1746077
1746078
1746079
1746080
1746081
1746082
1746083
1746084
1746085
1746086
1746087
1746088
1746089
1746090
1746091
1746092
1746093
1746094
1746095
1746096
1746097
1746098
1746099
1747000
1747001
1747002
1747003
1747004
1747005
1747006
1747007
1747008
1747009
1747010
1747011
1747012
1747013
1747014
1747015
1747016
1747017
1747018
1747019
1747020
1747021
1747022
1747023
1747024
1747025
1747026
1747027
1747028
1747029
1747030
1747031
1747032
1747033
1747034
1747035
1747036
1747037
1747038
1747039
1747040
1747041
1747042
1747043
1747044
1747045
1747046
1747047
1747048
1747049
1747050
1747051
1747052
1747053
1747054
1747055
1747056
1747057
1747058
1747059
1747060
1747061
1747062
1747063
1747064
1747065
1747066
1747067
1747068
1747069
1747070
1747071
1747072
1747073
1747074
1747075
1747076
1747077
1747078
1747079
1747080
1747081
1747082
1747083
1747084
1747085
1747086
1747087
1747088
1747089
1747090
1747091
1747092
1747093
1747094
1747095
1747096
1747097
1747098
1747099
1748000
1748001
1748002
1748003
1748004
1748005
1748006
1748007
1748008
1748009
1748010
1748011
1748012
1748013
1748014
1748015
1748016
1748017
1748018
1748019
1748020
1748021
1748022
1748023
1748024
1748025
1748026
1748027
1748028
1748029
1748030
1748031
1748032
1748033
1748034
1748035
1748036
1748037
1748038
1748039
1748040
1748041
1748042
1748043
1748044
1748045
1748046
1748047
1748048
1748049
1748050
1748051
1748052
1748053
1748054
1748055
1748056
1748057
1748058
1748059
1748060
1748061
1748062
1748063
1748064
1748065
1748066
1748067
1748068
1748069
1748070
1748071
1748072
1748073
1748074
1748075
1748076
1748077
1748078
1748079
1748080
1748081
1748082
1748083
1748084
1748085
1748086
1748087
1748088
1748089
1748090
1748091
1748092
1748093
1748094
1748095
1748096
1748097
1748098
1748099
1749000
1749001
1749002
1749003
1749004
1749005
1749006
1749007
1749008
1749009
1749010
1749011
1749012
1749013
1749014
1749015
1749016
1749017
1749018
1749019
1749020
1749021
1749022
1749023
1749024
1749025
1749026
1749027
1749028
1749029
1749030
1749031
1749032
1749033
1749034
1749035
1749036
1749037
1749038
1749039
1749040
1749041
1749042
1749043
1749044
1749045
1749046
1749047
1749048
1749049
1749050
1749051
1749052
1749053
1749054
1749055
1749056
1749057
1749058
1749059
1749060
1749061
1749062
1749063
1749064
1749065
1749066
1749067
1749068
1749069
1749070
1749071
1749072
1749073
1749074
1749075
1749076
1749077
1749078
1749079
1749080
1749081
1749082
1749083
1749084
1749085
1749086
1749087
1749088
1749089
1749090
1749091
1749092
1749093
1749094
1749095
1749096
1749097
1749098
1749099
1750000
1750001
1750002
1750003
1750004
1750005
1750006
1750007
1750008
1750009
1750010
1750011
1750012
1750013
1750014
1750015
1750016
1750017
1750018
1750019
1750020
1750021
1750022
1750023
1750024
1750025
1750026
1750027
1750028
1750029
1750030
1750031
1750032
1750033
1750034
1750035
1750036
1750037
1750038
1750039
1750040
1750041
1750042
1750043
1750044
1750045
1750046
1750047
1750048
1750049
1750050
1750051
1750052
1750053
1750054
1750055
1750056
1750057
1750058
1750059
1750060
1750061
1750062
1750063
1750064
1750065
1750066
1750067
1750068
1750069
1750070
1750071
1750072
1750073
1750074
1750075
1750076
1750077
1750078
1750079
1750080
1750081
1750082
1750083
1750084
1750085
1750086
1750087
1750088
1750089
1750090
1750091
1750092
1750093
1750094
1750095
1750096
1750097
1750098
1750099
1751000
1751001
1751002
1751003
1751004
1751005
1751006
1751007
1751008
1751009
1751010
1751011
1751012
1751013
1751014
1751015
1751016
1751017
1751018
1751019
1751020
1751021
1751022
1751023
1751024
1751025
1751026
1751027
1751028
1751029
1751030
1751031
1751032
1751033
1751034
1751035
1751036
1751037
1751038
1751039
1751040
1751041
1751042
1751043
1751044
1751045
1751046
1751047
1751048
1751049
1751050
1751051
1751052
1751053
1751054
1751055
1751056
1751057
1751058
1751059
1751060
1751061
1751062
1751063
1751064
1751065
1751066
1751067
1751068
1751069
1751070
1751071
1751072
1751073
1751074
1751075
1751076
1751077
1751078
1751079
1751080
1751081
1751082
1751083
1751084
1751085
1751086
1751087
1751088
1751089
1751090
1751091
1751092
1751093
1751094
1751095
1751096
1751097
1751098
1751099
1752000
1752001
1752002
1752003
1752004
1752005
1752006
1752007
1752008
1752009
1752010
1752011
1752012
1752013
1752014
1752015
1752016
1752017
1752018
1752019
1752020
1752021
1752022
1752023
1752024
1752025
1752026
1752027
1752028
1752029
1752030
1752031
1752032
1752033
1752034
1752035
1752036
1752037
1752038
1752039
1752040
1752041
1752042
1752043
1752044
1752045
1752046
1752047
1752048
1752049
1752050
1752051
1752052
1752053
1752054
1752055
1752056
1752057
1752058
1752059
1752060
1752061
1752062
1752063
1752064
1752065
1752066
1752067
1752068
1752069
1752070
1752071
1752072
1752073
1752074
1752075
1752076
1752077
1752078
1752079
1752080
1752081
1752082
1752083
1752084
1752085
1752086
1752087
1752088
1752089
1752090
1752091
1752092
1752093
1752094
1752095
1752096
1752097
1752098
1752099
1753000
1753001
1753002
1753003
1753004
1753005
1753006
1753007
1753008
1753009
1753010
1753011
1753012
1753013
1753014
1753015
1753016
1753017
1753018
1753019
1753020
1753021
1753022
1753023
1753024
1753025
1753026
1753027
1753028
1753029
1753030
1753031
1753032
1753033
1753034
1753035
1753036
1753037
1753038
1753039
1753040
1753041
1753042
1753043
1753044
1753045
1753046
1753047
1753048
1753049
1753050
1753051
1753052
1753053
1753054
1753055
1753056
1753057
1753058
1753059
1753060
1753061
1753062
1753063
1753064
1753065
1753066
1753067
1753068
1753069
1753070
1753071
1753072
1753073
1753074
1753075
1753076
1753077
1753078
1753079
1753080
1753081
1753082
1753083
1753084
1753085
1753086
1753087
1753088
1753089
1753090
1753091
1753092
1753093
1753094
1753095
1753096
1753097
1753098
1753099
1754000
1754001
1754002
1754003
1754004
1754005
1754006
1754007
1754008
1754009
1754010
1754011
1754012
1754013
1754014
1754015
1754016
1754017
1754018
1754019
1754020
1754021
1754022
1754023
1754024
1754025
1754026
1754027
1754028
1754029
1754030
1754031
1754032
1754033
1754034
1754035
1754036
1754037
1754038
1754039
1754040
1754041
1754042
1754043
1754044
1754045
1754046
1754047
1754048
1754049
1754050
1754051
1754052
1754053
1754054
1754055
1754056
1754057
1754058
1754059
1754060
1754061
1754062
1754063
1754064
1754065
1754066
1754067
1754068
1754069
1754070
1754071
1754072
1754073
1754074
1754075
1754076
1754077
1754078
1754079
1754080
1754081
1754082
1754083
1754084
1754085
1754086
1754087
1754088
1754089
1754090
1754091
1754092
1754093
1754094
1754095
1754096
1754097
1754098
1754099
1755000
1755001
1755002
1755003
1755004
1755005
1755006
1755007
1755008
1755009
1755010
1755011
1755012
1755013
1755014
1755015
1755016
1755017
1755018
1755019
1755020
1755021
1755022
1755023
1755024
1755025
1755026
1755027
1755028
1755029
1755030
1755031
1755032
1755033
1755034
1755035
1755036
1755037
1755038
1755039
1755040
1755041
1755042
1755043
1755044
1755045
1755046
1755047
1755048
1755049
1755050
1755051
1755052
1755053
1755054
1755055
1755056
1755057
1755058
1755059
1755060
1755061
1755062
1755063
1755064
1755065
1755066
1755067
1755068
1755069
1755070
1755071
1755072
1755073
1755074
1755075
1755076
1755077
1755078
1755079
1755080
1755081
1755082
1755083
1755084
1755085
1755086
1755087
1755088
1755089
1755090
1755091
1755092
1755093
1755094
1755095
1755096
1755097
1755098
1755099
1756000
1756001
1756002
1756003
1756004
1756005
1756006
1756007
1756008
1756009
1756010
1756011
1756012
1756013
1756014
1756015
1756016
1756017
1756018
1756019
1756020
1756021
1756022
1756023
1756024
1756025
1756026
1756027
1756028
1756029
1756030
1756031
1756032
1756033
1756034
1756035
1756036
1756037
1756038
1756039
1756040
1756041
1756042
1756043
1756044
1756045
1756046
1756047
1756048
1756049
1756050
1756051
1756052
1756053
1756054
1756055
1756056
1756057
1756058
1756059
1756060
1756061
1756062
1756063
1756064
1756065
1756066
1756067
1756068
1756069
1756070
1756071
1756072
1756073
1756074
1756075
1756076
1756077
1756078
1756079
1756080
1756081
1756082
1756083
1756084
1756085
1756086
1756087
1756088
1756089
1756090
1756091
1756092
1756093
1756094
1756095
1756096
1756097
1756098
1756099
1757000
1757001
1757002
1757003
1757004
1757005
1757006
1757007
1757008
1757009
1757010
1757011
1757012
1757013
1757014
1757015
1757016
1757017
1757018
1757019
1757020
1757021
1757022
1757023
1757024
1757025
1757026
1757027
1757028
1757029
1757030
1757031
1757032
1757033
1757034
1757035
1757036
1757037
1757038
1757039
1757040
1757041
1757042
1757043
1757044
1757045
1757046
1757047
1757048
1757049
1757050
1757051
1757052
1757053
1757054
1757055
1757056
1757057
1757058
1757059
1757060
1757061
1757062
1757063
1757064
1757065
1757066
1757067
1757068
1757069
1757070
1757071
1757072
1757073
1757074
1757075
1757076
1757077
1757078
1757079
1757080
1757081
1757082
1757083
1757084
1757085
1757086
1757087
1757088
1757089
1757090
1757091
1757092
1757093
1757094
1757095
1757096
1757097
1757098
1757099
1758000
1758001
1758002
1758003
1758004
1758005
1758006
1758007
1758008
1758009
1758010
1758011
1758012
1758013
1758014
1758015
1758016
1758017
1758018
1758019
1758020
1758021
1758022
1758023
1758024
1758025
1758026
1758027
1758028
1758029
1758030
1758031
1758032
1758033
1758034
1758035
1758036
1758037
1758038
1758039
1758040
1758041
1758042
1758043
1758044
1758045
1758046
1758047
1758048
1758049
1758050
1758051
1758052
1758053
1758054
1758055
1758056
1758057
1758058
1758059
1758060
1758061
1758062
1758063
1758064
1758065
1758066
1758067
1758068
1758069
1758070
1758071
1758072
1758073
1758074
1758075
1758076
1758077
1758078
1758079
1758080
1758081
1758082
1758083
1758084
1758085
1758086
1758087
1758088
1758089
1758090
1758091
1758092
1758093
1758094
1758095
1758096
1758097
1758098
1758099
1759000
1759001
1759002
1759003
1759004
1759005
1759006
1759007
1759008
1759009
1759010
1759011
1759012
1759013
1759014
1759015
1759016
1759017
1759018
1759019
1759020
1759021
1759022
1759023
1759024
1759025
1759026
1759027
1759028
1759029
1759030
1759031
1759032
1759033
1759034
1759035
1759036
1759037
1759038
1759039
1759040
1759041
1759042
1759043
1759044
1759045
1759046
1759047
1759048
1759049
1759050
1759051
1759052
1759053
1759054
1759055
1759056
1759057
1759058
1759059
1759060
1759061
1759062
1759063
1759064
1759065
1759066
1759067
1759068
1759069
1759070
1759071
1759072
1759073
1759074
1759075
1759076
1759077
1759078
1759079
1759080
1759081
1759082
1759083
1759084
1759085
1759086
1759087
1759088
1759089
1759090
1759091
1759092
1759093
1759094
1759095
1759096
1759097
1759098
1759099
1760000
1760001
1760002
1760003
1760004
1760005
1760006
1760007
1760008
1760009
1760010
1760011
1760012
1760013
1760014
1760015
1760016
1760017
1760018
1760019
1760020
1760021
1760022
1760023
1760024
1760025
1760026
1760027
1760028
1760029
1760030
1760031
1760032
1760033
1760034
1760035
1760036
1760037
1760038
1760039
1760040
1760041
1760042
1760043
1760044
1760045
1760046
1760047
1760048
1760049
1760050
1760051
1760052
1760053
1760054
1760055
1760056
1760057
1760058
1760059
1760060
1760061
1760062
1760063
1760064
1760065
1760066
1760067
1760068
1760069
1760070
1760071
1760072
1760073
1760074
1760075
1760076
1760077
1760078
1760079
1760080
1760081
1760082
1760083
1760084
1760085
1760086
1760087
1760088
1760089
1760090
1760091
1760092
1760093
1760094
1760095
1760096
1760097
1760098
1760099
1761000
1761001
1761002
1761003
1761004
1761005
1761006
1761007
1761008
1761009
1761010
1761011
1761012
1761013
1761014
1761015
1761016
1761017
1761018
1761019
1761020
1761021
1761022
1761023
1761024
1761025
1761026
1761027
1761028
1761029
1761030
1761031
1761032
1761033
1761034
1761035
1761036
1761037
1761038
1761039
1761040
1761041
1761042
1761043
1761044
1761045
1761046
1761047
1761048
1761049
1761050
1761051
1761052
1761053
1761054
1761055
1761056
1761057
1761058
1761059
1761060
1761061
1761062
1761063
1761064
1761065
1761066
1761067
1761068
1761069
1761070
1761071
1761072
1761073
1761074
1761075
1761076
1761077
1761078
1761079
1761080
1761081
1761082
1761083
1761084
1761085
1761086
1761087
1761088
1761089
1761090
1761091
1761092
1761093
1761094
1761095
1761096
1761097
1761098
1761099
1762000
1762001
1762002
1762003
1762004
1762005
1762006
1762007
1762008
1762009
1762010
1762011
1762012
1762013
1762014
1762015
1762016
1762017
1762018
1762019
1762020
1762021
1762022
1762023
1762024
1762025
1762026
1762027
1762028
1762029
1762030
1762031
1762032
1762033
1762034
1762035
1762036
1762037
1762038
1762039
1762040
1762041
1762042
1762043
1762044
1762045
1762046
1762047
1762048
1762049
1762050
1762051
1762052
1762053
1762054
1762055
1762056
1762057
1762058
1762059
1762060
1762061
1762062
1762063
1762064
1762065
1762066
1762067
1762068
1762069
1762070
1762071
1762072
1762073
1762074
1762075
1762076
1762077
1762078
1762079
1762080
1762081
1762082
1762083
1762084
1762085
1762086
1762087
1762088
1762089
1762090
1762091
1762092
1762093
1762094
1762095
1762096
1762097
1762098
1762099
1763000
1763001
1763002
1763003
1763004
1763005
1763006
1763007
1763008
1763009
1763010
1763011
1763012
1763013
1763014
1763015
1763016
1763017
1763018
1763019
1763020
1763021
1763022
1763023
1763024
1763025
1763026
1763027
1763028
1763029
1763030
1763031
1763032
1763033
1763034
1763035
1763036
1763037
1763038
1763039
1763040
1763041
1763042
1763043
1763044
1763045
1763046
1763047
1763048
1763049
1763050
1763051
1763052
1763053
1763054
1763055
1763056
1763057
1763058
1763059
1763060
1763061
1763062
1763063
1763064
1763065
1763066
1763067
1763068
1763069
1763070
1763071
1763072
1763073
1763074
1763075
1763076
1763077
1763078
1763079
1763080
1763081
1763082
1763083
1763084
1763085
1763086
1763087
1763088
1763089
1763090
1763091
1763092
1763093
1763094
1763095
1763096
1763097
1763098
1763099
1764000
1764001
1764002
1764003
1764004
1764005
1764006
1764007
1764008
1764009
1764010
1764011
1764012
1764013
1764014
1764015
1764016
1764017
1764018
1764019
1764020
1764021
1764022
1764023
1764024
1764025
1764026
1764027
1764028
1764029
1764030
1764031
1764032
1764033
1764034
1764035
1764036
1764037
1764038
1764039
1764040
1764041
1764042
1764043
1764044
1764045
1764046
1764047
1764048
1764049
1764050
1764051
1764052
1764053
1764054
1764055
1764056
1764057
1764058
1764059
1764060
1764061
1764062
1764063
1764064
1764065
1764066
1764067
1764068
1764069
1764070
1764071
1764072
1764073
1764074
1764075
1764076
1764077
1764078
1764079
1764080
1764081
1764082
1764083
1764084
1764085
1764086
1764087
1764088
1764089
1764090
1764091
1764092
1764093
1764094
1764095
1764096
1764097
1764098
1764099
1765000
1765001
1765002
1765003
1765004
1765005
1765006
1765007
1765008
1765009
1765010
1765011
1765012
1765013
1765014
1765015
1765016
1765017
1765018
1765019
1765020
1765021
1765022
1765023
1765024
1765025
1765026
1765027
1765028
1765029
1765030
1765031
1765032
1765033
1765034
1765035
1765036
1765037
1765038
1765039
1765040
1765041
1765042
1765043
1765044
1765045
1765046
1765047
1765048
1765049
1765050
1765051
1765052
1765053
1765054
1765055
1765056
1765057
1765058
1765059
1765060
1765061
1765062
1765063
1765064
1765065
1765066
1765067
1765068
1765069
1765070
1765071
1765072
1765073
1765074
1765075
1765076
1765077
1765078
1765079
1765080
1765081
1765082
1765083
1765084
1765085
1765086
1765087
1765088
1765089
1765090
1765091
1765092
1765093
1765094
1765095
1765096
1765097
1765098
1765099
1766000
1766001
1766002
1766003
1766004
1766005
1766006
1766007
1766008
1766009
1766010
1766011
1766012
1766013
1766014
1766015
1766016
1766017
1766018
1766019
1766020
1766021
1766022
1766023
1766024
1766025
1766026
1766027
1766028
1766029
1766030
1766031
1766032
1766033
1766034
1766035
1766036
1766037
1766038
1766039
1766040
1766041
1766042
1766043
1766044
1766045
1766046
1766047
1766048
1766049
1766050
1766051
1766052
1766053
1766054
1766055
1766056
1766057
1766058
1766059
1766060
1766061
1766062
1766063
1766064
1766065
1766066
1766067
1766068
1766069
1766070
1766071
1766072
1766073
1766074
1766075
1766076
1766077
1766078
1766079
1766080
1766081
1766082
1766083
1766084
1766085
1766086
1766087
1766088
1766089
1766090
1766091
1766092
1766093
1766094
1766095
1766096
1766097
1766098
1766099
1767000
1767001
1767002
1767003
1767004
1767005
1767006
1767007
1767008
1767009
1767010
1767011
1767012
1767013
1767014
1767015
1767016
1767017
1767018
1767019
1767020
1767021
1767022
1767023
1767024
1767025
1767026
1767027
1767028
1767029
1767030
1767031
1767032
1767033
1767034
1767035
1767036
1767037
1767038
1767039
1767040
1767041
1767042
1767043
1767044
1767045
1767046
1767047
1767048
1767049
1767050
1767051
1767052
1767053
1767054
1767055
1767056
1767057
1767058
1767059
1767060
1767061
1767062
1767063
1767064
1767065
1767066
1767067
1767068
1767069
1767070
1767071
1767072
1767073
1767074
1767075
1767076
1767077
1767078
1767079
1767080
1767081
1767082
1767083
1767084
1767085
1767086
1767087
1767088
1767089
1767090
1767091
1767092
1767093
1767094
1767095
1767096
1767097
1767098
1767099
1768000
1768001
1768002
1768003
1768004
1768005
1768006
1768007
1768008
1768009
1768010
1768011
1768012
1768013
1768014
1768015
1768016
1768017
1768018
1768019
1768020
1768021
1768022
1768023
1768024
1768025
1768026
1768027
1768028
1768029
1768030
1768031
1768032
1768033
1768034
1768035
1768036
1768037
1768038
1768039
1768040
1768041
1768042
1768043
1768044
1768045
1768046
1768047
1768048
1768049
1768050
1768051
1768052
1768053
1768054
1768055
1768056
1768057
1768058
1768059
1768060
1768061
1768062
1768063
1768064
1768065
1768066
1768067
1768068
1768069
1768070
1768071
1768072
1768073
1768074
1768075
1768076
1768077
1768078
1768079
1768080
1768081
1768082
1768083
1768084
1768085
1768086
1768087
1768088
1768089
1768090
1768091
1768092
1768093
1768094
1768095
1768096
1768097
1768098
1768099
1769000
1769001
1769002
1769003
1769004
1769005
1769006
1769007
1769008
1769009
1769010
1769011
1769012
1769013
1769014
1769015
1769016
1769017
1769018
1769019
1769020
1769021
1769022
1769023
1769024
1769025
1769026
1769027
1769028
1769029
1769030
1769031
1769032
1769033
1769034
1769035
1769036
1769037
1769038
1769039
1769040
1769041
1769042
1769043
1769044
1769045
1769046
1769047
1769048
1769049
1769050
1769051
1769052
1769053
1769054
1769055
1769056
1769057
1769058
1769059
1769060
1769061
1769062
1769063
1769064
1769065
1769066
1769067
1769068
1769069
1769070
1769071
1769072
1769073
1769074
1769075
1769076
1769077
1769078
1769079
1769080
1769081
1769082
1769083
1769084
1769085
1769086
1769087
1769088
1769089
1769090
1769091
1769092
1769093
1769094
1769095
1769096
1769097
1769098
1769099
1770000
1770001
1770002
1770003
1770004
1770005
1770006
1770007
1770008
1770009
1770010
1770011
1770012
1770013
1770014
1770015
1770016
1770017
1770018
1770019
1770020
1770021
1770022
1770023
1770024
1770025
1770026
1770027
1770028
1770029
1770030
1770031
1770032
1770033
1770034
1770035
1770036
1770037
1770038
1770039
1770040
1770041
1770042
1770043
1770044
1770045
1770046
1770047
1770048
1770049
1770050
1770051
1770052
1770053
1770054
1770055
1770056
1770057
1770058
1770059
1770060
1770061
1770062
1770063
1770064
1770065
1770066
1770067
1770068
1770069
1770070
1770071
1770072
1770073
1770074
1770075
1770076
1770077
1770078
1770079
1770080
1770081
1770082
1770083
1770084
1770085
1770086
1770087
1770088
1770089
1770090
1770091
1770092
1770093
1770094
1770095
1770096
1770097
1770098
1770099
1771000
1771001
1771002
1771003
1771004
1771005
1771006
1771007
1771008
1771009
1771010
1771011
1771012
1771013
1771014
1771015
1771016
1771017
1771018
1771019
1771020
1771021
1771022
1771023
1771024
1771025
1771026
1771027
1771028
1771029
1771030
1771031
1771032
1771033
1771034
1771035
1771036
1771037
1771038
1771039
1771040
1771041
1771042
1771043
1771044
1771045
1771046
1771047
1771048
1771049
1771050
1771051
1771052
1771053
1771054
1771055
1771056
1771057
1771058
1771059
1771060
1771061
1771062
1771063
1771064
1771065
1771066
1771067
1771068
1771069
1771070
1771071
1771072
1771073
1771074
1771075
1771076
1771077
1771078
1771079
1771080
1771081
1771082
1771083
1771084
1771085
1771086
1771087
1771088
1771089
1771090
1771091
1771092
1771093
1771094
1771095
1771096
1771097
1771098
1771099
1772000
1772001
1772002
1772003
1772004
1772005
1772006
1772007
1772008
1772009
1772010
1772011
1772012
1772013
1772014
1772015
1772016
1772017
1772018
1772019
1772020
1772021
1772022
1772023
1772024
1772025
1772026
1772027
1772028
1772029
1772030
1772031
1772032
1772033
1772034
1772035
1772036
1772037
1772038
1772039
1772040
1772041
1772042
1772043
1772044
1772045
1772046
1772047
1772048
1772049
1772050
1772051
1772052
1772053
1772054
1772055
1772056
1772057
1772058
1772059
1772060
1772061
1772062
1772063
1772064
1772065
1772066
1772067
1772068
1772069
1772070
1772071
1772072
1772073
1772074
1772075
1772076
1772077
1772078
1772079
1772080
1772081
1772082
1772083
1772084
1772085
1772086
1772087
1772088
1772089
1772090
1772091
1772092
1772093
1772094
1772095
1772096
1772097
1772098
1772099
1773000
1773001
1773002
1773003
1773004
1773005
1773006
1773007
1773008
1773009
1773010
1773011
1773012
1773013
1773014
1773015
1773016
1773017
1773018
1773019
1773020
1773021
1773022
1773023
1773024
1773025
1773026
1773027
1773028
1773029
1773030
1773031
1773032
1773033
1773034
1773035
1773036
1773037
1773038
1773039
1773040
1773041
1773042
1773043
1773044
1773045
1773046
1773047
1773048
1773049
1773050
1773051
1773052
1773053
1773054
1773055
1773056
1773057
1773058
1773059
1773060
1773061
1773062
1773063
1773064
1773065
1773066
1773067
1773068
1773069
1773070
1773071
1773072
1773073
1773074
1773075
1773076
1773077
1773078
1773079
1773080
1773081
1773082
1773083
1773084
1773085
1773086
1773087
1773088
1773089
1773090
1773091
1773092
1773093
1773094
1773095
1773096
1773097
1773098
1773099
1774000
1774001
1774002
1774003
1774004
1774005
1774006
1774007
1774008
1774009
1774010
1774011
1774012
1774013
1774014
1774015
1774016
1774017
1774018
1774019
1774020
1774021
1774022
1774023
1774024
1774025
1774026
1774027
1774028
1774029
1774030
1774031
1774032
1774033
1774034
1774035
1774036
1774037
1774038
1774039
1774040
1774041
1774042
1774043
1774044
1774045
1774046
1774047
1774048
1774049
1774050
1774051
1774052
1774053
1774054
1774055
1774056
1774057
1774058
1774059
1774060
1774061
1774062
1774063
1774064
1774065
1774066
1774067
1774068
1774069
1774070
1774071
1774072
1774073
1774074
1774075
1774076
1774077
1774078
1774079
1774080
1774081
1774082
1774083
1774084
1774085
1774086
1774087
1774088
1774089
1774090
1774091
1774092
1774093
1774094
1774095
1774096
1774097
1774098
1774099
1775000
1775001
1775002
1775003
1775004
1775005
1775006
1775007
1775008
1775009
1775010
1775011
1775012
1775013
1775014
1775015
1775016
1775017
1775018
1775019
1775020
1775021
1775022
1775023
1775024
1775025
1775026
1775027
1775028
1775029
1775030
1775031
1775032
1775033
1775034
1775035
1775036
1775037
1775038
1775039
1775040
1775041
1775042
1775043
1775044
1775045
1775046
1775047
1775048
1775049
1775050
1775051
1775052
1775053
1775054
1775055
1775056
1775057
1775058
1775059
1775060
1775061
1775062
1775063
1775064
1775065
1775066
1775067
1775068
1775069
1775070
1775071
1775072
1775073
1775074
1775075
1775076
1775077
1775078
1775079
1775080
1775081
1775082
1775083
1775084
1775085
1775086
1775087
1775088
1775089
1775090
1775091
1775092
1775093
1775094
1775095
1775096
1775097
1775098
1775099
1776000
1776001
1776002
1776003
1776004
1776005
1776006
1776007
1776008
1776009
1776010
1776011
1776012
1776013
1776014
1776015
1776016
1776017
1776018
1776019
1776020
1776021
1776022
1776023
1776024
1776025
1776026
1776027
1776028
1776029
1776030
1776031
1776032
1776033
1776034
1776035
1776036
1776037
1776038
1776039
1776040
1776041
1776042
1776043
1776044
1776045
1776046
1776047
1776048
1776049
1776050
1776051
1776052
1776053
1776054
1776055
1776056
1776057
1776058
1776059
1776060
1776061
1776062
1776063
1776064
1776065
1776066
1776067
1776068
1776069
1776070
1776071
1776072
1776073
1776074
1776075
1776076
1776077
1776078
1776079
1776080
1776081
1776082
1776083
1776084
1776085
1776086
1776087
1776088
1776089
1776090
1776091
1776092
1776093
1776094
1776095
1776096
1776097
1776098
1776099
1777000
1777001
1777002
1777003
1777004
1777005
1777006
1777007
1777008
1777009
1777010
1777011
1777012
1777013
1777014
1777015
1777016
1777017
1777018
1777019
1777020
1777021
1777022
1777023
1777024
1777025
1777026
1777027
1777028
1777029
1777030
1777031
1777032
1777033
1777034
1777035
1777036
1777037
1777038
1777039
1777040
1777041
1777042
1777043
1777044
1777045
1777046
1777047
1777048
1777049
1777050
1777051
1777052
1777053
1777054
1777055
1777056
1777057
1777058
1777059
1777060
1777061
1777062
1777063
1777064
1777065
1777066
1777067
1777068
1777069
1777070
1777071
1777072
1777073
1777074
1777075
1777076
1777077
1777078
1777079
1777080
1777081
1777082
1777083
1777084
1777085
1777086
1777087
1777088
1777089
1777090
1777091
1777092
1777093
1777094
1777095
1777096
1777097
1777098
1777099
1778000
1778001
1778002
1778003
1778004
1778005
1778006
1778007
1778008
1778009
1778010
1778011
1778012
1778013
1778014
1778015
1778016
1778017
1778018
1778019
1778020
1778021
1778022
1778023
1778024
1778025
1778026
1778027
1778028
1778029
1778030
1778031
1778032
1778033
1778034
1778035
1778036
1778037
1778038
1778039
1778040
1778041
1778042
1778043
1778044
1778045
1778046
1778047
1778048
1778049
1778050
1778051
1778052
1778053
1778054
1778055
1778056
1778057
1778058
1778059
1778060
1778061
1778062
1778063
1778064
1778065
1778066
1778067
1778068
1778069
1778070
1778071
1778072
1778073
1778074
1778075
1778076
1778077
1778078
1778079
1778080
1778081
1778082
1778083
1778084
1778085
1778086
1778087
1778088
1778089
1778090
1778091
1778092
1778093
1778094
1778095
1778096
1778097
1778098
1778099
1779000
1779001
1779002
1779003
1779004
1779005
1779006
1779007
1779008
1779009
1779010
1779011
1779012
1779013
1779014
1779015
1779016
1779017
1779018
1779019
1779020
1779021
1779022
1779023
1779024
1779025
1779026
1779027
1779028
1779029
1779030
1779031
1779032
1779033
1779034
1779035
1779036
1779037
1779038
1779039
1779040
1779041
1779042
1779043
1779044
1779045
1779046
1779047
1779048
1779049
1779050
1779051
1779052
1779053
1779054
1779055
1779056
1779057
1779058
1779059
1779060
1779061
1779062
1779063
1779064
1779065
1779066
1779067
1779068
1779069
1779070
1779071
1779072
1779073
1779074
1779075
1779076
1779077
1779078
1779079
1779080
1779081
1779082
1779083
1779084
1779085
1779086
1779087
1779088
1779089
1779090
1779091
1779092
1779093
1779094
1779095
1779096
1779097
1779098
1779099
1780000
1780001
1780002
1780003
1780004
1780005
1780006
1780007
1780008
1780009
1780010
1780011
1780012
1780013
1780014
1780015
1780016
1780017
1780018
1780019
1780020
1780021
1780022
1780023
1780024
1780025
1780026
1780027
1780028
1780029
1780030
1780031
1780032
1780033
1780034
1780035
1780036
1780037
1780038
1780039
1780040
1780041
1780042
1780043
1780044
1780045
1780046
1780047
1780048
1780049
1780050
1780051
1780052
1780053
1780054
1780055
1780056
1780057
1780058
1780059
1780060
1780061
1780062
1780063
1780064
1780065
1780066
1780067
1780068
1780069
1780070
1780071
1780072
1780073
1780074
1780075
1780076
1780077
1780078
1780079
1780080
1780081
1780082
1780083
1780084
1780085
1780086
1780087
1780088
1780089
1780090
1780091
1780092
1780093
1780094
1780095
1780096
1780097
1780098
1780099
1781000
1781001
1781002
1781003
1781004
1781005
1781006
1781007
1781008
1781009
1781010
1781011
1781012
1781013
1781014
1781015
1781016
1781017
1781018
1781019
1781020
1781021
1781022
1781023
1781024
1781025
1781026
1781027
1781028
1781029
1781030
1781031
1781032
1781033
1781034
1781035
1781036
1781037
1781038
1781039
1781040
1781041
1781042
1781043
1781044
1781045
1781046
1781047
1781048
1781049
1781050
1781051
1781052
1781053
1781054
1781055
1781056
1781057
1781058
1781059
1781060
1781061
1781062
1781063
1781064
1781065
1781066
1781067
1781068
1781069
1781070
1781071
1781072
1781073
1781074
1781075
1781076
1781077
1781078
1781079
1781080
1781081
1781082
1781083
1781084
1781085
1781086
1781087
1781088
1781089
1781090
1781091
1781092
1781093
1781094
1781095
1781096
1781097
1781098
1781099
1782000
1782001
1782002
1782003
1782004
1782005
1782006
1782007
1782008
1782009
1782010
1782011
1782012
1782013
1782014
1782015
1782016
1782017
1782018
1782019
1782020
1782021
1782022
1782023
1782024
1782025
1782026
1782027
1782028
1782029
1782030
1782031
1782032
1782033
1782034
1782035
1782036
1782037
1782038
1782039
1782040
1782041
1782042
1782043
1782044
1782045
1782046
1782047
1782048
1782049
1782050
1782051
1782052
1782053
1782054
1782055
1782056
1782057
1782058
1782059
1782060
1782061
1782062
1782063
1782064
1782065
1782066
1782067
1782068
1782069
1782070
1782071
1782072
1782073
1782074
1782075
1782076
1782077
1782078
1782079
1782080
1782081
1782082
1782083
1782084
1782085
1782086
1782087
1782088
1782089
1782090
1782091
1782092
1782093
1782094
1782095
1782096
1782097
1782098
1782099
1783000
1783001
1783002
1783003
1783004
1783005
1783006
1783007
1783008
1783009
1783010
1783011
1783012
1783013
1783014
1783015
1783016
1783017
1783018
1783019
1783020
1783021
1783022
1783023
1783024
1783025
1783026
1783027
1783028
1783029
1783030
1783031
1783032
1783033
1783034
1783035
1783036
1783037
1783038
1783039
1783040
1783041
1783042
1783043
1783044
1783045
1783046
1783047
1783048
1783049
1783050
1783051
1783052
1783053
1783054
1783055
1783056
1783057
1783058
1783059
1783060
1783061
1783062
1783063
1783064
1783065
1783066
1783067
1783068
1783069
1783070
1783071
1783072
1783073
1783074
1783075
1783076
1783077
1783078
1783079
1783080
1783081
1783082
1783083
1783084
1783085
1783086
1783087
1783088
1783089
1783090
1783091
1783092
1783093
1783094
1783095
1783096
1783097
1783098
1783099
1784000
1784001
1784002
1784003
1784004
1784005
1784006
1784007
1784008
1784009
1784010
1784011
1784012
1784013
1784014
1784015
1784016
1784017
1784018
1784019
1784020
1784021
1784022
1784023
1784024
1784025
1784026
1784027
1784028
1784029
1784030
1784031
1784032
1784033
1784034
1784035
1784036
1784037
1784038
1784039
1784040
1784041
1784042
1784043
1784044
1784045
1784046
1784047
1784048
1784049
1784050
1784051
1784052
1784053
1784054
1784055
1784056
1784057
1784058
1784059
1784060
1784061
1784062
1784063
1784064
1784065
1784066
1784067
1784068
1784069
1784070
1784071
1784072
1784073
1784074
1784075
1784076
1784077
1784078
1784079
1784080
1784081
1784082
1784083
1784084
1784085
1784086
1784087
1784088
1784089
1784090
1784091
1784092
1784093
1784094
1784095
1784096
1784097
1784098
1784099
1785000
1785001
1785002
1785003
1785004
1785005
1785006
1785007
1785008
1785009
1785010
1785011
1785012
1785013
1785014
1785015
1785016
1785017
1785018
1785019
1785020
1785021
1785022
1785023
1785024
1785025
1785026
1785027
1785028
1785029
1785030
1785031
1785032
1785033
1785034
1785035
1785036
1785037
1785038
1785039
1785040
1785041
1785042
1785043
1785044
1785045
1785046
1785047
1785048
1785049
1785050
1785051
1785052
1785053
1785054
1785055
1785056
1785057
1785058
1785059
1785060
1785061
1785062
1785063
1785064
1785065
1785066
1785067
1785068
1785069
1785070
1785071
1785072
1785073
1785074
1785075
1785076
1785077
1785078
1785079
1785080
1785081
1785082
1785083
1785084
1785085
1785086
1785087
1785088
1785089
1785090
1785091
1785092
1785093
1785094
1785095
1785096
1785097
1785098
1785099
1786000
1786001
1786002
1786003
1786004
1786005
1786006
1786007
1786008
1786009
1786010
1786011
1786012
1786013
1786014
1786015
1786016
1786017
1786018
1786019
1786020
1786021
1786022
1786023
1786024
1786025
1786026
1786027
1786028
1786029
1786030
1786031
1786032
1786033
1786034
1786035
1786036
1786037
1786038
1786039
1786040
1786041
1786042
1786043
1786044
1786045
1786046
1786047
1786048
1786049
1786050
1786051
1786052
1786053
1786054
1786055
1786056
1786057
1786058
1786059
1786060
1786061
1786062
1786063
1786064
1786065
1786066
1786067
1786068
1786069
1786070
1786071
1786072
1786073
1786074
1786075
1786076
1786077
1786078
1786079
1786080
1786081
1786082
1786083
1786084
1786085
1786086
1786087
1786088
1786089
1786090
1786091
1786092
1786093
1786094
1786095
1786096
1786097
1786098
1786099
1787000
1787001
1787002
1787003
1787004
1787005
1787006
1787007
1787008
1787009
1787010
1787011
1787012
1787013
1787014
1787015
1787016
1787017
1787018
1787019
1787020
1787021
1787022
1787023
1787024
1787025
1787026
1787027
1787028
1787029
1787030
1787031
1787032
1787033
1787034
1787035
1787036
1787037
1787038
1787039
1787040
1787041
1787042
1787043
1787044
1787045
1787046
1787047
1787048
1787049
1787050
1787051
1787052
1787053
1787054
1787055
1787056
1787057
1787058
1787059
1787060
1787061
1787062
1787063
1787064
1787065
1787066
1787067
1787068
1787069
1787070
1787071
1787072
1787073
1787074
1787075
1787076
1787077
1787078
1787079
1787080
1787081
1787082
1787083
1787084
1787085
1787086
1787087
1787088
1787089
1787090
1787091
1787092
1787093
1787094
1787095
1787096
1787097
1787098
1787099
1788000
1788001
1788002
1788003
1788004
1788005
1788006
1788007
1788008
1788009
1788010
1788011
1788012
1788013
1788014
1788015
1788016
1788017
1788018
1788019
1788020
1788021
1788022
1788023
1788024
1788025
1788026
1788027
1788028
1788029
1788030
1788031
1788032
1788033
1788034
1788035
1788036
1788037
1788038
1788039
1788040
1788041
1788042
1788043
1788044
1788045
1788046
1788047
1788048
1788049
1788050
1788051
1788052
1788053
1788054
1788055
1788056
1788057
1788058
1788059
1788060
1788061
1788062
1788063
1788064
1788065
1788066
1788067
1788068
1788069
1788070
1788071
1788072
1788073
1788074
1788075
1788076
1788077
1788078
1788079
1788080
1788081
1788082
1788083
1788084
1788085
1788086
1788087
1788088
1788089
1788090
1788091
1788092
1788093
1788094
1788095
1788096
1788097
1788098
1788099
1789000
1789001
1789002
1789003
1789004
1789005
1789006
1789007
1789008
1789009
1789010
1789011
1789012
1789013
1789014
1789015
1789016
1789017
1789018
1789019
1789020
1789021
1789022
1789023
1789024
1789025
1789026
1789027
1789028
1789029
1789030
1789031
1789032
1789033
1789034
1789035
1789036
1789037
1789038
1789039
1789040
1789041
1789042
1789043
1789044
1789045
1789046
1789047
1789048
1789049
1789050
1789051
1789052
1789053
1789054
1789055
1789056
1789057
1789058
1789059
1789060
1789061
1789062
1789063
1789064
1789065
1789066
1789067
1789068
1789069
1789070
1789071
1789072
1789073
1789074
1789075
1789076
1789077
1789078
1789079
1789080
1789081
1789082
1789083
1789084
1789085
1789086
1789087
1789088
1789089
1789090
1789091
1789092
1789093
1789094
1789095
1789096
1789097
1789098
1789099
1790000
1790001
1790002
1790003
1790004
1790005
1790006
1790007
1790008
1790009
1790010
1790011
1790012
1790013
1790014
1790015
1790016
1790017
1790018
1790019
1790020
1790021
1790022
1790023
1790024
1790025
1790026
1790027
1790028
1790029
1790030
1790031
1790032
1790033
1790034
1790035
1790036
1790037
1790038
1790039
1790040
1790041
1790042
1790043
1790044
1790045
1790046
1790047
1790048
1790049
1790050
1790051
1790052
1790053
1790054
1790055
1790056
1790057
1790058
1790059
1790060
1790061
1790062
1790063
1790064
1790065
1790066
1790067
1790068
1790069
1790070
1790071
1790072
1790073
1790074
1790075
1790076
1790077
1790078
1790079
1790080
1790081
1790082
1790083
1790084
1790085
1790086
1790087
1790088
1790089
1790090
1790091
1790092
1790093
1790094
1790095
1790096
1790097
1790098
1790099
1791000
1791001
1791002
1791003
1791004
1791005
1791006
1791007
1791008
1791009
1791010
1791011
1791012
1791013
1791014
1791015
1791016
1791017
1791018
1791019
1791020
1791021
1791022
1791023
1791024
1791025
1791026
1791027
1791028
1791029
1791030
1791031
1791032
1791033
1791034
1791035
1791036
1791037
1791038
1791039
1791040
1791041
1791042
1791043
1791044
1791045
1791046
1791047
1791048
1791049
1791050
1791051
1791052
1791053
1791054
1791055
1791056
1791057
1791058
1791059
1791060
1791061
1791062
1791063
1791064
1791065
1791066
1791067
1791068
1791069
1791070
1791071
1791072
1791073
1791074
1791075
1791076
1791077
1791078
1791079
1791080
1791081
1791082
1791083
1791084
1791085
1791086
1791087
1791088
1791089
1791090
1791091
1791092
1791093
1791094
1791095
1791096
1791097
1791098
1791099
1792000
1792001
1792002
1792003
1792004
1792005
1792006
1792007
1792008
1792009
1792010
1792011
1792012
1792013
1792014
1792015
1792016
1792017
1792018
1792019
1792020
1792021
1792022
1792023
1792024
1792025
1792026
1792027
1792028
1792029
1792030
1792031
1792032
1792033
1792034
1792035
1792036
1792037
1792038
1792039
1792040
1792041
1792042
1792043
1792044
1792045
1792046
1792047
1792048
1792049
1792050
1792051
1792052
1792053
1792054
1792055
1792056
1792057
1792058
1792059
1792060
1792061
1792062
1792063
1792064
1792065
1792066
1792067
1792068
1792069
1792070
1792071
1792072
1792073
1792074
1792075
1792076
1792077
1792078
1792079
1792080
1792081
1792082
1792083
1792084
1792085
1792086
1792087
1792088
1792089
1792090
1792091
1792092
1792093
1792094
1792095
1792096
1792097
1792098
1792099
1793000
1793001
1793002
1793003
1793004
1793005
1793006
1793007
1793008
1793009
1793010
1793011
1793012
1793013
1793014
1793015
1793016
1793017
1793018
1793019
1793020
1793021
1793022
1793023
1793024
1793025
1793026
1793027
1793028
1793029
1793030
1793031
1793032
1793033
1793034
1793035
1793036
1793037
1793038
1793039
1793040
1793041
1793042
1793043
1793044
1793045
1793046
1793047
1793048
1793049
1793050
1793051
1793052
1793053
1793054
1793055
1793056
1793057
1793058
1793059
1793060
1793061
1793062
1793063
1793064
1793065
1793066
1793067
1793068
1793069
1793070
1793071
1793072
1793073
1793074
1793075
1793076
1793077
1793078
1793079
1793080
1793081
1793082
1793083
1793084
1793085
1793086
1793087
1793088
1793089
1793090
1793091
1793092
1793093
1793094
1793095
1793096
1793097
1793098
1793099
1794000
1794001
1794002
1794003
1794004
1794005
1794006
1794007
1794008
1794009
1794010
1794011
1794012
1794013
1794014
1794015
1794016
1794017
1794018
1794019
1794020
1794021
1794022
1794023
1794024
1794025
1794026
1794027
1794028
1794029
1794030
1794031
1794032
1794033
1794034
1794035
1794036
1794037
1794038
1794039
1794040
1794041
1794042
1794043
1794044
1794045
1794046
1794047
1794048
1794049
1794050
1794051
1794052
1794053
1794054
1794055
1794056
1794057
1794058
1794059
1794060
1794061
1794062
1794063
1794064
1794065
1794066
1794067
1794068
1794069
1794070
1794071
1794072
1794073
1794074
1794075
1794076
1794077
1794078
1794079
1794080
1794081
1794082
1794083
1794084
1794085
1794086
1794087
1794088
1794089
1794090
1794091
1794092
1794093
1794094
1794095
1794096
1794097
1794098
1794099
1795000
1795001
1795002
1795003
1795004
1795005
1795006
1795007
1795008
1795009
1795010
1795011
1795012
1795013
1795014
1795015
1795016
1795017
1795018
1795019
1795020
1795021
1795022
1795023
1795024
1795025
1795026
1795027
1795028
1795029
1795030
1795031
1795032
1795033
1795034
1795035
1795036
1795037
1795038
1795039
1795040
1795041
1795042
1795043
1795044
1795045
1795046
1795047
1795048
1795049
1795050
1795051
1795052
1795053
1795054
1795055
1795056
1795057
1795058
1795059
1795060
1795061
1795062
1795063
1795064
1795065
1795066
1795067
1795068
1795069
1795070
1795071
1795072
1795073
1795074
1795075
1795076
1795077
1795078
1795079
1795080
1795081
1795082
1795083
1795084
1795085
1795086
1795087
1795088
1795089
1795090
1795091
1795092
1795093
1795094
1795095
1795096
1795097
1795098
1795099
1796000
1796001
1796002
1796003
1796004
1796005
1796006
1796007
1796008
1796009
1796010
1796011
1796012
1796013
1796014
1796015
1796016
1796017
1796018
1796019
1796020
1796021
1796022
1796023
1796024
1796025
1796026
1796027
1796028
1796029
1796030
1796031
1796032
1796033
1796034
1796035
1796036
1796037
1796038
1796039
1796040
1796041
1796042
1796043
1796044
1796045
1796046
1796047
1796048
1796049
1796050
1796051
1796052
1796053
1796054
1796055
1796056
1796057
1796058
1796059
1796060
1796061
1796062
1796063
1796064
1796065
1796066
1796067
1796068
1796069
1796070
1796071
1796072
1796073
1796074
1796075
1796076
1796077
1796078
1796079
1796080
1796081
1796082
1796083
1796084
1796085
1796086
1796087
1796088
1796089
1796090
1796091
1796092
1796093
1796094
1796095
1796096
1796097
1796098
1796099
1797000
1797001
1797002
1797003
1797004
1797005
1797006
1797007
1797008
1797009
1797010
1797011
1797012
1797013
1797014
1797015
1797016
1797017
1797018
1797019
1797020
1797021
1797022
1797023
1797024
1797025
1797026
1797027
1797028
1797029
1797030
1797031
1797032
1797033
1797034
1797035
1797036
1797037
1797038
1797039
1797040
1797041
1797042
1797043
1797044
1797045
1797046
1797047
1797048
1797049
1797050
1797051
1797052
1797053
1797054
1797055
1797056
1797057
1797058
1797059
1797060
1797061
1797062
1797063
1797064
1797065
1797066
1797067
1797068
1797069
1797070
1797071
1797072
1797073
1797074
1797075
1797076
1797077
1797078
1797079
1797080
1797081
1797082
1797083
1797084
1797085
1797086
1797087
1797088
1797089
1797090
1797091
1797092
1797093
1797094
1797095
1797096
1797097
1797098
1797099
1798000
1798001
1798002
1798003
1798004
1798005
1798006
1798007
1798008
1798009
1798010
1798011
1798012
1798013
1798014
1798015
1798016
1798017
1798018
1798019
1798020
1798021
1798022
1798023
1798024
1798025
1798026
1798027
1798028
1798029
1798030
1798031
1798032
1798033
1798034
1798035
1798036
1798037
1798038
1798039
1798040
1798041
1798042
1798043
1798044
1798045
1798046
1798047
1798048
1798049
1798050
1798051
1798052
1798053
1798054
1798055
1798056
1798057
1798058
1798059
1798060
1798061
1798062
1798063
1798064
1798065
1798066
1798067
1798068
1798069
1798070
1798071
1798072
1798073
1798074
1798075
1798076
1798077
1798078
1798079
1798080
1798081
1798082
1798083
1798084
1798085
1798086
1798087
1798088
1798089
1798090
1798091
1798092
1798093
1798094
1798095
1798096
1798097
1798098
1798099
1799000
1799001
1799002
1799003
1799004
1799005
1799006
1799007
1799008
1799009
1799010
1799011
1799012
1799013
1799014
1799015
1799016
1799017
1799018
1799019
1799020
1799021
1799022
1799023
1799024
1799025
1799026
1799027
1799028
1799029
1799030
1799031
1799032
1799033
1799034
1799035
1799036
1799037
1799038
1799039
1799040
1799041
1799042
1799043
1799044
1799045
1799046
1799047
1799048
1799049
1799050
1799051
1799052
1799053
1799054
1799055
1799056
1799057
1799058
1799059
1799060
1799061
1799062
1799063
1799064
1799065
1799066
1799067
1799068
1799069
1799070
1799071
1799072
1799073
1799074
1799075
1799076
1799077
1799078
1799079
1799080
1799081
1799082
1799083
1799084
1799085
1799086
1799087
1799088
1799089
1799090
1799091
1799092
1799093
1799094
1799095
1799096
1799097
1799098
1799099