800000
801000
802000
803000
804000
805000
806000
807000
808000
809000
810000
811000
812000
813000
814000
815000
816000
817000
818000
819000
820000
821000
822000
823000
824000
825000
826000
827000
828000
829000
830000
831000
832000
833000
834000
835000
836000
837000
838000
839000
840000
841000
842000
843000
844000
845000
846000
847000
848000
849000
850000
851000
852000
853000
854000
855000
856000
857000
858000
859000
860000
861000
862000
863000
864000
865000
866000
867000
868000
869000
870000
871000
872000
873000
874000
875000
876000
877000
878000
879000
880000
881000
882000
883000
884000
885000
886000
887000
888000
889000
890000
891000
892000
893000
894000
895000
896000
897000
898000
899000
900000
901000
902000
903000
904000
905000
906000
907000
908000
909000
910000
911000
912000
913000
914000
915000
916000
917000
918000
919000
920000
921000
922000
923000
924000
925000
926000
927000
928000
929000
930000
931000
932000
933000
934000
935000
936000
937000
938000
939000
940000
941000
942000
943000
944000
945000
946000
947000
948000
949000
950000
951000
952000
953000
954000
955000
956000
957000
958000
959000
960000
961000
962000
963000
964000
965000
966000
967000
968000
969000
970000
971000
972000
973000
974000
975000
976000
977000
978000
979000
980000
981000
982000
983000
984000
985000
986000
987000
988000
989000
990000
991000
992000
993000
994000
995000
996000
997000
998000
999000
1000000
1001000
1002000
1003000
1004000
1005000
1006000
1007000
1008000
1009000
1010000
1011000
1012000
1013000
1014000
1015000
1016000
1017000
1018000
1019000
1020000
1021000
1022000
1023000
1024000
1025000
1026000
1027000
1028000
1029000
1030000
1031000
1032000
1033000
1034000
1035000
1036000
1037000
1038000
1039000
1040000
1041000
1042000
1043000
1044000
1045000
1046000
1047000
1048000
1049000
1050000
1051000
1052000
1053000
1054000
1055000
1056000
1057000
1058000
1059000
1060000
1061000
1062000
1063000
1064000
1065000
1066000
1067000
1068000
1069000
1070000
1071000
1072000
1073000
1074000
1075000
1076000
1077000
1078000
1079000
1080000
1081000
1082000
1083000
1084000
1085000
1086000
1087000
1088000
1089000
1090000
1091000
1092000
1093000
1094000
1095000
1096000
1097000
1098000
1099000
1100000
1101000
1102000
1103000
1104000
1105000
1106000
1107000
1108000
1109000
1110000
1111000
1112000
1113000
1114000
1115000
1116000
1117000
1118000
1119000
1120000
1121000
1122000
1123000
1124000
1125000
1126000
1127000
1128000
1129000
1130000
1131000
1132000
1133000
1134000
1135000
1136000
1137000
1138000
1139000
1140000
1141000
1142000
1143000
1144000
1145000
1146000
1147000
1148000
1149000
1150000
1151000
1152000
1153000
1154000
1155000
1156000
1157000
1158000
1159000
1160000
1161000
1162000
1163000
1164000
1165000
1166000
1167000
1168000
1169000
1170000
1171000
1172000
1173000
1174000
1175000
1176000
1177000
1178000
1179000
1180000
1181000
1182000
1183000
1184000
1185000
1186000
1187000
1188000
1189000
1190000
1191000
1192000
1193000
1194000
1195000
1196000
1197000
1198000
1199000
1200000
1201000
1202000
1203000
1204000
1205000
1206000
1207000
1208000
1209000
1210000
1211000
1212000
1213000
1214000
1215000
1216000
1217000
1218000
1219000
1220000
1221000
1222000
1223000
1224000
1225000
1226000
1227000
1228000
1229000
1230000
1231000
1232000
1233000
1234000
1235000
1236000
1237000
1238000
1239000
1240000
1241000
1242000
1243000
1244000
1245000
1246000
1247000
1248000
1249000
1250000
1251000
1252000
1253000
1254000
1255000
1256000
1257000
1258000
1259000
1260000
1261000
1262000
1263000
1264000
1265000
1266000
1267000
1268000
1269000
1270000
1271000
1272000
1273000
1274000
1275000
1276000
1277000
1278000
1279000
1280000
1281000
1282000
1283000
1284000
1285000
1286000
1287000
1288000
1289000
1290000
1291000
1292000
1293000
1294000
1295000
1296000
1297000
1298000
1299000
1300000
1301000
1302000
1303000
1304000
1305000
1306000
1307000
1308000
1309000
1310000
1311000
1312000
1313000
1314000
1315000
1316000
1317000
1318000
1319000
1320000
1321000
1322000
1323000
1324000
1325000
1326000
1327000
1328000
1329000
1330000
1331000
1332000
1333000
1334000
1335000
1336000
1337000
1338000
1339000
1340000
1341000
1342000
1343000
1344000
1345000
1346000
1347000
1348000
1349000
1350000
1351000
1352000
1353000
1354000
1355000
1356000
1357000
1358000
1359000
1360000
1361000
1362000
1363000
1364000
1365000
1366000
1367000
1368000
1369000
1370000
1371000
1372000
1373000
1374000
1375000
1376000
1377000
1378000
1379000
1380000
1381000
1382000
1383000
1384000
1385000
1386000
1387000
1388000
1389000
1390000
1391000
1392000
1393000
1394000
1395000
1396000
1397000
1398000
1399000
1400000
1401000
1402000
1403000
1404000
1405000
1406000
1407000
1408000
1409000
1410000
1411000
1412000
1413000
1414000
1415000
1416000
1417000
1418000
1419000
1420000
1421000
1422000
1423000
1424000
1425000
1426000
1427000
1428000
1429000
1430000
1431000
1432000
1433000
1434000
1435000
1436000
1437000
1438000
1439000
1440000
1441000
1442000
1443000
1444000
1445000
1446000
1447000
1448000
1449000
1450000
1451000
1452000
1453000
1454000
1455000
1456000
1457000
1458000
1459000
1460000
1461000
1462000
1463000
1464000
1465000
1466000
1467000
1468000
1469000
1470000
1471000
1472000
1473000
1474000
1475000
1476000
1477000
1478000
1479000
1480000
1481000
1482000
1483000
1484000
1485000
1486000
1487000
1488000
1489000
1490000
1491000
1492000
1493000
1494000
1495000
1496000
1497000
1498000
1499000
1500000
1501000
1502000
1503000
1504000
1505000
1506000
1507000
1508000
1509000
1510000
1511000
1512000
1513000
1514000
1515000
1516000
1517000
1518000
1519000
1520000
1521000
1522000
1523000
1524000
1525000
1526000
1527000
1528000
1529000
1530000
1531000
1532000
1533000
1534000
1535000
1536000
1537000
1538000
1539000
1540000
1541000
1542000
1543000
1544000
1545000
1546000
1547000
1548000
1549000
1550000
1551000
1552000
1553000
1554000
1555000
1556000
1557000
1558000
1559000
1560000
1561000
1562000
1563000
1564000
1565000
1566000
1567000
1568000
1569000
1570000
1571000
1572000
1573000
1574000
1575000
1576000
1577000
1578000
1579000
1580000
1581000
1582000
1583000
1584000
1585000
1586000
1587000
1588000
1589000
1590000
1591000
1592000
1593000
1594000
1595000
1596000
1597000
1598000
1599000
1600000
1601000
1602000
1603000
1604000
1605000
1606000
1607000
1608000
1609000
1610000
1611000
1612000
1613000
1614000
1615000
1616000
1617000
1618000
1619000
1620000
1621000
1622000
1623000
1624000
1625000
1626000
1627000
1628000
1629000
1630000
1631000
1632000
1633000
1634000
1635000
1636000
1637000
1638000
1639000
1640000
1641000
1642000
1643000
1644000
1645000
1646000
1647000
1648000
1649000
1650000
1651000
1652000
1653000
1654000
1655000
1656000
1657000
1658000
1659000
1660000
1661000
1662000
1663000
1664000
1665000
1666000
1667000
1668000
1669000
1670000
1671000
1672000
1673000
1674000
1675000
1676000
1677000
1678000
1679000
1680000
1681000
1682000
1683000
1684000
1685000
1686000
1687000
1688000
1689000
1690000
1691000
1692000
1693000
1694000
1695000
1696000
1697000
1698000
1699000
1700000
1701000
1702000
1703000
1704000
1705000
1706000
1707000
1708000
1709000
1710000
1711000
1712000
1713000
1714000
1715000
1716000
1717000
1718000
1719000
1720000
1721000
1722000
1723000
1724000
1725000
1726000
1727000
1728000
1729000
1730000
1731000
1732000
1733000
1734000
1735000
1736000
1737000
1738000
1739000
1740000
1741000
1742000
1743000
1744000
1745000
1746000
1747000
1748000
1749000
1750000
1751000
1752000
1753000
1754000
1755000
1756000
1757000
1758000
1759000
1760000
1761000
1762000
1763000
1764000
1765000
1766000
1767000
1768000
1769000
1770000
1771000
1772000
1773000
1774000
1775000
1776000
1777000
1778000
1779000
1780000
1781000
1782000
1783000
1784000
1785000
1786000
1787000
1788000
1789000
1790000
1791000
1792000
1793000
1794000
1795000
1796000
1797000
1798000
1799000
800001
801001
802001
803001
804001
805001
806001
807001
808001
809001
810001
811001
812001
813001
814001
815001
816001
817001
818001
819001
820001
821001
822001
823001
824001
825001
826001
827001
828001
829001
830001
831001
832001
833001
834001
835001
836001
837001
838001
839001
840001
841001
842001
843001
844001
845001
846001
847001
848001
849001
850001
851001
852001
853001
854001
855001
856001
857001
858001
859001
860001
861001
862001
863001
864001
865001
866001
867001
868001
869001
870001
871001
872001
873001
874001
875001
876001
877001
878001
879001
880001
881001
882001
883001
884001
885001
886001
887001
888001
889001
890001
891001
892001
893001
894001
895001
896001
897001
898001
899001
900001
901001
902001
903001
904001
905001
906001
907001
908001
909001
910001
911001
912001
913001
914001
915001
916001
917001
918001
919001
920001
921001
922001
923001
924001
925001
926001
927001
928001
929001
930001
931001
932001
933001
934001
935001
936001
937001
938001
939001
940001
941001
942001
943001
944001
945001
946001
947001
948001
949001
950001
951001
952001
953001
954001
955001
956001
957001
958001
959001
960001
961001
962001
963001
964001
965001
966001
967001
968001
969001
970001
971001
972001
973001
974001
975001
976001
977001
978001
979001
980001
981001
982001
983001
984001
985001
986001
987001
988001
989001
990001
991001
992001
993001
994001
995001
996001
997001
998001
999001
1000001
1001001
1002001
1003001
1004001
1005001
1006001
1007001
1008001
1009001
1010001
1011001
1012001
1013001
1014001
1015001
1016001
1017001
1018001
1019001
1020001
1021001
1022001
1023001
1024001
1025001
1026001
1027001
1028001
1029001
1030001
1031001
1032001
1033001
1034001
1035001
1036001
1037001
1038001
1039001
1040001
1041001
1042001
1043001
1044001
1045001
1046001
1047001
1048001
1049001
1050001
1051001
1052001
1053001
1054001
1055001
1056001
1057001
1058001
1059001
1060001
1061001
1062001
1063001
1064001
1065001
1066001
1067001
1068001
1069001
1070001
1071001
1072001
1073001
1074001
1075001
1076001
1077001
1078001
1079001
1080001
1081001
1082001
1083001
1084001
1085001
1086001
1087001
1088001
1089001
1090001
1091001
1092001
1093001
1094001
1095001
1096001
1097001
1098001
1099001
1100001
1101001
1102001
1103001
1104001
1105001
1106001
1107001
1108001
1109001
1110001
1111001
1112001
1113001
1114001
1115001
1116001
1117001
1118001
1119001
1120001
1121001
1122001
1123001
1124001
1125001
1126001
1127001
1128001
1129001
1130001
1131001
1132001
1133001
1134001
1135001
1136001
1137001
1138001
1139001
1140001
1141001
1142001
1143001
1144001
1145001
1146001
1147001
1148001
1149001
1150001
1151001
1152001
1153001
1154001
1155001
1156001
1157001
1158001
1159001
1160001
1161001
1162001
1163001
1164001
1165001
1166001
1167001
1168001
1169001
1170001
1171001
1172001
1173001
1174001
1175001
1176001
1177001
1178001
1179001
1180001
1181001
1182001
1183001
1184001
1185001
1186001
1187001
1188001
1189001
1190001
1191001
1192001
1193001
1194001
1195001
1196001
1197001
1198001
1199001
1200001
1201001
1202001
1203001
1204001
1205001
1206001
1207001
1208001
1209001
1210001
1211001
1212001
1213001
1214001
1215001
1216001
1217001
1218001
1219001
1220001
1221001
1222001
1223001
1224001
1225001
1226001
1227001
1228001
1229001
1230001
1231001
1232001
1233001
1234001
1235001
1236001
1237001
1238001
1239001
1240001
1241001
1242001
1243001
1244001
1245001
1246001
1247001
1248001
1249001
1250001
1251001
1252001
1253001
1254001
1255001
1256001
1257001
1258001
1259001
1260001
1261001
1262001
1263001
1264001
1265001
1266001
1267001
1268001
1269001
1270001
1271001
1272001
1273001
1274001
1275001
1276001
1277001
1278001
1279001
1280001
1281001
1282001
1283001
1284001
1285001
1286001
1287001
1288001
1289001
1290001
1291001
1292001
1293001
1294001
1295001
1296001
1297001
1298001
1299001
1300001
1301001
1302001
1303001
1304001
1305001
1306001
1307001
1308001
1309001
1310001
1311001
1312001
1313001
1314001
1315001
1316001
1317001
1318001
1319001
1320001
1321001
1322001
1323001
1324001
1325001
1326001
1327001
1328001
1329001
1330001
1331001
1332001
1333001
1334001
1335001
1336001
1337001
1338001
1339001
1340001
1341001
1342001
1343001
1344001
1345001
1346001
1347001
1348001
1349001
1350001
1351001
1352001
1353001
1354001
1355001
1356001
1357001
1358001
1359001
1360001
1361001
1362001
1363001
1364001
1365001
1366001
1367001
1368001
1369001
1370001
1371001
1372001
1373001
1374001
1375001
1376001
1377001
1378001
1379001
1380001
1381001
1382001
1383001
1384001
1385001
1386001
1387001
1388001
1389001
1390001
1391001
1392001
1393001
1394001
1395001
1396001
1397001
1398001
1399001
1400001
1401001
1402001
1403001
1404001
1405001
1406001
1407001
1408001
1409001
1410001
1411001
1412001
1413001
1414001
1415001
1416001
1417001
1418001
1419001
1420001
1421001
1422001
1423001
1424001
1425001
1426001
1427001
1428001
1429001
1430001
1431001
1432001
1433001
1434001
1435001
1436001
1437001
1438001
1439001
1440001
1441001
1442001
1443001
1444001
1445001
1446001
1447001
1448001
1449001
1450001
1451001
1452001
1453001
1454001
1455001
1456001
1457001
1458001
1459001
1460001
1461001
1462001
1463001
1464001
1465001
1466001
1467001
1468001
1469001
1470001
1471001
1472001
1473001
1474001
1475001
1476001
1477001
1478001
1479001
1480001
1481001
1482001
1483001
1484001
1485001
1486001
1487001
1488001
1489001
1490001
1491001
1492001
1493001
1494001
1495001
1496001
1497001
1498001
1499001
1500001
1501001
1502001
1503001
1504001
1505001
1506001
1507001
1508001
1509001
1510001
1511001
1512001
1513001
1514001
1515001
1516001
1517001
1518001
1519001
1520001
1521001
1522001
1523001
1524001
1525001
1526001
1527001
1528001
1529001
1530001
1531001
1532001
1533001
1534001
1535001
1536001
1537001
1538001
1539001
1540001
1541001
1542001
1543001
1544001
1545001
1546001
1547001
1548001
1549001
1550001
1551001
1552001
1553001
1554001
1555001
1556001
1557001
1558001
1559001
1560001
1561001
1562001
1563001
1564001
1565001
1566001
1567001
1568001
1569001
1570001
1571001
1572001
1573001
1574001
1575001
1576001
1577001
1578001
1579001
1580001
1581001
1582001
1583001
1584001
1585001
1586001
1587001
1588001
1589001
1590001
1591001
1592001
1593001
1594001
1595001
1596001
1597001
1598001
1599001
1600001
1601001
1602001
1603001
1604001
1605001
1606001
1607001
1608001
1609001
1610001
1611001
1612001
1613001
1614001
1615001
1616001
1617001
1618001
1619001
1620001
1621001
1622001
1623001
1624001
1625001
1626001
1627001
1628001
1629001
1630001
1631001
1632001
1633001
1634001
1635001
1636001
1637001
1638001
1639001
1640001
1641001
1642001
1643001
1644001
1645001
1646001
1647001
1648001
1649001
1650001
1651001
1652001
1653001
1654001
1655001
1656001
1657001
1658001
1659001
1660001
1661001
1662001
1663001
1664001
1665001
1666001
1667001
1668001
1669001
1670001
1671001
1672001
1673001
1674001
1675001
1676001
1677001
1678001
1679001
1680001
1681001
1682001
1683001
1684001
1685001
1686001
1687001
1688001
1689001
1690001
1691001
1692001
1693001
1694001
1695001
1696001
1697001
1698001
1699001
1700001
1701001
1702001
1703001
1704001
1705001
1706001
1707001
1708001
1709001
1710001
1711001
1712001
1713001
1714001
1715001
1716001
1717001
1718001
1719001
1720001
1721001
1722001
1723001
1724001
1725001
1726001
1727001
1728001
1729001
1730001
1731001
1732001
1733001
1734001
1735001
1736001
1737001
1738001
1739001
1740001
1741001
1742001
1743001
1744001
1745001
1746001
1747001
1748001
1749001
1750001
1751001
1752001
1753001
1754001
1755001
1756001
1757001
1758001
1759001
1760001
1761001
1762001
1763001
1764001
1765001
1766001
1767001
1768001
1769001
1770001
1771001
1772001
1773001
1774001
1775001
1776001
1777001
1778001
1779001
1780001
1781001
1782001
1783001
1784001
1785001
1786001
1787001
1788001
1789001
1790001
1791001
1792001
1793001
1794001
1795001
1796001
1797001
1798001
1799001
800002
801002
802002
803002
804002
805002
806002
807002
808002
809002
810002
811002
812002
813002
814002
815002
816002
817002
818002
819002
820002
821002
822002
823002
824002
825002
826002
827002
828002
829002
830002
831002
832002
833002
834002
835002
836002
837002
838002
839002
840002
841002
842002
843002
844002
845002
846002
847002
848002
849002
850002
851002
852002
853002
854002
855002
856002
857002
858002
859002
860002
861002
862002
863002
864002
865002
866002
867002
868002
869002
870002
871002
872002
873002
874002
875002
876002
877002
878002
879002
880002
881002
882002
883002
884002
885002
886002
887002
888002
889002
890002
891002
892002
893002
894002
895002
896002
897002
898002
899002
900002
901002
902002
903002
904002
905002
906002
907002
908002
909002
910002
911002
912002
913002
914002
915002
916002
917002
918002
919002
920002
921002
922002
923002
924002
925002
926002
927002
928002
929002
930002
931002
932002
933002
934002
935002
936002
937002
938002
939002
940002
941002
942002
943002
944002
945002
946002
947002
948002
949002
950002
951002
952002
953002
954002
955002
956002
957002
958002
959002
960002
961002
962002
963002
964002
965002
966002
967002
968002
969002
970002
971002
972002
973002
974002
975002
976002
977002
978002
979002
980002
981002
982002
983002
984002
985002
986002
987002
988002
989002
990002
991002
992002
993002
994002
995002
996002
997002
998002
999002
1000002
1001002
1002002
1003002
1004002
1005002
1006002
1007002
1008002
1009002
1010002
1011002
1012002
1013002
1014002
1015002
1016002
1017002
1018002
1019002
1020002
1021002
1022002
1023002
1024002
1025002
1026002
1027002
1028002
1029002
1030002
1031002
1032002
1033002
1034002
1035002
1036002
1037002
1038002
1039002
1040002
1041002
1042002
1043002
1044002
1045002
1046002
1047002
1048002
1049002
1050002
1051002
1052002
1053002
1054002
1055002
1056002
1057002
1058002
1059002
1060002
1061002
1062002
1063002
1064002
1065002
1066002
1067002
1068002
1069002
1070002
1071002
1072002
1073002
1074002
1075002
1076002
1077002
1078002
1079002
1080002
1081002
1082002
1083002
1084002
1085002
1086002
1087002
1088002
1089002
1090002
1091002
1092002
1093002
1094002
1095002
1096002
1097002
1098002
1099002
1100002
1101002
1102002
1103002
1104002
1105002
1106002
1107002
1108002
1109002
1110002
1111002
1112002
1113002
1114002
1115002
1116002
1117002
1118002
1119002
1120002
1121002
1122002
1123002
1124002
1125002
1126002
1127002
1128002
1129002
1130002
1131002
1132002
1133002
1134002
1135002
1136002
1137002
1138002
1139002
1140002
1141002
1142002
1143002
1144002
1145002
1146002
1147002
1148002
1149002
1150002
1151002
1152002
1153002
1154002
1155002
1156002
1157002
1158002
1159002
1160002
1161002
1162002
1163002
1164002
1165002
1166002
1167002
1168002
1169002
1170002
1171002
1172002
1173002
1174002
1175002
1176002
1177002
1178002
1179002
1180002
1181002
1182002
1183002
1184002
1185002
1186002
1187002
1188002
1189002
1190002
1191002
1192002
1193002
1194002
1195002
1196002
1197002
1198002
1199002
1200002
1201002
1202002
1203002
1204002
1205002
1206002
1207002
1208002
1209002
1210002
1211002
1212002
1213002
1214002
1215002
1216002
1217002
1218002
1219002
1220002
1221002
1222002
1223002
1224002
1225002
1226002
1227002
1228002
1229002
1230002
1231002
1232002
1233002
1234002
1235002
1236002
1237002
1238002
1239002
1240002
1241002
1242002
1243002
1244002
1245002
1246002
1247002
1248002
1249002
1250002
1251002
1252002
1253002
1254002
1255002
1256002
1257002
1258002
1259002
1260002
1261002
1262002
1263002
1264002
1265002
1266002
1267002
1268002
1269002
1270002
1271002
1272002
1273002
1274002
1275002
1276002
1277002
1278002
1279002
1280002
1281002
1282002
1283002
1284002
1285002
1286002
1287002
1288002
1289002
1290002
1291002
1292002
1293002
1294002
1295002
1296002
1297002
1298002
1299002
1300002
1301002
1302002
1303002
1304002
1305002
1306002
1307002
1308002
1309002
1310002
1311002
1312002
1313002
1314002
1315002
1316002
1317002
1318002
1319002
1320002
1321002
1322002
1323002
1324002
1325002
1326002
1327002
1328002
1329002
1330002
1331002
1332002
1333002
1334002
1335002
1336002
1337002
1338002
1339002
1340002
1341002
1342002
1343002
1344002
1345002
1346002
1347002
1348002
1349002
1350002
1351002
1352002
1353002
1354002
1355002
1356002
1357002
1358002
1359002
1360002
1361002
1362002
1363002
1364002
1365002
1366002
1367002
1368002
1369002
1370002
1371002
1372002
1373002
1374002
1375002
1376002
1377002
1378002
1379002
1380002
1381002
1382002
1383002
1384002
1385002
1386002
1387002
1388002
1389002
1390002
1391002
1392002
1393002
1394002
1395002
1396002
1397002
1398002
1399002
1400002
1401002
1402002
1403002
1404002
1405002
1406002
1407002
1408002
1409002
1410002
1411002
1412002
1413002
1414002
1415002
1416002
1417002
1418002
1419002
1420002
1421002
1422002
1423002
1424002
1425002
1426002
1427002
1428002
1429002
1430002
1431002
1432002
1433002
1434002
1435002
1436002
1437002
1438002
1439002
1440002
1441002
1442002
1443002
1444002
1445002
1446002
1447002
1448002
1449002
1450002
1451002
1452002
1453002
1454002
1455002
1456002
1457002
1458002
1459002
1460002
1461002
1462002
1463002
1464002
1465002
1466002
1467002
1468002
1469002
1470002
1471002
1472002
1473002
1474002
1475002
1476002
1477002
1478002
1479002
1480002
1481002
1482002
1483002
1484002
1485002
1486002
1487002
1488002
1489002
1490002
1491002
1492002
1493002
1494002
1495002
1496002
1497002
1498002
1499002
1500002
1501002
1502002
1503002
1504002
1505002
1506002
1507002
1508002
1509002
1510002
1511002
1512002
1513002
1514002
1515002
1516002
1517002
1518002
1519002
1520002
1521002
1522002
1523002
1524002
1525002
1526002
1527002
1528002
1529002
1530002
1531002
1532002
1533002
1534002
1535002
1536002
1537002
1538002
1539002
1540002
1541002
1542002
1543002
1544002
1545002
1546002
1547002
1548002
1549002
1550002
1551002
1552002
1553002
1554002
1555002
1556002
1557002
1558002
1559002
1560002
1561002
1562002
1563002
1564002
1565002
1566002
1567002
1568002
1569002
1570002
1571002
1572002
1573002
1574002
1575002
1576002
1577002
1578002
1579002
1580002
1581002
1582002
1583002
1584002
1585002
1586002
1587002
1588002
1589002
1590002
1591002
1592002
1593002
1594002
1595002
1596002
1597002
1598002
1599002
1600002
1601002
1602002
1603002
1604002
1605002
1606002
1607002
1608002
1609002
1610002
1611002
1612002
1613002
1614002
1615002
1616002
1617002
1618002
1619002
1620002
1621002
1622002
1623002
1624002
1625002
1626002
1627002
1628002
1629002
1630002
1631002
1632002
1633002
1634002
1635002
1636002
1637002
1638002
1639002
1640002
1641002
1642002
1643002
1644002
1645002
1646002
1647002
1648002
1649002
1650002
1651002
1652002
1653002
1654002
1655002
1656002
1657002
1658002
1659002
1660002
1661002
1662002
1663002
1664002
1665002
1666002
1667002
1668002
1669002
1670002
1671002
1672002
1673002
1674002
1675002
1676002
1677002
1678002
1679002
1680002
1681002
1682002
1683002
1684002
1685002
1686002
1687002
1688002
1689002
1690002
1691002
1692002
1693002
1694002
1695002
1696002
1697002
1698002
1699002
1700002
1701002
1702002
1703002
1704002
1705002
1706002
1707002
1708002
1709002
1710002
1711002
1712002
1713002
1714002
1715002
1716002
1717002
1718002
1719002
1720002
1721002
1722002
1723002
1724002
1725002
1726002
1727002
1728002
1729002
1730002
1731002
1732002
1733002
1734002
1735002
1736002
1737002
1738002
1739002
1740002
1741002
1742002
1743002
1744002
1745002
1746002
1747002
1748002
1749002
1750002
1751002
1752002
1753002
1754002
1755002
1756002
1757002
1758002
1759002
1760002
1761002
1762002
1763002
1764002
1765002
1766002
1767002
1768002
1769002
1770002
1771002
1772002
1773002
1774002
1775002
1776002
1777002
1778002
1779002
1780002
1781002
1782002
1783002
1784002
1785002
1786002
1787002
1788002
1789002
1790002
1791002
1792002
1793002
1794002
1795002
1796002
1797002
1798002
1799002
800003
801003
802003
803003
804003
805003
806003
807003
808003
809003
810003
811003
812003
813003
814003
815003
816003
817003
818003
819003
820003
821003
822003
823003
824003
825003
826003
827003
828003
829003
830003
831003
832003
833003
834003
835003
836003
837003
838003
839003
840003
841003
842003
843003
844003
845003
846003
847003
848003
849003
850003
851003
852003
853003
854003
855003
856003
857003
858003
859003
860003
861003
862003
863003
864003
865003
866003
867003
868003
869003
870003
871003
872003
873003
874003
875003
876003
877003
878003
879003
880003
881003
882003
883003
884003
885003
886003
887003
888003
889003
890003
891003
892003
893003
894003
895003
896003
897003
898003
899003
900003
901003
902003
903003
904003
905003
906003
907003
908003
909003
910003
911003
912003
913003
914003
915003
916003
917003
918003
919003
920003
921003
922003
923003
924003
925003
926003
927003
928003
929003
930003
931003
932003
933003
934003
935003
936003
937003
938003
939003
940003
941003
942003
943003
944003
945003
946003
947003
948003
949003
950003
951003
952003
953003
954003
955003
956003
957003
958003
959003
960003
961003
962003
963003
964003
965003
966003
967003
968003
969003
970003
971003
972003
973003
974003
975003
976003
977003
978003
979003
980003
981003
982003
983003
984003
985003
986003
987003
988003
989003
990003
991003
992003
993003
994003
995003
996003
997003
998003
999003
1000003
1001003
1002003
1003003
1004003
1005003
1006003
1007003
1008003
1009003
1010003
1011003
1012003
1013003
1014003
1015003
1016003
1017003
1018003
1019003
1020003
1021003
1022003
1023003
1024003
1025003
1026003
1027003
1028003
1029003
1030003
1031003
1032003
1033003
1034003
1035003
1036003
1037003
1038003
1039003
1040003
1041003
1042003
1043003
1044003
1045003
1046003
1047003
1048003
1049003
1050003
1051003
1052003
1053003
1054003
1055003
1056003
1057003
1058003
1059003
1060003
1061003
1062003
1063003
1064003
1065003
1066003
1067003
1068003
1069003
1070003
1071003
1072003
1073003
1074003
1075003
1076003
1077003
1078003
1079003
1080003
1081003
1082003
1083003
1084003
1085003
1086003
1087003
1088003
1089003
1090003
1091003
1092003
1093003
1094003
1095003
1096003
1097003
1098003
1099003
1100003
1101003
1102003
1103003
1104003
1105003
1106003
1107003
1108003
1109003
1110003
1111003
1112003
1113003
1114003
1115003
1116003
1117003
1118003
1119003
1120003
1121003
1122003
1123003
1124003
1125003
1126003
1127003
1128003
1129003
1130003
1131003
1132003
1133003
1134003
1135003
1136003
1137003
1138003
1139003
1140003
1141003
1142003
1143003
1144003
1145003
1146003
1147003
1148003
1149003
1150003
1151003
1152003
1153003
1154003
1155003
1156003
1157003
1158003
1159003
1160003
1161003
1162003
1163003
1164003
1165003
1166003
1167003
1168003
1169003
1170003
1171003
1172003
1173003
1174003
1175003
1176003
1177003
1178003
1179003
1180003
1181003
1182003
1183003
1184003
1185003
1186003
1187003
1188003
1189003
1190003
1191003
1192003
1193003
1194003
1195003
1196003
1197003
1198003
1199003
1200003
1201003
1202003
1203003
1204003
1205003
1206003
1207003
1208003
1209003
1210003
1211003
1212003
1213003
1214003
1215003
1216003
1217003
1218003
1219003
1220003
1221003
1222003
1223003
1224003
1225003
1226003
1227003
1228003
1229003
1230003
1231003
1232003
1233003
1234003
1235003
1236003
1237003
1238003
1239003
1240003
1241003
1242003
1243003
1244003
1245003
1246003
1247003
1248003
1249003
1250003
1251003
1252003
1253003
1254003
1255003
1256003
1257003
1258003
1259003
1260003
1261003
1262003
1263003
1264003
1265003
1266003
1267003
1268003
1269003
1270003
1271003
1272003
1273003
1274003
1275003
1276003
1277003
1278003
1279003
1280003
1281003
1282003
1283003
1284003
1285003
1286003
1287003
1288003
1289003
1290003
1291003
1292003
1293003
1294003
1295003
1296003
1297003
1298003
1299003
1300003
1301003
1302003
1303003
1304003
1305003
1306003
1307003
1308003
1309003
1310003
1311003
1312003
1313003
1314003
1315003
1316003
1317003
1318003
1319003
1320003
1321003
1322003
1323003
1324003
1325003
1326003
1327003
1328003
1329003
1330003
1331003
1332003
1333003
1334003
1335003
1336003
1337003
1338003
1339003
1340003
1341003
1342003
1343003
1344003
1345003
1346003
1347003
1348003
1349003
1350003
1351003
1352003
1353003
1354003
1355003
1356003
1357003
1358003
1359003
1360003
1361003
1362003
1363003
1364003
1365003
1366003
1367003
1368003
1369003
1370003
1371003
1372003
1373003
1374003
1375003
1376003
1377003
1378003
1379003
1380003
1381003
1382003
1383003
1384003
1385003
1386003
1387003
1388003
1389003
1390003
1391003
1392003
1393003
1394003
1395003
1396003
1397003
1398003
1399003
1400003
1401003
1402003
1403003
1404003
1405003
1406003
1407003
1408003
1409003
1410003
1411003
1412003
1413003
1414003
1415003
1416003
1417003
1418003
1419003
1420003
1421003
1422003
1423003
1424003
1425003
1426003
1427003
1428003
1429003
1430003
1431003
1432003
1433003
1434003
1435003
1436003
1437003
1438003
1439003
1440003
1441003
1442003
1443003
1444003
1445003
1446003
1447003
1448003
1449003
1450003
1451003
1452003
1453003
1454003
1455003
1456003
1457003
1458003
1459003
1460003
1461003
1462003
1463003
1464003
1465003
1466003
1467003
1468003
1469003
1470003
1471003
1472003
1473003
1474003
1475003
1476003
1477003
1478003
1479003
1480003
1481003
1482003
1483003
1484003
1485003
1486003
1487003
1488003
1489003
1490003
1491003
1492003
1493003
1494003
1495003
1496003
1497003
1498003
1499003
1500003
1501003
1502003
1503003
1504003
1505003
1506003
1507003
1508003
1509003
1510003
1511003
1512003
1513003
1514003
1515003
1516003
1517003
1518003
1519003
1520003
1521003
1522003
1523003
1524003
1525003
1526003
1527003
1528003
1529003
1530003
1531003
1532003
1533003
1534003
1535003
1536003
1537003
1538003
1539003
1540003
1541003
1542003
1543003
1544003
1545003
1546003
1547003
1548003
1549003
1550003
1551003
1552003
1553003
1554003
1555003
1556003
1557003
1558003
1559003
1560003
1561003
1562003
1563003
1564003
1565003
1566003
1567003
1568003
1569003
1570003
1571003
1572003
1573003
1574003
1575003
1576003
1577003
1578003
1579003
1580003
1581003
1582003
1583003
1584003
1585003
1586003
1587003
1588003
1589003
1590003
1591003
1592003
1593003
1594003
1595003
1596003
1597003
1598003
1599003
1600003
1601003
1602003
1603003
1604003
1605003
1606003
1607003
1608003
1609003
1610003
1611003
1612003
1613003
1614003
1615003
1616003
1617003
1618003
1619003
1620003
1621003
1622003
1623003
1624003
1625003
1626003
1627003
1628003
1629003
1630003
1631003
1632003
1633003
1634003
1635003
1636003
1637003
1638003
1639003
1640003
1641003
1642003
1643003
1644003
1645003
1646003
1647003
1648003
1649003
1650003
1651003
1652003
1653003
1654003
1655003
1656003
1657003
1658003
1659003
1660003
1661003
1662003
1663003
1664003
1665003
1666003
1667003
1668003
1669003
1670003
1671003
1672003
1673003
1674003
1675003
1676003
1677003
1678003
1679003
1680003
1681003
1682003
1683003
1684003
1685003
1686003
1687003
1688003
1689003
1690003
1691003
1692003
1693003
1694003
1695003
1696003
1697003
1698003
1699003
1700003
1701003
1702003
1703003
1704003
1705003
1706003
1707003
1708003
1709003
1710003
1711003
1712003
1713003
1714003
1715003
1716003
1717003
1718003
1719003
1720003
1721003
1722003
1723003
1724003
1725003
1726003
1727003
1728003
1729003
1730003
1731003
1732003
1733003
1734003
1735003
1736003
1737003
1738003
1739003
1740003
1741003
1742003
1743003
1744003
1745003
1746003
1747003
1748003
1749003
1750003
1751003
1752003
1753003
1754003
1755003
1756003
1757003
1758003
1759003
1760003
1761003
1762003
1763003
1764003
1765003
1766003
1767003
1768003
1769003
1770003
1771003
1772003
1773003
1774003
1775003
1776003
1777003
1778003
1779003
1780003
1781003
1782003
1783003
1784003
1785003
1786003
1787003
1788003
1789003
1790003
1791003
1792003
1793003
1794003
1795003
1796003
1797003
1798003
1799003
800004
801004
802004
803004
804004
805004
806004
807004
808004
809004
810004
811004
812004
813004
814004
815004
816004
817004
818004
819004
820004
821004
822004
823004
824004
825004
826004
827004
828004
829004
830004
831004
832004
833004
834004
835004
836004
837004
838004
839004
840004
841004
842004
843004
844004
845004
846004
847004
848004
849004
850004
851004
852004
853004
854004
855004
856004
857004
858004
859004
860004
861004
862004
863004
864004
865004
866004
867004
868004
869004
870004
871004
872004
873004
874004
875004
876004
877004
878004
879004
880004
881004
882004
883004
884004
885004
886004
887004
888004
889004
890004
891004
892004
893004
894004
895004
896004
897004
898004
899004
900004
901004
902004
903004
904004
905004
906004
907004
908004
909004
910004
911004
912004
913004
914004
915004
916004
917004
918004
919004
920004
921004
922004
923004
924004
925004
926004
927004
928004
929004
930004
931004
932004
933004
934004
935004
936004
937004
938004
939004
940004
941004
942004
943004
944004
945004
946004
947004
948004
949004
950004
951004
952004
953004
954004
955004
956004
957004
958004
959004
960004
961004
962004
963004
964004
965004
966004
967004
968004
969004
970004
971004
972004
973004
974004
975004
976004
977004
978004
979004
980004
981004
982004
983004
984004
985004
986004
987004
988004
989004
990004
991004
992004
993004
994004
995004
996004
997004
998004
999004
1000004
1001004
1002004
1003004
1004004
1005004
1006004
1007004
1008004
1009004
1010004
1011004
1012004
1013004
1014004
1015004
1016004
1017004
1018004
1019004
1020004
1021004
1022004
1023004
1024004
1025004
1026004
1027004
1028004
1029004
1030004
1031004
1032004
1033004
1034004
1035004
1036004
1037004
1038004
1039004
1040004
1041004
1042004
1043004
1044004
1045004
1046004
1047004
1048004
1049004
1050004
1051004
1052004
1053004
1054004
1055004
1056004
1057004
1058004
1059004
1060004
1061004
1062004
1063004
1064004
1065004
1066004
1067004
1068004
1069004
1070004
1071004
1072004
1073004
1074004
1075004
1076004
1077004
1078004
1079004
1080004
1081004
1082004
1083004
1084004
1085004
1086004
1087004
1088004
1089004
1090004
1091004
1092004
1093004
1094004
1095004
1096004
1097004
1098004
1099004
1100004
1101004
1102004
1103004
1104004
1105004
1106004
1107004
1108004
1109004
1110004
1111004
1112004
1113004
1114004
1115004
1116004
1117004
1118004
1119004
1120004
1121004
1122004
1123004
1124004
1125004
1126004
1127004
1128004
1129004
1130004
1131004
1132004
1133004
1134004
1135004
1136004
1137004
1138004
1139004
1140004
1141004
1142004
1143004
1144004
1145004
1146004
1147004
1148004
1149004
1150004
1151004
1152004
1153004
1154004
1155004
1156004
1157004
1158004
1159004
1160004
1161004
1162004
1163004
1164004
1165004
1166004
1167004
1168004
1169004
1170004
1171004
1172004
1173004
1174004
1175004
1176004
1177004
1178004
1179004
1180004
1181004
1182004
1183004
1184004
1185004
1186004
1187004
1188004
1189004
1190004
1191004
1192004
1193004
1194004
1195004
1196004
1197004
1198004
1199004
1200004
1201004
1202004
1203004
1204004
1205004
1206004
1207004
1208004
1209004
1210004
1211004
1212004
1213004
1214004
1215004
1216004
1217004
1218004
1219004
1220004
1221004
1222004
1223004
1224004
1225004
1226004
1227004
1228004
1229004
1230004
1231004
1232004
1233004
1234004
1235004
1236004
1237004
1238004
1239004
1240004
1241004
1242004
1243004
1244004
1245004
1246004
1247004
1248004
1249004
1250004
1251004
1252004
1253004
1254004
1255004
1256004
1257004
1258004
1259004
1260004
1261004
1262004
1263004
1264004
1265004
1266004
1267004
1268004
1269004
1270004
1271004
1272004
1273004
1274004
1275004
1276004
1277004
1278004
1279004
1280004
1281004
1282004
1283004
1284004
1285004
1286004
1287004
1288004
1289004
1290004
1291004
1292004
1293004
1294004
1295004
1296004
1297004
1298004
1299004
1300004
1301004
1302004
1303004
1304004
1305004
1306004
1307004
1308004
1309004
1310004
1311004
1312004
1313004
1314004
1315004
1316004
1317004
1318004
1319004
1320004
1321004
1322004
1323004
1324004
1325004
1326004
1327004
1328004
1329004
1330004
1331004
1332004
1333004
1334004
1335004
1336004
1337004
1338004
1339004
1340004
1341004
1342004
1343004
1344004
1345004
1346004
1347004
1348004
1349004
1350004
1351004
1352004
1353004
1354004
1355004
1356004
1357004
1358004
1359004
1360004
1361004
1362004
1363004
1364004
1365004
1366004
1367004
1368004
1369004
1370004
1371004
1372004
1373004
1374004
1375004
1376004
1377004
1378004
1379004
1380004
1381004
1382004
1383004
1384004
1385004
1386004
1387004
1388004
1389004
1390004
1391004
1392004
1393004
1394004
1395004
1396004
1397004
1398004
1399004
1400004
1401004
1402004
1403004
1404004
1405004
1406004
1407004
1408004
1409004
1410004
1411004
1412004
1413004
1414004
1415004
1416004
1417004
1418004
1419004
1420004
1421004
1422004
1423004
1424004
1425004
1426004
1427004
1428004
1429004
1430004
1431004
1432004
1433004
1434004
1435004
1436004
1437004
1438004
1439004
1440004
1441004
1442004
1443004
1444004
1445004
1446004
1447004
1448004
1449004
1450004
1451004
1452004
1453004
1454004
1455004
1456004
1457004
1458004
1459004
1460004
1461004
1462004
1463004
1464004
1465004
1466004
1467004
1468004
1469004
1470004
1471004
1472004
1473004
1474004
1475004
1476004
1477004
1478004
1479004
1480004
1481004
1482004
1483004
1484004
1485004
1486004
1487004
1488004
1489004
1490004
1491004
1492004
1493004
1494004
1495004
1496004
1497004
1498004
1499004
1500004
1501004
1502004
1503004
1504004
1505004
1506004
1507004
1508004
1509004
1510004
1511004
1512004
1513004
1514004
1515004
1516004
1517004
1518004
1519004
1520004
1521004
1522004
1523004
1524004
1525004
1526004
1527004
1528004
1529004
1530004
1531004
1532004
1533004
1534004
1535004
1536004
1537004
1538004
1539004
1540004
1541004
1542004
1543004
1544004
1545004
1546004
1547004
1548004
1549004
1550004
1551004
1552004
1553004
1554004
1555004
1556004
1557004
1558004
1559004
1560004
1561004
1562004
1563004
1564004
1565004
1566004
1567004
1568004
1569004
1570004
1571004
1572004
1573004
1574004
1575004
1576004
1577004
1578004
1579004
1580004
1581004
1582004
1583004
1584004
1585004
1586004
1587004
1588004
1589004
1590004
1591004
1592004
1593004
1594004
1595004
1596004
1597004
1598004
1599004
1600004
1601004
1602004
1603004
1604004
1605004
1606004
1607004
1608004
1609004
1610004
1611004
1612004
1613004
1614004
1615004
1616004
1617004
1618004
1619004
1620004
1621004
1622004
1623004
1624004
1625004
1626004
1627004
1628004
1629004
1630004
1631004
1632004
1633004
1634004
1635004
1636004
1637004
1638004
1639004
1640004
1641004
1642004
1643004
1644004
1645004
1646004
1647004
1648004
1649004
1650004
1651004
1652004
1653004
1654004
1655004
1656004
1657004
1658004
1659004
1660004
1661004
1662004
1663004
1664004
1665004
1666004
1667004
1668004
1669004
1670004
1671004
1672004
1673004
1674004
1675004
1676004
1677004
1678004
1679004
1680004
1681004
1682004
1683004
1684004
1685004
1686004
1687004
1688004
1689004
1690004
1691004
1692004
1693004
1694004
1695004
1696004
1697004
1698004
1699004
1700004
1701004
1702004
1703004
1704004
1705004
1706004
1707004
1708004
1709004
1710004
1711004
1712004
1713004
1714004
1715004
1716004
1717004
1718004
1719004
1720004
1721004
1722004
1723004
1724004
1725004
1726004
1727004
1728004
1729004
1730004
1731004
1732004
1733004
1734004
1735004
1736004
1737004
1738004
1739004
1740004
1741004
1742004
1743004
1744004
1745004
1746004
1747004
1748004
1749004
1750004
1751004
1752004
1753004
1754004
1755004
1756004
1757004
1758004
1759004
1760004
1761004
1762004
1763004
1764004
1765004
1766004
1767004
1768004
1769004
1770004
1771004
1772004
1773004
1774004
1775004
1776004
1777004
1778004
1779004
1780004
1781004
1782004
1783004
1784004
1785004
1786004
1787004
1788004
1789004
1790004
1791004
1792004
1793004
1794004
1795004
1796004
1797004
1798004
1799004
800005
801005
802005
803005
804005
805005
806005
807005
808005
809005
810005
811005
812005
813005
814005
815005
816005
817005
818005
819005
820005
821005
822005
823005
824005
825005
826005
827005
828005
829005
830005
831005
832005
833005
834005
835005
836005
837005
838005
839005
840005
841005
842005
843005
844005
845005
846005
847005
848005
849005
850005
851005
852005
853005
854005
855005
856005
857005
858005
859005
860005
861005
862005
863005
864005
865005
866005
867005
868005
869005
870005
871005
872005
873005
874005
875005
876005
877005
878005
879005
880005
881005
882005
883005
884005
885005
886005
887005
888005
889005
890005
891005
892005
893005
894005
895005
896005
897005
898005
899005
900005
901005
902005
903005
904005
905005
906005
907005
908005
909005
910005
911005
912005
913005
914005
915005
916005
917005
918005
919005
920005
921005
922005
923005
924005
925005
926005
927005
928005
929005
930005
931005
932005
933005
934005
935005
936005
937005
938005
939005
940005
941005
942005
943005
944005
945005
946005
947005
948005
949005
950005
951005
952005
953005
954005
955005
956005
957005
958005
959005
960005
961005
962005
963005
964005
965005
966005
967005
968005
969005
970005
971005
972005
973005
974005
975005
976005
977005
978005
979005
980005
981005
982005
983005
984005
985005
986005
987005
988005
989005
990005
991005
992005
993005
994005
995005
996005
997005
998005
999005
1000005
1001005
1002005
1003005
1004005
1005005
1006005
1007005
1008005
1009005
1010005
1011005
1012005
1013005
1014005
1015005
1016005
1017005
1018005
1019005
1020005
1021005
1022005
1023005
1024005
1025005
1026005
1027005
1028005
1029005
1030005
1031005
1032005
1033005
1034005
1035005
1036005
1037005
1038005
1039005
1040005
1041005
1042005
1043005
1044005
1045005
1046005
1047005
1048005
1049005
1050005
1051005
1052005
1053005
1054005
1055005
1056005
1057005
1058005
1059005
1060005
1061005
1062005
1063005
1064005
1065005
1066005
1067005
1068005
1069005
1070005
1071005
1072005
1073005
1074005
1075005
1076005
1077005
1078005
1079005
1080005
1081005
1082005
1083005
1084005
1085005
1086005
1087005
1088005
1089005
1090005
1091005
1092005
1093005
1094005
1095005
1096005
1097005
1098005
1099005
1100005
1101005
1102005
1103005
1104005
1105005
1106005
1107005
1108005
1109005
1110005
1111005
1112005
1113005
1114005
1115005
1116005
1117005
1118005
1119005
1120005
1121005
1122005
1123005
1124005
1125005
1126005
1127005
1128005
1129005
1130005
1131005
1132005
1133005
1134005
1135005
1136005
1137005
1138005
1139005
1140005
1141005
1142005
1143005
1144005
1145005
1146005
1147005
1148005
1149005
1150005
1151005
1152005
1153005
1154005
1155005
1156005
1157005
1158005
1159005
1160005
1161005
1162005
1163005
1164005
1165005
1166005
1167005
1168005
1169005
1170005
1171005
1172005
1173005
1174005
1175005
1176005
1177005
1178005
1179005
1180005
1181005
1182005
1183005
1184005
1185005
1186005
1187005
1188005
1189005
1190005
1191005
1192005
1193005
1194005
1195005
1196005
1197005
1198005
1199005
1200005
1201005
1202005
1203005
1204005
1205005
1206005
1207005
1208005
1209005
1210005
1211005
1212005
1213005
1214005
1215005
1216005
1217005
1218005
1219005
1220005
1221005
1222005
1223005
1224005
1225005
1226005
1227005
1228005
1229005
1230005
1231005
1232005
1233005
1234005
1235005
1236005
1237005
1238005
1239005
1240005
1241005
1242005
1243005
1244005
1245005
1246005
1247005
1248005
1249005
1250005
1251005
1252005
1253005
1254005
1255005
1256005
1257005
1258005
1259005
1260005
1261005
1262005
1263005
1264005
1265005
1266005
1267005
1268005
1269005
1270005
1271005
1272005
1273005
1274005
1275005
1276005
1277005
1278005
1279005
1280005
1281005
1282005
1283005
1284005
1285005
1286005
1287005
1288005
1289005
1290005
1291005
1292005
1293005
1294005
1295005
1296005
1297005
1298005
1299005
1300005
1301005
1302005
1303005
1304005
1305005
1306005
1307005
1308005
1309005
1310005
1311005
1312005
1313005
1314005
1315005
1316005
1317005
1318005
1319005
1320005
1321005
1322005
1323005
1324005
1325005
1326005
1327005
1328005
1329005
1330005
1331005
1332005
1333005
1334005
1335005
1336005
1337005
1338005
1339005
1340005
1341005
1342005
1343005
1344005
1345005
1346005
1347005
1348005
1349005
1350005
1351005
1352005
1353005
1354005
1355005
1356005
1357005
1358005
1359005
1360005
1361005
1362005
1363005
1364005
1365005
1366005
1367005
1368005
1369005
1370005
1371005
1372005
1373005
1374005
1375005
1376005
1377005
1378005
1379005
1380005
1381005
1382005
1383005
1384005
1385005
1386005
1387005
1388005
1389005
1390005
1391005
1392005
1393005
1394005
1395005
1396005
1397005
1398005
1399005
1400005
1401005
1402005
1403005
1404005
1405005
1406005
1407005
1408005
1409005
1410005
1411005
1412005
1413005
1414005
1415005
1416005
1417005
1418005
1419005
1420005
1421005
1422005
1423005
1424005
1425005
1426005
1427005
1428005
1429005
1430005
1431005
1432005
1433005
1434005
1435005
1436005
1437005
1438005
1439005
1440005
1441005
1442005
1443005
1444005
1445005
1446005
1447005
1448005
1449005
1450005
1451005
1452005
1453005
1454005
1455005
1456005
1457005
1458005
1459005
1460005
1461005
1462005
1463005
1464005
1465005
1466005
1467005
1468005
1469005
1470005
1471005
1472005
1473005
1474005
1475005
1476005
1477005
1478005
1479005
1480005
1481005
1482005
1483005
1484005
1485005
1486005
1487005
1488005
1489005
1490005
1491005
1492005
1493005
1494005
1495005
1496005
1497005
1498005
1499005
1500005
1501005
1502005
1503005
1504005
1505005
1506005
1507005
1508005
1509005
1510005
1511005
1512005
1513005
1514005
1515005
1516005
1517005
1518005
1519005
1520005
1521005
1522005
1523005
1524005
1525005
1526005
1527005
1528005
1529005
1530005
1531005
1532005
1533005
1534005
1535005
1536005
1537005
1538005
1539005
1540005
1541005
1542005
1543005
1544005
1545005
1546005
1547005
1548005
1549005
1550005
1551005
1552005
1553005
1554005
1555005
1556005
1557005
1558005
1559005
1560005
1561005
1562005
1563005
1564005
1565005
1566005
1567005
1568005
1569005
1570005
1571005
1572005
1573005
1574005
1575005
1576005
1577005
1578005
1579005
1580005
1581005
1582005
1583005
1584005
1585005
1586005
1587005
1588005
1589005
1590005
1591005
1592005
1593005
1594005
1595005
1596005
1597005
1598005
1599005
1600005
1601005
1602005
1603005
1604005
1605005
1606005
1607005
1608005
1609005
1610005
1611005
1612005
1613005
1614005
1615005
1616005
1617005
1618005
1619005
1620005
1621005
1622005
1623005
1624005
1625005
1626005
1627005
1628005
1629005
1630005
1631005
1632005
1633005
1634005
1635005
1636005
1637005
1638005
1639005
1640005
1641005
1642005
1643005
1644005
1645005
1646005
1647005
1648005
1649005
1650005
1651005
1652005
1653005
1654005
1655005
1656005
1657005
1658005
1659005
1660005
1661005
1662005
1663005
1664005
1665005
1666005
1667005
1668005
1669005
1670005
1671005
1672005
1673005
1674005
1675005
1676005
1677005
1678005
1679005
1680005
1681005
1682005
1683005
1684005
1685005
1686005
1687005
1688005
1689005
1690005
1691005
1692005
1693005
1694005
1695005
1696005
1697005
1698005
1699005
1700005
1701005
1702005
1703005
1704005
1705005
1706005
1707005
1708005
1709005
1710005
1711005
1712005
1713005
1714005
1715005
1716005
1717005
1718005
1719005
1720005
1721005
1722005
1723005
1724005
1725005
1726005
1727005
1728005
1729005
1730005
1731005
1732005
1733005
1734005
1735005
1736005
1737005
1738005
1739005
1740005
1741005
1742005
1743005
1744005
1745005
1746005
1747005
1748005
1749005
1750005
1751005
1752005
1753005
1754005
1755005
1756005
1757005
1758005
1759005
1760005
1761005
1762005
1763005
1764005
1765005
1766005
1767005
1768005
1769005
1770005
1771005
1772005
1773005
1774005
1775005
1776005
1777005
1778005
1779005
1780005
1781005
1782005
1783005
1784005
1785005
1786005
1787005
1788005
1789005
1790005
1791005
1792005
1793005
1794005
1795005
1796005
1797005
1798005
1799005
800006
801006
802006
803006
804006
805006
806006
807006
808006
809006
810006
811006
812006
813006
814006
815006
816006
817006
818006
819006
820006
821006
822006
823006
824006
825006
826006
827006
828006
829006
830006
831006
832006
833006
834006
835006
836006
837006
838006
839006
840006
841006
842006
843006
844006
845006
846006
847006
848006
849006
850006
851006
852006
853006
854006
855006
856006
857006
858006
859006
860006
861006
862006
863006
864006
865006
866006
867006
868006
869006
870006
871006
872006
873006
874006
875006
876006
877006
878006
879006
880006
881006
882006
883006
884006
885006
886006
887006
888006
889006
890006
891006
892006
893006
894006
895006
896006
897006
898006
899006
900006
901006
902006
903006
904006
905006
906006
907006
908006
909006
910006
911006
912006
913006
914006
915006
916006
917006
918006
919006
920006
921006
922006
923006
924006
925006
926006
927006
928006
929006
930006
931006
932006
933006
934006
935006
936006
937006
938006
939006
940006
941006
942006
943006
944006
945006
946006
947006
948006
949006
950006
951006
952006
953006
954006
955006
956006
957006
958006
959006
960006
961006
962006
963006
964006
965006
966006
967006
968006
969006
970006
971006
972006
973006
974006
975006
976006
977006
978006
979006
980006
981006
982006
983006
984006
985006
986006
987006
988006
989006
990006
991006
992006
993006
994006
995006
996006
997006
998006
999006
1000006
1001006
1002006
1003006
1004006
1005006
1006006
1007006
1008006
1009006
1010006
1011006
1012006
1013006
1014006
1015006
1016006
1017006
1018006
1019006
1020006
1021006
1022006
1023006
1024006
1025006
1026006
1027006
1028006
1029006
1030006
1031006
1032006
1033006
1034006
1035006
1036006
1037006
1038006
1039006
1040006
1041006
1042006
1043006
1044006
1045006
1046006
1047006
1048006
1049006
1050006
1051006
1052006
1053006
1054006
1055006
1056006
1057006
1058006
1059006
1060006
1061006
1062006
1063006
1064006
1065006
1066006
1067006
1068006
1069006
1070006
1071006
1072006
1073006
1074006
1075006
1076006
1077006
1078006
1079006
1080006
1081006
1082006
1083006
1084006
1085006
1086006
1087006
1088006
1089006
1090006
1091006
1092006
1093006
1094006
1095006
1096006
1097006
1098006
1099006
1100006
1101006
1102006
1103006
1104006
1105006
1106006
1107006
1108006
1109006
1110006
1111006
1112006
1113006
1114006
1115006
1116006
1117006
1118006
1119006
1120006
1121006
1122006
1123006
1124006
1125006
1126006
1127006
1128006
1129006
1130006
1131006
1132006
1133006
1134006
1135006
1136006
1137006
1138006
1139006
1140006
1141006
1142006
1143006
1144006
1145006
1146006
1147006
1148006
1149006
1150006
1151006
1152006
1153006
1154006
1155006
1156006
1157006
1158006
1159006
1160006
1161006
1162006
1163006
1164006
1165006
1166006
1167006
1168006
1169006
1170006
1171006
1172006
1173006
1174006
1175006
1176006
1177006
1178006
1179006
1180006
1181006
1182006
1183006
1184006
1185006
1186006
1187006
1188006
1189006
1190006
1191006
1192006
1193006
1194006
1195006
1196006
1197006
1198006
1199006
1200006
1201006
1202006
1203006
1204006
1205006
1206006
1207006
1208006
1209006
1210006
1211006
1212006
1213006
1214006
1215006
1216006
1217006
1218006
1219006
1220006
1221006
1222006
1223006
1224006
1225006
1226006
1227006
1228006
1229006
1230006
1231006
1232006
1233006
1234006
1235006
1236006
1237006
1238006
1239006
1240006
1241006
1242006
1243006
1244006
1245006
1246006
1247006
1248006
1249006
1250006
1251006
1252006
1253006
1254006
1255006
1256006
1257006
1258006
1259006
1260006
1261006
1262006
1263006
1264006
1265006
1266006
1267006
1268006
1269006
1270006
1271006
1272006
1273006
1274006
1275006
1276006
1277006
1278006
1279006
1280006
1281006
1282006
1283006
1284006
1285006
1286006
1287006
1288006
1289006
1290006
1291006
1292006
1293006
1294006
1295006
1296006
1297006
1298006
1299006
1300006
1301006
1302006
1303006
1304006
1305006
1306006
1307006
1308006
1309006
1310006
1311006
1312006
1313006
1314006
1315006
1316006
1317006
1318006
1319006
1320006
1321006
1322006
1323006
1324006
1325006
1326006
1327006
1328006
1329006
1330006
1331006
1332006
1333006
1334006
1335006
1336006
1337006
1338006
1339006
1340006
1341006
1342006
1343006
1344006
1345006
1346006
1347006
1348006
1349006
1350006
1351006
1352006
1353006
1354006
1355006
1356006
1357006
1358006
1359006
1360006
1361006
1362006
1363006
1364006
1365006
1366006
1367006
1368006
1369006
1370006
1371006
1372006
1373006
1374006
1375006
1376006
1377006
1378006
1379006
1380006
1381006
1382006
1383006
1384006
1385006
1386006
1387006
1388006
1389006
1390006
1391006
1392006
1393006
1394006
1395006
1396006
1397006
1398006
1399006
1400006
1401006
1402006
1403006
1404006
1405006
1406006
1407006
1408006
1409006
1410006
1411006
1412006
1413006
1414006
1415006
1416006
1417006
1418006
1419006
1420006
1421006
1422006
1423006
1424006
1425006
1426006
1427006
1428006
1429006
1430006
1431006
1432006
1433006
1434006
1435006
1436006
1437006
1438006
1439006
1440006
1441006
1442006
1443006
1444006
1445006
1446006
1447006
1448006
1449006
1450006
1451006
1452006
1453006
1454006
1455006
1456006
1457006
1458006
1459006
1460006
1461006
1462006
1463006
1464006
1465006
1466006
1467006
1468006
1469006
1470006
1471006
1472006
1473006
1474006
1475006
1476006
1477006
1478006
1479006
1480006
1481006
1482006
1483006
1484006
1485006
1486006
1487006
1488006
1489006
1490006
1491006
1492006
1493006
1494006
1495006
1496006
1497006
1498006
1499006
1500006
1501006
1502006
1503006
1504006
1505006
1506006
1507006
1508006
1509006
1510006
1511006
1512006
1513006
1514006
1515006
1516006
1517006
1518006
1519006
1520006
1521006
1522006
1523006
1524006
1525006
1526006
1527006
1528006
1529006
1530006
1531006
1532006
1533006
1534006
1535006
1536006
1537006
1538006
1539006
1540006
1541006
1542006
1543006
1544006
1545006
1546006
1547006
1548006
1549006
1550006
1551006
1552006
1553006
1554006
1555006
1556006
1557006
1558006
1559006
1560006
1561006
1562006
1563006
1564006
1565006
1566006
1567006
1568006
1569006
1570006
1571006
1572006
1573006
1574006
1575006
1576006
1577006
1578006
1579006
1580006
1581006
1582006
1583006
1584006
1585006
1586006
1587006
1588006
1589006
1590006
1591006
1592006
1593006
1594006
1595006
1596006
1597006
1598006
1599006
1600006
1601006
1602006
1603006
1604006
1605006
1606006
1607006
1608006
1609006
1610006
1611006
1612006
1613006
1614006
1615006
1616006
1617006
1618006
1619006
1620006
1621006
1622006
1623006
1624006
1625006
1626006
1627006
1628006
1629006
1630006
1631006
1632006
1633006
1634006
1635006
1636006
1637006
1638006
1639006
1640006
1641006
1642006
1643006
1644006
1645006
1646006
1647006
1648006
1649006
1650006
1651006
1652006
1653006
1654006
1655006
1656006
1657006
1658006
1659006
1660006
1661006
1662006
1663006
1664006
1665006
1666006
1667006
1668006
1669006
1670006
1671006
1672006
1673006
1674006
1675006
1676006
1677006
1678006
1679006
1680006
1681006
1682006
1683006
1684006
1685006
1686006
1687006
1688006
1689006
1690006
1691006
1692006
1693006
1694006
1695006
1696006
1697006
1698006
1699006
1700006
1701006
1702006
1703006
1704006
1705006
1706006
1707006
1708006
1709006
1710006
1711006
1712006
1713006
1714006
1715006
1716006
1717006
1718006
1719006
1720006
1721006
1722006
1723006
1724006
1725006
1726006
1727006
1728006
1729006
1730006
1731006
1732006
1733006
1734006
1735006
1736006
1737006
1738006
1739006
1740006
1741006
1742006
1743006
1744006
1745006
1746006
1747006
1748006
1749006
1750006
1751006
1752006
1753006
1754006
1755006
1756006
1757006
1758006
1759006
1760006
1761006
1762006
1763006
1764006
1765006
1766006
1767006
1768006
1769006
1770006
1771006
1772006
1773006
1774006
1775006
1776006
1777006
1778006
1779006
1780006
1781006
1782006
1783006
1784006
1785006
1786006
1787006
1788006
1789006
1790006
1791006
1792006
1793006
1794006
1795006
1796006
1797006
1798006
1799006
800007
801007
802007
803007
804007
805007
806007
807007
808007
809007
810007
811007
812007
813007
814007
815007
816007
817007
818007
819007
820007
821007
822007
823007
824007
825007
826007
827007
828007
829007
830007
831007
832007
833007
834007
835007
836007
837007
838007
839007
840007
841007
842007
843007
844007
845007
846007
847007
848007
849007
850007
851007
852007
853007
854007
855007
856007
857007
858007
859007
860007
861007
862007
863007
864007
865007
866007
867007
868007
869007
870007
871007
872007
873007
874007
875007
876007
877007
878007
879007
880007
881007
882007
883007
884007
885007
886007
887007
888007
889007
890007
891007
892007
893007
894007
895007
896007
897007
898007
899007
900007
901007
902007
903007
904007
905007
906007
907007
908007
909007
910007
911007
912007
913007
914007
915007
916007
917007
918007
919007
920007
921007
922007
923007
924007
925007
926007
927007
928007
929007
930007
931007
932007
933007
934007
935007
936007
937007
938007
939007
940007
941007
942007
943007
944007
945007
946007
947007
948007
949007
950007
951007
952007
953007
954007
955007
956007
957007
958007
959007
960007
961007
962007
963007
964007
965007
966007
967007
968007
969007
970007
971007
972007
973007
974007
975007
976007
977007
978007
979007
980007
981007
982007
983007
984007
985007
986007
987007
988007
989007
990007
991007
992007
993007
994007
995007
996007
997007
998007
999007
1000007
1001007
1002007
1003007
1004007
1005007
1006007
1007007
1008007
1009007
1010007
1011007
1012007
1013007
1014007
1015007
1016007
1017007
1018007
1019007
1020007
1021007
1022007
1023007
1024007
1025007
1026007
1027007
1028007
1029007
1030007
1031007
1032007
1033007
1034007
1035007
1036007
1037007
1038007
1039007
1040007
1041007
1042007
1043007
1044007
1045007
1046007
1047007
1048007
1049007
1050007
1051007
1052007
1053007
1054007
1055007
1056007
1057007
1058007
1059007
1060007
1061007
1062007
1063007
1064007
1065007
1066007
1067007
1068007
1069007
1070007
1071007
1072007
1073007
1074007
1075007
1076007
1077007
1078007
1079007
1080007
1081007
1082007
1083007
1084007
1085007
1086007
1087007
1088007
1089007
1090007
1091007
1092007
1093007
1094007
1095007
1096007
1097007
1098007
1099007
1100007
1101007
1102007
1103007
1104007
1105007
1106007
1107007
1108007
1109007
1110007
1111007
1112007
1113007
1114007
1115007
1116007
1117007
1118007
1119007
1120007
1121007
1122007
1123007
1124007
1125007
1126007
1127007
1128007
1129007
1130007
1131007
1132007
1133007
1134007
1135007
1136007
1137007
1138007
1139007
1140007
1141007
1142007
1143007
1144007
1145007
1146007
1147007
1148007
1149007
1150007
1151007
1152007
1153007
1154007
1155007
1156007
1157007
1158007
1159007
1160007
1161007
1162007
1163007
1164007
1165007
1166007
1167007
1168007
1169007
1170007
1171007
1172007
1173007
1174007
1175007
1176007
1177007
1178007
1179007
1180007
1181007
1182007
1183007
1184007
1185007
1186007
1187007
1188007
1189007
1190007
1191007
1192007
1193007
1194007
1195007
1196007
1197007
1198007
1199007
1200007
1201007
1202007
1203007
1204007
1205007
1206007
1207007
1208007
1209007
1210007
1211007
1212007
1213007
1214007
1215007
1216007
1217007
1218007
1219007
1220007
1221007
1222007
1223007
1224007
1225007
1226007
1227007
1228007
1229007
1230007
1231007
1232007
1233007
1234007
1235007
1236007
1237007
1238007
1239007
1240007
1241007
1242007
1243007
1244007
1245007
1246007
1247007
1248007
1249007
1250007
1251007
1252007
1253007
1254007
1255007
1256007
1257007
1258007
1259007
1260007
1261007
1262007
1263007
1264007
1265007
1266007
1267007
1268007
1269007
1270007
1271007
1272007
1273007
1274007
1275007
1276007
1277007
1278007
1279007
1280007
1281007
1282007
1283007
1284007
1285007
1286007
1287007
1288007
1289007
1290007
1291007
1292007
1293007
1294007
1295007
1296007
1297007
1298007
1299007
1300007
1301007
1302007
1303007
1304007
1305007
1306007
1307007
1308007
1309007
1310007
1311007
1312007
1313007
1314007
1315007
1316007
1317007
1318007
1319007
1320007
1321007
1322007
1323007
1324007
1325007
1326007
1327007
1328007
1329007
1330007
1331007
1332007
1333007
1334007
1335007
1336007
1337007
1338007
1339007
1340007
1341007
1342007
1343007
1344007
1345007
1346007
1347007
1348007
1349007
1350007
1351007
1352007
1353007
1354007
1355007
1356007
1357007
1358007
1359007
1360007
1361007
1362007
1363007
1364007
1365007
1366007
1367007
1368007
1369007
1370007
1371007
1372007
1373007
1374007
1375007
1376007
1377007
1378007
1379007
1380007
1381007
1382007
1383007
1384007
1385007
1386007
1387007
1388007
1389007
1390007
1391007
1392007
1393007
1394007
1395007
1396007
1397007
1398007
1399007
1400007
1401007
1402007
1403007
1404007
1405007
1406007
1407007
1408007
1409007
1410007
1411007
1412007
1413007
1414007
1415007
1416007
1417007
1418007
1419007
1420007
1421007
1422007
1423007
1424007
1425007
1426007
1427007
1428007
1429007
1430007
1431007
1432007
1433007
1434007
1435007
1436007
1437007
1438007
1439007
1440007
1441007
1442007
1443007
1444007
1445007
1446007
1447007
1448007
1449007
1450007
1451007
1452007
1453007
1454007
1455007
1456007
1457007
1458007
1459007
1460007
1461007
1462007
1463007
1464007
1465007
1466007
1467007
1468007
1469007
1470007
1471007
1472007
1473007
1474007
1475007
1476007
1477007
1478007
1479007
1480007
1481007
1482007
1483007
1484007
1485007
1486007
1487007
1488007
1489007
1490007
1491007
1492007
1493007
1494007
1495007
1496007
1497007
1498007
1499007
1500007
1501007
1502007
1503007
1504007
1505007
1506007
1507007
1508007
1509007
1510007
1511007
1512007
1513007
1514007
1515007
1516007
1517007
1518007
1519007
1520007
1521007
1522007
1523007
1524007
1525007
1526007
1527007
1528007
1529007
1530007
1531007
1532007
1533007
1534007
1535007
1536007
1537007
1538007
1539007
1540007
1541007
1542007
1543007
1544007
1545007
1546007
1547007
1548007
1549007
1550007
1551007
1552007
1553007
1554007
1555007
1556007
1557007
1558007
1559007
1560007
1561007
1562007
1563007
1564007
1565007
1566007
1567007
1568007
1569007
1570007
1571007
1572007
1573007
1574007
1575007
1576007
1577007
1578007
1579007
1580007
1581007
1582007
1583007
1584007
1585007
1586007
1587007
1588007
1589007
1590007
1591007
1592007
1593007
1594007
1595007
1596007
1597007
1598007
1599007
1600007
1601007
1602007
1603007
1604007
1605007
1606007
1607007
1608007
1609007
1610007
1611007
1612007
1613007
1614007
1615007
1616007
1617007
1618007
1619007
1620007
1621007
1622007
1623007
1624007
1625007
1626007
1627007
1628007
1629007
1630007
1631007
1632007
1633007
1634007
1635007
1636007
1637007
1638007
1639007
1640007
1641007
1642007
1643007
1644007
1645007
1646007
1647007
1648007
1649007
1650007
1651007
1652007
1653007
1654007
1655007
1656007
1657007
1658007
1659007
1660007
1661007
1662007
1663007
1664007
1665007
1666007
1667007
1668007
1669007
1670007
1671007
1672007
1673007
1674007
1675007
1676007
1677007
1678007
1679007
1680007
1681007
1682007
1683007
1684007
1685007
1686007
1687007
1688007
1689007
1690007
1691007
1692007
1693007
1694007
1695007
1696007
1697007
1698007
1699007
1700007
1701007
1702007
1703007
1704007
1705007
1706007
1707007
1708007
1709007
1710007
1711007
1712007
1713007
1714007
1715007
1716007
1717007
1718007
1719007
1720007
1721007
1722007
1723007
1724007
1725007
1726007
1727007
1728007
1729007
1730007
1731007
1732007
1733007
1734007
1735007
1736007
1737007
1738007
1739007
1740007
1741007
1742007
1743007
1744007
1745007
1746007
1747007
1748007
1749007
1750007
1751007
1752007
1753007
1754007
1755007
1756007
1757007
1758007
1759007
1760007
1761007
1762007
1763007
1764007
1765007
1766007
1767007
1768007
1769007
1770007
1771007
1772007
1773007
1774007
1775007
1776007
1777007
1778007
1779007
1780007
1781007
1782007
1783007
1784007
1785007
1786007
1787007
1788007
1789007
1790007
1791007
1792007
1793007
1794007
1795007
1796007
1797007
1798007
1799007
800008
801008
802008
803008
804008
805008
806008
807008
808008
809008
810008
811008
812008
813008
814008
815008
816008
817008
818008
819008
820008
821008
822008
823008
824008
825008
826008
827008
828008
829008
830008
831008
832008
833008
834008
835008
836008
837008
838008
839008
840008
841008
842008
843008
844008
845008
846008
847008
848008
849008
850008
851008
852008
853008
854008
855008
856008
857008
858008
859008
860008
861008
862008
863008
864008
865008
866008
867008
868008
869008
870008
871008
872008
873008
874008
875008
876008
877008
878008
879008
880008
881008
882008
883008
884008
885008
886008
887008
888008
889008
890008
891008
892008
893008
894008
895008
896008
897008
898008
899008
900008
901008
902008
903008
904008
905008
906008
907008
908008
909008
910008
911008
912008
913008
914008
915008
916008
917008
918008
919008
920008
921008
922008
923008
924008
925008
926008
927008
928008
929008
930008
931008
932008
933008
934008
935008
936008
937008
938008
939008
940008
941008
942008
943008
944008
945008
946008
947008
948008
949008
950008
951008
952008
953008
954008
955008
956008
957008
958008
959008
960008
961008
962008
963008
964008
965008
966008
967008
968008
969008
970008
971008
972008
973008
974008
975008
976008
977008
978008
979008
980008
981008
982008
983008
984008
985008
986008
987008
988008
989008
990008
991008
992008
993008
994008
995008
996008
997008
998008
999008
1000008
1001008
1002008
1003008
1004008
1005008
1006008
1007008
1008008
1009008
1010008
1011008
1012008
1013008
1014008
1015008
1016008
1017008
1018008
1019008
1020008
1021008
1022008
1023008
1024008
1025008
1026008
1027008
1028008
1029008
1030008
1031008
1032008
1033008
1034008
1035008
1036008
1037008
1038008
1039008
1040008
1041008
1042008
1043008
1044008
1045008
1046008
1047008
1048008
1049008
1050008
1051008
1052008
1053008
1054008
1055008
1056008
1057008
1058008
1059008
1060008
1061008
1062008
1063008
1064008
1065008
1066008
1067008
1068008
1069008
1070008
1071008
1072008
1073008
1074008
1075008
1076008
1077008
1078008
1079008
1080008
1081008
1082008
1083008
1084008
1085008
1086008
1087008
1088008
1089008
1090008
1091008
1092008
1093008
1094008
1095008
1096008
1097008
1098008
1099008
1100008
1101008
1102008
1103008
1104008
1105008
1106008
1107008
1108008
1109008
1110008
1111008
1112008
1113008
1114008
1115008
1116008
1117008
1118008
1119008
1120008
1121008
1122008
1123008
1124008
1125008
1126008
1127008
1128008
1129008
1130008
1131008
1132008
1133008
1134008
1135008
1136008
1137008
1138008
1139008
1140008
1141008
1142008
1143008
1144008
1145008
1146008
1147008
1148008
1149008
1150008
1151008
1152008
1153008
1154008
1155008
1156008
1157008
1158008
1159008
1160008
1161008
1162008
1163008
1164008
1165008
1166008
1167008
1168008
1169008
1170008
1171008
1172008
1173008
1174008
1175008
1176008
1177008
1178008
1179008
1180008
1181008
1182008
1183008
1184008
1185008
1186008
1187008
1188008
1189008
1190008
1191008
1192008
1193008
1194008
1195008
1196008
1197008
1198008
1199008
1200008
1201008
1202008
1203008
1204008
1205008
1206008
1207008
1208008
1209008
1210008
1211008
1212008
1213008
1214008
1215008
1216008
1217008
1218008
1219008
1220008
1221008
1222008
1223008
1224008
1225008
1226008
1227008
1228008
1229008
1230008
1231008
1232008
1233008
1234008
1235008
1236008
1237008
1238008
1239008
1240008
1241008
1242008
1243008
1244008
1245008
1246008
1247008
1248008
1249008
1250008
1251008
1252008
1253008
1254008
1255008
1256008
1257008
1258008
1259008
1260008
1261008
1262008
1263008
1264008
1265008
1266008
1267008
1268008
1269008
1270008
1271008
1272008
1273008
1274008
1275008
1276008
1277008
1278008
1279008
1280008
1281008
1282008
1283008
1284008
1285008
1286008
1287008
1288008
1289008
1290008
1291008
1292008
1293008
1294008
1295008
1296008
1297008
1298008
1299008
1300008
1301008
1302008
1303008
1304008
1305008
1306008
1307008
1308008
1309008
1310008
1311008
1312008
1313008
1314008
1315008
1316008
1317008
1318008
1319008
1320008
1321008
1322008
1323008
1324008
1325008
1326008
1327008
1328008
1329008
1330008
1331008
1332008
1333008
1334008
1335008
1336008
1337008
1338008
1339008
1340008
1341008
1342008
1343008
1344008
1345008
1346008
1347008
1348008
1349008
1350008
1351008
1352008
1353008
1354008
1355008
1356008
1357008
1358008
1359008
1360008
1361008
1362008
1363008
1364008
1365008
1366008
1367008
1368008
1369008
1370008
1371008
1372008
1373008
1374008
1375008
1376008
1377008
1378008
1379008
1380008
1381008
1382008
1383008
1384008
1385008
1386008
1387008
1388008
1389008
1390008
1391008
1392008
1393008
1394008
1395008
1396008
1397008
1398008
1399008
1400008
1401008
1402008
1403008
1404008
1405008
1406008
1407008
1408008
1409008
1410008
1411008
1412008
1413008
1414008
1415008
1416008
1417008
1418008
1419008
1420008
1421008
1422008
1423008
1424008
1425008
1426008
1427008
1428008
1429008
1430008
1431008
1432008
1433008
1434008
1435008
1436008
1437008
1438008
1439008
1440008
1441008
1442008
1443008
1444008
1445008
1446008
1447008
1448008
1449008
1450008
1451008
1452008
1453008
1454008
1455008
1456008
1457008
1458008
1459008
1460008
1461008
1462008
1463008
1464008
1465008
1466008
1467008
1468008
1469008
1470008
1471008
1472008
1473008
1474008
1475008
1476008
1477008
1478008
1479008
1480008
1481008
1482008
1483008
1484008
1485008
1486008
1487008
1488008
1489008
1490008
1491008
1492008
1493008
1494008
1495008
1496008
1497008
1498008
1499008
1500008
1501008
1502008
1503008
1504008
1505008
1506008
1507008
1508008
1509008
1510008
1511008
1512008
1513008
1514008
1515008
1516008
1517008
1518008
1519008
1520008
1521008
1522008
1523008
1524008
1525008
1526008
1527008
1528008
1529008
1530008
1531008
1532008
1533008
1534008
1535008
1536008
1537008
1538008
1539008
1540008
1541008
1542008
1543008
1544008
1545008
1546008
1547008
1548008
1549008
1550008
1551008
1552008
1553008
1554008
1555008
1556008
1557008
1558008
1559008
1560008
1561008
1562008
1563008
1564008
1565008
1566008
1567008
1568008
1569008
1570008
1571008
1572008
1573008
1574008
1575008
1576008
1577008
1578008
1579008
1580008
1581008
1582008
1583008
1584008
1585008
1586008
1587008
1588008
1589008
1590008
1591008
1592008
1593008
1594008
1595008
1596008
1597008
1598008
1599008
1600008
1601008
1602008
1603008
1604008
1605008
1606008
1607008
1608008
1609008
1610008
1611008
1612008
1613008
1614008
1615008
1616008
1617008
1618008
1619008
1620008
1621008
1622008
1623008
1624008
1625008
1626008
1627008
1628008
1629008
1630008
1631008
1632008
1633008
1634008
1635008
1636008
1637008
1638008
1639008
1640008
1641008
1642008
1643008
1644008
1645008
1646008
1647008
1648008
1649008
1650008
1651008
1652008
1653008
1654008
1655008
1656008
1657008
1658008
1659008
1660008
1661008
1662008
1663008
1664008
1665008
1666008
1667008
1668008
1669008
1670008
1671008
1672008
1673008
1674008
1675008
1676008
1677008
1678008
1679008
1680008
1681008
1682008
1683008
1684008
1685008
1686008
1687008
1688008
1689008
1690008
1691008
1692008
1693008
1694008
1695008
1696008
1697008
1698008
1699008
1700008
1701008
1702008
1703008
1704008
1705008
1706008
1707008
1708008
1709008
1710008
1711008
1712008
1713008
1714008
1715008
1716008
1717008
1718008
1719008
1720008
1721008
1722008
1723008
1724008
1725008
1726008
1727008
1728008
1729008
1730008
1731008
1732008
1733008
1734008
1735008
1736008
1737008
1738008
1739008
1740008
1741008
1742008
1743008
1744008
1745008
1746008
1747008
1748008
1749008
1750008
1751008
1752008
1753008
1754008
1755008
1756008
1757008
1758008
1759008
1760008
1761008
1762008
1763008
1764008
1765008
1766008
1767008
1768008
1769008
1770008
1771008
1772008
1773008
1774008
1775008
1776008
1777008
1778008
1779008
1780008
1781008
1782008
1783008
1784008
1785008
1786008
1787008
1788008
1789008
1790008
1791008
1792008
1793008
1794008
1795008
1796008
1797008
1798008
1799008
800009
801009
802009
803009
804009
805009
806009
807009
808009
809009
810009
811009
812009
813009
814009
815009
816009
817009
818009
819009
820009
821009
822009
823009
824009
825009
826009
827009
828009
829009
830009
831009
832009
833009
834009
835009
836009
837009
838009
839009
840009
841009
842009
843009
844009
845009
846009
847009
848009
849009
850009
851009
852009
853009
854009
855009
856009
857009
858009
859009
860009
861009
862009
863009
864009
865009
866009
867009
868009
869009
870009
871009
872009
873009
874009
875009
876009
877009
878009
879009
880009
881009
882009
883009
884009
885009
886009
887009
888009
889009
890009
891009
892009
893009
894009
895009
896009
897009
898009
899009
900009
901009
902009
903009
904009
905009
906009
907009
908009
909009
910009
911009
912009
913009
914009
915009
916009
917009
918009
919009
920009
921009
922009
923009
924009
925009
926009
927009
928009
929009
930009
931009
932009
933009
934009
935009
936009
937009
938009
939009
940009
941009
942009
943009
944009
945009
946009
947009
948009
949009
950009
951009
952009
953009
954009
955009
956009
957009
958009
959009
960009
961009
962009
963009
964009
965009
966009
967009
968009
969009
970009
971009
972009
973009
974009
975009
976009
977009
978009
979009
980009
981009
982009
983009
984009
985009
986009
987009
988009
989009
990009
991009
992009
993009
994009
995009
996009
997009
998009
999009
1000009
1001009
1002009
1003009
1004009
1005009
1006009
1007009
1008009
1009009
1010009
1011009
1012009
1013009
1014009
1015009
1016009
1017009
1018009
1019009
1020009
1021009
1022009
1023009
1024009
1025009
1026009
1027009
1028009
1029009
1030009
1031009
1032009
1033009
1034009
1035009
1036009
1037009
1038009
1039009
1040009
1041009
1042009
1043009
1044009
1045009
1046009
1047009
1048009
1049009
1050009
1051009
1052009
1053009
1054009
1055009
1056009
1057009
1058009
1059009
1060009
1061009
1062009
1063009
1064009
1065009
1066009
1067009
1068009
1069009
1070009
1071009
1072009
1073009
1074009
1075009
1076009
1077009
1078009
1079009
1080009
1081009
1082009
1083009
1084009
1085009
1086009
1087009
1088009
1089009
1090009
1091009
1092009
1093009
1094009
1095009
1096009
1097009
1098009
1099009
1100009
1101009
1102009
1103009
1104009
1105009
1106009
1107009
1108009
1109009
1110009
1111009
1112009
1113009
1114009
1115009
1116009
1117009
1118009
1119009
1120009
1121009
1122009
1123009
1124009
1125009
1126009
1127009
1128009
1129009
1130009
1131009
1132009
1133009
1134009
1135009
1136009
1137009
1138009
1139009
1140009
1141009
1142009
1143009
1144009
1145009
1146009
1147009
1148009
1149009
1150009
1151009
1152009
1153009
1154009
1155009
1156009
1157009
1158009
1159009
1160009
1161009
1162009
1163009
1164009
1165009
1166009
1167009
1168009
1169009
1170009
1171009
1172009
1173009
1174009
1175009
1176009
1177009
1178009
1179009
1180009
1181009
1182009
1183009
1184009
1185009
1186009
1187009
1188009
1189009
1190009
1191009
1192009
1193009
1194009
1195009
1196009
1197009
1198009
1199009
1200009
1201009
1202009
1203009
1204009
1205009
1206009
1207009
1208009
1209009
1210009
1211009
1212009
1213009
1214009
1215009
1216009
1217009
1218009
1219009
1220009
1221009
1222009
1223009
1224009
1225009
1226009
1227009
1228009
1229009
1230009
1231009
1232009
1233009
1234009
1235009
1236009
1237009
1238009
1239009
1240009
1241009
1242009
1243009
1244009
1245009
1246009
1247009
1248009
1249009
1250009
1251009
1252009
1253009
1254009
1255009
1256009
1257009
1258009
1259009
1260009
1261009
1262009
1263009
1264009
1265009
1266009
1267009
1268009
1269009
1270009
1271009
1272009
1273009
1274009
1275009
1276009
1277009
1278009
1279009
1280009
1281009
1282009
1283009
1284009
1285009
1286009
1287009
1288009
1289009
1290009
1291009
1292009
1293009
1294009
1295009
1296009
1297009
1298009
1299009
1300009
1301009
1302009
1303009
1304009
1305009
1306009
1307009
1308009
1309009
1310009
1311009
1312009
1313009
1314009
1315009
1316009
1317009
1318009
1319009
1320009
1321009
1322009
1323009
1324009
1325009
1326009
1327009
1328009
1329009
1330009
1331009
1332009
1333009
1334009
1335009
1336009
1337009
1338009
1339009
1340009
1341009
1342009
1343009
1344009
1345009
1346009
1347009
1348009
1349009
1350009
1351009
1352009
1353009
1354009
1355009
1356009
1357009
1358009
1359009
1360009
1361009
1362009
1363009
1364009
1365009
1366009
1367009
1368009
1369009
1370009
1371009
1372009
1373009
1374009
1375009
1376009
1377009
1378009
1379009
1380009
1381009
1382009
1383009
1384009
1385009
1386009
1387009
1388009
1389009
1390009
1391009
1392009
1393009
1394009
1395009
1396009
1397009
1398009
1399009
1400009
1401009
1402009
1403009
1404009
1405009
1406009
1407009
1408009
1409009
1410009
1411009
1412009
1413009
1414009
1415009
1416009
1417009
1418009
1419009
1420009
1421009
1422009
1423009
1424009
1425009
1426009
1427009
1428009
1429009
1430009
1431009
1432009
1433009
1434009
1435009
1436009
1437009
1438009
1439009
1440009
1441009
1442009
1443009
1444009
1445009
1446009
1447009
1448009
1449009
1450009
1451009
1452009
1453009
1454009
1455009
1456009
1457009
1458009
1459009
1460009
1461009
1462009
1463009
1464009
1465009
1466009
1467009
1468009
1469009
1470009
1471009
1472009
1473009
1474009
1475009
1476009
1477009
1478009
1479009
1480009
1481009
1482009
1483009
1484009
1485009
1486009
1487009
1488009
1489009
1490009
1491009
1492009
1493009
1494009
1495009
1496009
1497009
1498009
1499009
1500009
1501009
1502009
1503009
1504009
1505009
1506009
1507009
1508009
1509009
1510009
1511009
1512009
1513009
1514009
1515009
1516009
1517009
1518009
1519009
1520009
1521009
1522009
1523009
1524009
1525009
1526009
1527009
1528009
1529009
1530009
1531009
1532009
1533009
1534009
1535009
1536009
1537009
1538009
1539009
1540009
1541009
1542009
1543009
1544009
1545009
1546009
1547009
1548009
1549009
1550009
1551009
1552009
1553009
1554009
1555009
1556009
1557009
1558009
1559009
1560009
1561009
1562009
1563009
1564009
1565009
1566009
1567009
1568009
1569009
1570009
1571009
1572009
1573009
1574009
1575009
1576009
1577009
1578009
1579009
1580009
1581009
1582009
1583009
1584009
1585009
1586009
1587009
1588009
1589009
1590009
1591009
1592009
1593009
1594009
1595009
1596009
1597009
1598009
1599009
1600009
1601009
1602009
1603009
1604009
1605009
1606009
1607009
1608009
1609009
1610009
1611009
1612009
1613009
1614009
1615009
1616009
1617009
1618009
1619009
1620009
1621009
1622009
1623009
1624009
1625009
1626009
1627009
1628009
1629009
1630009
1631009
1632009
1633009
1634009
1635009
1636009
1637009
1638009
1639009
1640009
1641009
1642009
1643009
1644009
1645009
1646009
1647009
1648009
1649009
1650009
1651009
1652009
1653009
1654009
1655009
1656009
1657009
1658009
1659009
1660009
1661009
1662009
1663009
1664009
1665009
1666009
1667009
1668009
1669009
1670009
1671009
1672009
1673009
1674009
1675009
1676009
1677009
1678009
1679009
1680009
1681009
1682009
1683009
1684009
1685009
1686009
1687009
1688009
1689009
1690009
1691009
1692009
1693009
1694009
1695009
1696009
1697009
1698009
1699009
1700009
1701009
1702009
1703009
1704009
1705009
1706009
1707009
1708009
1709009
1710009
1711009
1712009
1713009
1714009
1715009
1716009
1717009
1718009
1719009
1720009
1721009
1722009
1723009
1724009
1725009
1726009
1727009
1728009
1729009
1730009
1731009
1732009
1733009
1734009
1735009
1736009
1737009
1738009
1739009
1740009
1741009
1742009
1743009
1744009
1745009
1746009
1747009
1748009
1749009
1750009
1751009
1752009
1753009
1754009
1755009
1756009
1757009
1758009
1759009
1760009
1761009
1762009
1763009
1764009
1765009
1766009
1767009
1768009
1769009
1770009
1771009
1772009
1773009
1774009
1775009
1776009
1777009
1778009
1779009
1780009
1781009
1782009
1783009
1784009
1785009
1786009
1787009
1788009
1789009
1790009
1791009
1792009
1793009
1794009
1795009
1796009
1797009
1798009
1799009
800010
801010
802010
803010
804010
805010
806010
807010
808010
809010
810010
811010
812010
813010
814010
815010
816010
817010
818010
819010
820010
821010
822010
823010
824010
825010
826010
827010
828010
829010
830010
831010
832010
833010
834010
835010
836010
837010
838010
839010
840010
841010
842010
843010
844010
845010
846010
847010
848010
849010
850010
851010
852010
853010
854010
855010
856010
857010
858010
859010
860010
861010
862010
863010
864010
865010
866010
867010
868010
869010
870010
871010
872010
873010
874010
875010
876010
877010
878010
879010
880010
881010
882010
883010
884010
885010
886010
887010
888010
889010
890010
891010
892010
893010
894010
895010
896010
897010
898010
899010
900010
901010
902010
903010
904010
905010
906010
907010
908010
909010
910010
911010
912010
913010
914010
915010
916010
917010
918010
919010
920010
921010
922010
923010
924010
925010
926010
927010
928010
929010
930010
931010
932010
933010
934010
935010
936010
937010
938010
939010
940010
941010
942010
943010
944010
945010
946010
947010
948010
949010
950010
951010
952010
953010
954010
955010
956010
957010
958010
959010
960010
961010
962010
963010
964010
965010
966010
967010
968010
969010
970010
971010
972010
973010
974010
975010
976010
977010
978010
979010
980010
981010
982010
983010
984010
985010
986010
987010
988010
989010
990010
991010
992010
993010
994010
995010
996010
997010
998010
999010
1000010
1001010
1002010
1003010
1004010
1005010
1006010
1007010
1008010
1009010
1010010
1011010
1012010
1013010
1014010
1015010
1016010
1017010
1018010
1019010
1020010
1021010
1022010
1023010
1024010
1025010
1026010
1027010
1028010
1029010
1030010
1031010
1032010
1033010
1034010
1035010
1036010
1037010
1038010
1039010
1040010
1041010
1042010
1043010
1044010
1045010
1046010
1047010
1048010
1049010
1050010
1051010
1052010
1053010
1054010
1055010
1056010
1057010
1058010
1059010
1060010
1061010
1062010
1063010
1064010
1065010
1066010
1067010
1068010
1069010
1070010
1071010
1072010
1073010
1074010
1075010
1076010
1077010
1078010
1079010
1080010
1081010
1082010
1083010
1084010
1085010
1086010
1087010
1088010
1089010
1090010
1091010
1092010
1093010
1094010
1095010
1096010
1097010
1098010
1099010
1100010
1101010
1102010
1103010
1104010
1105010
1106010
1107010
1108010
1109010
1110010
1111010
1112010
1113010
1114010
1115010
1116010
1117010
1118010
1119010
1120010
1121010
1122010
1123010
1124010
1125010
1126010
1127010
1128010
1129010
1130010
1131010
1132010
1133010
1134010
1135010
1136010
1137010
1138010
1139010
1140010
1141010
1142010
1143010
1144010
1145010
1146010
1147010
1148010
1149010
1150010
1151010
1152010
1153010
1154010
1155010
1156010
1157010
1158010
1159010
1160010
1161010
1162010
1163010
1164010
1165010
1166010
1167010
1168010
1169010
1170010
1171010
1172010
1173010
1174010
1175010
1176010
1177010
1178010
1179010
1180010
1181010
1182010
1183010
1184010
1185010
1186010
1187010
1188010
1189010
1190010
1191010
1192010
1193010
1194010
1195010
1196010
1197010
1198010
1199010
1200010
1201010
1202010
1203010
1204010
1205010
1206010
1207010
1208010
1209010
1210010
1211010
1212010
1213010
1214010
1215010
1216010
1217010
1218010
1219010
1220010
1221010
1222010
1223010
1224010
1225010
1226010
1227010
1228010
1229010
1230010
1231010
1232010
1233010
1234010
1235010
1236010
1237010
1238010
1239010
1240010
1241010
1242010
1243010
1244010
1245010
1246010
1247010
1248010
1249010
1250010
1251010
1252010
1253010
1254010
1255010
1256010
1257010
1258010
1259010
1260010
1261010
1262010
1263010
1264010
1265010
1266010
1267010
1268010
1269010
1270010
1271010
1272010
1273010
1274010
1275010
1276010
1277010
1278010
1279010
1280010
1281010
1282010
1283010
1284010
1285010
1286010
1287010
1288010
1289010
1290010
1291010
1292010
1293010
1294010
1295010
1296010
1297010
1298010
1299010
1300010
1301010
1302010
1303010
1304010
1305010
1306010
1307010
1308010
1309010
1310010
1311010
1312010
1313010
1314010
1315010
1316010
1317010
1318010
1319010
1320010
1321010
1322010
1323010
1324010
1325010
1326010
1327010
1328010
1329010
1330010
1331010
1332010
1333010
1334010
1335010
1336010
1337010
1338010
1339010
1340010
1341010
1342010
1343010
1344010
1345010
1346010
1347010
1348010
1349010
1350010
1351010
1352010
1353010
1354010
1355010
1356010
1357010
1358010
1359010
1360010
1361010
1362010
1363010
1364010
1365010
1366010
1367010
1368010
1369010
1370010
1371010
1372010
1373010
1374010
1375010
1376010
1377010
1378010
1379010
1380010
1381010
1382010
1383010
1384010
1385010
1386010
1387010
1388010
1389010
1390010
1391010
1392010
1393010
1394010
1395010
1396010
1397010
1398010
1399010
1400010
1401010
1402010
1403010
1404010
1405010
1406010
1407010
1408010
1409010
1410010
1411010
1412010
1413010
1414010
1415010
1416010
1417010
1418010
1419010
1420010
1421010
1422010
1423010
1424010
1425010
1426010
1427010
1428010
1429010
1430010
1431010
1432010
1433010
1434010
1435010
1436010
1437010
1438010
1439010
1440010
1441010
1442010
1443010
1444010
1445010
1446010
1447010
1448010
1449010
1450010
1451010
1452010
1453010
1454010
1455010
1456010
1457010
1458010
1459010
1460010
1461010
1462010
1463010
1464010
1465010
1466010
1467010
1468010
1469010
1470010
1471010
1472010
1473010
1474010
1475010
1476010
1477010
1478010
1479010
1480010
1481010
1482010
1483010
1484010
1485010
1486010
1487010
1488010
1489010
1490010
1491010
1492010
1493010
1494010
1495010
1496010
1497010
1498010
1499010
1500010
1501010
1502010
1503010
1504010
1505010
1506010
1507010
1508010
1509010
1510010
1511010
1512010
1513010
1514010
1515010
1516010
1517010
1518010
1519010
1520010
1521010
1522010
1523010
1524010
1525010
1526010
1527010
1528010
1529010
1530010
1531010
1532010
1533010
1534010
1535010
1536010
1537010
1538010
1539010
1540010
1541010
1542010
1543010
1544010
1545010
1546010
1547010
1548010
1549010
1550010
1551010
1552010
1553010
1554010
1555010
1556010
1557010
1558010
1559010
1560010
1561010
1562010
1563010
1564010
1565010
1566010
1567010
1568010
1569010
1570010
1571010
1572010
1573010
1574010
1575010
1576010
1577010
1578010
1579010
1580010
1581010
1582010
1583010
1584010
1585010
1586010
1587010
1588010
1589010
1590010
1591010
1592010
1593010
1594010
1595010
1596010
1597010
1598010
1599010
1600010
1601010
1602010
1603010
1604010
1605010
1606010
1607010
1608010
1609010
1610010
1611010
1612010
1613010
1614010
1615010
1616010
1617010
1618010
1619010
1620010
1621010
1622010
1623010
1624010
1625010
1626010
1627010
1628010
1629010
1630010
1631010
1632010
1633010
1634010
1635010
1636010
1637010
1638010
1639010
1640010
1641010
1642010
1643010
1644010
1645010
1646010
1647010
1648010
1649010
1650010
1651010
1652010
1653010
1654010
1655010
1656010
1657010
1658010
1659010
1660010
1661010
1662010
1663010
1664010
1665010
1666010
1667010
1668010
1669010
1670010
1671010
1672010
1673010
1674010
1675010
1676010
1677010
1678010
1679010
1680010
1681010
1682010
1683010
1684010
1685010
1686010
1687010
1688010
1689010
1690010
1691010
1692010
1693010
1694010
1695010
1696010
1697010
1698010
1699010
1700010
1701010
1702010
1703010
1704010
1705010
1706010
1707010
1708010
1709010
1710010
1711010
1712010
1713010
1714010
1715010
1716010
1717010
1718010
1719010
1720010
1721010
1722010
1723010
1724010
1725010
1726010
1727010
1728010
1729010
1730010
1731010
1732010
1733010
1734010
1735010
1736010
1737010
1738010
1739010
1740010
1741010
1742010
1743010
1744010
1745010
1746010
1747010
1748010
1749010
1750010
1751010
1752010
1753010
1754010
1755010
1756010
1757010
1758010
1759010
1760010
1761010
1762010
1763010
1764010
1765010
1766010
1767010
1768010
1769010
1770010
1771010
1772010
1773010
1774010
1775010
1776010
1777010
1778010
1779010
1780010
1781010
1782010
1783010
1784010
1785010
1786010
1787010
1788010
1789010
1790010
1791010
1792010
1793010
1794010
1795010
1796010
1797010
1798010
1799010
800011
801011
802011
803011
804011
805011
806011
807011
808011
809011
810011
811011
812011
813011
814011
815011
816011
817011
818011
819011
820011
821011
822011
823011
824011
825011
826011
827011
828011
829011
830011
831011
832011
833011
834011
835011
836011
837011
838011
839011
840011
841011
842011
843011
844011
845011
846011
847011
848011
849011
850011
851011
852011
853011
854011
855011
856011
857011
858011
859011
860011
861011
862011
863011
864011
865011
866011
867011
868011
869011
870011
871011
872011
873011
874011
875011
876011
877011
878011
879011
880011
881011
882011
883011
884011
885011
886011
887011
888011
889011
890011
891011
892011
893011
894011
895011
896011
897011
898011
899011
900011
901011
902011
903011
904011
905011
906011
907011
908011
909011
910011
911011
912011
913011
914011
915011
916011
917011
918011
919011
920011
921011
922011
923011
924011
925011
926011
927011
928011
929011
930011
931011
932011
933011
934011
935011
936011
937011
938011
939011
940011
941011
942011
943011
944011
945011
946011
947011
948011
949011
950011
951011
952011
953011
954011
955011
956011
957011
958011
959011
960011
961011
962011
963011
964011
965011
966011
967011
968011
969011
970011
971011
972011
973011
974011
975011
976011
977011
978011
979011
980011
981011
982011
983011
984011
985011
986011
987011
988011
989011
990011
991011
992011
993011
994011
995011
996011
997011
998011
999011
1000011
1001011
1002011
1003011
1004011
1005011
1006011
1007011
1008011
1009011
1010011
1011011
1012011
1013011
1014011
1015011
1016011
1017011
1018011
1019011
1020011
1021011
1022011
1023011
1024011
1025011
1026011
1027011
1028011
1029011
1030011
1031011
1032011
1033011
1034011
1035011
1036011
1037011
1038011
1039011
1040011
1041011
1042011
1043011
1044011
1045011
1046011
1047011
1048011
1049011
1050011
1051011
1052011
1053011
1054011
1055011
1056011
1057011
1058011
1059011
1060011
1061011
1062011
1063011
1064011
1065011
1066011
1067011
1068011
1069011
1070011
1071011
1072011
1073011
1074011
1075011
1076011
1077011
1078011
1079011
1080011
1081011
1082011
1083011
1084011
1085011
1086011
1087011
1088011
1089011
1090011
1091011
1092011
1093011
1094011
1095011
1096011
1097011
1098011
1099011
1100011
1101011
1102011
1103011
1104011
1105011
1106011
1107011
1108011
1109011
1110011
1111011
1112011
1113011
1114011
1115011
1116011
1117011
1118011
1119011
1120011
1121011
1122011
1123011
1124011
1125011
1126011
1127011
1128011
1129011
1130011
1131011
1132011
1133011
1134011
1135011
1136011
1137011
1138011
1139011
1140011
1141011
1142011
1143011
1144011
1145011
1146011
1147011
1148011
1149011
1150011
1151011
1152011
1153011
1154011
1155011
1156011
1157011
1158011
1159011
1160011
1161011
1162011
1163011
1164011
1165011
1166011
1167011
1168011
1169011
1170011
1171011
1172011
1173011
1174011
1175011
1176011
1177011
1178011
1179011
1180011
1181011
1182011
1183011
1184011
1185011
1186011
1187011
1188011
1189011
1190011
1191011
1192011
1193011
1194011
1195011
1196011
1197011
1198011
1199011
1200011
1201011
1202011
1203011
1204011
1205011
1206011
1207011
1208011
1209011
1210011
1211011
1212011
1213011
1214011
1215011
1216011
1217011
1218011
1219011
1220011
1221011
1222011
1223011
1224011
1225011
1226011
1227011
1228011
1229011
1230011
1231011
1232011
1233011
1234011
1235011
1236011
1237011
1238011
1239011
1240011
1241011
1242011
1243011
1244011
1245011
1246011
1247011
1248011
1249011
1250011
1251011
1252011
1253011
1254011
1255011
1256011
1257011
1258011
1259011
1260011
1261011
1262011
1263011
1264011
1265011
1266011
1267011
1268011
1269011
1270011
1271011
1272011
1273011
1274011
1275011
1276011
1277011
1278011
1279011
1280011
1281011
1282011
1283011
1284011
1285011
1286011
1287011
1288011
1289011
1290011
1291011
1292011
1293011
1294011
1295011
1296011
1297011
1298011
1299011
1300011
1301011
1302011
1303011
1304011
1305011
1306011
1307011
1308011
1309011
1310011
1311011
1312011
1313011
1314011
1315011
1316011
1317011
1318011
1319011
1320011
1321011
1322011
1323011
1324011
1325011
1326011
1327011
1328011
1329011
1330011
1331011
1332011
1333011
1334011
1335011
1336011
1337011
1338011
1339011
1340011
1341011
1342011
1343011
1344011
1345011
1346011
1347011
1348011
1349011
1350011
1351011
1352011
1353011
1354011
1355011
1356011
1357011
1358011
1359011
1360011
1361011
1362011
1363011
1364011
1365011
1366011
1367011
1368011
1369011
1370011
1371011
1372011
1373011
1374011
1375011
1376011
1377011
1378011
1379011
1380011
1381011
1382011
1383011
1384011
1385011
1386011
1387011
1388011
1389011
1390011
1391011
1392011
1393011
1394011
1395011
1396011
1397011
1398011
1399011
1400011
1401011
1402011
1403011
1404011
1405011
1406011
1407011
1408011
1409011
1410011
1411011
1412011
1413011
1414011
1415011
1416011
1417011
1418011
1419011
1420011
1421011
1422011
1423011
1424011
1425011
1426011
1427011
1428011
1429011
1430011
1431011
1432011
1433011
1434011
1435011
1436011
1437011
1438011
1439011
1440011
1441011
1442011
1443011
1444011
1445011
1446011
1447011
1448011
1449011
1450011
1451011
1452011
1453011
1454011
1455011
1456011
1457011
1458011
1459011
1460011
1461011
1462011
1463011
1464011
1465011
1466011
1467011
1468011
1469011
1470011
1471011
1472011
1473011
1474011
1475011
1476011
1477011
1478011
1479011
1480011
1481011
1482011
1483011
1484011
1485011
1486011
1487011
1488011
1489011
1490011
1491011
1492011
1493011
1494011
1495011
1496011
1497011
1498011
1499011
1500011
1501011
1502011
1503011
1504011
1505011
1506011
1507011
1508011
1509011
1510011
1511011
1512011
1513011
1514011
1515011
1516011
1517011
1518011
1519011
1520011
1521011
1522011
1523011
1524011
1525011
1526011
1527011
1528011
1529011
1530011
1531011
1532011
1533011
1534011
1535011
1536011
1537011
1538011
1539011
1540011
1541011
1542011
1543011
1544011
1545011
1546011
1547011
1548011
1549011
1550011
1551011
1552011
1553011
1554011
1555011
1556011
1557011
1558011
1559011
1560011
1561011
1562011
1563011
1564011
1565011
1566011
1567011
1568011
1569011
1570011
1571011
1572011
1573011
1574011
1575011
1576011
1577011
1578011
1579011
1580011
1581011
1582011
1583011
1584011
1585011
1586011
1587011
1588011
1589011
1590011
1591011
1592011
1593011
1594011
1595011
1596011
1597011
1598011
1599011
1600011
1601011
1602011
1603011
1604011
1605011
1606011
1607011
1608011
1609011
1610011
1611011
1612011
1613011
1614011
1615011
1616011
1617011
1618011
1619011
1620011
1621011
1622011
1623011
1624011
1625011
1626011
1627011
1628011
1629011
1630011
1631011
1632011
1633011
1634011
1635011
1636011
1637011
1638011
1639011
1640011
1641011
1642011
1643011
1644011
1645011
1646011
1647011
1648011
1649011
1650011
1651011
1652011
1653011
1654011
1655011
1656011
1657011
1658011
1659011
1660011
1661011
1662011
1663011
1664011
1665011
1666011
1667011
1668011
1669011
1670011
1671011
1672011
1673011
1674011
1675011
1676011
1677011
1678011
1679011
1680011
1681011
1682011
1683011
1684011
1685011
1686011
1687011
1688011
1689011
1690011
1691011
1692011
1693011
1694011
1695011
1696011
1697011
1698011
1699011
1700011
1701011
1702011
1703011
1704011
1705011
1706011
1707011
1708011
1709011
1710011
1711011
1712011
1713011
1714011
1715011
1716011
1717011
1718011
1719011
1720011
1721011
1722011
1723011
1724011
1725011
1726011
1727011
1728011
1729011
1730011
1731011
1732011
1733011
1734011
1735011
1736011
1737011
1738011
1739011
1740011
1741011
1742011
1743011
1744011
1745011
1746011
1747011
1748011
1749011
1750011
1751011
1752011
1753011
1754011
1755011
1756011
1757011
1758011
1759011
1760011
1761011
1762011
1763011
1764011
1765011
1766011
1767011
1768011
1769011
1770011
1771011
1772011
1773011
1774011
1775011
1776011
1777011
1778011
1779011
1780011
1781011
1782011
1783011
1784011
1785011
1786011
1787011
1788011
1789011
1790011
1791011
1792011
1793011
1794011
1795011
1796011
1797011
1798011
1799011
800012
801012
802012
803012
804012
805012
806012
807012
808012
809012
810012
811012
812012
813012
814012
815012
816012
817012
818012
819012
820012
821012
822012
823012
824012
825012
826012
827012
828012
829012
830012
831012
832012
833012
834012
835012
836012
837012
838012
839012
840012
841012
842012
843012
844012
845012
846012
847012
848012
849012
850012
851012
852012
853012
854012
855012
856012
857012
858012
859012
860012
861012
862012
863012
864012
865012
866012
867012
868012
869012
870012
871012
872012
873012
874012
875012
876012
877012
878012
879012
880012
881012
882012
883012
884012
885012
886012
887012
888012
889012
890012
891012
892012
893012
894012
895012
896012
897012
898012
899012
900012
901012
902012
903012
904012
905012
906012
907012
908012
909012
910012
911012
912012
913012
914012
915012
916012
917012
918012
919012
920012
921012
922012
923012
924012
925012
926012
927012
928012
929012
930012
931012
932012
933012
934012
935012
936012
937012
938012
939012
940012
941012
942012
943012
944012
945012
946012
947012
948012
949012
950012
951012
952012
953012
954012
955012
956012
957012
958012
959012
960012
961012
962012
963012
964012
965012
966012
967012
968012
969012
970012
971012
972012
973012
974012
975012
976012
977012
978012
979012
980012
981012
982012
983012
984012
985012
986012
987012
988012
989012
990012
991012
992012
993012
994012
995012
996012
997012
998012
999012
1000012
1001012
1002012
1003012
1004012
1005012
1006012
1007012
1008012
1009012
1010012
1011012
1012012
1013012
1014012
1015012
1016012
1017012
1018012
1019012
1020012
1021012
1022012
1023012
1024012
1025012
1026012
1027012
1028012
1029012
1030012
1031012
1032012
1033012
1034012
1035012
1036012
1037012
1038012
1039012
1040012
1041012
1042012
1043012
1044012
1045012
1046012
1047012
1048012
1049012
1050012
1051012
1052012
1053012
1054012
1055012
1056012
1057012
1058012
1059012
1060012
1061012
1062012
1063012
1064012
1065012
1066012
1067012
1068012
1069012
1070012
1071012
1072012
1073012
1074012
1075012
1076012
1077012
1078012
1079012
1080012
1081012
1082012
1083012
1084012
1085012
1086012
1087012
1088012
1089012
1090012
1091012
1092012
1093012
1094012
1095012
1096012
1097012
1098012
1099012
1100012
1101012
1102012
1103012
1104012
1105012
1106012
1107012
1108012
1109012
1110012
1111012
1112012
1113012
1114012
1115012
1116012
1117012
1118012
1119012
1120012
1121012
1122012
1123012
1124012
1125012
1126012
1127012
1128012
1129012
1130012
1131012
1132012
1133012
1134012
1135012
1136012
1137012
1138012
1139012
1140012
1141012
1142012
1143012
1144012
1145012
1146012
1147012
1148012
1149012
1150012
1151012
1152012
1153012
1154012
1155012
1156012
1157012
1158012
1159012
1160012
1161012
1162012
1163012
1164012
1165012
1166012
1167012
1168012
1169012
1170012
1171012
1172012
1173012
1174012
1175012
1176012
1177012
1178012
1179012
1180012
1181012
1182012
1183012
1184012
1185012
1186012
1187012
1188012
1189012
1190012
1191012
1192012
1193012
1194012
1195012
1196012
1197012
1198012
1199012
1200012
1201012
1202012
1203012
1204012
1205012
1206012
1207012
1208012
1209012
1210012
1211012
1212012
1213012
1214012
1215012
1216012
1217012
1218012
1219012
1220012
1221012
1222012
1223012
1224012
1225012
1226012
1227012
1228012
1229012
1230012
1231012
1232012
1233012
1234012
1235012
1236012
1237012
1238012
1239012
1240012
1241012
1242012
1243012
1244012
1245012
1246012
1247012
1248012
1249012
1250012
1251012
1252012
1253012
1254012
1255012
1256012
1257012
1258012
1259012
1260012
1261012
1262012
1263012
1264012
1265012
1266012
1267012
1268012
1269012
1270012
1271012
1272012
1273012
1274012
1275012
1276012
1277012
1278012
1279012
1280012
1281012
1282012
1283012
1284012
1285012
1286012
1287012
1288012
1289012
1290012
1291012
1292012
1293012
1294012
1295012
1296012
1297012
1298012
1299012
1300012
1301012
1302012
1303012
1304012
1305012
1306012
1307012
1308012
1309012
1310012
1311012
1312012
1313012
1314012
1315012
1316012
1317012
1318012
1319012
1320012
1321012
1322012
1323012
1324012
1325012
1326012
1327012
1328012
1329012
1330012
1331012
1332012
1333012
1334012
1335012
1336012
1337012
1338012
1339012
1340012
1341012
1342012
1343012
1344012
1345012
1346012
1347012
1348012
1349012
1350012
1351012
1352012
1353012
1354012
1355012
1356012
1357012
1358012
1359012
1360012
1361012
1362012
1363012
1364012
1365012
1366012
1367012
1368012
1369012
1370012
1371012
1372012
1373012
1374012
1375012
1376012
1377012
1378012
1379012
1380012
1381012
1382012
1383012
1384012
1385012
1386012
1387012
1388012
1389012
1390012
1391012
1392012
1393012
1394012
1395012
1396012
1397012
1398012
1399012
1400012
1401012
1402012
1403012
1404012
1405012
1406012
1407012
1408012
1409012
1410012
1411012
1412012
1413012
1414012
1415012
1416012
1417012
1418012
1419012
1420012
1421012
1422012
1423012
1424012
1425012
1426012
1427012
1428012
1429012
1430012
1431012
1432012
1433012
1434012
1435012
1436012
1437012
1438012
1439012
1440012
1441012
1442012
1443012
1444012
1445012
1446012
1447012
1448012
1449012
1450012
1451012
1452012
1453012
1454012
1455012
1456012
1457012
1458012
1459012
1460012
1461012
1462012
1463012
1464012
1465012
1466012
1467012
1468012
1469012
1470012
1471012
1472012
1473012
1474012
1475012
1476012
1477012
1478012
1479012
1480012
1481012
1482012
1483012
1484012
1485012
1486012
1487012
1488012
1489012
1490012
1491012
1492012
1493012
1494012
1495012
1496012
1497012
1498012
1499012
1500012
1501012
1502012
1503012
1504012
1505012
1506012
1507012
1508012
1509012
1510012
1511012
1512012
1513012
1514012
1515012
1516012
1517012
1518012
1519012
1520012
1521012
1522012
1523012
1524012
1525012
1526012
1527012
1528012
1529012
1530012
1531012
1532012
1533012
1534012
1535012
1536012
1537012
1538012
1539012
1540012
1541012
1542012
1543012
1544012
1545012
1546012
1547012
1548012
1549012
1550012
1551012
1552012
1553012
1554012
1555012
1556012
1557012
1558012
1559012
1560012
1561012
1562012
1563012
1564012
1565012
1566012
1567012
1568012
1569012
1570012
1571012
1572012
1573012
1574012
1575012
1576012
1577012
1578012
1579012
1580012
1581012
1582012
1583012
1584012
1585012
1586012
1587012
1588012
1589012
1590012
1591012
1592012
1593012
1594012
1595012
1596012
1597012
1598012
1599012
1600012
1601012
1602012
1603012
1604012
1605012
1606012
1607012
1608012
1609012
1610012
1611012
1612012
1613012
1614012
1615012
1616012
1617012
1618012
1619012
1620012
1621012
1622012
1623012
1624012
1625012
1626012
1627012
1628012
1629012
1630012
1631012
1632012
1633012
1634012
1635012
1636012
1637012
1638012
1639012
1640012
1641012
1642012
1643012
1644012
1645012
1646012
1647012
1648012
1649012
1650012
1651012
1652012
1653012
1654012
1655012
1656012
1657012
1658012
1659012
1660012
1661012
1662012
1663012
1664012
1665012
1666012
1667012
1668012
1669012
1670012
1671012
1672012
1673012
1674012
1675012
1676012
1677012
1678012
1679012
1680012
1681012
1682012
1683012
1684012
1685012
1686012
1687012
1688012
1689012
1690012
1691012
1692012
1693012
1694012
1695012
1696012
1697012
1698012
1699012
1700012
1701012
1702012
1703012
1704012
1705012
1706012
1707012
1708012
1709012
1710012
1711012
1712012
1713012
1714012
1715012
1716012
1717012
1718012
1719012
1720012
1721012
1722012
1723012
1724012
1725012
1726012
1727012
1728012
1729012
1730012
1731012
1732012
1733012
1734012
1735012
1736012
1737012
1738012
1739012
1740012
1741012
1742012
1743012
1744012
1745012
1746012
1747012
1748012
1749012
1750012
1751012
1752012
1753012
1754012
1755012
1756012
1757012
1758012
1759012
1760012
1761012
1762012
1763012
1764012
1765012
1766012
1767012
1768012
1769012
1770012
1771012
1772012
1773012
1774012
1775012
1776012
1777012
1778012
1779012
1780012
1781012
1782012
1783012
1784012
1785012
1786012
1787012
1788012
1789012
1790012
1791012
1792012
1793012
1794012
1795012
1796012
1797012
1798012
1799012
800013
801013
802013
803013
804013
805013
806013
807013
808013
809013
810013
811013
812013
813013
814013
815013
816013
817013
818013
819013
820013
821013
822013
823013
824013
825013
826013
827013
828013
829013
830013
831013
832013
833013
834013
835013
836013
837013
838013
839013
840013
841013
842013
843013
844013
845013
846013
847013
848013
849013
850013
851013
852013
853013
854013
855013
856013
857013
858013
859013
860013
861013
862013
863013
864013
865013
866013
867013
868013
869013
870013
871013
872013
873013
874013
875013
876013
877013
878013
879013
880013
881013
882013
883013
884013
885013
886013
887013
888013
889013
890013
891013
892013
893013
894013
895013
896013
897013
898013
899013
900013
901013
902013
903013
904013
905013
906013
907013
908013
909013
910013
911013
912013
913013
914013
915013
916013
917013
918013
919013
920013
921013
922013
923013
924013
925013
926013
927013
928013
929013
930013
931013
932013
933013
934013
935013
936013
937013
938013
939013
940013
941013
942013
943013
944013
945013
946013
947013
948013
949013
950013
951013
952013
953013
954013
955013
956013
957013
958013
959013
960013
961013
962013
963013
964013
965013
966013
967013
968013
969013
970013
971013
972013
973013
974013
975013
976013
977013
978013
979013
980013
981013
982013
983013
984013
985013
986013
987013
988013
989013
990013
991013
992013
993013
994013
995013
996013
997013
998013
999013
1000013
1001013
1002013
1003013
1004013
1005013
1006013
1007013
1008013
1009013
1010013
1011013
1012013
1013013
1014013
1015013
1016013
1017013
1018013
1019013
1020013
1021013
1022013
1023013
1024013
1025013
1026013
1027013
1028013
1029013
1030013
1031013
1032013
1033013
1034013
1035013
1036013
1037013
1038013
1039013
1040013
1041013
1042013
1043013
1044013
1045013
1046013
1047013
1048013
1049013
1050013
1051013
1052013
1053013
1054013
1055013
1056013
1057013
1058013
1059013
1060013
1061013
1062013
1063013
1064013
1065013
1066013
1067013
1068013
1069013
1070013
1071013
1072013
1073013
1074013
1075013
1076013
1077013
1078013
1079013
1080013
1081013
1082013
1083013
1084013
1085013
1086013
1087013
1088013
1089013
1090013
1091013
1092013
1093013
1094013
1095013
1096013
1097013
1098013
1099013
1100013
1101013
1102013
1103013
1104013
1105013
1106013
1107013
1108013
1109013
1110013
1111013
1112013
1113013
1114013
1115013
1116013
1117013
1118013
1119013
1120013
1121013
1122013
1123013
1124013
1125013
1126013
1127013
1128013
1129013
1130013
1131013
1132013
1133013
1134013
1135013
1136013
1137013
1138013
1139013
1140013
1141013
1142013
1143013
1144013
1145013
1146013
1147013
1148013
1149013
1150013
1151013
1152013
1153013
1154013
1155013
1156013
1157013
1158013
1159013
1160013
1161013
1162013
1163013
1164013
1165013
1166013
1167013
1168013
1169013
1170013
1171013
1172013
1173013
1174013
1175013
1176013
1177013
1178013
1179013
1180013
1181013
1182013
1183013
1184013
1185013
1186013
1187013
1188013
1189013
1190013
1191013
1192013
1193013
1194013
1195013
1196013
1197013
1198013
1199013
1200013
1201013
1202013
1203013
1204013
1205013
1206013
1207013
1208013
1209013
1210013
1211013
1212013
1213013
1214013
1215013
1216013
1217013
1218013
1219013
1220013
1221013
1222013
1223013
1224013
1225013
1226013
1227013
1228013
1229013
1230013
1231013
1232013
1233013
1234013
1235013
1236013
1237013
1238013
1239013
1240013
1241013
1242013
1243013
1244013
1245013
1246013
1247013
1248013
1249013
1250013
1251013
1252013
1253013
1254013
1255013
1256013
1257013
1258013
1259013
1260013
1261013
1262013
1263013
1264013
1265013
1266013
1267013
1268013
1269013
1270013
1271013
1272013
1273013
1274013
1275013
1276013
1277013
1278013
1279013
1280013
1281013
1282013
1283013
1284013
1285013
1286013
1287013
1288013
1289013
1290013
1291013
1292013
1293013
1294013
1295013
1296013
1297013
1298013
1299013
1300013
1301013
1302013
1303013
1304013
1305013
1306013
1307013
1308013
1309013
1310013
1311013
1312013
1313013
1314013
1315013
1316013
1317013
1318013
1319013
1320013
1321013
1322013
1323013
1324013
1325013
1326013
1327013
1328013
1329013
1330013
1331013
1332013
1333013
1334013
1335013
1336013
1337013
1338013
1339013
1340013
1341013
1342013
1343013
1344013
1345013
1346013
1347013
1348013
1349013
1350013
1351013
1352013
1353013
1354013
1355013
1356013
1357013
1358013
1359013
1360013
1361013
1362013
1363013
1364013
1365013
1366013
1367013
1368013
1369013
1370013
1371013
1372013
1373013
1374013
1375013
1376013
1377013
1378013
1379013
1380013
1381013
1382013
1383013
1384013
1385013
1386013
1387013
1388013
1389013
1390013
1391013
1392013
1393013
1394013
1395013
1396013
1397013
1398013
1399013
1400013
1401013
1402013
1403013
1404013
1405013
1406013
1407013
1408013
1409013
1410013
1411013
1412013
1413013
1414013
1415013
1416013
1417013
1418013
1419013
1420013
1421013
1422013
1423013
1424013
1425013
1426013
1427013
1428013
1429013
1430013
1431013
1432013
1433013
1434013
1435013
1436013
1437013
1438013
1439013
1440013
1441013
1442013
1443013
1444013
1445013
1446013
1447013
1448013
1449013
1450013
1451013
1452013
1453013
1454013
1455013
1456013
1457013
1458013
1459013
1460013
1461013
1462013
1463013
1464013
1465013
1466013
1467013
1468013
1469013
1470013
1471013
1472013
1473013
1474013
1475013
1476013
1477013
1478013
1479013
1480013
1481013
1482013
1483013
1484013
1485013
1486013
1487013
1488013
1489013
1490013
1491013
1492013
1493013
1494013
1495013
1496013
1497013
1498013
1499013
1500013
1501013
1502013
1503013
1504013
1505013
1506013
1507013
1508013
1509013
1510013
1511013
1512013
1513013
1514013
1515013
1516013
1517013
1518013
1519013
1520013
1521013
1522013
1523013
1524013
1525013
1526013
1527013
1528013
1529013
1530013
1531013
1532013
1533013
1534013
1535013
1536013
1537013
1538013
1539013
1540013
1541013
1542013
1543013
1544013
1545013
1546013
1547013
1548013
1549013
1550013
1551013
1552013
1553013
1554013
1555013
1556013
1557013
1558013
1559013
1560013
1561013
1562013
1563013
1564013
1565013
1566013
1567013
1568013
1569013
1570013
1571013
1572013
1573013
1574013
1575013
1576013
1577013
1578013
1579013
1580013
1581013
1582013
1583013
1584013
1585013
1586013
1587013
1588013
1589013
1590013
1591013
1592013
1593013
1594013
1595013
1596013
1597013
1598013
1599013
1600013
1601013
1602013
1603013
1604013
1605013
1606013
1607013
1608013
1609013
1610013
1611013
1612013
1613013
1614013
1615013
1616013
1617013
1618013
1619013
1620013
1621013
1622013
1623013
1624013
1625013
1626013
1627013
1628013
1629013
1630013
1631013
1632013
1633013
1634013
1635013
1636013
1637013
1638013
1639013
1640013
1641013
1642013
1643013
1644013
1645013
1646013
1647013
1648013
1649013
1650013
1651013
1652013
1653013
1654013
1655013
1656013
1657013
1658013
1659013
1660013
1661013
1662013
1663013
1664013
1665013
1666013
1667013
1668013
1669013
1670013
1671013
1672013
1673013
1674013
1675013
1676013
1677013
1678013
1679013
1680013
1681013
1682013
1683013
1684013
1685013
1686013
1687013
1688013
1689013
1690013
1691013
1692013
1693013
1694013
1695013
1696013
1697013
1698013
1699013
1700013
1701013
1702013
1703013
1704013
1705013
1706013
1707013
1708013
1709013
1710013
1711013
1712013
1713013
1714013
1715013
1716013
1717013
1718013
1719013
1720013
1721013
1722013
1723013
1724013
1725013
1726013
1727013
1728013
1729013
1730013
1731013
1732013
1733013
1734013
1735013
1736013
1737013
1738013
1739013
1740013
1741013
1742013
1743013
1744013
1745013
1746013
1747013
1748013
1749013
1750013
1751013
1752013
1753013
1754013
1755013
1756013
1757013
1758013
1759013
1760013
1761013
1762013
1763013
1764013
1765013
1766013
1767013
1768013
1769013
1770013
1771013
1772013
1773013
1774013
1775013
1776013
1777013
1778013
1779013
1780013
1781013
1782013
1783013
1784013
1785013
1786013
1787013
1788013
1789013
1790013
1791013
1792013
1793013
1794013
1795013
1796013
1797013
1798013
1799013
800014
801014
802014
803014
804014
805014
806014
807014
808014
809014
810014
811014
812014
813014
814014
815014
816014
817014
818014
819014
820014
821014
822014
823014
824014
825014
826014
827014
828014
829014
830014
831014
832014
833014
834014
835014
836014
837014
838014
839014
840014
841014
842014
843014
844014
845014
846014
847014
848014
849014
850014
851014
852014
853014
854014
855014
856014
857014
858014
859014
860014
861014
862014
863014
864014
865014
866014
867014
868014
869014
870014
871014
872014
873014
874014
875014
876014
877014
878014
879014
880014
881014
882014
883014
884014
885014
886014
887014
888014
889014
890014
891014
892014
893014
894014
895014
896014
897014
898014
899014
900014
901014
902014
903014
904014
905014
906014
907014
908014
909014
910014
911014
912014
913014
914014
915014
916014
917014
918014
919014
920014
921014
922014
923014
924014
925014
926014
927014
928014
929014
930014
931014
932014
933014
934014
935014
936014
937014
938014
939014
940014
941014
942014
943014
944014
945014
946014
947014
948014
949014
950014
951014
952014
953014
954014
955014
956014
957014
958014
959014
960014
961014
962014
963014
964014
965014
966014
967014
968014
969014
970014
971014
972014
973014
974014
975014
976014
977014
978014
979014
980014
981014
982014
983014
984014
985014
986014
987014
988014
989014
990014
991014
992014
993014
994014
995014
996014
997014
998014
999014
1000014
1001014
1002014
1003014
1004014
1005014
1006014
1007014
1008014
1009014
1010014
1011014
1012014
1013014
1014014
1015014
1016014
1017014
1018014
1019014
1020014
1021014
1022014
1023014
1024014
1025014
1026014
1027014
1028014
1029014
1030014
1031014
1032014
1033014
1034014
1035014
1036014
1037014
1038014
1039014
1040014
1041014
1042014
1043014
1044014
1045014
1046014
1047014
1048014
1049014
1050014
1051014
1052014
1053014
1054014
1055014
1056014
1057014
1058014
1059014
1060014
1061014
1062014
1063014
1064014
1065014
1066014
1067014
1068014
1069014
1070014
1071014
1072014
1073014
1074014
1075014
1076014
1077014
1078014
1079014
1080014
1081014
1082014
1083014
1084014
1085014
1086014
1087014
1088014
1089014
1090014
1091014
1092014
1093014
1094014
1095014
1096014
1097014
1098014
1099014
1100014
1101014
1102014
1103014
1104014
1105014
1106014
1107014
1108014
1109014
1110014
1111014
1112014
1113014
1114014
1115014
1116014
1117014
1118014
1119014
1120014
1121014
1122014
1123014
1124014
1125014
1126014
1127014
1128014
1129014
1130014
1131014
1132014
1133014
1134014
1135014
1136014
1137014
1138014
1139014
1140014
1141014
1142014
1143014
1144014
1145014
1146014
1147014
1148014
1149014
1150014
1151014
1152014
1153014
1154014
1155014
1156014
1157014
1158014
1159014
1160014
1161014
1162014
1163014
1164014
1165014
1166014
1167014
1168014
1169014
1170014
1171014
1172014
1173014
1174014
1175014
1176014
1177014
1178014
1179014
1180014
1181014
1182014
1183014
1184014
1185014
1186014
1187014
1188014
1189014
1190014
1191014
1192014
1193014
1194014
1195014
1196014
1197014
1198014
1199014
1200014
1201014
1202014
1203014
1204014
1205014
1206014
1207014
1208014
1209014
1210014
1211014
1212014
1213014
1214014
1215014
1216014
1217014
1218014
1219014
1220014
1221014
1222014
1223014
1224014
1225014
1226014
1227014
1228014
1229014
1230014
1231014
1232014
1233014
1234014
1235014
1236014
1237014
1238014
1239014
1240014
1241014
1242014
1243014
1244014
1245014
1246014
1247014
1248014
1249014
1250014
1251014
1252014
1253014
1254014
1255014
1256014
1257014
1258014
1259014
1260014
1261014
1262014
1263014
1264014
1265014
1266014
1267014
1268014
1269014
1270014
1271014
1272014
1273014
1274014
1275014
1276014
1277014
1278014
1279014
1280014
1281014
1282014
1283014
1284014
1285014
1286014
1287014
1288014
1289014
1290014
1291014
1292014
1293014
1294014
1295014
1296014
1297014
1298014
1299014
1300014
1301014
1302014
1303014
1304014
1305014
1306014
1307014
1308014
1309014
1310014
1311014
1312014
1313014
1314014
1315014
1316014
1317014
1318014
1319014
1320014
1321014
1322014
1323014
1324014
1325014
1326014
1327014
1328014
1329014
1330014
1331014
1332014
1333014
1334014
1335014
1336014
1337014
1338014
1339014
1340014
1341014
1342014
1343014
1344014
1345014
1346014
1347014
1348014
1349014
1350014
1351014
1352014
1353014
1354014
1355014
1356014
1357014
1358014
1359014
1360014
1361014
1362014
1363014
1364014
1365014
1366014
1367014
1368014
1369014
1370014
1371014
1372014
1373014
1374014
1375014
1376014
1377014
1378014
1379014
1380014
1381014
1382014
1383014
1384014
1385014
1386014
1387014
1388014
1389014
1390014
1391014
1392014
1393014
1394014
1395014
1396014
1397014
1398014
1399014
1400014
1401014
1402014
1403014
1404014
1405014
1406014
1407014
1408014
1409014
1410014
1411014
1412014
1413014
1414014
1415014
1416014
1417014
1418014
1419014
1420014
1421014
1422014
1423014
1424014
1425014
1426014
1427014
1428014
1429014
1430014
1431014
1432014
1433014
1434014
1435014
1436014
1437014
1438014
1439014
1440014
1441014
1442014
1443014
1444014
1445014
1446014
1447014
1448014
1449014
1450014
1451014
1452014
1453014
1454014
1455014
1456014
1457014
1458014
1459014
1460014
1461014
1462014
1463014
1464014
1465014
1466014
1467014
1468014
1469014
1470014
1471014
1472014
1473014
1474014
1475014
1476014
1477014
1478014
1479014
1480014
1481014
1482014
1483014
1484014
1485014
1486014
1487014
1488014
1489014
1490014
1491014
1492014
1493014
1494014
1495014
1496014
1497014
1498014
1499014
1500014
1501014
1502014
1503014
1504014
1505014
1506014
1507014
1508014
1509014
1510014
1511014
1512014
1513014
1514014
1515014
1516014
1517014
1518014
1519014
1520014
1521014
1522014
1523014
1524014
1525014
1526014
1527014
1528014
1529014
1530014
1531014
1532014
1533014
1534014
1535014
1536014
1537014
1538014
1539014
1540014
1541014
1542014
1543014
1544014
1545014
1546014
1547014
1548014
1549014
1550014
1551014
1552014
1553014
1554014
1555014
1556014
1557014
1558014
1559014
1560014
1561014
1562014
1563014
1564014
1565014
1566014
1567014
1568014
1569014
1570014
1571014
1572014
1573014
1574014
1575014
1576014
1577014
1578014
1579014
1580014
1581014
1582014
1583014
1584014
1585014
1586014
1587014
1588014
1589014
1590014
1591014
1592014
1593014
1594014
1595014
1596014
1597014
1598014
1599014
1600014
1601014
1602014
1603014
1604014
1605014
1606014
1607014
1608014
1609014
1610014
1611014
1612014
1613014
1614014
1615014
1616014
1617014
1618014
1619014
1620014
1621014
1622014
1623014
1624014
1625014
1626014
1627014
1628014
1629014
1630014
1631014
1632014
1633014
1634014
1635014
1636014
1637014
1638014
1639014
1640014
1641014
1642014
1643014
1644014
1645014
1646014
1647014
1648014
1649014
1650014
1651014
1652014
1653014
1654014
1655014
1656014
1657014
1658014
1659014
1660014
1661014
1662014
1663014
1664014
1665014
1666014
1667014
1668014
1669014
1670014
1671014
1672014
1673014
1674014
1675014
1676014
1677014
1678014
1679014
1680014
1681014
1682014
1683014
1684014
1685014
1686014
1687014
1688014
1689014
1690014
1691014
1692014
1693014
1694014
1695014
1696014
1697014
1698014
1699014
1700014
1701014
1702014
1703014
1704014
1705014
1706014
1707014
1708014
1709014
1710014
1711014
1712014
1713014
1714014
1715014
1716014
1717014
1718014
1719014
1720014
1721014
1722014
1723014
1724014
1725014
1726014
1727014
1728014
1729014
1730014
1731014
1732014
1733014
1734014
1735014
1736014
1737014
1738014
1739014
1740014
1741014
1742014
1743014
1744014
1745014
1746014
1747014
1748014
1749014
1750014
1751014
1752014
1753014
1754014
1755014
1756014
1757014
1758014
1759014
1760014
1761014
1762014
1763014
1764014
1765014
1766014
1767014
1768014
1769014
1770014
1771014
1772014
1773014
1774014
1775014
1776014
1777014
1778014
1779014
1780014
1781014
1782014
1783014
1784014
1785014
1786014
1787014
1788014
1789014
1790014
1791014
1792014
1793014
1794014
1795014
1796014
1797014
1798014
1799014
800015
801015
802015
803015
804015
805015
806015
807015
808015
809015
810015
811015
812015
813015
814015
815015
816015
817015
818015
819015
820015
821015
822015
823015
824015
825015
826015
827015
828015
829015
830015
831015
832015
833015
834015
835015
836015
837015
838015
839015
840015
841015
842015
843015
844015
845015
846015
847015
848015
849015
850015
851015
852015
853015
854015
855015
856015
857015
858015
859015
860015
861015
862015
863015
864015
865015
866015
867015
868015
869015
870015
871015
872015
873015
874015
875015
876015
877015
878015
879015
880015
881015
882015
883015
884015
885015
886015
887015
888015
889015
890015
891015
892015
893015
894015
895015
896015
897015
898015
899015
900015
901015
902015
903015
904015
905015
906015
907015
908015
909015
910015
911015
912015
913015
914015
915015
916015
917015
918015
919015
920015
921015
922015
923015
924015
925015
926015
927015
928015
929015
930015
931015
932015
933015
934015
935015
936015
937015
938015
939015
940015
941015
942015
943015
944015
945015
946015
947015
948015
949015
950015
951015
952015
953015
954015
955015
956015
957015
958015
959015
960015
961015
962015
963015
964015
965015
966015
967015
968015
969015
970015
971015
972015
973015
974015
975015
976015
977015
978015
979015
980015
981015
982015
983015
984015
985015
986015
987015
988015
989015
990015
991015
992015
993015
994015
995015
996015
997015
998015
999015
1000015
1001015
1002015
1003015
1004015
1005015
1006015
1007015
1008015
1009015
1010015
1011015
1012015
1013015
1014015
1015015
1016015
1017015
1018015
1019015
1020015
1021015
1022015
1023015
1024015
1025015
1026015
1027015
1028015
1029015
1030015
1031015
1032015
1033015
1034015
1035015
1036015
1037015
1038015
1039015
1040015
1041015
1042015
1043015
1044015
1045015
1046015
1047015
1048015
1049015
1050015
1051015
1052015
1053015
1054015
1055015
1056015
1057015
1058015
1059015
1060015
1061015
1062015
1063015
1064015
1065015
1066015
1067015
1068015
1069015
1070015
1071015
1072015
1073015
1074015
1075015
1076015
1077015
1078015
1079015
1080015
1081015
1082015
1083015
1084015
1085015
1086015
1087015
1088015
1089015
1090015
1091015
1092015
1093015
1094015
1095015
1096015
1097015
1098015
1099015
1100015
1101015
1102015
1103015
1104015
1105015
1106015
1107015
1108015
1109015
1110015
1111015
1112015
1113015
1114015
1115015
1116015
1117015
1118015
1119015
1120015
1121015
1122015
1123015
1124015
1125015
1126015
1127015
1128015
1129015
1130015
1131015
1132015
1133015
1134015
1135015
1136015
1137015
1138015
1139015
1140015
1141015
1142015
1143015
1144015
1145015
1146015
1147015
1148015
1149015
1150015
1151015
1152015
1153015
1154015
1155015
1156015
1157015
1158015
1159015
1160015
1161015
1162015
1163015
1164015
1165015
1166015
1167015
1168015
1169015
1170015
1171015
1172015
1173015
1174015
1175015
1176015
1177015
1178015
1179015
1180015
1181015
1182015
1183015
1184015
1185015
1186015
1187015
1188015
1189015
1190015
1191015
1192015
1193015
1194015
1195015
1196015
1197015
1198015
1199015
1200015
1201015
1202015
1203015
1204015
1205015
1206015
1207015
1208015
1209015
1210015
1211015
1212015
1213015
1214015
1215015
1216015
1217015
1218015
1219015
1220015
1221015
1222015
1223015
1224015
1225015
1226015
1227015
1228015
1229015
1230015
1231015
1232015
1233015
1234015
1235015
1236015
1237015
1238015
1239015
1240015
1241015
1242015
1243015
1244015
1245015
1246015
1247015
1248015
1249015
1250015
1251015
1252015
1253015
1254015
1255015
1256015
1257015
1258015
1259015
1260015
1261015
1262015
1263015
1264015
1265015
1266015
1267015
1268015
1269015
1270015
1271015
1272015
1273015
1274015
1275015
1276015
1277015
1278015
1279015
1280015
1281015
1282015
1283015
1284015
1285015
1286015
1287015
1288015
1289015
1290015
1291015
1292015
1293015
1294015
1295015
1296015
1297015
1298015
1299015
1300015
1301015
1302015
1303015
1304015
1305015
1306015
1307015
1308015
1309015
1310015
1311015
1312015
1313015
1314015
1315015
1316015
1317015
1318015
1319015
1320015
1321015
1322015
1323015
1324015
1325015
1326015
1327015
1328015
1329015
1330015
1331015
1332015
1333015
1334015
1335015
1336015
1337015
1338015
1339015
1340015
1341015
1342015
1343015
1344015
1345015
1346015
1347015
1348015
1349015
1350015
1351015
1352015
1353015
1354015
1355015
1356015
1357015
1358015
1359015
1360015
1361015
1362015
1363015
1364015
1365015
1366015
1367015
1368015
1369015
1370015
1371015
1372015
1373015
1374015
1375015
1376015
1377015
1378015
1379015
1380015
1381015
1382015
1383015
1384015
1385015
1386015
1387015
1388015
1389015
1390015
1391015
1392015
1393015
1394015
1395015
1396015
1397015
1398015
1399015
1400015
1401015
1402015
1403015
1404015
1405015
1406015
1407015
1408015
1409015
1410015
1411015
1412015
1413015
1414015
1415015
1416015
1417015
1418015
1419015
1420015
1421015
1422015
1423015
1424015
1425015
1426015
1427015
1428015
1429015
1430015
1431015
1432015
1433015
1434015
1435015
1436015
1437015
1438015
1439015
1440015
1441015
1442015
1443015
1444015
1445015
1446015
1447015
1448015
1449015
1450015
1451015
1452015
1453015
1454015
1455015
1456015
1457015
1458015
1459015
1460015
1461015
1462015
1463015
1464015
1465015
1466015
1467015
1468015
1469015
1470015
1471015
1472015
1473015
1474015
1475015
1476015
1477015
1478015
1479015
1480015
1481015
1482015
1483015
1484015
1485015
1486015
1487015
1488015
1489015
1490015
1491015
1492015
1493015
1494015
1495015
1496015
1497015
1498015
1499015
1500015
1501015
1502015
1503015
1504015
1505015
1506015
1507015
1508015
1509015
1510015
1511015
1512015
1513015
1514015
1515015
1516015
1517015
1518015
1519015
1520015
1521015
1522015
1523015
1524015
1525015
1526015
1527015
1528015
1529015
1530015
1531015
1532015
1533015
1534015
1535015
1536015
1537015
1538015
1539015
1540015
1541015
1542015
1543015
1544015
1545015
1546015
1547015
1548015
1549015
1550015
1551015
1552015
1553015
1554015
1555015
1556015
1557015
1558015
1559015
1560015
1561015
1562015
1563015
1564015
1565015
1566015
1567015
1568015
1569015
1570015
1571015
1572015
1573015
1574015
1575015
1576015
1577015
1578015
1579015
1580015
1581015
1582015
1583015
1584015
1585015
1586015
1587015
1588015
1589015
1590015
1591015
1592015
1593015
1594015
1595015
1596015
1597015
1598015
1599015
1600015
1601015
1602015
1603015
1604015
1605015
1606015
1607015
1608015
1609015
1610015
1611015
1612015
1613015
1614015
1615015
1616015
1617015
1618015
1619015
1620015
1621015
1622015
1623015
1624015
1625015
1626015
1627015
1628015
1629015
1630015
1631015
1632015
1633015
1634015
1635015
1636015
1637015
1638015
1639015
1640015
1641015
1642015
1643015
1644015
1645015
1646015
1647015
1648015
1649015
1650015
1651015
1652015
1653015
1654015
1655015
1656015
1657015
1658015
1659015
1660015
1661015
1662015
1663015
1664015
1665015
1666015
1667015
1668015
1669015
1670015
1671015
1672015
1673015
1674015
1675015
1676015
1677015
1678015
1679015
1680015
1681015
1682015
1683015
1684015
1685015
1686015
1687015
1688015
1689015
1690015
1691015
1692015
1693015
1694015
1695015
1696015
1697015
1698015
1699015
1700015
1701015
1702015
1703015
1704015
1705015
1706015
1707015
1708015
1709015
1710015
1711015
1712015
1713015
1714015
1715015
1716015
1717015
1718015
1719015
1720015
1721015
1722015
1723015
1724015
1725015
1726015
1727015
1728015
1729015
1730015
1731015
1732015
1733015
1734015
1735015
1736015
1737015
1738015
1739015
1740015
1741015
1742015
1743015
1744015
1745015
1746015
1747015
1748015
1749015
1750015
1751015
1752015
1753015
1754015
1755015
1756015
1757015
1758015
1759015
1760015
1761015
1762015
1763015
1764015
1765015
1766015
1767015
1768015
1769015
1770015
1771015
1772015
1773015
1774015
1775015
1776015
1777015
1778015
1779015
1780015
1781015
1782015
1783015
1784015
1785015
1786015
1787015
1788015
1789015
1790015
1791015
1792015
1793015
1794015
1795015
1796015
1797015
1798015
1799015
800016
801016
802016
803016
804016
805016
806016
807016
808016
809016
810016
811016
812016
813016
814016
815016
816016
817016
818016
819016
820016
821016
822016
823016
824016
825016
826016
827016
828016
829016
830016
831016
832016
833016
834016
835016
836016
837016
838016
839016
840016
841016
842016
843016
844016
845016
846016
847016
848016
849016
850016
851016
852016
853016
854016
855016
856016
857016
858016
859016
860016
861016
862016
863016
864016
865016
866016
867016
868016
869016
870016
871016
872016
873016
874016
875016
876016
877016
878016
879016
880016
881016
882016
883016
884016
885016
886016
887016
888016
889016
890016
891016
892016
893016
894016
895016
896016
897016
898016
899016
900016
901016
902016
903016
904016
905016
906016
907016
908016
909016
910016
911016
912016
913016
914016
915016
916016
917016
918016
919016
920016
921016
922016
923016
924016
925016
926016
927016
928016
929016
930016
931016
932016
933016
934016
935016
936016
937016
938016
939016
940016
941016
942016
943016
944016
945016
946016
947016
948016
949016
950016
951016
952016
953016
954016
955016
956016
957016
958016
959016
960016
961016
962016
963016
964016
965016
966016
967016
968016
969016
970016
971016
972016
973016
974016
975016
976016
977016
978016
979016
980016
981016
982016
983016
984016
985016
986016
987016
988016
989016
990016
991016
992016
993016
994016
995016
996016
997016
998016
999016
1000016
1001016
1002016
1003016
1004016
1005016
1006016
1007016
1008016
1009016
1010016
1011016
1012016
1013016
1014016
1015016
1016016
1017016
1018016
1019016
1020016
1021016
1022016
1023016
1024016
1025016
1026016
1027016
1028016
1029016
1030016
1031016
1032016
1033016
1034016
1035016
1036016
1037016
1038016
1039016
1040016
1041016
1042016
1043016
1044016
1045016
1046016
1047016
1048016
1049016
1050016
1051016
1052016
1053016
1054016
1055016
1056016
1057016
1058016
1059016
1060016
1061016
1062016
1063016
1064016
1065016
1066016
1067016
1068016
1069016
1070016
1071016
1072016
1073016
1074016
1075016
1076016
1077016
1078016
1079016
1080016
1081016
1082016
1083016
1084016
1085016
1086016
1087016
1088016
1089016
1090016
1091016
1092016
1093016
1094016
1095016
1096016
1097016
1098016
1099016
1100016
1101016
1102016
1103016
1104016
1105016
1106016
1107016
1108016
1109016
1110016
1111016
1112016
1113016
1114016
1115016
1116016
1117016
1118016
1119016
1120016
1121016
1122016
1123016
1124016
1125016
1126016
1127016
1128016
1129016
1130016
1131016
1132016
1133016
1134016
1135016
1136016
1137016
1138016
1139016
1140016
1141016
1142016
1143016
1144016
1145016
1146016
1147016
1148016
1149016
1150016
1151016
1152016
1153016
1154016
1155016
1156016
1157016
1158016
1159016
1160016
1161016
1162016
1163016
1164016
1165016
1166016
1167016
1168016
1169016
1170016
1171016
1172016
1173016
1174016
1175016
1176016
1177016
1178016
1179016
1180016
1181016
1182016
1183016
1184016
1185016
1186016
1187016
1188016
1189016
1190016
1191016
1192016
1193016
1194016
1195016
1196016
1197016
1198016
1199016
1200016
1201016
1202016
1203016
1204016
1205016
1206016
1207016
1208016
1209016
1210016
1211016
1212016
1213016
1214016
1215016
1216016
1217016
1218016
1219016
1220016
1221016
1222016
1223016
1224016
1225016
1226016
1227016
1228016
1229016
1230016
1231016
1232016
1233016
1234016
1235016
1236016
1237016
1238016
1239016
1240016
1241016
1242016
1243016
1244016
1245016
1246016
1247016
1248016
1249016
1250016
1251016
1252016
1253016
1254016
1255016
1256016
1257016
1258016
1259016
1260016
1261016
1262016
1263016
1264016
1265016
1266016
1267016
1268016
1269016
1270016
1271016
1272016
1273016
1274016
1275016
1276016
1277016
1278016
1279016
1280016
1281016
1282016
1283016
1284016
1285016
1286016
1287016
1288016
1289016
1290016
1291016
1292016
1293016
1294016
1295016
1296016
1297016
1298016
1299016
1300016
1301016
1302016
1303016
1304016
1305016
1306016
1307016
1308016
1309016
1310016
1311016
1312016
1313016
1314016
1315016
1316016
1317016
1318016
1319016
1320016
1321016
1322016
1323016
1324016
1325016
1326016
1327016
1328016
1329016
1330016
1331016
1332016
1333016
1334016
1335016
1336016
1337016
1338016
1339016
1340016
1341016
1342016
1343016
1344016
1345016
1346016
1347016
1348016
1349016
1350016
1351016
1352016
1353016
1354016
1355016
1356016
1357016
1358016
1359016
1360016
1361016
1362016
1363016
1364016
1365016
1366016
1367016
1368016
1369016
1370016
1371016
1372016
1373016
1374016
1375016
1376016
1377016
1378016
1379016
1380016
1381016
1382016
1383016
1384016
1385016
1386016
1387016
1388016
1389016
1390016
1391016
1392016
1393016
1394016
1395016
1396016
1397016
1398016
1399016
1400016
1401016
1402016
1403016
1404016
1405016
1406016
1407016
1408016
1409016
1410016
1411016
1412016
1413016
1414016
1415016
1416016
1417016
1418016
1419016
1420016
1421016
1422016
1423016
1424016
1425016
1426016
1427016
1428016
1429016
1430016
1431016
1432016
1433016
1434016
1435016
1436016
1437016
1438016
1439016
1440016
1441016
1442016
1443016
1444016
1445016
1446016
1447016
1448016
1449016
1450016
1451016
1452016
1453016
1454016
1455016
1456016
1457016
1458016
1459016
1460016
1461016
1462016
1463016
1464016
1465016
1466016
1467016
1468016
1469016
1470016
1471016
1472016
1473016
1474016
1475016
1476016
1477016
1478016
1479016
1480016
1481016
1482016
1483016
1484016
1485016
1486016
1487016
1488016
1489016
1490016
1491016
1492016
1493016
1494016
1495016
1496016
1497016
1498016
1499016
1500016
1501016
1502016
1503016
1504016
1505016
1506016
1507016
1508016
1509016
1510016
1511016
1512016
1513016
1514016
1515016
1516016
1517016
1518016
1519016
1520016
1521016
1522016
1523016
1524016
1525016
1526016
1527016
1528016
1529016
1530016
1531016
1532016
1533016
1534016
1535016
1536016
1537016
1538016
1539016
1540016
1541016
1542016
1543016
1544016
1545016
1546016
1547016
1548016
1549016
1550016
1551016
1552016
1553016
1554016
1555016
1556016
1557016
1558016
1559016
1560016
1561016
1562016
1563016
1564016
1565016
1566016
1567016
1568016
1569016
1570016
1571016
1572016
1573016
1574016
1575016
1576016
1577016
1578016
1579016
1580016
1581016
1582016
1583016
1584016
1585016
1586016
1587016
1588016
1589016
1590016
1591016
1592016
1593016
1594016
1595016
1596016
1597016
1598016
1599016
1600016
1601016
1602016
1603016
1604016
1605016
1606016
1607016
1608016
1609016
1610016
1611016
1612016
1613016
1614016
1615016
1616016
1617016
1618016
1619016
1620016
1621016
1622016
1623016
1624016
1625016
1626016
1627016
1628016
1629016
1630016
1631016
1632016
1633016
1634016
1635016
1636016
1637016
1638016
1639016
1640016
1641016
1642016
1643016
1644016
1645016
1646016
1647016
1648016
1649016
1650016
1651016
1652016
1653016
1654016
1655016
1656016
1657016
1658016
1659016
1660016
1661016
1662016
1663016
1664016
1665016
1666016
1667016
1668016
1669016
1670016
1671016
1672016
1673016
1674016
1675016
1676016
1677016
1678016
1679016
1680016
1681016
1682016
1683016
1684016
1685016
1686016
1687016
1688016
1689016
1690016
1691016
1692016
1693016
1694016
1695016
1696016
1697016
1698016
1699016
1700016
1701016
1702016
1703016
1704016
1705016
1706016
1707016
1708016
1709016
1710016
1711016
1712016
1713016
1714016
1715016
1716016
1717016
1718016
1719016
1720016
1721016
1722016
1723016
1724016
1725016
1726016
1727016
1728016
1729016
1730016
1731016
1732016
1733016
1734016
1735016
1736016
1737016
1738016
1739016
1740016
1741016
1742016
1743016
1744016
1745016
1746016
1747016
1748016
1749016
1750016
1751016
1752016
1753016
1754016
1755016
1756016
1757016
1758016
1759016
1760016
1761016
1762016
1763016
1764016
1765016
1766016
1767016
1768016
1769016
1770016
1771016
1772016
1773016
1774016
1775016
1776016
1777016
1778016
1779016
1780016
1781016
1782016
1783016
1784016
1785016
1786016
1787016
1788016
1789016
1790016
1791016
1792016
1793016
1794016
1795016
1796016
1797016
1798016
1799016
800017
801017
802017
803017
804017
805017
806017
807017
808017
809017
810017
811017
812017
813017
814017
815017
816017
817017
818017
819017
820017
821017
822017
823017
824017
825017
826017
827017
828017
829017
830017
831017
832017
833017
834017
835017
836017
837017
838017
839017
840017
841017
842017
843017
844017
845017
846017
847017
848017
849017
850017
851017
852017
853017
854017
855017
856017
857017
858017
859017
860017
861017
862017
863017
864017
865017
866017
867017
868017
869017
870017
871017
872017
873017
874017
875017
876017
877017
878017
879017
880017
881017
882017
883017
884017
885017
886017
887017
888017
889017
890017
891017
892017
893017
894017
895017
896017
897017
898017
899017
900017
901017
902017
903017
904017
905017
906017
907017
908017
909017
910017
911017
912017
913017
914017
915017
916017
917017
918017
919017
920017
921017
922017
923017
924017
925017
926017
927017
928017
929017
930017
931017
932017
933017
934017
935017
936017
937017
938017
939017
940017
941017
942017
943017
944017
945017
946017
947017
948017
949017
950017
951017
952017
953017
954017
955017
956017
957017
958017
959017
960017
961017
962017
963017
964017
965017
966017
967017
968017
969017
970017
971017
972017
973017
974017
975017
976017
977017
978017
979017
980017
981017
982017
983017
984017
985017
986017
987017
988017
989017
990017
991017
992017
993017
994017
995017
996017
997017
998017
999017
1000017
1001017
1002017
1003017
1004017
1005017
1006017
1007017
1008017
1009017
1010017
1011017
1012017
1013017
1014017
1015017
1016017
1017017
1018017
1019017
1020017
1021017
1022017
1023017
1024017
1025017
1026017
1027017
1028017
1029017
1030017
1031017
1032017
1033017
1034017
1035017
1036017
1037017
1038017
1039017
1040017
1041017
1042017
1043017
1044017
1045017
1046017
1047017
1048017
1049017
1050017
1051017
1052017
1053017
1054017
1055017
1056017
1057017
1058017
1059017
1060017
1061017
1062017
1063017
1064017
1065017
1066017
1067017
1068017
1069017
1070017
1071017
1072017
1073017
1074017
1075017
1076017
1077017
1078017
1079017
1080017
1081017
1082017
1083017
1084017
1085017
1086017
1087017
1088017
1089017
1090017
1091017
1092017
1093017
1094017
1095017
1096017
1097017
1098017
1099017
1100017
1101017
1102017
1103017
1104017
1105017
1106017
1107017
1108017
1109017
1110017
1111017
1112017
1113017
1114017
1115017
1116017
1117017
1118017
1119017
1120017
1121017
1122017
1123017
1124017
1125017
1126017
1127017
1128017
1129017
1130017
1131017
1132017
1133017
1134017
1135017
1136017
1137017
1138017
1139017
1140017
1141017
1142017
1143017
1144017
1145017
1146017
1147017
1148017
1149017
1150017
1151017
1152017
1153017
1154017
1155017
1156017
1157017
1158017
1159017
1160017
1161017
1162017
1163017
1164017
1165017
1166017
1167017
1168017
1169017
1170017
1171017
1172017
1173017
1174017
1175017
1176017
1177017
1178017
1179017
1180017
1181017
1182017
1183017
1184017
1185017
1186017
1187017
1188017
1189017
1190017
1191017
1192017
1193017
1194017
1195017
1196017
1197017
1198017
1199017
1200017
1201017
1202017
1203017
1204017
1205017
1206017
1207017
1208017
1209017
1210017
1211017
1212017
1213017
1214017
1215017
1216017
1217017
1218017
1219017
1220017
1221017
1222017
1223017
1224017
1225017
1226017
1227017
1228017
1229017
1230017
1231017
1232017
1233017
1234017
1235017
1236017
1237017
1238017
1239017
1240017
1241017
1242017
1243017
1244017
1245017
1246017
1247017
1248017
1249017
1250017
1251017
1252017
1253017
1254017
1255017
1256017
1257017
1258017
1259017
1260017
1261017
1262017
1263017
1264017
1265017
1266017
1267017
1268017
1269017
1270017
1271017
1272017
1273017
1274017
1275017
1276017
1277017
1278017
1279017
1280017
1281017
1282017
1283017
1284017
1285017
1286017
1287017
1288017
1289017
1290017
1291017
1292017
1293017
1294017
1295017
1296017
1297017
1298017
1299017
1300017
1301017
1302017
1303017
1304017
1305017
1306017
1307017
1308017
1309017
1310017
1311017
1312017
1313017
1314017
1315017
1316017
1317017
1318017
1319017
1320017
1321017
1322017
1323017
1324017
1325017
1326017
1327017
1328017
1329017
1330017
1331017
1332017
1333017
1334017
1335017
1336017
1337017
1338017
1339017
1340017
1341017
1342017
1343017
1344017
1345017
1346017
1347017
1348017
1349017
1350017
1351017
1352017
1353017
1354017
1355017
1356017
1357017
1358017
1359017
1360017
1361017
1362017
1363017
1364017
1365017
1366017
1367017
1368017
1369017
1370017
1371017
1372017
1373017
1374017
1375017
1376017
1377017
1378017
1379017
1380017
1381017
1382017
1383017
1384017
1385017
1386017
1387017
1388017
1389017
1390017
1391017
1392017
1393017
1394017
1395017
1396017
1397017
1398017
1399017
1400017
1401017
1402017
1403017
1404017
1405017
1406017
1407017
1408017
1409017
1410017
1411017
1412017
1413017
1414017
1415017
1416017
1417017
1418017
1419017
1420017
1421017
1422017
1423017
1424017
1425017
1426017
1427017
1428017
1429017
1430017
1431017
1432017
1433017
1434017
1435017
1436017
1437017
1438017
1439017
1440017
1441017
1442017
1443017
1444017
1445017
1446017
1447017
1448017
1449017
1450017
1451017
1452017
1453017
1454017
1455017
1456017
1457017
1458017
1459017
1460017
1461017
1462017
1463017
1464017
1465017
1466017
1467017
1468017
1469017
1470017
1471017
1472017
1473017
1474017
1475017
1476017
1477017
1478017
1479017
1480017
1481017
1482017
1483017
1484017
1485017
1486017
1487017
1488017
1489017
1490017
1491017
1492017
1493017
1494017
1495017
1496017
1497017
1498017
1499017
1500017
1501017
1502017
1503017
1504017
1505017
1506017
1507017
1508017
1509017
1510017
1511017
1512017
1513017
1514017
1515017
1516017
1517017
1518017
1519017
1520017
1521017
1522017
1523017
1524017
1525017
1526017
1527017
1528017
1529017
1530017
1531017
1532017
1533017
1534017
1535017
1536017
1537017
1538017
1539017
1540017
1541017
1542017
1543017
1544017
1545017
1546017
1547017
1548017
1549017
1550017
1551017
1552017
1553017
1554017
1555017
1556017
1557017
1558017
1559017
1560017
1561017
1562017
1563017
1564017
1565017
1566017
1567017
1568017
1569017
1570017
1571017
1572017
1573017
1574017
1575017
1576017
1577017
1578017
1579017
1580017
1581017
1582017
1583017
1584017
1585017
1586017
1587017
1588017
1589017
1590017
1591017
1592017
1593017
1594017
1595017
1596017
1597017
1598017
1599017
1600017
1601017
1602017
1603017
1604017
1605017
1606017
1607017
1608017
1609017
1610017
1611017
1612017
1613017
1614017
1615017
1616017
1617017
1618017
1619017
1620017
1621017
1622017
1623017
1624017
1625017
1626017
1627017
1628017
1629017
1630017
1631017
1632017
1633017
1634017
1635017
1636017
1637017
1638017
1639017
1640017
1641017
1642017
1643017
1644017
1645017
1646017
1647017
1648017
1649017
1650017
1651017
1652017
1653017
1654017
1655017
1656017
1657017
1658017
1659017
1660017
1661017
1662017
1663017
1664017
1665017
1666017
1667017
1668017
1669017
1670017
1671017
1672017
1673017
1674017
1675017
1676017
1677017
1678017
1679017
1680017
1681017
1682017
1683017
1684017
1685017
1686017
1687017
1688017
1689017
1690017
1691017
1692017
1693017
1694017
1695017
1696017
1697017
1698017
1699017
1700017
1701017
1702017
1703017
1704017
1705017
1706017
1707017
1708017
1709017
1710017
1711017
1712017
1713017
1714017
1715017
1716017
1717017
1718017
1719017
1720017
1721017
1722017
1723017
1724017
1725017
1726017
1727017
1728017
1729017
1730017
1731017
1732017
1733017
1734017
1735017
1736017
1737017
1738017
1739017
1740017
1741017
1742017
1743017
1744017
1745017
1746017
1747017
1748017
1749017
1750017
1751017
1752017
1753017
1754017
1755017
1756017
1757017
1758017
1759017
1760017
1761017
1762017
1763017
1764017
1765017
1766017
1767017
1768017
1769017
1770017
1771017
1772017
1773017
1774017
1775017
1776017
1777017
1778017
1779017
1780017
1781017
1782017
1783017
1784017
1785017
1786017
1787017
1788017
1789017
1790017
1791017
1792017
1793017
1794017
1795017
1796017
1797017
1798017
1799017
800018
801018
802018
803018
804018
805018
806018
807018
808018
809018
810018
811018
812018
813018
814018
815018
816018
817018
818018
819018
820018
821018
822018
823018
824018
825018
826018
827018
828018
829018
830018
831018
832018
833018
834018
835018
836018
837018
838018
839018
840018
841018
842018
843018
844018
845018
846018
847018
848018
849018
850018
851018
852018
853018
854018
855018
856018
857018
858018
859018
860018
861018
862018
863018
864018
865018
866018
867018
868018
869018
870018
871018
872018
873018
874018
875018
876018
877018
878018
879018
880018
881018
882018
883018
884018
885018
886018
887018
888018
889018
890018
891018
892018
893018
894018
895018
896018
897018
898018
899018
900018
901018
902018
903018
904018
905018
906018
907018
908018
909018
910018
911018
912018
913018
914018
915018
916018
917018
918018
919018
920018
921018
922018
923018
924018
925018
926018
927018
928018
929018
930018
931018
932018
933018
934018
935018
936018
937018
938018
939018
940018
941018
942018
943018
944018
945018
946018
947018
948018
949018
950018
951018
952018
953018
954018
955018
956018
957018
958018
959018
960018
961018
962018
963018
964018
965018
966018
967018
968018
969018
970018
971018
972018
973018
974018
975018
976018
977018
978018
979018
980018
981018
982018
983018
984018
985018
986018
987018
988018
989018
990018
991018
992018
993018
994018
995018
996018
997018
998018
999018
1000018
1001018
1002018
1003018
1004018
1005018
1006018
1007018
1008018
1009018
1010018
1011018
1012018
1013018
1014018
1015018
1016018
1017018
1018018
1019018
1020018
1021018
1022018
1023018
1024018
1025018
1026018
1027018
1028018
1029018
1030018
1031018
1032018
1033018
1034018
1035018
1036018
1037018
1038018
1039018
1040018
1041018
1042018
1043018
1044018
1045018
1046018
1047018
1048018
1049018
1050018
1051018
1052018
1053018
1054018
1055018
1056018
1057018
1058018
1059018
1060018
1061018
1062018
1063018
1064018
1065018
1066018
1067018
1068018
1069018
1070018
1071018
1072018
1073018
1074018
1075018
1076018
1077018
1078018
1079018
1080018
1081018
1082018
1083018
1084018
1085018
1086018
1087018
1088018
1089018
1090018
1091018
1092018
1093018
1094018
1095018
1096018
1097018
1098018
1099018
1100018
1101018
1102018
1103018
1104018
1105018
1106018
1107018
1108018
1109018
1110018
1111018
1112018
1113018
1114018
1115018
1116018
1117018
1118018
1119018
1120018
1121018
1122018
1123018
1124018
1125018
1126018
1127018
1128018
1129018
1130018
1131018
1132018
1133018
1134018
1135018
1136018
1137018
1138018
1139018
1140018
1141018
1142018
1143018
1144018
1145018
1146018
1147018
1148018
1149018
1150018
1151018
1152018
1153018
1154018
1155018
1156018
1157018
1158018
1159018
1160018
1161018
1162018
1163018
1164018
1165018
1166018
1167018
1168018
1169018
1170018
1171018
1172018
1173018
1174018
1175018
1176018
1177018
1178018
1179018
1180018
1181018
1182018
1183018
1184018
1185018
1186018
1187018
1188018
1189018
1190018
1191018
1192018
1193018
1194018
1195018
1196018
1197018
1198018
1199018
1200018
1201018
1202018
1203018
1204018
1205018
1206018
1207018
1208018
1209018
1210018
1211018
1212018
1213018
1214018
1215018
1216018
1217018
1218018
1219018
1220018
1221018
1222018
1223018
1224018
1225018
1226018
1227018
1228018
1229018
1230018
1231018
1232018
1233018
1234018
1235018
1236018
1237018
1238018
1239018
1240018
1241018
1242018
1243018
1244018
1245018
1246018
1247018
1248018
1249018
1250018
1251018
1252018
1253018
1254018
1255018
1256018
1257018
1258018
1259018
1260018
1261018
1262018
1263018
1264018
1265018
1266018
1267018
1268018
1269018
1270018
1271018
1272018
1273018
1274018
1275018
1276018
1277018
1278018
1279018
1280018
1281018
1282018
1283018
1284018
1285018
1286018
1287018
1288018
1289018
1290018
1291018
1292018
1293018
1294018
1295018
1296018
1297018
1298018
1299018
1300018
1301018
1302018
1303018
1304018
1305018
1306018
1307018
1308018
1309018
1310018
1311018
1312018
1313018
1314018
1315018
1316018
1317018
1318018
1319018
1320018
1321018
1322018
1323018
1324018
1325018
1326018
1327018
1328018
1329018
1330018
1331018
1332018
1333018
1334018
1335018
1336018
1337018
1338018
1339018
1340018
1341018
1342018
1343018
1344018
1345018
1346018
1347018
1348018
1349018
1350018
1351018
1352018
1353018
1354018
1355018
1356018
1357018
1358018
1359018
1360018
1361018
1362018
1363018
1364018
1365018
1366018
1367018
1368018
1369018
1370018
1371018
1372018
1373018
1374018
1375018
1376018
1377018
1378018
1379018
1380018
1381018
1382018
1383018
1384018
1385018
1386018
1387018
1388018
1389018
1390018
1391018
1392018
1393018
1394018
1395018
1396018
1397018
1398018
1399018
1400018
1401018
1402018
1403018
1404018
1405018
1406018
1407018
1408018
1409018
1410018
1411018
1412018
1413018
1414018
1415018
1416018
1417018
1418018
1419018
1420018
1421018
1422018
1423018
1424018
1425018
1426018
1427018
1428018
1429018
1430018
1431018
1432018
1433018
1434018
1435018
1436018
1437018
1438018
1439018
1440018
1441018
1442018
1443018
1444018
1445018
1446018
1447018
1448018
1449018
1450018
1451018
1452018
1453018
1454018
1455018
1456018
1457018
1458018
1459018
1460018
1461018
1462018
1463018
1464018
1465018
1466018
1467018
1468018
1469018
1470018
1471018
1472018
1473018
1474018
1475018
1476018
1477018
1478018
1479018
1480018
1481018
1482018
1483018
1484018
1485018
1486018
1487018
1488018
1489018
1490018
1491018
1492018
1493018
1494018
1495018
1496018
1497018
1498018
1499018
1500018
1501018
1502018
1503018
1504018
1505018
1506018
1507018
1508018
1509018
1510018
1511018
1512018
1513018
1514018
1515018
1516018
1517018
1518018
1519018
1520018
1521018
1522018
1523018
1524018
1525018
1526018
1527018
1528018
1529018
1530018
1531018
1532018
1533018
1534018
1535018
1536018
1537018
1538018
1539018
1540018
1541018
1542018
1543018
1544018
1545018
1546018
1547018
1548018
1549018
1550018
1551018
1552018
1553018
1554018
1555018
1556018
1557018
1558018
1559018
1560018
1561018
1562018
1563018
1564018
1565018
1566018
1567018
1568018
1569018
1570018
1571018
1572018
1573018
1574018
1575018
1576018
1577018
1578018
1579018
1580018
1581018
1582018
1583018
1584018
1585018
1586018
1587018
1588018
1589018
1590018
1591018
1592018
1593018
1594018
1595018
1596018
1597018
1598018
1599018
1600018
1601018
1602018
1603018
1604018
1605018
1606018
1607018
1608018
1609018
1610018
1611018
1612018
1613018
1614018
1615018
1616018
1617018
1618018
1619018
1620018
1621018
1622018
1623018
1624018
1625018
1626018
1627018
1628018
1629018
1630018
1631018
1632018
1633018
1634018
1635018
1636018
1637018
1638018
1639018
1640018
1641018
1642018
1643018
1644018
1645018
1646018
1647018
1648018
1649018
1650018
1651018
1652018
1653018
1654018
1655018
1656018
1657018
1658018
1659018
1660018
1661018
1662018
1663018
1664018
1665018
1666018
1667018
1668018
1669018
1670018
1671018
1672018
1673018
1674018
1675018
1676018
1677018
1678018
1679018
1680018
1681018
1682018
1683018
1684018
1685018
1686018
1687018
1688018
1689018
1690018
1691018
1692018
1693018
1694018
1695018
1696018
1697018
1698018
1699018
1700018
1701018
1702018
1703018
1704018
1705018
1706018
1707018
1708018
1709018
1710018
1711018
1712018
1713018
1714018
1715018
1716018
1717018
1718018
1719018
1720018
1721018
1722018
1723018
1724018
1725018
1726018
1727018
1728018
1729018
1730018
1731018
1732018
1733018
1734018
1735018
1736018
1737018
1738018
1739018
1740018
1741018
1742018
1743018
1744018
1745018
1746018
1747018
1748018
1749018
1750018
1751018
1752018
1753018
1754018
1755018
1756018
1757018
1758018
1759018
1760018
1761018
1762018
1763018
1764018
1765018
1766018
1767018
1768018
1769018
1770018
1771018
1772018
1773018
1774018
1775018
1776018
1777018
1778018
1779018
1780018
1781018
1782018
1783018
1784018
1785018
1786018
1787018
1788018
1789018
1790018
1791018
1792018
1793018
1794018
1795018
1796018
1797018
1798018
1799018
800019
801019
802019
803019
804019
805019
806019
807019
808019
809019
810019
811019
812019
813019
814019
815019
816019
817019
818019
819019
820019
821019
822019
823019
824019
825019
826019
827019
828019
829019
830019
831019
832019
833019
834019
835019
836019
837019
838019
839019
840019
841019
842019
843019
844019
845019
846019
847019
848019
849019
850019
851019
852019
853019
854019
855019
856019
857019
858019
859019
860019
861019
862019
863019
864019
865019
866019
867019
868019
869019
870019
871019
872019
873019
874019
875019
876019
877019
878019
879019
880019
881019
882019
883019
884019
885019
886019
887019
888019
889019
890019
891019
892019
893019
894019
895019
896019
897019
898019
899019
900019
901019
902019
903019
904019
905019
906019
907019
908019
909019
910019
911019
912019
913019
914019
915019
916019
917019
918019
919019
920019
921019
922019
923019
924019
925019
926019
927019
928019
929019
930019
931019
932019
933019
934019
935019
936019
937019
938019
939019
940019
941019
942019
943019
944019
945019
946019
947019
948019
949019
950019
951019
952019
953019
954019
955019
956019
957019
958019
959019
960019
961019
962019
963019
964019
965019
966019
967019
968019
969019
970019
971019
972019
973019
974019
975019
976019
977019
978019
979019
980019
981019
982019
983019
984019
985019
986019
987019
988019
989019
990019
991019
992019
993019
994019
995019
996019
997019
998019
999019
1000019
1001019
1002019
1003019
1004019
1005019
1006019
1007019
1008019
1009019
1010019
1011019
1012019
1013019
1014019
1015019
1016019
1017019
1018019
1019019
1020019
1021019
1022019
1023019
1024019
1025019
1026019
1027019
1028019
1029019
1030019
1031019
1032019
1033019
1034019
1035019
1036019
1037019
1038019
1039019
1040019
1041019
1042019
1043019
1044019
1045019
1046019
1047019
1048019
1049019
1050019
1051019
1052019
1053019
1054019
1055019
1056019
1057019
1058019
1059019
1060019
1061019
1062019
1063019
1064019
1065019
1066019
1067019
1068019
1069019
1070019
1071019
1072019
1073019
1074019
1075019
1076019
1077019
1078019
1079019
1080019
1081019
1082019
1083019
1084019
1085019
1086019
1087019
1088019
1089019
1090019
1091019
1092019
1093019
1094019
1095019
1096019
1097019
1098019
1099019
1100019
1101019
1102019
1103019
1104019
1105019
1106019
1107019
1108019
1109019
1110019
1111019
1112019
1113019
1114019
1115019
1116019
1117019
1118019
1119019
1120019
1121019
1122019
1123019
1124019
1125019
1126019
1127019
1128019
1129019
1130019
1131019
1132019
1133019
1134019
1135019
1136019
1137019
1138019
1139019
1140019
1141019
1142019
1143019
1144019
1145019
1146019
1147019
1148019
1149019
1150019
1151019
1152019
1153019
1154019
1155019
1156019
1157019
1158019
1159019
1160019
1161019
1162019
1163019
1164019
1165019
1166019
1167019
1168019
1169019
1170019
1171019
1172019
1173019
1174019
1175019
1176019
1177019
1178019
1179019
1180019
1181019
1182019
1183019
1184019
1185019
1186019
1187019
1188019
1189019
1190019
1191019
1192019
1193019
1194019
1195019
1196019
1197019
1198019
1199019
1200019
1201019
1202019
1203019
1204019
1205019
1206019
1207019
1208019
1209019
1210019
1211019
1212019
1213019
1214019
1215019
1216019
1217019
1218019
1219019
1220019
1221019
1222019
1223019
1224019
1225019
1226019
1227019
1228019
1229019
1230019
1231019
1232019
1233019
1234019
1235019
1236019
1237019
1238019
1239019
1240019
1241019
1242019
1243019
1244019
1245019
1246019
1247019
1248019
1249019
1250019
1251019
1252019
1253019
1254019
1255019
1256019
1257019
1258019
1259019
1260019
1261019
1262019
1263019
1264019
1265019
1266019
1267019
1268019
1269019
1270019
1271019
1272019
1273019
1274019
1275019
1276019
1277019
1278019
1279019
1280019
1281019
1282019
1283019
1284019
1285019
1286019
1287019
1288019
1289019
1290019
1291019
1292019
1293019
1294019
1295019
1296019
1297019
1298019
1299019
1300019
1301019
1302019
1303019
1304019
1305019
1306019
1307019
1308019
1309019
1310019
1311019
1312019
1313019
1314019
1315019
1316019
1317019
1318019
1319019
1320019
1321019
1322019
1323019
1324019
1325019
1326019
1327019
1328019
1329019
1330019
1331019
1332019
1333019
1334019
1335019
1336019
1337019
1338019
1339019
1340019
1341019
1342019
1343019
1344019
1345019
1346019
1347019
1348019
1349019
1350019
1351019
1352019
1353019
1354019
1355019
1356019
1357019
1358019
1359019
1360019
1361019
1362019
1363019
1364019
1365019
1366019
1367019
1368019
1369019
1370019
1371019
1372019
1373019
1374019
1375019
1376019
1377019
1378019
1379019
1380019
1381019
1382019
1383019
1384019
1385019
1386019
1387019
1388019
1389019
1390019
1391019
1392019
1393019
1394019
1395019
1396019
1397019
1398019
1399019
1400019
1401019
1402019
1403019
1404019
1405019
1406019
1407019
1408019
1409019
1410019
1411019
1412019
1413019
1414019
1415019
1416019
1417019
1418019
1419019
1420019
1421019
1422019
1423019
1424019
1425019
1426019
1427019
1428019
1429019
1430019
1431019
1432019
1433019
1434019
1435019
1436019
1437019
1438019
1439019
1440019
1441019
1442019
1443019
1444019
1445019
1446019
1447019
1448019
1449019
1450019
1451019
1452019
1453019
1454019
1455019
1456019
1457019
1458019
1459019
1460019
1461019
1462019
1463019
1464019
1465019
1466019
1467019
1468019
1469019
1470019
1471019
1472019
1473019
1474019
1475019
1476019
1477019
1478019
1479019
1480019
1481019
1482019
1483019
1484019
1485019
1486019
1487019
1488019
1489019
1490019
1491019
1492019
1493019
1494019
1495019
1496019
1497019
1498019
1499019
1500019
1501019
1502019
1503019
1504019
1505019
1506019
1507019
1508019
1509019
1510019
1511019
1512019
1513019
1514019
1515019
1516019
1517019
1518019
1519019
1520019
1521019
1522019
1523019
1524019
1525019
1526019
1527019
1528019
1529019
1530019
1531019
1532019
1533019
1534019
1535019
1536019
1537019
1538019
1539019
1540019
1541019
1542019
1543019
1544019
1545019
1546019
1547019
1548019
1549019
1550019
1551019
1552019
1553019
1554019
1555019
1556019
1557019
1558019
1559019
1560019
1561019
1562019
1563019
1564019
1565019
1566019
1567019
1568019
1569019
1570019
1571019
1572019
1573019
1574019
1575019
1576019
1577019
1578019
1579019
1580019
1581019
1582019
1583019
1584019
1585019
1586019
1587019
1588019
1589019
1590019
1591019
1592019
1593019
1594019
1595019
1596019
1597019
1598019
1599019
1600019
1601019
1602019
1603019
1604019
1605019
1606019
1607019
1608019
1609019
1610019
1611019
1612019
1613019
1614019
1615019
1616019
1617019
1618019
1619019
1620019
1621019
1622019
1623019
1624019
1625019
1626019
1627019
1628019
1629019
1630019
1631019
1632019
1633019
1634019
1635019
1636019
1637019
1638019
1639019
1640019
1641019
1642019
1643019
1644019
1645019
1646019
1647019
1648019
1649019
1650019
1651019
1652019
1653019
1654019
1655019
1656019
1657019
1658019
1659019
1660019
1661019
1662019
1663019
1664019
1665019
1666019
1667019
1668019
1669019
1670019
1671019
1672019
1673019
1674019
1675019
1676019
1677019
1678019
1679019
1680019
1681019
1682019
1683019
1684019
1685019
1686019
1687019
1688019
1689019
1690019
1691019
1692019
1693019
1694019
1695019
1696019
1697019
1698019
1699019
1700019
1701019
1702019
1703019
1704019
1705019
1706019
1707019
1708019
1709019
1710019
1711019
1712019
1713019
1714019
1715019
1716019
1717019
1718019
1719019
1720019
1721019
1722019
1723019
1724019
1725019
1726019
1727019
1728019
1729019
1730019
1731019
1732019
1733019
1734019
1735019
1736019
1737019
1738019
1739019
1740019
1741019
1742019
1743019
1744019
1745019
1746019
1747019
1748019
1749019
1750019
1751019
1752019
1753019
1754019
1755019
1756019
1757019
1758019
1759019
1760019
1761019
1762019
1763019
1764019
1765019
1766019
1767019
1768019
1769019
1770019
1771019
1772019
1773019
1774019
1775019
1776019
1777019
1778019
1779019
1780019
1781019
1782019
1783019
1784019
1785019
1786019
1787019
1788019
1789019
1790019
1791019
1792019
1793019
1794019
1795019
1796019
1797019
1798019
1799019
800020
801020
802020
803020
804020
805020
806020
807020
808020
809020
810020
811020
812020
813020
814020
815020
816020
817020
818020
819020
820020
821020
822020
823020
824020
825020
826020
827020
828020
829020
830020
831020
832020
833020
834020
835020
836020
837020
838020
839020
840020
841020
842020
843020
844020
845020
846020
847020
848020
849020
850020
851020
852020
853020
854020
855020
856020
857020
858020
859020
860020
861020
862020
863020
864020
865020
866020
867020
868020
869020
870020
871020
872020
873020
874020
875020
876020
877020
878020
879020
880020
881020
882020
883020
884020
885020
886020
887020
888020
889020
890020
891020
892020
893020
894020
895020
896020
897020
898020
899020
900020
901020
902020
903020
904020
905020
906020
907020
908020
909020
910020
911020
912020
913020
914020
915020
916020
917020
918020
919020
920020
921020
922020
923020
924020
925020
926020
927020
928020
929020
930020
931020
932020
933020
934020
935020
936020
937020
938020
939020
940020
941020
942020
943020
944020
945020
946020
947020
948020
949020
950020
951020
952020
953020
954020
955020
956020
957020
958020
959020
960020
961020
962020
963020
964020
965020
966020
967020
968020
969020
970020
971020
972020
973020
974020
975020
976020
977020
978020
979020
980020
981020
982020
983020
984020
985020
986020
987020
988020
989020
990020
991020
992020
993020
994020
995020
996020
997020
998020
999020
1000020
1001020
1002020
1003020
1004020
1005020
1006020
1007020
1008020
1009020
1010020
1011020
1012020
1013020
1014020
1015020
1016020
1017020
1018020
1019020
1020020
1021020
1022020
1023020
1024020
1025020
1026020
1027020
1028020
1029020
1030020
1031020
1032020
1033020
1034020
1035020
1036020
1037020
1038020
1039020
1040020
1041020
1042020
1043020
1044020
1045020
1046020
1047020
1048020
1049020
1050020
1051020
1052020
1053020
1054020
1055020
1056020
1057020
1058020
1059020
1060020
1061020
1062020
1063020
1064020
1065020
1066020
1067020
1068020
1069020
1070020
1071020
1072020
1073020
1074020
1075020
1076020
1077020
1078020
1079020
1080020
1081020
1082020
1083020
1084020
1085020
1086020
1087020
1088020
1089020
1090020
1091020
1092020
1093020
1094020
1095020
1096020
1097020
1098020
1099020
1100020
1101020
1102020
1103020
1104020
1105020
1106020
1107020
1108020
1109020
1110020
1111020
1112020
1113020
1114020
1115020
1116020
1117020
1118020
1119020
1120020
1121020
1122020
1123020
1124020
1125020
1126020
1127020
1128020
1129020
1130020
1131020
1132020
1133020
1134020
1135020
1136020
1137020
1138020
1139020
1140020
1141020
1142020
1143020
1144020
1145020
1146020
1147020
1148020
1149020
1150020
1151020
1152020
1153020
1154020
1155020
1156020
1157020
1158020
1159020
1160020
1161020
1162020
1163020
1164020
1165020
1166020
1167020
1168020
1169020
1170020
1171020
1172020
1173020
1174020
1175020
1176020
1177020
1178020
1179020
1180020
1181020
1182020
1183020
1184020
1185020
1186020
1187020
1188020
1189020
1190020
1191020
1192020
1193020
1194020
1195020
1196020
1197020
1198020
1199020
1200020
1201020
1202020
1203020
1204020
1205020
1206020
1207020
1208020
1209020
1210020
1211020
1212020
1213020
1214020
1215020
1216020
1217020
1218020
1219020
1220020
1221020
1222020
1223020
1224020
1225020
1226020
1227020
1228020
1229020
1230020
1231020
1232020
1233020
1234020
1235020
1236020
1237020
1238020
1239020
1240020
1241020
1242020
1243020
1244020
1245020
1246020
1247020
1248020
1249020
1250020
1251020
1252020
1253020
1254020
1255020
1256020
1257020
1258020
1259020
1260020
1261020
1262020
1263020
1264020
1265020
1266020
1267020
1268020
1269020
1270020
1271020
1272020
1273020
1274020
1275020
1276020
1277020
1278020
1279020
1280020
1281020
1282020
1283020
1284020
1285020
1286020
1287020
1288020
1289020
1290020
1291020
1292020
1293020
1294020
1295020
1296020
1297020
1298020
1299020
1300020
1301020
1302020
1303020
1304020
1305020
1306020
1307020
1308020
1309020
1310020
1311020
1312020
1313020
1314020
1315020
1316020
1317020
1318020
1319020
1320020
1321020
1322020
1323020
1324020
1325020
1326020
1327020
1328020
1329020
1330020
1331020
1332020
1333020
1334020
1335020
1336020
1337020
1338020
1339020
1340020
1341020
1342020
1343020
1344020
1345020
1346020
1347020
1348020
1349020
1350020
1351020
1352020
1353020
1354020
1355020
1356020
1357020
1358020
1359020
1360020
1361020
1362020
1363020
1364020
1365020
1366020
1367020
1368020
1369020
1370020
1371020
1372020
1373020
1374020
1375020
1376020
1377020
1378020
1379020
1380020
1381020
1382020
1383020
1384020
1385020
1386020
1387020
1388020
1389020
1390020
1391020
1392020
1393020
1394020
1395020
1396020
1397020
1398020
1399020
1400020
1401020
1402020
1403020
1404020
1405020
1406020
1407020
1408020
1409020
1410020
1411020
1412020
1413020
1414020
1415020
1416020
1417020
1418020
1419020
1420020
1421020
1422020
1423020
1424020
1425020
1426020
1427020
1428020
1429020
1430020
1431020
1432020
1433020
1434020
1435020
1436020
1437020
1438020
1439020
1440020
1441020
1442020
1443020
1444020
1445020
1446020
1447020
1448020
1449020
1450020
1451020
1452020
1453020
1454020
1455020
1456020
1457020
1458020
1459020
1460020
1461020
1462020
1463020
1464020
1465020
1466020
1467020
1468020
1469020
1470020
1471020
1472020
1473020
1474020
1475020
1476020
1477020
1478020
1479020
1480020
1481020
1482020
1483020
1484020
1485020
1486020
1487020
1488020
1489020
1490020
1491020
1492020
1493020
1494020
1495020
1496020
1497020
1498020
1499020
1500020
1501020
1502020
1503020
1504020
1505020
1506020
1507020
1508020
1509020
1510020
1511020
1512020
1513020
1514020
1515020
1516020
1517020
1518020
1519020
1520020
1521020
1522020
1523020
1524020
1525020
1526020
1527020
1528020
1529020
1530020
1531020
1532020
1533020
1534020
1535020
1536020
1537020
1538020
1539020
1540020
1541020
1542020
1543020
1544020
1545020
1546020
1547020
1548020
1549020
1550020
1551020
1552020
1553020
1554020
1555020
1556020
1557020
1558020
1559020
1560020
1561020
1562020
1563020
1564020
1565020
1566020
1567020
1568020
1569020
1570020
1571020
1572020
1573020
1574020
1575020
1576020
1577020
1578020
1579020
1580020
1581020
1582020
1583020
1584020
1585020
1586020
1587020
1588020
1589020
1590020
1591020
1592020
1593020
1594020
1595020
1596020
1597020
1598020
1599020
1600020
1601020
1602020
1603020
1604020
1605020
1606020
1607020
1608020
1609020
1610020
1611020
1612020
1613020
1614020
1615020
1616020
1617020
1618020
1619020
1620020
1621020
1622020
1623020
1624020
1625020
1626020
1627020
1628020
1629020
1630020
1631020
1632020
1633020
1634020
1635020
1636020
1637020
1638020
1639020
1640020
1641020
1642020
1643020
1644020
1645020
1646020
1647020
1648020
1649020
1650020
1651020
1652020
1653020
1654020
1655020
1656020
1657020
1658020
1659020
1660020
1661020
1662020
1663020
1664020
1665020
1666020
1667020
1668020
1669020
1670020
1671020
1672020
1673020
1674020
1675020
1676020
1677020
1678020
1679020
1680020
1681020
1682020
1683020
1684020
1685020
1686020
1687020
1688020
1689020
1690020
1691020
1692020
1693020
1694020
1695020
1696020
1697020
1698020
1699020
1700020
1701020
1702020
1703020
1704020
1705020
1706020
1707020
1708020
1709020
1710020
1711020
1712020
1713020
1714020
1715020
1716020
1717020
1718020
1719020
1720020
1721020
1722020
1723020
1724020
1725020
1726020
1727020
1728020
1729020
1730020
1731020
1732020
1733020
1734020
1735020
1736020
1737020
1738020
1739020
1740020
1741020
1742020
1743020
1744020
1745020
1746020
1747020
1748020
1749020
1750020
1751020
1752020
1753020
1754020
1755020
1756020
1757020
1758020
1759020
1760020
1761020
1762020
1763020
1764020
1765020
1766020
1767020
1768020
1769020
1770020
1771020
1772020
1773020
1774020
1775020
1776020
1777020
1778020
1779020
1780020
1781020
1782020
1783020
1784020
1785020
1786020
1787020
1788020
1789020
1790020
1791020
1792020
1793020
1794020
1795020
1796020
1797020
1798020
1799020
800021
801021
802021
803021
804021
805021
806021
807021
808021
809021
810021
811021
812021
813021
814021
815021
816021
817021
818021
819021
820021
821021
822021
823021
824021
825021
826021
827021
828021
829021
830021
831021
832021
833021
834021
835021
836021
837021
838021
839021
840021
841021
842021
843021
844021
845021
846021
847021
848021
849021
850021
851021
852021
853021
854021
855021
856021
857021
858021
859021
860021
861021
862021
863021
864021
865021
866021
867021
868021
869021
870021
871021
872021
873021
874021
875021
876021
877021
878021
879021
880021
881021
882021
883021
884021
885021
886021
887021
888021
889021
890021
891021
892021
893021
894021
895021
896021
897021
898021
899021
900021
901021
902021
903021
904021
905021
906021
907021
908021
909021
910021
911021
912021
913021
914021
915021
916021
917021
918021
919021
920021
921021
922021
923021
924021
925021
926021
927021
928021
929021
930021
931021
932021
933021
934021
935021
936021
937021
938021
939021
940021
941021
942021
943021
944021
945021
946021
947021
948021
949021
950021
951021
952021
953021
954021
955021
956021
957021
958021
959021
960021
961021
962021
963021
964021
965021
966021
967021
968021
969021
970021
971021
972021
973021
974021
975021
976021
977021
978021
979021
980021
981021
982021
983021
984021
985021
986021
987021
988021
989021
990021
991021
992021
993021
994021
995021
996021
997021
998021
999021
1000021
1001021
1002021
1003021
1004021
1005021
1006021
1007021
1008021
1009021
1010021
1011021
1012021
1013021
1014021
1015021
1016021
1017021
1018021
1019021
1020021
1021021
1022021
1023021
1024021
1025021
1026021
1027021
1028021
1029021
1030021
1031021
1032021
1033021
1034021
1035021
1036021
1037021
1038021
1039021
1040021
1041021
1042021
1043021
1044021
1045021
1046021
1047021
1048021
1049021
1050021
1051021
1052021
1053021
1054021
1055021
1056021
1057021
1058021
1059021
1060021
1061021
1062021
1063021
1064021
1065021
1066021
1067021
1068021
1069021
1070021
1071021
1072021
1073021
1074021
1075021
1076021
1077021
1078021
1079021
1080021
1081021
1082021
1083021
1084021
1085021
1086021
1087021
1088021
1089021
1090021
1091021
1092021
1093021
1094021
1095021
1096021
1097021
1098021
1099021
1100021
1101021
1102021
1103021
1104021
1105021
1106021
1107021
1108021
1109021
1110021
1111021
1112021
1113021
1114021
1115021
1116021
1117021
1118021
1119021
1120021
1121021
1122021
1123021
1124021
1125021
1126021
1127021
1128021
1129021
1130021
1131021
1132021
1133021
1134021
1135021
1136021
1137021
1138021
1139021
1140021
1141021
1142021
1143021
1144021
1145021
1146021
1147021
1148021
1149021
1150021
1151021
1152021
1153021
1154021
1155021
1156021
1157021
1158021
1159021
1160021
1161021
1162021
1163021
1164021
1165021
1166021
1167021
1168021
1169021
1170021
1171021
1172021
1173021
1174021
1175021
1176021
1177021
1178021
1179021
1180021
1181021
1182021
1183021
1184021
1185021
1186021
1187021
1188021
1189021
1190021
1191021
1192021
1193021
1194021
1195021
1196021
1197021
1198021
1199021
1200021
1201021
1202021
1203021
1204021
1205021
1206021
1207021
1208021
1209021
1210021
1211021
1212021
1213021
1214021
1215021
1216021
1217021
1218021
1219021
1220021
1221021
1222021
1223021
1224021
1225021
1226021
1227021
1228021
1229021
1230021
1231021
1232021
1233021
1234021
1235021
1236021
1237021
1238021
1239021
1240021
1241021
1242021
1243021
1244021
1245021
1246021
1247021
1248021
1249021
1250021
1251021
1252021
1253021
1254021
1255021
1256021
1257021
1258021
1259021
1260021
1261021
1262021
1263021
1264021
1265021
1266021
1267021
1268021
1269021
1270021
1271021
1272021
1273021
1274021
1275021
1276021
1277021
1278021
1279021
1280021
1281021
1282021
1283021
1284021
1285021
1286021
1287021
1288021
1289021
1290021
1291021
1292021
1293021
1294021
1295021
1296021
1297021
1298021
1299021
1300021
1301021
1302021
1303021
1304021
1305021
1306021
1307021
1308021
1309021
1310021
1311021
1312021
1313021
1314021
1315021
1316021
1317021
1318021
1319021
1320021
1321021
1322021
1323021
1324021
1325021
1326021
1327021
1328021
1329021
1330021
1331021
1332021
1333021
1334021
1335021
1336021
1337021
1338021
1339021
1340021
1341021
1342021
1343021
1344021
1345021
1346021
1347021
1348021
1349021
1350021
1351021
1352021
1353021
1354021
1355021
1356021
1357021
1358021
1359021
1360021
1361021
1362021
1363021
1364021
1365021
1366021
1367021
1368021
1369021
1370021
1371021
1372021
1373021
1374021
1375021
1376021
1377021
1378021
1379021
1380021
1381021
1382021
1383021
1384021
1385021
1386021
1387021
1388021
1389021
1390021
1391021
1392021
1393021
1394021
1395021
1396021
1397021
1398021
1399021
1400021
1401021
1402021
1403021
1404021
1405021
1406021
1407021
1408021
1409021
1410021
1411021
1412021
1413021
1414021
1415021
1416021
1417021
1418021
1419021
1420021
1421021
1422021
1423021
1424021
1425021
1426021
1427021
1428021
1429021
1430021
1431021
1432021
1433021
1434021
1435021
1436021
1437021
1438021
1439021
1440021
1441021
1442021
1443021
1444021
1445021
1446021
1447021
1448021
1449021
1450021
1451021
1452021
1453021
1454021
1455021
1456021
1457021
1458021
1459021
1460021
1461021
1462021
1463021
1464021
1465021
1466021
1467021
1468021
1469021
1470021
1471021
1472021
1473021
1474021
1475021
1476021
1477021
1478021
1479021
1480021
1481021
1482021
1483021
1484021
1485021
1486021
1487021
1488021
1489021
1490021
1491021
1492021
1493021
1494021
1495021
1496021
1497021
1498021
1499021
1500021
1501021
1502021
1503021
1504021
1505021
1506021
1507021
1508021
1509021
1510021
1511021
1512021
1513021
1514021
1515021
1516021
1517021
1518021
1519021
1520021
1521021
1522021
1523021
1524021
1525021
1526021
1527021
1528021
1529021
1530021
1531021
1532021
1533021
1534021
1535021
1536021
1537021
1538021
1539021
1540021
1541021
1542021
1543021
1544021
1545021
1546021
1547021
1548021
1549021
1550021
1551021
1552021
1553021
1554021
1555021
1556021
1557021
1558021
1559021
1560021
1561021
1562021
1563021
1564021
1565021
1566021
1567021
1568021
1569021
1570021
1571021
1572021
1573021
1574021
1575021
1576021
1577021
1578021
1579021
1580021
1581021
1582021
1583021
1584021
1585021
1586021
1587021
1588021
1589021
1590021
1591021
1592021
1593021
1594021
1595021
1596021
1597021
1598021
1599021
1600021
1601021
1602021
1603021
1604021
1605021
1606021
1607021
1608021
1609021
1610021
1611021
1612021
1613021
1614021
1615021
1616021
1617021
1618021
1619021
1620021
1621021
1622021
1623021
1624021
1625021
1626021
1627021
1628021
1629021
1630021
1631021
1632021
1633021
1634021
1635021
1636021
1637021
1638021
1639021
1640021
1641021
1642021
1643021
1644021
1645021
1646021
1647021
1648021
1649021
1650021
1651021
1652021
1653021
1654021
1655021
1656021
1657021
1658021
1659021
1660021
1661021
1662021
1663021
1664021
1665021
1666021
1667021
1668021
1669021
1670021
1671021
1672021
1673021
1674021
1675021
1676021
1677021
1678021
1679021
1680021
1681021
1682021
1683021
1684021
1685021
1686021
1687021
1688021
1689021
1690021
1691021
1692021
1693021
1694021
1695021
1696021
1697021
1698021
1699021
1700021
1701021
1702021
1703021
1704021
1705021
1706021
1707021
1708021
1709021
1710021
1711021
1712021
1713021
1714021
1715021
1716021
1717021
1718021
1719021
1720021
1721021
1722021
1723021
1724021
1725021
1726021
1727021
1728021
1729021
1730021
1731021
1732021
1733021
1734021
1735021
1736021
1737021
1738021
1739021
1740021
1741021
1742021
1743021
1744021
1745021
1746021
1747021
1748021
1749021
1750021
1751021
1752021
1753021
1754021
1755021
1756021
1757021
1758021
1759021
1760021
1761021
1762021
1763021
1764021
1765021
1766021
1767021
1768021
1769021
1770021
1771021
1772021
1773021
1774021
1775021
1776021
1777021
1778021
1779021
1780021
1781021
1782021
1783021
1784021
1785021
1786021
1787021
1788021
1789021
1790021
1791021
1792021
1793021
1794021
1795021
1796021
1797021
1798021
1799021
800022
801022
802022
803022
804022
805022
806022
807022
808022
809022
810022
811022
812022
813022
814022
815022
816022
817022
818022
819022
820022
821022
822022
823022
824022
825022
826022
827022
828022
829022
830022
831022
832022
833022
834022
835022
836022
837022
838022
839022
840022
841022
842022
843022
844022
845022
846022
847022
848022
849022
850022
851022
852022
853022
854022
855022
856022
857022
858022
859022
860022
861022
862022
863022
864022
865022
866022
867022
868022
869022
870022
871022
872022
873022
874022
875022
876022
877022
878022
879022
880022
881022
882022
883022
884022
885022
886022
887022
888022
889022
890022
891022
892022
893022
894022
895022
896022
897022
898022
899022
900022
901022
902022
903022
904022
905022
906022
907022
908022
909022
910022
911022
912022
913022
914022
915022
916022
917022
918022
919022
920022
921022
922022
923022
924022
925022
926022
927022
928022
929022
930022
931022
932022
933022
934022
935022
936022
937022
938022
939022
940022
941022
942022
943022
944022
945022
946022
947022
948022
949022
950022
951022
952022
953022
954022
955022
956022
957022
958022
959022
960022
961022
962022
963022
964022
965022
966022
967022
968022
969022
970022
971022
972022
973022
974022
975022
976022
977022
978022
979022
980022
981022
982022
983022
984022
985022
986022
987022
988022
989022
990022
991022
992022
993022
994022
995022
996022
997022
998022
999022
1000022
1001022
1002022
1003022
1004022
1005022
1006022
1007022
1008022
1009022
1010022
1011022
1012022
1013022
1014022
1015022
1016022
1017022
1018022
1019022
1020022
1021022
1022022
1023022
1024022
1025022
1026022
1027022
1028022
1029022
1030022
1031022
1032022
1033022
1034022
1035022
1036022
1037022
1038022
1039022
1040022
1041022
1042022
1043022
1044022
1045022
1046022
1047022
1048022
1049022
1050022
1051022
1052022
1053022
1054022
1055022
1056022
1057022
1058022
1059022
1060022
1061022
1062022
1063022
1064022
1065022
1066022
1067022
1068022
1069022
1070022
1071022
1072022
1073022
1074022
1075022
1076022
1077022
1078022
1079022
1080022
1081022
1082022
1083022
1084022
1085022
1086022
1087022
1088022
1089022
1090022
1091022
1092022
1093022
1094022
1095022
1096022
1097022
1098022
1099022
1100022
1101022
1102022
1103022
1104022
1105022
1106022
1107022
1108022
1109022
1110022
1111022
1112022
1113022
1114022
1115022
1116022
1117022
1118022
1119022
1120022
1121022
1122022
1123022
1124022
1125022
1126022
1127022
1128022
1129022
1130022
1131022
1132022
1133022
1134022
1135022
1136022
1137022
1138022
1139022
1140022
1141022
1142022
1143022
1144022
1145022
1146022
1147022
1148022
1149022
1150022
1151022
1152022
1153022
1154022
1155022
1156022
1157022
1158022
1159022
1160022
1161022
1162022
1163022
1164022
1165022
1166022
1167022
1168022
1169022
1170022
1171022
1172022
1173022
1174022
1175022
1176022
1177022
1178022
1179022
1180022
1181022
1182022
1183022
1184022
1185022
1186022
1187022
1188022
1189022
1190022
1191022
1192022
1193022
1194022
1195022
1196022
1197022
1198022
1199022
1200022
1201022
1202022
1203022
1204022
1205022
1206022
1207022
1208022
1209022
1210022
1211022
1212022
1213022
1214022
1215022
1216022
1217022
1218022
1219022
1220022
1221022
1222022
1223022
1224022
1225022
1226022
1227022
1228022
1229022
1230022
1231022
1232022
1233022
1234022
1235022
1236022
1237022
1238022
1239022
1240022
1241022
1242022
1243022
1244022
1245022
1246022
1247022
1248022
1249022
1250022
1251022
1252022
1253022
1254022
1255022
1256022
1257022
1258022
1259022
1260022
1261022
1262022
1263022
1264022
1265022
1266022
1267022
1268022
1269022
1270022
1271022
1272022
1273022
1274022
1275022
1276022
1277022
1278022
1279022
1280022
1281022
1282022
1283022
1284022
1285022
1286022
1287022
1288022
1289022
1290022
1291022
1292022
1293022
1294022
1295022
1296022
1297022
1298022
1299022
1300022
1301022
1302022
1303022
1304022
1305022
1306022
1307022
1308022
1309022
1310022
1311022
1312022
1313022
1314022
1315022
1316022
1317022
1318022
1319022
1320022
1321022
1322022
1323022
1324022
1325022
1326022
1327022
1328022
1329022
1330022
1331022
1332022
1333022
1334022
1335022
1336022
1337022
1338022
1339022
1340022
1341022
1342022
1343022
1344022
1345022
1346022
1347022
1348022
1349022
1350022
1351022
1352022
1353022
1354022
1355022
1356022
1357022
1358022
1359022
1360022
1361022
1362022
1363022
1364022
1365022
1366022
1367022
1368022
1369022
1370022
1371022
1372022
1373022
1374022
1375022
1376022
1377022
1378022
1379022
1380022
1381022
1382022
1383022
1384022
1385022
1386022
1387022
1388022
1389022
1390022
1391022
1392022
1393022
1394022
1395022
1396022
1397022
1398022
1399022
1400022
1401022
1402022
1403022
1404022
1405022
1406022
1407022
1408022
1409022
1410022
1411022
1412022
1413022
1414022
1415022
1416022
1417022
1418022
1419022
1420022
1421022
1422022
1423022
1424022
1425022
1426022
1427022
1428022
1429022
1430022
1431022
1432022
1433022
1434022
1435022
1436022
1437022
1438022
1439022
1440022
1441022
1442022
1443022
1444022
1445022
1446022
1447022
1448022
1449022
1450022
1451022
1452022
1453022
1454022
1455022
1456022
1457022
1458022
1459022
1460022
1461022
1462022
1463022
1464022
1465022
1466022
1467022
1468022
1469022
1470022
1471022
1472022
1473022
1474022
1475022
1476022
1477022
1478022
1479022
1480022
1481022
1482022
1483022
1484022
1485022
1486022
1487022
1488022
1489022
1490022
1491022
1492022
1493022
1494022
1495022
1496022
1497022
1498022
1499022
1500022
1501022
1502022
1503022
1504022
1505022
1506022
1507022
1508022
1509022
1510022
1511022
1512022
1513022
1514022
1515022
1516022
1517022
1518022
1519022
1520022
1521022
1522022
1523022
1524022
1525022
1526022
1527022
1528022
1529022
1530022
1531022
1532022
1533022
1534022
1535022
1536022
1537022
1538022
1539022
1540022
1541022
1542022
1543022
1544022
1545022
1546022
1547022
1548022
1549022
1550022
1551022
1552022
1553022
1554022
1555022
1556022
1557022
1558022
1559022
1560022
1561022
1562022
1563022
1564022
1565022
1566022
1567022
1568022
1569022
1570022
1571022
1572022
1573022
1574022
1575022
1576022
1577022
1578022
1579022
1580022
1581022
1582022
1583022
1584022
1585022
1586022
1587022
1588022
1589022
1590022
1591022
1592022
1593022
1594022
1595022
1596022
1597022
1598022
1599022
1600022
1601022
1602022
1603022
1604022
1605022
1606022
1607022
1608022
1609022
1610022
1611022
1612022
1613022
1614022
1615022
1616022
1617022
1618022
1619022
1620022
1621022
1622022
1623022
1624022
1625022
1626022
1627022
1628022
1629022
1630022
1631022
1632022
1633022
1634022
1635022
1636022
1637022
1638022
1639022
1640022
1641022
1642022
1643022
1644022
1645022
1646022
1647022
1648022
1649022
1650022
1651022
1652022
1653022
1654022
1655022
1656022
1657022
1658022
1659022
1660022
1661022
1662022
1663022
1664022
1665022
1666022
1667022
1668022
1669022
1670022
1671022
1672022
1673022
1674022
1675022
1676022
1677022
1678022
1679022
1680022
1681022
1682022
1683022
1684022
1685022
1686022
1687022
1688022
1689022
1690022
1691022
1692022
1693022
1694022
1695022
1696022
1697022
1698022
1699022
1700022
1701022
1702022
1703022
1704022
1705022
1706022
1707022
1708022
1709022
1710022
1711022
1712022
1713022
1714022
1715022
1716022
1717022
1718022
1719022
1720022
1721022
1722022
1723022
1724022
1725022
1726022
1727022
1728022
1729022
1730022
1731022
1732022
1733022
1734022
1735022
1736022
1737022
1738022
1739022
1740022
1741022
1742022
1743022
1744022
1745022
1746022
1747022
1748022
1749022
1750022
1751022
1752022
1753022
1754022
1755022
1756022
1757022
1758022
1759022
1760022
1761022
1762022
1763022
1764022
1765022
1766022
1767022
1768022
1769022
1770022
1771022
1772022
1773022
1774022
1775022
1776022
1777022
1778022
1779022
1780022
1781022
1782022
1783022
1784022
1785022
1786022
1787022
1788022
1789022
1790022
1791022
1792022
1793022
1794022
1795022
1796022
1797022
1798022
1799022
800023
801023
802023
803023
804023
805023
806023
807023
808023
809023
810023
811023
812023
813023
814023
815023
816023
817023
818023
819023
820023
821023
822023
823023
824023
825023
826023
827023
828023
829023
830023
831023
832023
833023
834023
835023
836023
837023
838023
839023
840023
841023
842023
843023
844023
845023
846023
847023
848023
849023
850023
851023
852023
853023
854023
855023
856023
857023
858023
859023
860023
861023
862023
863023
864023
865023
866023
867023
868023
869023
870023
871023
872023
873023
874023
875023
876023
877023
878023
879023
880023
881023
882023
883023
884023
885023
886023
887023
888023
889023
890023
891023
892023
893023
894023
895023
896023
897023
898023
899023
900023
901023
902023
903023
904023
905023
906023
907023
908023
909023
910023
911023
912023
913023
914023
915023
916023
917023
918023
919023
920023
921023
922023
923023
924023
925023
926023
927023
928023
929023
930023
931023
932023
933023
934023
935023
936023
937023
938023
939023
940023
941023
942023
943023
944023
945023
946023
947023
948023
949023
950023
951023
952023
953023
954023
955023
956023
957023
958023
959023
960023
961023
962023
963023
964023
965023
966023
967023
968023
969023
970023
971023
972023
973023
974023
975023
976023
977023
978023
979023
980023
981023
982023
983023
984023
985023
986023
987023
988023
989023
990023
991023
992023
993023
994023
995023
996023
997023
998023
999023
1000023
1001023
1002023
1003023
1004023
1005023
1006023
1007023
1008023
1009023
1010023
1011023
1012023
1013023
1014023
1015023
1016023
1017023
1018023
1019023
1020023
1021023
1022023
1023023
1024023
1025023
1026023
1027023
1028023
1029023
1030023
1031023
1032023
1033023
1034023
1035023
1036023
1037023
1038023
1039023
1040023
1041023
1042023
1043023
1044023
1045023
1046023
1047023
1048023
1049023
1050023
1051023
1052023
1053023
1054023
1055023
1056023
1057023
1058023
1059023
1060023
1061023
1062023
1063023
1064023
1065023
1066023
1067023
1068023
1069023
1070023
1071023
1072023
1073023
1074023
1075023
1076023
1077023
1078023
1079023
1080023
1081023
1082023
1083023
1084023
1085023
1086023
1087023
1088023
1089023
1090023
1091023
1092023
1093023
1094023
1095023
1096023
1097023
1098023
1099023
1100023
1101023
1102023
1103023
1104023
1105023
1106023
1107023
1108023
1109023
1110023
1111023
1112023
1113023
1114023
1115023
1116023
1117023
1118023
1119023
1120023
1121023
1122023
1123023
1124023
1125023
1126023
1127023
1128023
1129023
1130023
1131023
1132023
1133023
1134023
1135023
1136023
1137023
1138023
1139023
1140023
1141023
1142023
1143023
1144023
1145023
1146023
1147023
1148023
1149023
1150023
1151023
1152023
1153023
1154023
1155023
1156023
1157023
1158023
1159023
1160023
1161023
1162023
1163023
1164023
1165023
1166023
1167023
1168023
1169023
1170023
1171023
1172023
1173023
1174023
1175023
1176023
1177023
1178023
1179023
1180023
1181023
1182023
1183023
1184023
1185023
1186023
1187023
1188023
1189023
1190023
1191023
1192023
1193023
1194023
1195023
1196023
1197023
1198023
1199023
1200023
1201023
1202023
1203023
1204023
1205023
1206023
1207023
1208023
1209023
1210023
1211023
1212023
1213023
1214023
1215023
1216023
1217023
1218023
1219023
1220023
1221023
1222023
1223023
1224023
1225023
1226023
1227023
1228023
1229023
1230023
1231023
1232023
1233023
1234023
1235023
1236023
1237023
1238023
1239023
1240023
1241023
1242023
1243023
1244023
1245023
1246023
1247023
1248023
1249023
1250023
1251023
1252023
1253023
1254023
1255023
1256023
1257023
1258023
1259023
1260023
1261023
1262023
1263023
1264023
1265023
1266023
1267023
1268023
1269023
1270023
1271023
1272023
1273023
1274023
1275023
1276023
1277023
1278023
1279023
1280023
1281023
1282023
1283023
1284023
1285023
1286023
1287023
1288023
1289023
1290023
1291023
1292023
1293023
1294023
1295023
1296023
1297023
1298023
1299023
1300023
1301023
1302023
1303023
1304023
1305023
1306023
1307023
1308023
1309023
1310023
1311023
1312023
1313023
1314023
1315023
1316023
1317023
1318023
1319023
1320023
1321023
1322023
1323023
1324023
1325023
1326023
1327023
1328023
1329023
1330023
1331023
1332023
1333023
1334023
1335023
1336023
1337023
1338023
1339023
1340023
1341023
1342023
1343023
1344023
1345023
1346023
1347023
1348023
1349023
1350023
1351023
1352023
1353023
1354023
1355023
1356023
1357023
1358023
1359023
1360023
1361023
1362023
1363023
1364023
1365023
1366023
1367023
1368023
1369023
1370023
1371023
1372023
1373023
1374023
1375023
1376023
1377023
1378023
1379023
1380023
1381023
1382023
1383023
1384023
1385023
1386023
1387023
1388023
1389023
1390023
1391023
1392023
1393023
1394023
1395023
1396023
1397023
1398023
1399023
1400023
1401023
1402023
1403023
1404023
1405023
1406023
1407023
1408023
1409023
1410023
1411023
1412023
1413023
1414023
1415023
1416023
1417023
1418023
1419023
1420023
1421023
1422023
1423023
1424023
1425023
1426023
1427023
1428023
1429023
1430023
1431023
1432023
1433023
1434023
1435023
1436023
1437023
1438023
1439023
1440023
1441023
1442023
1443023
1444023
1445023
1446023
1447023
1448023
1449023
1450023
1451023
1452023
1453023
1454023
1455023
1456023
1457023
1458023
1459023
1460023
1461023
1462023
1463023
1464023
1465023
1466023
1467023
1468023
1469023
1470023
1471023
1472023
1473023
1474023
1475023
1476023
1477023
1478023
1479023
1480023
1481023
1482023
1483023
1484023
1485023
1486023
1487023
1488023
1489023
1490023
1491023
1492023
1493023
1494023
1495023
1496023
1497023
1498023
1499023
1500023
1501023
1502023
1503023
1504023
1505023
1506023
1507023
1508023
1509023
1510023
1511023
1512023
1513023
1514023
1515023
1516023
1517023
1518023
1519023
1520023
1521023
1522023
1523023
1524023
1525023
1526023
1527023
1528023
1529023
1530023
1531023
1532023
1533023
1534023
1535023
1536023
1537023
1538023
1539023
1540023
1541023
1542023
1543023
1544023
1545023
1546023
1547023
1548023
1549023
1550023
1551023
1552023
1553023
1554023
1555023
1556023
1557023
1558023
1559023
1560023
1561023
1562023
1563023
1564023
1565023
1566023
1567023
1568023
1569023
1570023
1571023
1572023
1573023
1574023
1575023
1576023
1577023
1578023
1579023
1580023
1581023
1582023
1583023
1584023
1585023
1586023
1587023
1588023
1589023
1590023
1591023
1592023
1593023
1594023
1595023
1596023
1597023
1598023
1599023
1600023
1601023
1602023
1603023
1604023
1605023
1606023
1607023
1608023
1609023
1610023
1611023
1612023
1613023
1614023
1615023
1616023
1617023
1618023
1619023
1620023
1621023
1622023
1623023
1624023
1625023
1626023
1627023
1628023
1629023
1630023
1631023
1632023
1633023
1634023
1635023
1636023
1637023
1638023
1639023
1640023
1641023
1642023
1643023
1644023
1645023
1646023
1647023
1648023
1649023
1650023
1651023
1652023
1653023
1654023
1655023
1656023
1657023
1658023
1659023
1660023
1661023
1662023
1663023
1664023
1665023
1666023
1667023
1668023
1669023
1670023
1671023
1672023
1673023
1674023
1675023
1676023
1677023
1678023
1679023
1680023
1681023
1682023
1683023
1684023
1685023
1686023
1687023
1688023
1689023
1690023
1691023
1692023
1693023
1694023
1695023
1696023
1697023
1698023
1699023
1700023
1701023
1702023
1703023
1704023
1705023
1706023
1707023
1708023
1709023
1710023
1711023
1712023
1713023
1714023
1715023
1716023
1717023
1718023
1719023
1720023
1721023
1722023
1723023
1724023
1725023
1726023
1727023
1728023
1729023
1730023
1731023
1732023
1733023
1734023
1735023
1736023
1737023
1738023
1739023
1740023
1741023
1742023
1743023
1744023
1745023
1746023
1747023
1748023
1749023
1750023
1751023
1752023
1753023
1754023
1755023
1756023
1757023
1758023
1759023
1760023
1761023
1762023
1763023
1764023
1765023
1766023
1767023
1768023
1769023
1770023
1771023
1772023
1773023
1774023
1775023
1776023
1777023
1778023
1779023
1780023
1781023
1782023
1783023
1784023
1785023
1786023
1787023
1788023
1789023
1790023
1791023
1792023
1793023
1794023
1795023
1796023
1797023
1798023
1799023
800024
801024
802024
803024
804024
805024
806024
807024
808024
809024
810024
811024
812024
813024
814024
815024
816024
817024
818024
819024
820024
821024
822024
823024
824024
825024
826024
827024
828024
829024
830024
831024
832024
833024
834024
835024
836024
837024
838024
839024
840024
841024
842024
843024
844024
845024
846024
847024
848024
849024
850024
851024
852024
853024
854024
855024
856024
857024
858024
859024
860024
861024
862024
863024
864024
865024
866024
867024
868024
869024
870024
871024
872024
873024
874024
875024
876024
877024
878024
879024
880024
881024
882024
883024
884024
885024
886024
887024
888024
889024
890024
891024
892024
893024
894024
895024
896024
897024
898024
899024
900024
901024
902024
903024
904024
905024
906024
907024
908024
909024
910024
911024
912024
913024
914024
915024
916024
917024
918024
919024
920024
921024
922024
923024
924024
925024
926024
927024
928024
929024
930024
931024
932024
933024
934024
935024
936024
937024
938024
939024
940024
941024
942024
943024
944024
945024
946024
947024
948024
949024
950024
951024
952024
953024
954024
955024
956024
957024
958024
959024
960024
961024
962024
963024
964024
965024
966024
967024
968024
969024
970024
971024
972024
973024
974024
975024
976024
977024
978024
979024
980024
981024
982024
983024
984024
985024
986024
987024
988024
989024
990024
991024
992024
993024
994024
995024
996024
997024
998024
999024
1000024
1001024
1002024
1003024
1004024
1005024
1006024
1007024
1008024
1009024
1010024
1011024
1012024
1013024
1014024
1015024
1016024
1017024
1018024
1019024
1020024
1021024
1022024
1023024
1024024
1025024
1026024
1027024
1028024
1029024
1030024
1031024
1032024
1033024
1034024
1035024
1036024
1037024
1038024
1039024
1040024
1041024
1042024
1043024
1044024
1045024
1046024
1047024
1048024
1049024
1050024
1051024
1052024
1053024
1054024
1055024
1056024
1057024
1058024
1059024
1060024
1061024
1062024
1063024
1064024
1065024
1066024
1067024
1068024
1069024
1070024
1071024
1072024
1073024
1074024
1075024
1076024
1077024
1078024
1079024
1080024
1081024
1082024
1083024
1084024
1085024
1086024
1087024
1088024
1089024
1090024
1091024
1092024
1093024
1094024
1095024
1096024
1097024
1098024
1099024
1100024
1101024
1102024
1103024
1104024
1105024
1106024
1107024
1108024
1109024
1110024
1111024
1112024
1113024
1114024
1115024
1116024
1117024
1118024
1119024
1120024
1121024
1122024
1123024
1124024
1125024
1126024
1127024
1128024
1129024
1130024
1131024
1132024
1133024
1134024
1135024
1136024
1137024
1138024
1139024
1140024
1141024
1142024
1143024
1144024
1145024
1146024
1147024
1148024
1149024
1150024
1151024
1152024
1153024
1154024
1155024
1156024
1157024
1158024
1159024
1160024
1161024
1162024
1163024
1164024
1165024
1166024
1167024
1168024
1169024
1170024
1171024
1172024
1173024
1174024
1175024
1176024
1177024
1178024
1179024
1180024
1181024
1182024
1183024
1184024
1185024
1186024
1187024
1188024
1189024
1190024
1191024
1192024
1193024
1194024
1195024
1196024
1197024
1198024
1199024
1200024
1201024
1202024
1203024
1204024
1205024
1206024
1207024
1208024
1209024
1210024
1211024
1212024
1213024
1214024
1215024
1216024
1217024
1218024
1219024
1220024
1221024
1222024
1223024
1224024
1225024
1226024
1227024
1228024
1229024
1230024
1231024
1232024
1233024
1234024
1235024
1236024
1237024
1238024
1239024
1240024
1241024
1242024
1243024
1244024
1245024
1246024
1247024
1248024
1249024
1250024
1251024
1252024
1253024
1254024
1255024
1256024
1257024
1258024
1259024
1260024
1261024
1262024
1263024
1264024
1265024
1266024
1267024
1268024
1269024
1270024
1271024
1272024
1273024
1274024
1275024
1276024
1277024
1278024
1279024
1280024
1281024
1282024
1283024
1284024
1285024
1286024
1287024
1288024
1289024
1290024
1291024
1292024
1293024
1294024
1295024
1296024
1297024
1298024
1299024
1300024
1301024
1302024
1303024
1304024
1305024
1306024
1307024
1308024
1309024
1310024
1311024
1312024
1313024
1314024
1315024
1316024
1317024
1318024
1319024
1320024
1321024
1322024
1323024
1324024
1325024
1326024
1327024
1328024
1329024
1330024
1331024
1332024
1333024
1334024
1335024
1336024
1337024
1338024
1339024
1340024
1341024
1342024
1343024
1344024
1345024
1346024
1347024
1348024
1349024
1350024
1351024
1352024
1353024
1354024
1355024
1356024
1357024
1358024
1359024
1360024
1361024
1362024
1363024
1364024
1365024
1366024
1367024
1368024
1369024
1370024
1371024
1372024
1373024
1374024
1375024
1376024
1377024
1378024
1379024
1380024
1381024
1382024
1383024
1384024
1385024
1386024
1387024
1388024
1389024
1390024
1391024
1392024
1393024
1394024
1395024
1396024
1397024
1398024
1399024
1400024
1401024
1402024
1403024
1404024
1405024
1406024
1407024
1408024
1409024
1410024
1411024
1412024
1413024
1414024
1415024
1416024
1417024
1418024
1419024
1420024
1421024
1422024
1423024
1424024
1425024
1426024
1427024
1428024
1429024
1430024
1431024
1432024
1433024
1434024
1435024
1436024
1437024
1438024
1439024
1440024
1441024
1442024
1443024
1444024
1445024
1446024
1447024
1448024
1449024
1450024
1451024
1452024
1453024
1454024
1455024
1456024
1457024
1458024
1459024
1460024
1461024
1462024
1463024
1464024
1465024
1466024
1467024
1468024
1469024
1470024
1471024
1472024
1473024
1474024
1475024
1476024
1477024
1478024
1479024
1480024
1481024
1482024
1483024
1484024
1485024
1486024
1487024
1488024
1489024
1490024
1491024
1492024
1493024
1494024
1495024
1496024
1497024
1498024
1499024
1500024
1501024
1502024
1503024
1504024
1505024
1506024
1507024
1508024
1509024
1510024
1511024
1512024
1513024
1514024
1515024
1516024
1517024
1518024
1519024
1520024
1521024
1522024
1523024
1524024
1525024
1526024
1527024
1528024
1529024
1530024
1531024
1532024
1533024
1534024
1535024
1536024
1537024
1538024
1539024
1540024
1541024
1542024
1543024
1544024
1545024
1546024
1547024
1548024
1549024
1550024
1551024
1552024
1553024
1554024
1555024
1556024
1557024
1558024
1559024
1560024
1561024
1562024
1563024
1564024
1565024
1566024
1567024
1568024
1569024
1570024
1571024
1572024
1573024
1574024
1575024
1576024
1577024
1578024
1579024
1580024
1581024
1582024
1583024
1584024
1585024
1586024
1587024
1588024
1589024
1590024
1591024
1592024
1593024
1594024
1595024
1596024
1597024
1598024
1599024
1600024
1601024
1602024
1603024
1604024
1605024
1606024
1607024
1608024
1609024
1610024
1611024
1612024
1613024
1614024
1615024
1616024
1617024
1618024
1619024
1620024
1621024
1622024
1623024
1624024
1625024
1626024
1627024
1628024
1629024
1630024
1631024
1632024
1633024
1634024
1635024
1636024
1637024
1638024
1639024
1640024
1641024
1642024
1643024
1644024
1645024
1646024
1647024
1648024
1649024
1650024
1651024
1652024
1653024
1654024
1655024
1656024
1657024
1658024
1659024
1660024
1661024
1662024
1663024
1664024
1665024
1666024
1667024
1668024
1669024
1670024
1671024
1672024
1673024
1674024
1675024
1676024
1677024
1678024
1679024
1680024
1681024
1682024
1683024
1684024
1685024
1686024
1687024
1688024
1689024
1690024
1691024
1692024
1693024
1694024
1695024
1696024
1697024
1698024
1699024
1700024
1701024
1702024
1703024
1704024
1705024
1706024
1707024
1708024
1709024
1710024
1711024
1712024
1713024
1714024
1715024
1716024
1717024
1718024
1719024
1720024
1721024
1722024
1723024
1724024
1725024
1726024
1727024
1728024
1729024
1730024
1731024
1732024
1733024
1734024
1735024
1736024
1737024
1738024
1739024
1740024
1741024
1742024
1743024
1744024
1745024
1746024
1747024
1748024
1749024
1750024
1751024
1752024
1753024
1754024
1755024
1756024
1757024
1758024
1759024
1760024
1761024
1762024
1763024
1764024
1765024
1766024
1767024
1768024
1769024
1770024
1771024
1772024
1773024
1774024
1775024
1776024
1777024
1778024
1779024
1780024
1781024
1782024
1783024
1784024
1785024
1786024
1787024
1788024
1789024
1790024
1791024
1792024
1793024
1794024
1795024
1796024
1797024
1798024
1799024
800025
801025
802025
803025
804025
805025
806025
807025
808025
809025
810025
811025
812025
813025
814025
815025
816025
817025
818025
819025
820025
821025
822025
823025
824025
825025
826025
827025
828025
829025
830025
831025
832025
833025
834025
835025
836025
837025
838025
839025
840025
841025
842025
843025
844025
845025
846025
847025
848025
849025
850025
851025
852025
853025
854025
855025
856025
857025
858025
859025
860025
861025
862025
863025
864025
865025
866025
867025
868025
869025
870025
871025
872025
873025
874025
875025
876025
877025
878025
879025
880025
881025
882025
883025
884025
885025
886025
887025
888025
889025
890025
891025
892025
893025
894025
895025
896025
897025
898025
899025
900025
901025
902025
903025
904025
905025
906025
907025
908025
909025
910025
911025
912025
913025
914025
915025
916025
917025
918025
919025
920025
921025
922025
923025
924025
925025
926025
927025
928025
929025
930025
931025
932025
933025
934025
935025
936025
937025
938025
939025
940025
941025
942025
943025
944025
945025
946025
947025
948025
949025
950025
951025
952025
953025
954025
955025
956025
957025
958025
959025
960025
961025
962025
963025
964025
965025
966025
967025
968025
969025
970025
971025
972025
973025
974025
975025
976025
977025
978025
979025
980025
981025
982025
983025
984025
985025
986025
987025
988025
989025
990025
991025
992025
993025
994025
995025
996025
997025
998025
999025
1000025
1001025
1002025
1003025
1004025
1005025
1006025
1007025
1008025
1009025
1010025
1011025
1012025
1013025
1014025
1015025
1016025
1017025
1018025
1019025
1020025
1021025
1022025
1023025
1024025
1025025
1026025
1027025
1028025
1029025
1030025
1031025
1032025
1033025
1034025
1035025
1036025
1037025
1038025
1039025
1040025
1041025
1042025
1043025
1044025
1045025
1046025
1047025
1048025
1049025
1050025
1051025
1052025
1053025
1054025
1055025
1056025
1057025
1058025
1059025
1060025
1061025
1062025
1063025
1064025
1065025
1066025
1067025
1068025
1069025
1070025
1071025
1072025
1073025
1074025
1075025
1076025
1077025
1078025
1079025
1080025
1081025
1082025
1083025
1084025
1085025
1086025
1087025
1088025
1089025
1090025
1091025
1092025
1093025
1094025
1095025
1096025
1097025
1098025
1099025
1100025
1101025
1102025
1103025
1104025
1105025
1106025
1107025
1108025
1109025
1110025
1111025
1112025
1113025
1114025
1115025
1116025
1117025
1118025
1119025
1120025
1121025
1122025
1123025
1124025
1125025
1126025
1127025
1128025
1129025
1130025
1131025
1132025
1133025
1134025
1135025
1136025
1137025
1138025
1139025
1140025
1141025
1142025
1143025
1144025
1145025
1146025
1147025
1148025
1149025
1150025
1151025
1152025
1153025
1154025
1155025
1156025
1157025
1158025
1159025
1160025
1161025
1162025
1163025
1164025
1165025
1166025
1167025
1168025
1169025
1170025
1171025
1172025
1173025
1174025
1175025
1176025
1177025
1178025
1179025
1180025
1181025
1182025
1183025
1184025
1185025
1186025
1187025
1188025
1189025
1190025
1191025
1192025
1193025
1194025
1195025
1196025
1197025
1198025
1199025
1200025
1201025
1202025
1203025
1204025
1205025
1206025
1207025
1208025
1209025
1210025
1211025
1212025
1213025
1214025
1215025
1216025
1217025
1218025
1219025
1220025
1221025
1222025
1223025
1224025
1225025
1226025
1227025
1228025
1229025
1230025
1231025
1232025
1233025
1234025
1235025
1236025
1237025
1238025
1239025
1240025
1241025
1242025
1243025
1244025
1245025
1246025
1247025
1248025
1249025
1250025
1251025
1252025
1253025
1254025
1255025
1256025
1257025
1258025
1259025
1260025
1261025
1262025
1263025
1264025
1265025
1266025
1267025
1268025
1269025
1270025
1271025
1272025
1273025
1274025
1275025
1276025
1277025
1278025
1279025
1280025
1281025
1282025
1283025
1284025
1285025
1286025
1287025
1288025
1289025
1290025
1291025
1292025
1293025
1294025
1295025
1296025
1297025
1298025
1299025
1300025
1301025
1302025
1303025
1304025
1305025
1306025
1307025
1308025
1309025
1310025
1311025
1312025
1313025
1314025
1315025
1316025
1317025
1318025
1319025
1320025
1321025
1322025
1323025
1324025
1325025
1326025
1327025
1328025
1329025
1330025
1331025
1332025
1333025
1334025
1335025
1336025
1337025
1338025
1339025
1340025
1341025
1342025
1343025
1344025
1345025
1346025
1347025
1348025
1349025
1350025
1351025
1352025
1353025
1354025
1355025
1356025
1357025
1358025
1359025
1360025
1361025
1362025
1363025
1364025
1365025
1366025
1367025
1368025
1369025
1370025
1371025
1372025
1373025
1374025
1375025
1376025
1377025
1378025
1379025
1380025
1381025
1382025
1383025
1384025
1385025
1386025
1387025
1388025
1389025
1390025
1391025
1392025
1393025
1394025
1395025
1396025
1397025
1398025
1399025
1400025
1401025
1402025
1403025
1404025
1405025
1406025
1407025
1408025
1409025
1410025
1411025
1412025
1413025
1414025
1415025
1416025
1417025
1418025
1419025
1420025
1421025
1422025
1423025
1424025
1425025
1426025
1427025
1428025
1429025
1430025
1431025
1432025
1433025
1434025
1435025
1436025
1437025
1438025
1439025
1440025
1441025
1442025
1443025
1444025
1445025
1446025
1447025
1448025
1449025
1450025
1451025
1452025
1453025
1454025
1455025
1456025
1457025
1458025
1459025
1460025
1461025
1462025
1463025
1464025
1465025
1466025
1467025
1468025
1469025
1470025
1471025
1472025
1473025
1474025
1475025
1476025
1477025
1478025
1479025
1480025
1481025
1482025
1483025
1484025
1485025
1486025
1487025
1488025
1489025
1490025
1491025
1492025
1493025
1494025
1495025
1496025
1497025
1498025
1499025
1500025
1501025
1502025
1503025
1504025
1505025
1506025
1507025
1508025
1509025
1510025
1511025
1512025
1513025
1514025
1515025
1516025
1517025
1518025
1519025
1520025
1521025
1522025
1523025
1524025
1525025
1526025
1527025
1528025
1529025
1530025
1531025
1532025
1533025
1534025
1535025
1536025
1537025
1538025
1539025
1540025
1541025
1542025
1543025
1544025
1545025
1546025
1547025
1548025
1549025
1550025
1551025
1552025
1553025
1554025
1555025
1556025
1557025
1558025
1559025
1560025
1561025
1562025
1563025
1564025
1565025
1566025
1567025
1568025
1569025
1570025
1571025
1572025
1573025
1574025
1575025
1576025
1577025
1578025
1579025
1580025
1581025
1582025
1583025
1584025
1585025
1586025
1587025
1588025
1589025
1590025
1591025
1592025
1593025
1594025
1595025
1596025
1597025
1598025
1599025
1600025
1601025
1602025
1603025
1604025
1605025
1606025
1607025
1608025
1609025
1610025
1611025
1612025
1613025
1614025
1615025
1616025
1617025
1618025
1619025
1620025
1621025
1622025
1623025
1624025
1625025
1626025
1627025
1628025
1629025
1630025
1631025
1632025
1633025
1634025
1635025
1636025
1637025
1638025
1639025
1640025
1641025
1642025
1643025
1644025
1645025
1646025
1647025
1648025
1649025
1650025
1651025
1652025
1653025
1654025
1655025
1656025
1657025
1658025
1659025
1660025
1661025
1662025
1663025
1664025
1665025
1666025
1667025
1668025
1669025
1670025
1671025
1672025
1673025
1674025
1675025
1676025
1677025
1678025
1679025
1680025
1681025
1682025
1683025
1684025
1685025
1686025
1687025
1688025
1689025
1690025
1691025
1692025
1693025
1694025
1695025
1696025
1697025
1698025
1699025
1700025
1701025
1702025
1703025
1704025
1705025
1706025
1707025
1708025
1709025
1710025
1711025
1712025
1713025
1714025
1715025
1716025
1717025
1718025
1719025
1720025
1721025
1722025
1723025
1724025
1725025
1726025
1727025
1728025
1729025
1730025
1731025
1732025
1733025
1734025
1735025
1736025
1737025
1738025
1739025
1740025
1741025
1742025
1743025
1744025
1745025
1746025
1747025
1748025
1749025
1750025
1751025
1752025
1753025
1754025
1755025
1756025
1757025
1758025
1759025
1760025
1761025
1762025
1763025
1764025
1765025
1766025
1767025
1768025
1769025
1770025
1771025
1772025
1773025
1774025
1775025
1776025
1777025
1778025
1779025
1780025
1781025
1782025
1783025
1784025
1785025
1786025
1787025
1788025
1789025
1790025
1791025
1792025
1793025
1794025
1795025
1796025
1797025
1798025
1799025
800026
801026
802026
803026
804026
805026
806026
807026
808026
809026
810026
811026
812026
813026
814026
815026
816026
817026
818026
819026
820026
821026
822026
823026
824026
825026
826026
827026
828026
829026
830026
831026
832026
833026
834026
835026
836026
837026
838026
839026
840026
841026
842026
843026
844026
845026
846026
847026
848026
849026
850026
851026
852026
853026
854026
855026
856026
857026
858026
859026
860026
861026
862026
863026
864026
865026
866026
867026
868026
869026
870026
871026
872026
873026
874026
875026
876026
877026
878026
879026
880026
881026
882026
883026
884026
885026
886026
887026
888026
889026
890026
891026
892026
893026
894026
895026
896026
897026
898026
899026
900026
901026
902026
903026
904026
905026
906026
907026
908026
909026
910026
911026
912026
913026
914026
915026
916026
917026
918026
919026
920026
921026
922026
923026
924026
925026
926026
927026
928026
929026
930026
931026
932026
933026
934026
935026
936026
937026
938026
939026
940026
941026
942026
943026
944026
945026
946026
947026
948026
949026
950026
951026
952026
953026
954026
955026
956026
957026
958026
959026
960026
961026
962026
963026
964026
965026
966026
967026
968026
969026
970026
971026
972026
973026
974026
975026
976026
977026
978026
979026
980026
981026
982026
983026
984026
985026
986026
987026
988026
989026
990026
991026
992026
993026
994026
995026
996026
997026
998026
999026
1000026
1001026
1002026
1003026
1004026
1005026
1006026
1007026
1008026
1009026
1010026
1011026
1012026
1013026
1014026
1015026
1016026
1017026
1018026
1019026
1020026
1021026
1022026
1023026
1024026
1025026
1026026
1027026
1028026
1029026
1030026
1031026
1032026
1033026
1034026
1035026
1036026
1037026
1038026
1039026
1040026
1041026
1042026
1043026
1044026
1045026
1046026
1047026
1048026
1049026
1050026
1051026
1052026
1053026
1054026
1055026
1056026
1057026
1058026
1059026
1060026
1061026
1062026
1063026
1064026
1065026
1066026
1067026
1068026
1069026
1070026
1071026
1072026
1073026
1074026
1075026
1076026
1077026
1078026
1079026
1080026
1081026
1082026
1083026
1084026
1085026
1086026
1087026
1088026
1089026
1090026
1091026
1092026
1093026
1094026
1095026
1096026
1097026
1098026
1099026
1100026
1101026
1102026
1103026
1104026
1105026
1106026
1107026
1108026
1109026
1110026
1111026
1112026
1113026
1114026
1115026
1116026
1117026
1118026
1119026
1120026
1121026
1122026
1123026
1124026
1125026
1126026
1127026
1128026
1129026
1130026
1131026
1132026
1133026
1134026
1135026
1136026
1137026
1138026
1139026
1140026
1141026
1142026
1143026
1144026
1145026
1146026
1147026
1148026
1149026
1150026
1151026
1152026
1153026
1154026
1155026
1156026
1157026
1158026
1159026
1160026
1161026
1162026
1163026
1164026
1165026
1166026
1167026
1168026
1169026
1170026
1171026
1172026
1173026
1174026
1175026
1176026
1177026
1178026
1179026
1180026
1181026
1182026
1183026
1184026
1185026
1186026
1187026
1188026
1189026
1190026
1191026
1192026
1193026
1194026
1195026
1196026
1197026
1198026
1199026
1200026
1201026
1202026
1203026
1204026
1205026
1206026
1207026
1208026
1209026
1210026
1211026
1212026
1213026
1214026
1215026
1216026
1217026
1218026
1219026
1220026
1221026
1222026
1223026
1224026
1225026
1226026
1227026
1228026
1229026
1230026
1231026
1232026
1233026
1234026
1235026
1236026
1237026
1238026
1239026
1240026
1241026
1242026
1243026
1244026
1245026
1246026
1247026
1248026
1249026
1250026
1251026
1252026
1253026
1254026
1255026
1256026
1257026
1258026
1259026
1260026
1261026
1262026
1263026
1264026
1265026
1266026
1267026
1268026
1269026
1270026
1271026
1272026
1273026
1274026
1275026
1276026
1277026
1278026
1279026
1280026
1281026
1282026
1283026
1284026
1285026
1286026
1287026
1288026
1289026
1290026
1291026
1292026
1293026
1294026
1295026
1296026
1297026
1298026
1299026
1300026
1301026
1302026
1303026
1304026
1305026
1306026
1307026
1308026
1309026
1310026
1311026
1312026
1313026
1314026
1315026
1316026
1317026
1318026
1319026
1320026
1321026
1322026
1323026
1324026
1325026
1326026
1327026
1328026
1329026
1330026
1331026
1332026
1333026
1334026
1335026
1336026
1337026
1338026
1339026
1340026
1341026
1342026
1343026
1344026
1345026
1346026
1347026
1348026
1349026
1350026
1351026
1352026
1353026
1354026
1355026
1356026
1357026
1358026
1359026
1360026
1361026
1362026
1363026
1364026
1365026
1366026
1367026
1368026
1369026
1370026
1371026
1372026
1373026
1374026
1375026
1376026
1377026
1378026
1379026
1380026
1381026
1382026
1383026
1384026
1385026
1386026
1387026
1388026
1389026
1390026
1391026
1392026
1393026
1394026
1395026
1396026
1397026
1398026
1399026
1400026
1401026
1402026
1403026
1404026
1405026
1406026
1407026
1408026
1409026
1410026
1411026
1412026
1413026
1414026
1415026
1416026
1417026
1418026
1419026
1420026
1421026
1422026
1423026
1424026
1425026
1426026
1427026
1428026
1429026
1430026
1431026
1432026
1433026
1434026
1435026
1436026
1437026
1438026
1439026
1440026
1441026
1442026
1443026
1444026
1445026
1446026
1447026
1448026
1449026
1450026
1451026
1452026
1453026
1454026
1455026
1456026
1457026
1458026
1459026
1460026
1461026
1462026
1463026
1464026
1465026
1466026
1467026
1468026
1469026
1470026
1471026
1472026
1473026
1474026
1475026
1476026
1477026
1478026
1479026
1480026
1481026
1482026
1483026
1484026
1485026
1486026
1487026
1488026
1489026
1490026
1491026
1492026
1493026
1494026
1495026
1496026
1497026
1498026
1499026
1500026
1501026
1502026
1503026
1504026
1505026
1506026
1507026
1508026
1509026
1510026
1511026
1512026
1513026
1514026
1515026
1516026
1517026
1518026
1519026
1520026
1521026
1522026
1523026
1524026
1525026
1526026
1527026
1528026
1529026
1530026
1531026
1532026
1533026
1534026
1535026
1536026
1537026
1538026
1539026
1540026
1541026
1542026
1543026
1544026
1545026
1546026
1547026
1548026
1549026
1550026
1551026
1552026
1553026
1554026
1555026
1556026
1557026
1558026
1559026
1560026
1561026
1562026
1563026
1564026
1565026
1566026
1567026
1568026
1569026
1570026
1571026
1572026
1573026
1574026
1575026
1576026
1577026
1578026
1579026
1580026
1581026
1582026
1583026
1584026
1585026
1586026
1587026
1588026
1589026
1590026
1591026
1592026
1593026
1594026
1595026
1596026
1597026
1598026
1599026
1600026
1601026
1602026
1603026
1604026
1605026
1606026
1607026
1608026
1609026
1610026
1611026
1612026
1613026
1614026
1615026
1616026
1617026
1618026
1619026
1620026
1621026
1622026
1623026
1624026
1625026
1626026
1627026
1628026
1629026
1630026
1631026
1632026
1633026
1634026
1635026
1636026
1637026
1638026
1639026
1640026
1641026
1642026
1643026
1644026
1645026
1646026
1647026
1648026
1649026
1650026
1651026
1652026
1653026
1654026
1655026
1656026
1657026
1658026
1659026
1660026
1661026
1662026
1663026
1664026
1665026
1666026
1667026
1668026
1669026
1670026
1671026
1672026
1673026
1674026
1675026
1676026
1677026
1678026
1679026
1680026
1681026
1682026
1683026
1684026
1685026
1686026
1687026
1688026
1689026
1690026
1691026
1692026
1693026
1694026
1695026
1696026
1697026
1698026
1699026
1700026
1701026
1702026
1703026
1704026
1705026
1706026
1707026
1708026
1709026
1710026
1711026
1712026
1713026
1714026
1715026
1716026
1717026
1718026
1719026
1720026
1721026
1722026
1723026
1724026
1725026
1726026
1727026
1728026
1729026
1730026
1731026
1732026
1733026
1734026
1735026
1736026
1737026
1738026
1739026
1740026
1741026
1742026
1743026
1744026
1745026
1746026
1747026
1748026
1749026
1750026
1751026
1752026
1753026
1754026
1755026
1756026
1757026
1758026
1759026
1760026
1761026
1762026
1763026
1764026
1765026
1766026
1767026
1768026
1769026
1770026
1771026
1772026
1773026
1774026
1775026
1776026
1777026
1778026
1779026
1780026
1781026
1782026
1783026
1784026
1785026
1786026
1787026
1788026
1789026
1790026
1791026
1792026
1793026
1794026
1795026
1796026
1797026
1798026
1799026
800027
801027
802027
803027
804027
805027
806027
807027
808027
809027
810027
811027
812027
813027
814027
815027
816027
817027
818027
819027
820027
821027
822027
823027
824027
825027
826027
827027
828027
829027
830027
831027
832027
833027
834027
835027
836027
837027
838027
839027
840027
841027
842027
843027
844027
845027
846027
847027
848027
849027
850027
851027
852027
853027
854027
855027
856027
857027
858027
859027
860027
861027
862027
863027
864027
865027
866027
867027
868027
869027
870027
871027
872027
873027
874027
875027
876027
877027
878027
879027
880027
881027
882027
883027
884027
885027
886027
887027
888027
889027
890027
891027
892027
893027
894027
895027
896027
897027
898027
899027
900027
901027
902027
903027
904027
905027
906027
907027
908027
909027
910027
911027
912027
913027
914027
915027
916027
917027
918027
919027
920027
921027
922027
923027
924027
925027
926027
927027
928027
929027
930027
931027
932027
933027
934027
935027
936027
937027
938027
939027
940027
941027
942027
943027
944027
945027
946027
947027
948027
949027
950027
951027
952027
953027
954027
955027
956027
957027
958027
959027
960027
961027
962027
963027
964027
965027
966027
967027
968027
969027
970027
971027
972027
973027
974027
975027
976027
977027
978027
979027
980027
981027
982027
983027
984027
985027
986027
987027
988027
989027
990027
991027
992027
993027
994027
995027
996027
997027
998027
999027
1000027
1001027
1002027
1003027
1004027
1005027
1006027
1007027
1008027
1009027
1010027
1011027
1012027
1013027
1014027
1015027
1016027
1017027
1018027
1019027
1020027
1021027
1022027
1023027
1024027
1025027
1026027
1027027
1028027
1029027
1030027
1031027
1032027
1033027
1034027
1035027
1036027
1037027
1038027
1039027
1040027
1041027
1042027
1043027
1044027
1045027
1046027
1047027
1048027
1049027
1050027
1051027
1052027
1053027
1054027
1055027
1056027
1057027
1058027
1059027
1060027
1061027
1062027
1063027
1064027
1065027
1066027
1067027
1068027
1069027
1070027
1071027
1072027
1073027
1074027
1075027
1076027
1077027
1078027
1079027
1080027
1081027
1082027
1083027
1084027
1085027
1086027
1087027
1088027
1089027
1090027
1091027
1092027
1093027
1094027
1095027
1096027
1097027
1098027
1099027
1100027
1101027
1102027
1103027
1104027
1105027
1106027
1107027
1108027
1109027
1110027
1111027
1112027
1113027
1114027
1115027
1116027
1117027
1118027
1119027
1120027
1121027
1122027
1123027
1124027
1125027
1126027
1127027
1128027
1129027
1130027
1131027
1132027
1133027
1134027
1135027
1136027
1137027
1138027
1139027
1140027
1141027
1142027
1143027
1144027
1145027
1146027
1147027
1148027
1149027
1150027
1151027
1152027
1153027
1154027
1155027
1156027
1157027
1158027
1159027
1160027
1161027
1162027
1163027
1164027
1165027
1166027
1167027
1168027
1169027
1170027
1171027
1172027
1173027
1174027
1175027
1176027
1177027
1178027
1179027
1180027
1181027
1182027
1183027
1184027
1185027
1186027
1187027
1188027
1189027
1190027
1191027
1192027
1193027
1194027
1195027
1196027
1197027
1198027
1199027
1200027
1201027
1202027
1203027
1204027
1205027
1206027
1207027
1208027
1209027
1210027
1211027
1212027
1213027
1214027
1215027
1216027
1217027
1218027
1219027
1220027
1221027
1222027
1223027
1224027
1225027
1226027
1227027
1228027
1229027
1230027
1231027
1232027
1233027
1234027
1235027
1236027
1237027
1238027
1239027
1240027
1241027
1242027
1243027
1244027
1245027
1246027
1247027
1248027
1249027
1250027
1251027
1252027
1253027
1254027
1255027
1256027
1257027
1258027
1259027
1260027
1261027
1262027
1263027
1264027
1265027
1266027
1267027
1268027
1269027
1270027
1271027
1272027
1273027
1274027
1275027
1276027
1277027
1278027
1279027
1280027
1281027
1282027
1283027
1284027
1285027
1286027
1287027
1288027
1289027
1290027
1291027
1292027
1293027
1294027
1295027
1296027
1297027
1298027
1299027
1300027
1301027
1302027
1303027
1304027
1305027
1306027
1307027
1308027
1309027
1310027
1311027
1312027
1313027
1314027
1315027
1316027
1317027
1318027
1319027
1320027
1321027
1322027
1323027
1324027
1325027
1326027
1327027
1328027
1329027
1330027
1331027
1332027
1333027
1334027
1335027
1336027
1337027
1338027
1339027
1340027
1341027
1342027
1343027
1344027
1345027
1346027
1347027
1348027
1349027
1350027
1351027
1352027
1353027
1354027
1355027
1356027
1357027
1358027
1359027
1360027
1361027
1362027
1363027
1364027
1365027
1366027
1367027
1368027
1369027
1370027
1371027
1372027
1373027
1374027
1375027
1376027
1377027
1378027
1379027
1380027
1381027
1382027
1383027
1384027
1385027
1386027
1387027
1388027
1389027
1390027
1391027
1392027
1393027
1394027
1395027
1396027
1397027
1398027
1399027
1400027
1401027
1402027
1403027
1404027
1405027
1406027
1407027
1408027
1409027
1410027
1411027
1412027
1413027
1414027
1415027
1416027
1417027
1418027
1419027
1420027
1421027
1422027
1423027
1424027
1425027
1426027
1427027
1428027
1429027
1430027
1431027
1432027
1433027
1434027
1435027
1436027
1437027
1438027
1439027
1440027
1441027
1442027
1443027
1444027
1445027
1446027
1447027
1448027
1449027
1450027
1451027
1452027
1453027
1454027
1455027
1456027
1457027
1458027
1459027
1460027
1461027
1462027
1463027
1464027
1465027
1466027
1467027
1468027
1469027
1470027
1471027
1472027
1473027
1474027
1475027
1476027
1477027
1478027
1479027
1480027
1481027
1482027
1483027
1484027
1485027
1486027
1487027
1488027
1489027
1490027
1491027
1492027
1493027
1494027
1495027
1496027
1497027
1498027
1499027
1500027
1501027
1502027
1503027
1504027
1505027
1506027
1507027
1508027
1509027
1510027
1511027
1512027
1513027
1514027
1515027
1516027
1517027
1518027
1519027
1520027
1521027
1522027
1523027
1524027
1525027
1526027
1527027
1528027
1529027
1530027
1531027
1532027
1533027
1534027
1535027
1536027
1537027
1538027
1539027
1540027
1541027
1542027
1543027
1544027
1545027
1546027
1547027
1548027
1549027
1550027
1551027
1552027
1553027
1554027
1555027
1556027
1557027
1558027
1559027
1560027
1561027
1562027
1563027
1564027
1565027
1566027
1567027
1568027
1569027
1570027
1571027
1572027
1573027
1574027
1575027
1576027
1577027
1578027
1579027
1580027
1581027
1582027
1583027
1584027
1585027
1586027
1587027
1588027
1589027
1590027
1591027
1592027
1593027
1594027
1595027
1596027
1597027
1598027
1599027
1600027
1601027
1602027
1603027
1604027
1605027
1606027
1607027
1608027
1609027
1610027
1611027
1612027
1613027
1614027
1615027
1616027
1617027
1618027
1619027
1620027
1621027
1622027
1623027
1624027
1625027
1626027
1627027
1628027
1629027
1630027
1631027
1632027
1633027
1634027
1635027
1636027
1637027
1638027
1639027
1640027
1641027
1642027
1643027
1644027
1645027
1646027
1647027
1648027
1649027
1650027
1651027
1652027
1653027
1654027
1655027
1656027
1657027
1658027
1659027
1660027
1661027
1662027
1663027
1664027
1665027
1666027
1667027
1668027
1669027
1670027
1671027
1672027
1673027
1674027
1675027
1676027
1677027
1678027
1679027
1680027
1681027
1682027
1683027
1684027
1685027
1686027
1687027
1688027
1689027
1690027
1691027
1692027
1693027
1694027
1695027
1696027
1697027
1698027
1699027
1700027
1701027
1702027
1703027
1704027
1705027
1706027
1707027
1708027
1709027
1710027
1711027
1712027
1713027
1714027
1715027
1716027
1717027
1718027
1719027
1720027
1721027
1722027
1723027
1724027
1725027
1726027
1727027
1728027
1729027
1730027
1731027
1732027
1733027
1734027
1735027
1736027
1737027
1738027
1739027
1740027
1741027
1742027
1743027
1744027
1745027
1746027
1747027
1748027
1749027
1750027
1751027
1752027
1753027
1754027
1755027
1756027
1757027
1758027
1759027
1760027
1761027
1762027
1763027
1764027
1765027
1766027
1767027
1768027
1769027
1770027
1771027
1772027
1773027
1774027
1775027
1776027
1777027
1778027
1779027
1780027
1781027
1782027
1783027
1784027
1785027
1786027
1787027
1788027
1789027
1790027
1791027
1792027
1793027
1794027
1795027
1796027
1797027
1798027
1799027
800028
801028
802028
803028
804028
805028
806028
807028
808028
809028
810028
811028
812028
813028
814028
815028
816028
817028
818028
819028
820028
821028
822028
823028
824028
825028
826028
827028
828028
829028
830028
831028
832028
833028
834028
835028
836028
837028
838028
839028
840028
841028
842028
843028
844028
845028
846028
847028
848028
849028
850028
851028
852028
853028
854028
855028
856028
857028
858028
859028
860028
861028
862028
863028
864028
865028
866028
867028
868028
869028
870028
871028
872028
873028
874028
875028
876028
877028
878028
879028
880028
881028
882028
883028
884028
885028
886028
887028
888028
889028
890028
891028
892028
893028
894028
895028
896028
897028
898028
899028
900028
901028
902028
903028
904028
905028
906028
907028
908028
909028
910028
911028
912028
913028
914028
915028
916028
917028
918028
919028
920028
921028
922028
923028
924028
925028
926028
927028
928028
929028
930028
931028
932028
933028
934028
935028
936028
937028
938028
939028
940028
941028
942028
943028
944028
945028
946028
947028
948028
949028
950028
951028
952028
953028
954028
955028
956028
957028
958028
959028
960028
961028
962028
963028
964028
965028
966028
967028
968028
969028
970028
971028
972028
973028
974028
975028
976028
977028
978028
979028
980028
981028
982028
983028
984028
985028
986028
987028
988028
989028
990028
991028
992028
993028
994028
995028
996028
997028
998028
999028
1000028
1001028
1002028
1003028
1004028
1005028
1006028
1007028
1008028
1009028
1010028
1011028
1012028
1013028
1014028
1015028
1016028
1017028
1018028
1019028
1020028
1021028
1022028
1023028
1024028
1025028
1026028
1027028
1028028
1029028
1030028
1031028
1032028
1033028
1034028
1035028
1036028
1037028
1038028
1039028
1040028
1041028
1042028
1043028
1044028
1045028
1046028
1047028
1048028
1049028
1050028
1051028
1052028
1053028
1054028
1055028
1056028
1057028
1058028
1059028
1060028
1061028
1062028
1063028
1064028
1065028
1066028
1067028
1068028
1069028
1070028
1071028
1072028
1073028
1074028
1075028
1076028
1077028
1078028
1079028
1080028
1081028
1082028
1083028
1084028
1085028
1086028
1087028
1088028
1089028
1090028
1091028
1092028
1093028
1094028
1095028
1096028
1097028
1098028
1099028
1100028
1101028
1102028
1103028
1104028
1105028
1106028
1107028
1108028
1109028
1110028
1111028
1112028
1113028
1114028
1115028
1116028
1117028
1118028
1119028
1120028
1121028
1122028
1123028
1124028
1125028
1126028
1127028
1128028
1129028
1130028
1131028
1132028
1133028
1134028
1135028
1136028
1137028
1138028
1139028
1140028
1141028
1142028
1143028
1144028
1145028
1146028
1147028
1148028
1149028
1150028
1151028
1152028
1153028
1154028
1155028
1156028
1157028
1158028
1159028
1160028
1161028
1162028
1163028
1164028
1165028
1166028
1167028
1168028
1169028
1170028
1171028
1172028
1173028
1174028
1175028
1176028
1177028
1178028
1179028
1180028
1181028
1182028
1183028
1184028
1185028
1186028
1187028
1188028
1189028
1190028
1191028
1192028
1193028
1194028
1195028
1196028
1197028
1198028
1199028
1200028
1201028
1202028
1203028
1204028
1205028
1206028
1207028
1208028
1209028
1210028
1211028
1212028
1213028
1214028
1215028
1216028
1217028
1218028
1219028
1220028
1221028
1222028
1223028
1224028
1225028
1226028
1227028
1228028
1229028
1230028
1231028
1232028
1233028
1234028
1235028
1236028
1237028
1238028
1239028
1240028
1241028
1242028
1243028
1244028
1245028
1246028
1247028
1248028
1249028
1250028
1251028
1252028
1253028
1254028
1255028
1256028
1257028
1258028
1259028
1260028
1261028
1262028
1263028
1264028
1265028
1266028
1267028
1268028
1269028
1270028
1271028
1272028
1273028
1274028
1275028
1276028
1277028
1278028
1279028
1280028
1281028
1282028
1283028
1284028
1285028
1286028
1287028
1288028
1289028
1290028
1291028
1292028
1293028
1294028
1295028
1296028
1297028
1298028
1299028
1300028
1301028
1302028
1303028
1304028
1305028
1306028
1307028
1308028
1309028
1310028
1311028
1312028
1313028
1314028
1315028
1316028
1317028
1318028
1319028
1320028
1321028
1322028
1323028
1324028
1325028
1326028
1327028
1328028
1329028
1330028
1331028
1332028
1333028
1334028
1335028
1336028
1337028
1338028
1339028
1340028
1341028
1342028
1343028
1344028
1345028
1346028
1347028
1348028
1349028
1350028
1351028
1352028
1353028
1354028
1355028
1356028
1357028
1358028
1359028
1360028
1361028
1362028
1363028
1364028
1365028
1366028
1367028
1368028
1369028
1370028
1371028
1372028
1373028
1374028
1375028
1376028
1377028
1378028
1379028
1380028
1381028
1382028
1383028
1384028
1385028
1386028
1387028
1388028
1389028
1390028
1391028
1392028
1393028
1394028
1395028
1396028
1397028
1398028
1399028
1400028
1401028
1402028
1403028
1404028
1405028
1406028
1407028
1408028
1409028
1410028
1411028
1412028
1413028
1414028
1415028
1416028
1417028
1418028
1419028
1420028
1421028
1422028
1423028
1424028
1425028
1426028
1427028
1428028
1429028
1430028
1431028
1432028
1433028
1434028
1435028
1436028
1437028
1438028
1439028
1440028
1441028
1442028
1443028
1444028
1445028
1446028
1447028
1448028
1449028
1450028
1451028
1452028
1453028
1454028
1455028
1456028
1457028
1458028
1459028
1460028
1461028
1462028
1463028
1464028
1465028
1466028
1467028
1468028
1469028
1470028
1471028
1472028
1473028
1474028
1475028
1476028
1477028
1478028
1479028
1480028
1481028
1482028
1483028
1484028
1485028
1486028
1487028
1488028
1489028
1490028
1491028
1492028
1493028
1494028
1495028
1496028
1497028
1498028
1499028
1500028
1501028
1502028
1503028
1504028
1505028
1506028
1507028
1508028
1509028
1510028
1511028
1512028
1513028
1514028
1515028
1516028
1517028
1518028
1519028
1520028
1521028
1522028
1523028
1524028
1525028
1526028
1527028
1528028
1529028
1530028
1531028
1532028
1533028
1534028
1535028
1536028
1537028
1538028
1539028
1540028
1541028
1542028
1543028
1544028
1545028
1546028
1547028
1548028
1549028
1550028
1551028
1552028
1553028
1554028
1555028
1556028
1557028
1558028
1559028
1560028
1561028
1562028
1563028
1564028
1565028
1566028
1567028
1568028
1569028
1570028
1571028
1572028
1573028
1574028
1575028
1576028
1577028
1578028
1579028
1580028
1581028
1582028
1583028
1584028
1585028
1586028
1587028
1588028
1589028
1590028
1591028
1592028
1593028
1594028
1595028
1596028
1597028
1598028
1599028
1600028
1601028
1602028
1603028
1604028
1605028
1606028
1607028
1608028
1609028
1610028
1611028
1612028
1613028
1614028
1615028
1616028
1617028
1618028
1619028
1620028
1621028
1622028
1623028
1624028
1625028
1626028
1627028
1628028
1629028
1630028
1631028
1632028
1633028
1634028
1635028
1636028
1637028
1638028
1639028
1640028
1641028
1642028
1643028
1644028
1645028
1646028
1647028
1648028
1649028
1650028
1651028
1652028
1653028
1654028
1655028
1656028
1657028
1658028
1659028
1660028
1661028
1662028
1663028
1664028
1665028
1666028
1667028
1668028
1669028
1670028
1671028
1672028
1673028
1674028
1675028
1676028
1677028
1678028
1679028
1680028
1681028
1682028
1683028
1684028
1685028
1686028
1687028
1688028
1689028
1690028
1691028
1692028
1693028
1694028
1695028
1696028
1697028
1698028
1699028
1700028
1701028
1702028
1703028
1704028
1705028
1706028
1707028
1708028
1709028
1710028
1711028
1712028
1713028
1714028
1715028
1716028
1717028
1718028
1719028
1720028
1721028
1722028
1723028
1724028
1725028
1726028
1727028
1728028
1729028
1730028
1731028
1732028
1733028
1734028
1735028
1736028
1737028
1738028
1739028
1740028
1741028
1742028
1743028
1744028
1745028
1746028
1747028
1748028
1749028
1750028
1751028
1752028
1753028
1754028
1755028
1756028
1757028
1758028
1759028
1760028
1761028
1762028
1763028
1764028
1765028
1766028
1767028
1768028
1769028
1770028
1771028
1772028
1773028
1774028
1775028
1776028
1777028
1778028
1779028
1780028
1781028
1782028
1783028
1784028
1785028
1786028
1787028
1788028
1789028
1790028
1791028
1792028
1793028
1794028
1795028
1796028
1797028
1798028
1799028
800029
801029
802029
803029
804029
805029
806029
807029
808029
809029
810029
811029
812029
813029
814029
815029
816029
817029
818029
819029
820029
821029
822029
823029
824029
825029
826029
827029
828029
829029
830029
831029
832029
833029
834029
835029
836029
837029
838029
839029
840029
841029
842029
843029
844029
845029
846029
847029
848029
849029
850029
851029
852029
853029
854029
855029
856029
857029
858029
859029
860029
861029
862029
863029
864029
865029
866029
867029
868029
869029
870029
871029
872029
873029
874029
875029
876029
877029
878029
879029
880029
881029
882029
883029
884029
885029
886029
887029
888029
889029
890029
891029
892029
893029
894029
895029
896029
897029
898029
899029
900029
901029
902029
903029
904029
905029
906029
907029
908029
909029
910029
911029
912029
913029
914029
915029
916029
917029
918029
919029
920029
921029
922029
923029
924029
925029
926029
927029
928029
929029
930029
931029
932029
933029
934029
935029
936029
937029
938029
939029
940029
941029
942029
943029
944029
945029
946029
947029
948029
949029
950029
951029
952029
953029
954029
955029
956029
957029
958029
959029
960029
961029
962029
963029
964029
965029
966029
967029
968029
969029
970029
971029
972029
973029
974029
975029
976029
977029
978029
979029
980029
981029
982029
983029
984029
985029
986029
987029
988029
989029
990029
991029
992029
993029
994029
995029
996029
997029
998029
999029
1000029
1001029
1002029
1003029
1004029
1005029
1006029
1007029
1008029
1009029
1010029
1011029
1012029
1013029
1014029
1015029
1016029
1017029
1018029
1019029
1020029
1021029
1022029
1023029
1024029
1025029
1026029
1027029
1028029
1029029
1030029
1031029
1032029
1033029
1034029
1035029
1036029
1037029
1038029
1039029
1040029
1041029
1042029
1043029
1044029
1045029
1046029
1047029
1048029
1049029
1050029
1051029
1052029
1053029
1054029
1055029
1056029
1057029
1058029
1059029
1060029
1061029
1062029
1063029
1064029
1065029
1066029
1067029
1068029
1069029
1070029
1071029
1072029
1073029
1074029
1075029
1076029
1077029
1078029
1079029
1080029
1081029
1082029
1083029
1084029
1085029
1086029
1087029
1088029
1089029
1090029
1091029
1092029
1093029
1094029
1095029
1096029
1097029
1098029
1099029
1100029
1101029
1102029
1103029
1104029
1105029
1106029
1107029
1108029
1109029
1110029
1111029
1112029
1113029
1114029
1115029
1116029
1117029
1118029
1119029
1120029
1121029
1122029
1123029
1124029
1125029
1126029
1127029
1128029
1129029
1130029
1131029
1132029
1133029
1134029
1135029
1136029
1137029
1138029
1139029
1140029
1141029
1142029
1143029
1144029
1145029
1146029
1147029
1148029
1149029
1150029
1151029
1152029
1153029
1154029
1155029
1156029
1157029
1158029
1159029
1160029
1161029
1162029
1163029
1164029
1165029
1166029
1167029
1168029
1169029
1170029
1171029
1172029
1173029
1174029
1175029
1176029
1177029
1178029
1179029
1180029
1181029
1182029
1183029
1184029
1185029
1186029
1187029
1188029
1189029
1190029
1191029
1192029
1193029
1194029
1195029
1196029
1197029
1198029
1199029
1200029
1201029
1202029
1203029
1204029
1205029
1206029
1207029
1208029
1209029
1210029
1211029
1212029
1213029
1214029
1215029
1216029
1217029
1218029
1219029
1220029
1221029
1222029
1223029
1224029
1225029
1226029
1227029
1228029
1229029
1230029
1231029
1232029
1233029
1234029
1235029
1236029
1237029
1238029
1239029
1240029
1241029
1242029
1243029
1244029
1245029
1246029
1247029
1248029
1249029
1250029
1251029
1252029
1253029
1254029
1255029
1256029
1257029
1258029
1259029
1260029
1261029
1262029
1263029
1264029
1265029
1266029
1267029
1268029
1269029
1270029
1271029
1272029
1273029
1274029
1275029
1276029
1277029
1278029
1279029
1280029
1281029
1282029
1283029
1284029
1285029
1286029
1287029
1288029
1289029
1290029
1291029
1292029
1293029
1294029
1295029
1296029
1297029
1298029
1299029
1300029
1301029
1302029
1303029
1304029
1305029
1306029
1307029
1308029
1309029
1310029
1311029
1312029
1313029
1314029
1315029
1316029
1317029
1318029
1319029
1320029
1321029
1322029
1323029
1324029
1325029
1326029
1327029
1328029
1329029
1330029
1331029
1332029
1333029
1334029
1335029
1336029
1337029
1338029
1339029
1340029
1341029
1342029
1343029
1344029
1345029
1346029
1347029
1348029
1349029
1350029
1351029
1352029
1353029
1354029
1355029
1356029
1357029
1358029
1359029
1360029
1361029
1362029
1363029
1364029
1365029
1366029
1367029
1368029
1369029
1370029
1371029
1372029
1373029
1374029
1375029
1376029
1377029
1378029
1379029
1380029
1381029
1382029
1383029
1384029
1385029
1386029
1387029
1388029
1389029
1390029
1391029
1392029
1393029
1394029
1395029
1396029
1397029
1398029
1399029
1400029
1401029
1402029
1403029
1404029
1405029
1406029
1407029
1408029
1409029
1410029
1411029
1412029
1413029
1414029
1415029
1416029
1417029
1418029
1419029
1420029
1421029
1422029
1423029
1424029
1425029
1426029
1427029
1428029
1429029
1430029
1431029
1432029
1433029
1434029
1435029
1436029
1437029
1438029
1439029
1440029
1441029
1442029
1443029
1444029
1445029
1446029
1447029
1448029
1449029
1450029
1451029
1452029
1453029
1454029
1455029
1456029
1457029
1458029
1459029
1460029
1461029
1462029
1463029
1464029
1465029
1466029
1467029
1468029
1469029
1470029
1471029
1472029
1473029
1474029
1475029
1476029
1477029
1478029
1479029
1480029
1481029
1482029
1483029
1484029
1485029
1486029
1487029
1488029
1489029
1490029
1491029
1492029
1493029
1494029
1495029
1496029
1497029
1498029
1499029
1500029
1501029
1502029
1503029
1504029
1505029
1506029
1507029
1508029
1509029
1510029
1511029
1512029
1513029
1514029
1515029
1516029
1517029
1518029
1519029
1520029
1521029
1522029
1523029
1524029
1525029
1526029
1527029
1528029
1529029
1530029
1531029
1532029
1533029
1534029
1535029
1536029
1537029
1538029
1539029
1540029
1541029
1542029
1543029
1544029
1545029
1546029
1547029
1548029
1549029
1550029
1551029
1552029
1553029
1554029
1555029
1556029
1557029
1558029
1559029
1560029
1561029
1562029
1563029
1564029
1565029
1566029
1567029
1568029
1569029
1570029
1571029
1572029
1573029
1574029
1575029
1576029
1577029
1578029
1579029
1580029
1581029
1582029
1583029
1584029
1585029
1586029
1587029
1588029
1589029
1590029
1591029
1592029
1593029
1594029
1595029
1596029
1597029
1598029
1599029
1600029
1601029
1602029
1603029
1604029
1605029
1606029
1607029
1608029
1609029
1610029
1611029
1612029
1613029
1614029
1615029
1616029
1617029
1618029
1619029
1620029
1621029
1622029
1623029
1624029
1625029
1626029
1627029
1628029
1629029
1630029
1631029
1632029
1633029
1634029
1635029
1636029
1637029
1638029
1639029
1640029
1641029
1642029
1643029
1644029
1645029
1646029
1647029
1648029
1649029
1650029
1651029
1652029
1653029
1654029
1655029
1656029
1657029
1658029
1659029
1660029
1661029
1662029
1663029
1664029
1665029
1666029
1667029
1668029
1669029
1670029
1671029
1672029
1673029
1674029
1675029
1676029
1677029
1678029
1679029
1680029
1681029
1682029
1683029
1684029
1685029
1686029
1687029
1688029
1689029
1690029
1691029
1692029
1693029
1694029
1695029
1696029
1697029
1698029
1699029
1700029
1701029
1702029
1703029
1704029
1705029
1706029
1707029
1708029
1709029
1710029
1711029
1712029
1713029
1714029
1715029
1716029
1717029
1718029
1719029
1720029
1721029
1722029
1723029
1724029
1725029
1726029
1727029
1728029
1729029
1730029
1731029
1732029
1733029
1734029
1735029
1736029
1737029
1738029
1739029
1740029
1741029
1742029
1743029
1744029
1745029
1746029
1747029
1748029
1749029
1750029
1751029
1752029
1753029
1754029
1755029
1756029
1757029
1758029
1759029
1760029
1761029
1762029
1763029
1764029
1765029
1766029
1767029
1768029
1769029
1770029
1771029
1772029
1773029
1774029
1775029
1776029
1777029
1778029
1779029
1780029
1781029
1782029
1783029
1784029
1785029
1786029
1787029
1788029
1789029
1790029
1791029
1792029
1793029
1794029
1795029
1796029
1797029
1798029
1799029
800030
801030
802030
803030
804030
805030
806030
807030
808030
809030
810030
811030
812030
813030
814030
815030
816030
817030
818030
819030
820030
821030
822030
823030
824030
825030
826030
827030
828030
829030
830030
831030
832030
833030
834030
835030
836030
837030
838030
839030
840030
841030
842030
843030
844030
845030
846030
847030
848030
849030
850030
851030
852030
853030
854030
855030
856030
857030
858030
859030
860030
861030
862030
863030
864030
865030
866030
867030
868030
869030
870030
871030
872030
873030
874030
875030
876030
877030
878030
879030
880030
881030
882030
883030
884030
885030
886030
887030
888030
889030
890030
891030
892030
893030
894030
895030
896030
897030
898030
899030
900030
901030
902030
903030
904030
905030
906030
907030
908030
909030
910030
911030
912030
913030
914030
915030
916030
917030
918030
919030
920030
921030
922030
923030
924030
925030
926030
927030
928030
929030
930030
931030
932030
933030
934030
935030
936030
937030
938030
939030
940030
941030
942030
943030
944030
945030
946030
947030
948030
949030
950030
951030
952030
953030
954030
955030
956030
957030
958030
959030
960030
961030
962030
963030
964030
965030
966030
967030
968030
969030
970030
971030
972030
973030
974030
975030
976030
977030
978030
979030
980030
981030
982030
983030
984030
985030
986030
987030
988030
989030
990030
991030
992030
993030
994030
995030
996030
997030
998030
999030
1000030
1001030
1002030
1003030
1004030
1005030
1006030
1007030
1008030
1009030
1010030
1011030
1012030
1013030
1014030
1015030
1016030
1017030
1018030
1019030
1020030
1021030
1022030
1023030
1024030
1025030
1026030
1027030
1028030
1029030
1030030
1031030
1032030
1033030
1034030
1035030
1036030
1037030
1038030
1039030
1040030
1041030
1042030
1043030
1044030
1045030
1046030
1047030
1048030
1049030
1050030
1051030
1052030
1053030
1054030
1055030
1056030
1057030
1058030
1059030
1060030
1061030
1062030
1063030
1064030
1065030
1066030
1067030
1068030
1069030
1070030
1071030
1072030
1073030
1074030
1075030
1076030
1077030
1078030
1079030
1080030
1081030
1082030
1083030
1084030
1085030
1086030
1087030
1088030
1089030
1090030
1091030
1092030
1093030
1094030
1095030
1096030
1097030
1098030
1099030
1100030
1101030
1102030
1103030
1104030
1105030
1106030
1107030
1108030
1109030
1110030
1111030
1112030
1113030
1114030
1115030
1116030
1117030
1118030
1119030
1120030
1121030
1122030
1123030
1124030
1125030
1126030
1127030
1128030
1129030
1130030
1131030
1132030
1133030
1134030
1135030
1136030
1137030
1138030
1139030
1140030
1141030
1142030
1143030
1144030
1145030
1146030
1147030
1148030
1149030
1150030
1151030
1152030
1153030
1154030
1155030
1156030
1157030
1158030
1159030
1160030
1161030
1162030
1163030
1164030
1165030
1166030
1167030
1168030
1169030
1170030
1171030
1172030
1173030
1174030
1175030
1176030
1177030
1178030
1179030
1180030
1181030
1182030
1183030
1184030
1185030
1186030
1187030
1188030
1189030
1190030
1191030
1192030
1193030
1194030
1195030
1196030
1197030
1198030
1199030
1200030
1201030
1202030
1203030
1204030
1205030
1206030
1207030
1208030
1209030
1210030
1211030
1212030
1213030
1214030
1215030
1216030
1217030
1218030
1219030
1220030
1221030
1222030
1223030
1224030
1225030
1226030
1227030
1228030
1229030
1230030
1231030
1232030
1233030
1234030
1235030
1236030
1237030
1238030
1239030
1240030
1241030
1242030
1243030
1244030
1245030
1246030
1247030
1248030
1249030
1250030
1251030
1252030
1253030
1254030
1255030
1256030
1257030
1258030
1259030
1260030
1261030
1262030
1263030
1264030
1265030
1266030
1267030
1268030
1269030
1270030
1271030
1272030
1273030
1274030
1275030
1276030
1277030
1278030
1279030
1280030
1281030
1282030
1283030
1284030
1285030
1286030
1287030
1288030
1289030
1290030
1291030
1292030
1293030
1294030
1295030
1296030
1297030
1298030
1299030
1300030
1301030
1302030
1303030
1304030
1305030
1306030
1307030
1308030
1309030
1310030
1311030
1312030
1313030
1314030
1315030
1316030
1317030
1318030
1319030
1320030
1321030
1322030
1323030
1324030
1325030
1326030
1327030
1328030
1329030
1330030
1331030
1332030
1333030
1334030
1335030
1336030
1337030
1338030
1339030
1340030
1341030
1342030
1343030
1344030
1345030
1346030
1347030
1348030
1349030
1350030
1351030
1352030
1353030
1354030
1355030
1356030
1357030
1358030
1359030
1360030
1361030
1362030
1363030
1364030
1365030
1366030
1367030
1368030
1369030
1370030
1371030
1372030
1373030
1374030
1375030
1376030
1377030
1378030
1379030
1380030
1381030
1382030
1383030
1384030
1385030
1386030
1387030
1388030
1389030
1390030
1391030
1392030
1393030
1394030
1395030
1396030
1397030
1398030
1399030
1400030
1401030
1402030
1403030
1404030
1405030
1406030
1407030
1408030
1409030
1410030
1411030
1412030
1413030
1414030
1415030
1416030
1417030
1418030
1419030
1420030
1421030
1422030
1423030
1424030
1425030
1426030
1427030
1428030
1429030
1430030
1431030
1432030
1433030
1434030
1435030
1436030
1437030
1438030
1439030
1440030
1441030
1442030
1443030
1444030
1445030
1446030
1447030
1448030
1449030
1450030
1451030
1452030
1453030
1454030
1455030
1456030
1457030
1458030
1459030
1460030
1461030
1462030
1463030
1464030
1465030
1466030
1467030
1468030
1469030
1470030
1471030
1472030
1473030
1474030
1475030
1476030
1477030
1478030
1479030
1480030
1481030
1482030
1483030
1484030
1485030
1486030
1487030
1488030
1489030
1490030
1491030
1492030
1493030
1494030
1495030
1496030
1497030
1498030
1499030
1500030
1501030
1502030
1503030
1504030
1505030
1506030
1507030
1508030
1509030
1510030
1511030
1512030
1513030
1514030
1515030
1516030
1517030
1518030
1519030
1520030
1521030
1522030
1523030
1524030
1525030
1526030
1527030
1528030
1529030
1530030
1531030
1532030
1533030
1534030
1535030
1536030
1537030
1538030
1539030
1540030
1541030
1542030
1543030
1544030
1545030
1546030
1547030
1548030
1549030
1550030
1551030
1552030
1553030
1554030
1555030
1556030
1557030
1558030
1559030
1560030
1561030
1562030
1563030
1564030
1565030
1566030
1567030
1568030
1569030
1570030
1571030
1572030
1573030
1574030
1575030
1576030
1577030
1578030
1579030
1580030
1581030
1582030
1583030
1584030
1585030
1586030
1587030
1588030
1589030
1590030
1591030
1592030
1593030
1594030
1595030
1596030
1597030
1598030
1599030
1600030
1601030
1602030
1603030
1604030
1605030
1606030
1607030
1608030
1609030
1610030
1611030
1612030
1613030
1614030
1615030
1616030
1617030
1618030
1619030
1620030
1621030
1622030
1623030
1624030
1625030
1626030
1627030
1628030
1629030
1630030
1631030
1632030
1633030
1634030
1635030
1636030
1637030
1638030
1639030
1640030
1641030
1642030
1643030
1644030
1645030
1646030
1647030
1648030
1649030
1650030
1651030
1652030
1653030
1654030
1655030
1656030
1657030
1658030
1659030
1660030
1661030
1662030
1663030
1664030
1665030
1666030
1667030
1668030
1669030
1670030
1671030
1672030
1673030
1674030
1675030
1676030
1677030
1678030
1679030
1680030
1681030
1682030
1683030
1684030
1685030
1686030
1687030
1688030
1689030
1690030
1691030
1692030
1693030
1694030
1695030
1696030
1697030
1698030
1699030
1700030
1701030
1702030
1703030
1704030
1705030
1706030
1707030
1708030
1709030
1710030
1711030
1712030
1713030
1714030
1715030
1716030
1717030
1718030
1719030
1720030
1721030
1722030
1723030
1724030
1725030
1726030
1727030
1728030
1729030
1730030
1731030
1732030
1733030
1734030
1735030
1736030
1737030
1738030
1739030
1740030
1741030
1742030
1743030
1744030
1745030
1746030
1747030
1748030
1749030
1750030
1751030
1752030
1753030
1754030
1755030
1756030
1757030
1758030
1759030
1760030
1761030
1762030
1763030
1764030
1765030
1766030
1767030
1768030
1769030
1770030
1771030
1772030
1773030
1774030
1775030
1776030
1777030
1778030
1779030
1780030
1781030
1782030
1783030
1784030
1785030
1786030
1787030
1788030
1789030
1790030
1791030
1792030
1793030
1794030
1795030
1796030
1797030
1798030
1799030
800031
801031
802031
803031
804031
805031
806031
807031
808031
809031
810031
811031
812031
813031
814031
815031
816031
817031
818031
819031
820031
821031
822031
823031
824031
825031
826031
827031
828031
829031
830031
831031
832031
833031
834031
835031
836031
837031
838031
839031
840031
841031
842031
843031
844031
845031
846031
847031
848031
849031
850031
851031
852031
853031
854031
855031
856031
857031
858031
859031
860031
861031
862031
863031
864031
865031
866031
867031
868031
869031
870031
871031
872031
873031
874031
875031
876031
877031
878031
879031
880031
881031
882031
883031
884031
885031
886031
887031
888031
889031
890031
891031
892031
893031
894031
895031
896031
897031
898031
899031
900031
901031
902031
903031
904031
905031
906031
907031
908031
909031
910031
911031
912031
913031
914031
915031
916031
917031
918031
919031
920031
921031
922031
923031
924031
925031
926031
927031
928031
929031
930031
931031
932031
933031
934031
935031
936031
937031
938031
939031
940031
941031
942031
943031
944031
945031
946031
947031
948031
949031
950031
951031
952031
953031
954031
955031
956031
957031
958031
959031
960031
961031
962031
963031
964031
965031
966031
967031
968031
969031
970031
971031
972031
973031
974031
975031
976031
977031
978031
979031
980031
981031
982031
983031
984031
985031
986031
987031
988031
989031
990031
991031
992031
993031
994031
995031
996031
997031
998031
999031
1000031
1001031
1002031
1003031
1004031
1005031
1006031
1007031
1008031
1009031
1010031
1011031
1012031
1013031
1014031
1015031
1016031
1017031
1018031
1019031
1020031
1021031
1022031
1023031
1024031
1025031
1026031
1027031
1028031
1029031
1030031
1031031
1032031
1033031
1034031
1035031
1036031
1037031
1038031
1039031
1040031
1041031
1042031
1043031
1044031
1045031
1046031
1047031
1048031
1049031
1050031
1051031
1052031
1053031
1054031
1055031
1056031
1057031
1058031
1059031
1060031
1061031
1062031
1063031
1064031
1065031
1066031
1067031
1068031
1069031
1070031
1071031
1072031
1073031
1074031
1075031
1076031
1077031
1078031
1079031
1080031
1081031
1082031
1083031
1084031
1085031
1086031
1087031
1088031
1089031
1090031
1091031
1092031
1093031
1094031
1095031
1096031
1097031
1098031
1099031
1100031
1101031
1102031
1103031
1104031
1105031
1106031
1107031
1108031
1109031
1110031
1111031
1112031
1113031
1114031
1115031
1116031
1117031
1118031
1119031
1120031
1121031
1122031
1123031
1124031
1125031
1126031
1127031
1128031
1129031
1130031
1131031
1132031
1133031
1134031
1135031
1136031
1137031
1138031
1139031
1140031
1141031
1142031
1143031
1144031
1145031
1146031
1147031
1148031
1149031
1150031
1151031
1152031
1153031
1154031
1155031
1156031
1157031
1158031
1159031
1160031
1161031
1162031
1163031
1164031
1165031
1166031
1167031
1168031
1169031
1170031
1171031
1172031
1173031
1174031
1175031
1176031
1177031
1178031
1179031
1180031
1181031
1182031
1183031
1184031
1185031
1186031
1187031
1188031
1189031
1190031
1191031
1192031
1193031
1194031
1195031
1196031
1197031
1198031
1199031
1200031
1201031
1202031
1203031
1204031
1205031
1206031
1207031
1208031
1209031
1210031
1211031
1212031
1213031
1214031
1215031
1216031
1217031
1218031
1219031
1220031
1221031
1222031
1223031
1224031
1225031
1226031
1227031
1228031
1229031
1230031
1231031
1232031
1233031
1234031
1235031
1236031
1237031
1238031
1239031
1240031
1241031
1242031
1243031
1244031
1245031
1246031
1247031
1248031
1249031
1250031
1251031
1252031
1253031
1254031
1255031
1256031
1257031
1258031
1259031
1260031
1261031
1262031
1263031
1264031
1265031
1266031
1267031
1268031
1269031
1270031
1271031
1272031
1273031
1274031
1275031
1276031
1277031
1278031
1279031
1280031
1281031
1282031
1283031
1284031
1285031
1286031
1287031
1288031
1289031
1290031
1291031
1292031
1293031
1294031
1295031
1296031
1297031
1298031
1299031
1300031
1301031
1302031
1303031
1304031
1305031
1306031
1307031
1308031
1309031
1310031
1311031
1312031
1313031
1314031
1315031
1316031
1317031
1318031
1319031
1320031
1321031
1322031
1323031
1324031
1325031
1326031
1327031
1328031
1329031
1330031
1331031
1332031
1333031
1334031
1335031
1336031
1337031
1338031
1339031
1340031
1341031
1342031
1343031
1344031
1345031
1346031
1347031
1348031
1349031
1350031
1351031
1352031
1353031
1354031
1355031
1356031
1357031
1358031
1359031
1360031
1361031
1362031
1363031
1364031
1365031
1366031
1367031
1368031
1369031
1370031
1371031
1372031
1373031
1374031
1375031
1376031
1377031
1378031
1379031
1380031
1381031
1382031
1383031
1384031
1385031
1386031
1387031
1388031
1389031
1390031
1391031
1392031
1393031
1394031
1395031
1396031
1397031
1398031
1399031
1400031
1401031
1402031
1403031
1404031
1405031
1406031
1407031
1408031
1409031
1410031
1411031
1412031
1413031
1414031
1415031
1416031
1417031
1418031
1419031
1420031
1421031
1422031
1423031
1424031
1425031
1426031
1427031
1428031
1429031
1430031
1431031
1432031
1433031
1434031
1435031
1436031
1437031
1438031
1439031
1440031
1441031
1442031
1443031
1444031
1445031
1446031
1447031
1448031
1449031
1450031
1451031
1452031
1453031
1454031
1455031
1456031
1457031
1458031
1459031
1460031
1461031
1462031
1463031
1464031
1465031
1466031
1467031
1468031
1469031
1470031
1471031
1472031
1473031
1474031
1475031
1476031
1477031
1478031
1479031
1480031
1481031
1482031
1483031
1484031
1485031
1486031
1487031
1488031
1489031
1490031
1491031
1492031
1493031
1494031
1495031
1496031
1497031
1498031
1499031
1500031
1501031
1502031
1503031
1504031
1505031
1506031
1507031
1508031
1509031
1510031
1511031
1512031
1513031
1514031
1515031
1516031
1517031
1518031
1519031
1520031
1521031
1522031
1523031
1524031
1525031
1526031
1527031
1528031
1529031
1530031
1531031
1532031
1533031
1534031
1535031
1536031
1537031
1538031
1539031
1540031
1541031
1542031
1543031
1544031
1545031
1546031
1547031
1548031
1549031
1550031
1551031
1552031
1553031
1554031
1555031
1556031
1557031
1558031
1559031
1560031
1561031
1562031
1563031
1564031
1565031
1566031
1567031
1568031
1569031
1570031
1571031
1572031
1573031
1574031
1575031
1576031
1577031
1578031
1579031
1580031
1581031
1582031
1583031
1584031
1585031
1586031
1587031
1588031
1589031
1590031
1591031
1592031
1593031
1594031
1595031
1596031
1597031
1598031
1599031
1600031
1601031
1602031
1603031
1604031
1605031
1606031
1607031
1608031
1609031
1610031
1611031
1612031
1613031
1614031
1615031
1616031
1617031
1618031
1619031
1620031
1621031
1622031
1623031
1624031
1625031
1626031
1627031
1628031
1629031
1630031
1631031
1632031
1633031
1634031
1635031
1636031
1637031
1638031
1639031
1640031
1641031
1642031
1643031
1644031
1645031
1646031
1647031
1648031
1649031
1650031
1651031
1652031
1653031
1654031
1655031
1656031
1657031
1658031
1659031
1660031
1661031
1662031
1663031
1664031
1665031
1666031
1667031
1668031
1669031
1670031
1671031
1672031
1673031
1674031
1675031
1676031
1677031
1678031
1679031
1680031
1681031
1682031
1683031
1684031
1685031
1686031
1687031
1688031
1689031
1690031
1691031
1692031
1693031
1694031
1695031
1696031
1697031
1698031
1699031
1700031
1701031
1702031
1703031
1704031
1705031
1706031
1707031
1708031
1709031
1710031
1711031
1712031
1713031
1714031
1715031
1716031
1717031
1718031
1719031
1720031
1721031
1722031
1723031
1724031
1725031
1726031
1727031
1728031
1729031
1730031
1731031
1732031
1733031
1734031
1735031
1736031
1737031
1738031
1739031
1740031
1741031
1742031
1743031
1744031
1745031
1746031
1747031
1748031
1749031
1750031
1751031
1752031
1753031
1754031
1755031
1756031
1757031
1758031
1759031
1760031
1761031
1762031
1763031
1764031
1765031
1766031
1767031
1768031
1769031
1770031
1771031
1772031
1773031
1774031
1775031
1776031
1777031
1778031
1779031
1780031
1781031
1782031
1783031
1784031
1785031
1786031
1787031
1788031
1789031
1790031
1791031
1792031
1793031
1794031
1795031
1796031
1797031
1798031
1799031
800032
801032
802032
803032
804032
805032
806032
807032
808032
809032
810032
811032
812032
813032
814032
815032
816032
817032
818032
819032
820032
821032
822032
823032
824032
825032
826032
827032
828032
829032
830032
831032
832032
833032
834032
835032
836032
837032
838032
839032
840032
841032
842032
843032
844032
845032
846032
847032
848032
849032
850032
851032
852032
853032
854032
855032
856032
857032
858032
859032
860032
861032
862032
863032
864032
865032
866032
867032
868032
869032
870032
871032
872032
873032
874032
875032
876032
877032
878032
879032
880032
881032
882032
883032
884032
885032
886032
887032
888032
889032
890032
891032
892032
893032
894032
895032
896032
897032
898032
899032
900032
901032
902032
903032
904032
905032
906032
907032
908032
909032
910032
911032
912032
913032
914032
915032
916032
917032
918032
919032
920032
921032
922032
923032
924032
925032
926032
927032
928032
929032
930032
931032
932032
933032
934032
935032
936032
937032
938032
939032
940032
941032
942032
943032
944032
945032
946032
947032
948032
949032
950032
951032
952032
953032
954032
955032
956032
957032
958032
959032
960032
961032
962032
963032
964032
965032
966032
967032
968032
969032
970032
971032
972032
973032
974032
975032
976032
977032
978032
979032
980032
981032
982032
983032
984032
985032
986032
987032
988032
989032
990032
991032
992032
993032
994032
995032
996032
997032
998032
999032
1000032
1001032
1002032
1003032
1004032
1005032
1006032
1007032
1008032
1009032
1010032
1011032
1012032
1013032
1014032
1015032
1016032
1017032
1018032
1019032
1020032
1021032
1022032
1023032
1024032
1025032
1026032
1027032
1028032
1029032
1030032
1031032
1032032
1033032
1034032
1035032
1036032
1037032
1038032
1039032
1040032
1041032
1042032
1043032
1044032
1045032
1046032
1047032
1048032
1049032
1050032
1051032
1052032
1053032
1054032
1055032
1056032
1057032
1058032
1059032
1060032
1061032
1062032
1063032
1064032
1065032
1066032
1067032
1068032
1069032
1070032
1071032
1072032
1073032
1074032
1075032
1076032
1077032
1078032
1079032
1080032
1081032
1082032
1083032
1084032
1085032
1086032
1087032
1088032
1089032
1090032
1091032
1092032
1093032
1094032
1095032
1096032
1097032
1098032
1099032
1100032
1101032
1102032
1103032
1104032
1105032
1106032
1107032
1108032
1109032
1110032
1111032
1112032
1113032
1114032
1115032
1116032
1117032
1118032
1119032
1120032
1121032
1122032
1123032
1124032
1125032
1126032
1127032
1128032
1129032
1130032
1131032
1132032
1133032
1134032
1135032
1136032
1137032
1138032
1139032
1140032
1141032
1142032
1143032
1144032
1145032
1146032
1147032
1148032
1149032
1150032
1151032
1152032
1153032
1154032
1155032
1156032
1157032
1158032
1159032
1160032
1161032
1162032
1163032
1164032
1165032
1166032
1167032
1168032
1169032
1170032
1171032
1172032
1173032
1174032
1175032
1176032
1177032
1178032
1179032
1180032
1181032
1182032
1183032
1184032
1185032
1186032
1187032
1188032
1189032
1190032
1191032
1192032
1193032
1194032
1195032
1196032
1197032
1198032
1199032
1200032
1201032
1202032
1203032
1204032
1205032
1206032
1207032
1208032
1209032
1210032
1211032
1212032
1213032
1214032
1215032
1216032
1217032
1218032
1219032
1220032
1221032
1222032
1223032
1224032
1225032
1226032
1227032
1228032
1229032
1230032
1231032
1232032
1233032
1234032
1235032
1236032
1237032
1238032
1239032
1240032
1241032
1242032
1243032
1244032
1245032
1246032
1247032
1248032
1249032
1250032
1251032
1252032
1253032
1254032
1255032
1256032
1257032
1258032
1259032
1260032
1261032
1262032
1263032
1264032
1265032
1266032
1267032
1268032
1269032
1270032
1271032
1272032
1273032
1274032
1275032
1276032
1277032
1278032
1279032
1280032
1281032
1282032
1283032
1284032
1285032
1286032
1287032
1288032
1289032
1290032
1291032
1292032
1293032
1294032
1295032
1296032
1297032
1298032
1299032
1300032
1301032
1302032
1303032
1304032
1305032
1306032
1307032
1308032
1309032
1310032
1311032
1312032
1313032
1314032
1315032
1316032
1317032
1318032
1319032
1320032
1321032
1322032
1323032
1324032
1325032
1326032
1327032
1328032
1329032
1330032
1331032
1332032
1333032
1334032
1335032
1336032
1337032
1338032
1339032
1340032
1341032
1342032
1343032
1344032
1345032
1346032
1347032
1348032
1349032
1350032
1351032
1352032
1353032
1354032
1355032
1356032
1357032
1358032
1359032
1360032
1361032
1362032
1363032
1364032
1365032
1366032
1367032
1368032
1369032
1370032
1371032
1372032
1373032
1374032
1375032
1376032
1377032
1378032
1379032
1380032
1381032
1382032
1383032
1384032
1385032
1386032
1387032
1388032
1389032
1390032
1391032
1392032
1393032
1394032
1395032
1396032
1397032
1398032
1399032
1400032
1401032
1402032
1403032
1404032
1405032
1406032
1407032
1408032
1409032
1410032
1411032
1412032
1413032
1414032
1415032
1416032
1417032
1418032
1419032
1420032
1421032
1422032
1423032
1424032
1425032
1426032
1427032
1428032
1429032
1430032
1431032
1432032
1433032
1434032
1435032
1436032
1437032
1438032
1439032
1440032
1441032
1442032
1443032
1444032
1445032
1446032
1447032
1448032
1449032
1450032
1451032
1452032
1453032
1454032
1455032
1456032
1457032
1458032
1459032
1460032
1461032
1462032
1463032
1464032
1465032
1466032
1467032
1468032
1469032
1470032
1471032
1472032
1473032
1474032
1475032
1476032
1477032
1478032
1479032
1480032
1481032
1482032
1483032
1484032
1485032
1486032
1487032
1488032
1489032
1490032
1491032
1492032
1493032
1494032
1495032
1496032
1497032
1498032
1499032
1500032
1501032
1502032
1503032
1504032
1505032
1506032
1507032
1508032
1509032
1510032
1511032
1512032
1513032
1514032
1515032
1516032
1517032
1518032
1519032
1520032
1521032
1522032
1523032
1524032
1525032
1526032
1527032
1528032
1529032
1530032
1531032
1532032
1533032
1534032
1535032
1536032
1537032
1538032
1539032
1540032
1541032
1542032
1543032
1544032
1545032
1546032
1547032
1548032
1549032
1550032
1551032
1552032
1553032
1554032
1555032
1556032
1557032
1558032
1559032
1560032
1561032
1562032
1563032
1564032
1565032
1566032
1567032
1568032
1569032
1570032
1571032
1572032
1573032
1574032
1575032
1576032
1577032
1578032
1579032
1580032
1581032
1582032
1583032
1584032
1585032
1586032
1587032
1588032
1589032
1590032
1591032
1592032
1593032
1594032
1595032
1596032
1597032
1598032
1599032
1600032
1601032
1602032
1603032
1604032
1605032
1606032
1607032
1608032
1609032
1610032
1611032
1612032
1613032
1614032
1615032
1616032
1617032
1618032
1619032
1620032
1621032
1622032
1623032
1624032
1625032
1626032
1627032
1628032
1629032
1630032
1631032
1632032
1633032
1634032
1635032
1636032
1637032
1638032
1639032
1640032
1641032
1642032
1643032
1644032
1645032
1646032
1647032
1648032
1649032
1650032
1651032
1652032
1653032
1654032
1655032
1656032
1657032
1658032
1659032
1660032
1661032
1662032
1663032
1664032
1665032
1666032
1667032
1668032
1669032
1670032
1671032
1672032
1673032
1674032
1675032
1676032
1677032
1678032
1679032
1680032
1681032
1682032
1683032
1684032
1685032
1686032
1687032
1688032
1689032
1690032
1691032
1692032
1693032
1694032
1695032
1696032
1697032
1698032
1699032
1700032
1701032
1702032
1703032
1704032
1705032
1706032
1707032
1708032
1709032
1710032
1711032
1712032
1713032
1714032
1715032
1716032
1717032
1718032
1719032
1720032
1721032
1722032
1723032
1724032
1725032
1726032
1727032
1728032
1729032
1730032
1731032
1732032
1733032
1734032
1735032
1736032
1737032
1738032
1739032
1740032
1741032
1742032
1743032
1744032
1745032
1746032
1747032
1748032
1749032
1750032
1751032
1752032
1753032
1754032
1755032
1756032
1757032
1758032
1759032
1760032
1761032
1762032
1763032
1764032
1765032
1766032
1767032
1768032
1769032
1770032
1771032
1772032
1773032
1774032
1775032
1776032
1777032
1778032
1779032
1780032
1781032
1782032
1783032
1784032
1785032
1786032
1787032
1788032
1789032
1790032
1791032
1792032
1793032
1794032
1795032
1796032
1797032
1798032
1799032
800033
801033
802033
803033
804033
805033
806033
807033
808033
809033
810033
811033
812033
813033
814033
815033
816033
817033
818033
819033
820033
821033
822033
823033
824033
825033
826033
827033
828033
829033
830033
831033
832033
833033
834033
835033
836033
837033
838033
839033
840033
841033
842033
843033
844033
845033
846033
847033
848033
849033
850033
851033
852033
853033
854033
855033
856033
857033
858033
859033
860033
861033
862033
863033
864033
865033
866033
867033
868033
869033
870033
871033
872033
873033
874033
875033
876033
877033
878033
879033
880033
881033
882033
883033
884033
885033
886033
887033
888033
889033
890033
891033
892033
893033
894033
895033
896033
897033
898033
899033
900033
901033
902033
903033
904033
905033
906033
907033
908033
909033
910033
911033
912033
913033
914033
915033
916033
917033
918033
919033
920033
921033
922033
923033
924033
925033
926033
927033
928033
929033
930033
931033
932033
933033
934033
935033
936033
937033
938033
939033
940033
941033
942033
943033
944033
945033
946033
947033
948033
949033
950033
951033
952033
953033
954033
955033
956033
957033
958033
959033
960033
961033
962033
963033
964033
965033
966033
967033
968033
969033
970033
971033
972033
973033
974033
975033
976033
977033
978033
979033
980033
981033
982033
983033
984033
985033
986033
987033
988033
989033
990033
991033
992033
993033
994033
995033
996033
997033
998033
999033
1000033
1001033
1002033
1003033
1004033
1005033
1006033
1007033
1008033
1009033
1010033
1011033
1012033
1013033
1014033
1015033
1016033
1017033
1018033
1019033
1020033
1021033
1022033
1023033
1024033
1025033
1026033
1027033
1028033
1029033
1030033
1031033
1032033
1033033
1034033
1035033
1036033
1037033
1038033
1039033
1040033
1041033
1042033
1043033
1044033
1045033
1046033
1047033
1048033
1049033
1050033
1051033
1052033
1053033
1054033
1055033
1056033
1057033
1058033
1059033
1060033
1061033
1062033
1063033
1064033
1065033
1066033
1067033
1068033
1069033
1070033
1071033
1072033
1073033
1074033
1075033
1076033
1077033
1078033
1079033
1080033
1081033
1082033
1083033
1084033
1085033
1086033
1087033
1088033
1089033
1090033
1091033
1092033
1093033
1094033
1095033
1096033
1097033
1098033
1099033
1100033
1101033
1102033
1103033
1104033
1105033
1106033
1107033
1108033
1109033
1110033
1111033
1112033
1113033
1114033
1115033
1116033
1117033
1118033
1119033
1120033
1121033
1122033
1123033
1124033
1125033
1126033
1127033
1128033
1129033
1130033
1131033
1132033
1133033
1134033
1135033
1136033
1137033
1138033
1139033
1140033
1141033
1142033
1143033
1144033
1145033
1146033
1147033
1148033
1149033
1150033
1151033
1152033
1153033
1154033
1155033
1156033
1157033
1158033
1159033
1160033
1161033
1162033
1163033
1164033
1165033
1166033
1167033
1168033
1169033
1170033
1171033
1172033
1173033
1174033
1175033
1176033
1177033
1178033
1179033
1180033
1181033
1182033
1183033
1184033
1185033
1186033
1187033
1188033
1189033
1190033
1191033
1192033
1193033
1194033
1195033
1196033
1197033
1198033
1199033
1200033
1201033
1202033
1203033
1204033
1205033
1206033
1207033
1208033
1209033
1210033
1211033
1212033
1213033
1214033
1215033
1216033
1217033
1218033
1219033
1220033
1221033
1222033
1223033
1224033
1225033
1226033
1227033
1228033
1229033
1230033
1231033
1232033
1233033
1234033
1235033
1236033
1237033
1238033
1239033
1240033
1241033
1242033
1243033
1244033
1245033
1246033
1247033
1248033
1249033
1250033
1251033
1252033
1253033
1254033
1255033
1256033
1257033
1258033
1259033
1260033
1261033
1262033
1263033
1264033
1265033
1266033
1267033
1268033
1269033
1270033
1271033
1272033
1273033
1274033
1275033
1276033
1277033
1278033
1279033
1280033
1281033
1282033
1283033
1284033
1285033
1286033
1287033
1288033
1289033
1290033
1291033
1292033
1293033
1294033
1295033
1296033
1297033
1298033
1299033
1300033
1301033
1302033
1303033
1304033
1305033
1306033
1307033
1308033
1309033
1310033
1311033
1312033
1313033
1314033
1315033
1316033
1317033
1318033
1319033
1320033
1321033
1322033
1323033
1324033
1325033
1326033
1327033
1328033
1329033
1330033
1331033
1332033
1333033
1334033
1335033
1336033
1337033
1338033
1339033
1340033
1341033
1342033
1343033
1344033
1345033
1346033
1347033
1348033
1349033
1350033
1351033
1352033
1353033
1354033
1355033
1356033
1357033
1358033
1359033
1360033
1361033
1362033
1363033
1364033
1365033
1366033
1367033
1368033
1369033
1370033
1371033
1372033
1373033
1374033
1375033
1376033
1377033
1378033
1379033
1380033
1381033
1382033
1383033
1384033
1385033
1386033
1387033
1388033
1389033
1390033
1391033
1392033
1393033
1394033
1395033
1396033
1397033
1398033
1399033
1400033
1401033
1402033
1403033
1404033
1405033
1406033
1407033
1408033
1409033
1410033
1411033
1412033
1413033
1414033
1415033
1416033
1417033
1418033
1419033
1420033
1421033
1422033
1423033
1424033
1425033
1426033
1427033
1428033
1429033
1430033
1431033
1432033
1433033
1434033
1435033
1436033
1437033
1438033
1439033
1440033
1441033
1442033
1443033
1444033
1445033
1446033
1447033
1448033
1449033
1450033
1451033
1452033
1453033
1454033
1455033
1456033
1457033
1458033
1459033
1460033
1461033
1462033
1463033
1464033
1465033
1466033
1467033
1468033
1469033
1470033
1471033
1472033
1473033
1474033
1475033
1476033
1477033
1478033
1479033
1480033
1481033
1482033
1483033
1484033
1485033
1486033
1487033
1488033
1489033
1490033
1491033
1492033
1493033
1494033
1495033
1496033
1497033
1498033
1499033
1500033
1501033
1502033
1503033
1504033
1505033
1506033
1507033
1508033
1509033
1510033
1511033
1512033
1513033
1514033
1515033
1516033
1517033
1518033
1519033
1520033
1521033
1522033
1523033
1524033
1525033
1526033
1527033
1528033
1529033
1530033
1531033
1532033
1533033
1534033
1535033
1536033
1537033
1538033
1539033
1540033
1541033
1542033
1543033
1544033
1545033
1546033
1547033
1548033
1549033
1550033
1551033
1552033
1553033
1554033
1555033
1556033
1557033
1558033
1559033
1560033
1561033
1562033
1563033
1564033
1565033
1566033
1567033
1568033
1569033
1570033
1571033
1572033
1573033
1574033
1575033
1576033
1577033
1578033
1579033
1580033
1581033
1582033
1583033
1584033
1585033
1586033
1587033
1588033
1589033
1590033
1591033
1592033
1593033
1594033
1595033
1596033
1597033
1598033
1599033
1600033
1601033
1602033
1603033
1604033
1605033
1606033
1607033
1608033
1609033
1610033
1611033
1612033
1613033
1614033
1615033
1616033
1617033
1618033
1619033
1620033
1621033
1622033
1623033
1624033
1625033
1626033
1627033
1628033
1629033
1630033
1631033
1632033
1633033
1634033
1635033
1636033
1637033
1638033
1639033
1640033
1641033
1642033
1643033
1644033
1645033
1646033
1647033
1648033
1649033
1650033
1651033
1652033
1653033
1654033
1655033
1656033
1657033
1658033
1659033
1660033
1661033
1662033
1663033
1664033
1665033
1666033
1667033
1668033
1669033
1670033
1671033
1672033
1673033
1674033
1675033
1676033
1677033
1678033
1679033
1680033
1681033
1682033
1683033
1684033
1685033
1686033
1687033
1688033
1689033
1690033
1691033
1692033
1693033
1694033
1695033
1696033
1697033
1698033
1699033
1700033
1701033
1702033
1703033
1704033
1705033
1706033
1707033
1708033
1709033
1710033
1711033
1712033
1713033
1714033
1715033
1716033
1717033
1718033
1719033
1720033
1721033
1722033
1723033
1724033
1725033
1726033
1727033
1728033
1729033
1730033
1731033
1732033
1733033
1734033
1735033
1736033
1737033
1738033
1739033
1740033
1741033
1742033
1743033
1744033
1745033
1746033
1747033
1748033
1749033
1750033
1751033
1752033
1753033
1754033
1755033
1756033
1757033
1758033
1759033
1760033
1761033
1762033
1763033
1764033
1765033
1766033
1767033
1768033
1769033
1770033
1771033
1772033
1773033
1774033
1775033
1776033
1777033
1778033
1779033
1780033
1781033
1782033
1783033
1784033
1785033
1786033
1787033
1788033
1789033
1790033
1791033
1792033
1793033
1794033
1795033
1796033
1797033
1798033
1799033
800034
801034
802034
803034
804034
805034
806034
807034
808034
809034
810034
811034
812034
813034
814034
815034
816034
817034
818034
819034
820034
821034
822034
823034
824034
825034
826034
827034
828034
829034
830034
831034
832034
833034
834034
835034
836034
837034
838034
839034
840034
841034
842034
843034
844034
845034
846034
847034
848034
849034
850034
851034
852034
853034
854034
855034
856034
857034
858034
859034
860034
861034
862034
863034
864034
865034
866034
867034
868034
869034
870034
871034
872034
873034
874034
875034
876034
877034
878034
879034
880034
881034
882034
883034
884034
885034
886034
887034
888034
889034
890034
891034
892034
893034
894034
895034
896034
897034
898034
899034
900034
901034
902034
903034
904034
905034
906034
907034
908034
909034
910034
911034
912034
913034
914034
915034
916034
917034
918034
919034
920034
921034
922034
923034
924034
925034
926034
927034
928034
929034
930034
931034
932034
933034
934034
935034
936034
937034
938034
939034
940034
941034
942034
943034
944034
945034
946034
947034
948034
949034
950034
951034
952034
953034
954034
955034
956034
957034
958034
959034
960034
961034
962034
963034
964034
965034
966034
967034
968034
969034
970034
971034
972034
973034
974034
975034
976034
977034
978034
979034
980034
981034
982034
983034
984034
985034
986034
987034
988034
989034
990034
991034
992034
993034
994034
995034
996034
997034
998034
999034
1000034
1001034
1002034
1003034
1004034
1005034
1006034
1007034
1008034
1009034
1010034
1011034
1012034
1013034
1014034
1015034
1016034
1017034
1018034
1019034
1020034
1021034
1022034
1023034
1024034
1025034
1026034
1027034
1028034
1029034
1030034
1031034
1032034
1033034
1034034
1035034
1036034
1037034
1038034
1039034
1040034
1041034
1042034
1043034
1044034
1045034
1046034
1047034
1048034
1049034
1050034
1051034
1052034
1053034
1054034
1055034
1056034
1057034
1058034
1059034
1060034
1061034
1062034
1063034
1064034
1065034
1066034
1067034
1068034
1069034
1070034
1071034
1072034
1073034
1074034
1075034
1076034
1077034
1078034
1079034
1080034
1081034
1082034
1083034
1084034
1085034
1086034
1087034
1088034
1089034
1090034
1091034
1092034
1093034
1094034
1095034
1096034
1097034
1098034
1099034
1100034
1101034
1102034
1103034
1104034
1105034
1106034
1107034
1108034
1109034
1110034
1111034
1112034
1113034
1114034
1115034
1116034
1117034
1118034
1119034
1120034
1121034
1122034
1123034
1124034
1125034
1126034
1127034
1128034
1129034
1130034
1131034
1132034
1133034
1134034
1135034
1136034
1137034
1138034
1139034
1140034
1141034
1142034
1143034
1144034
1145034
1146034
1147034
1148034
1149034
1150034
1151034
1152034
1153034
1154034
1155034
1156034
1157034
1158034
1159034
1160034
1161034
1162034
1163034
1164034
1165034
1166034
1167034
1168034
1169034
1170034
1171034
1172034
1173034
1174034
1175034
1176034
1177034
1178034
1179034
1180034
1181034
1182034
1183034
1184034
1185034
1186034
1187034
1188034
1189034
1190034
1191034
1192034
1193034
1194034
1195034
1196034
1197034
1198034
1199034
1200034
1201034
1202034
1203034
1204034
1205034
1206034
1207034
1208034
1209034
1210034
1211034
1212034
1213034
1214034
1215034
1216034
1217034
1218034
1219034
1220034
1221034
1222034
1223034
1224034
1225034
1226034
1227034
1228034
1229034
1230034
1231034
1232034
1233034
1234034
1235034
1236034
1237034
1238034
1239034
1240034
1241034
1242034
1243034
1244034
1245034
1246034
1247034
1248034
1249034
1250034
1251034
1252034
1253034
1254034
1255034
1256034
1257034
1258034
1259034
1260034
1261034
1262034
1263034
1264034
1265034
1266034
1267034
1268034
1269034
1270034
1271034
1272034
1273034
1274034
1275034
1276034
1277034
1278034
1279034
1280034
1281034
1282034
1283034
1284034
1285034
1286034
1287034
1288034
1289034
1290034
1291034
1292034
1293034
1294034
1295034
1296034
1297034
1298034
1299034
1300034
1301034
1302034
1303034
1304034
1305034
1306034
1307034
1308034
1309034
1310034
1311034
1312034
1313034
1314034
1315034
1316034
1317034
1318034
1319034
1320034
1321034
1322034
1323034
1324034
1325034
1326034
1327034
1328034
1329034
1330034
1331034
1332034
1333034
1334034
1335034
1336034
1337034
1338034
1339034
1340034
1341034
1342034
1343034
1344034
1345034
1346034
1347034
1348034
1349034
1350034
1351034
1352034
1353034
1354034
1355034
1356034
1357034
1358034
1359034
1360034
1361034
1362034
1363034
1364034
1365034
1366034
1367034
1368034
1369034
1370034
1371034
1372034
1373034
1374034
1375034
1376034
1377034
1378034
1379034
1380034
1381034
1382034
1383034
1384034
1385034
1386034
1387034
1388034
1389034
1390034
1391034
1392034
1393034
1394034
1395034
1396034
1397034
1398034
1399034
1400034
1401034
1402034
1403034
1404034
1405034
1406034
1407034
1408034
1409034
1410034
1411034
1412034
1413034
1414034
1415034
1416034
1417034
1418034
1419034
1420034
1421034
1422034
1423034
1424034
1425034
1426034
1427034
1428034
1429034
1430034
1431034
1432034
1433034
1434034
1435034
1436034
1437034
1438034
1439034
1440034
1441034
1442034
1443034
1444034
1445034
1446034
1447034
1448034
1449034
1450034
1451034
1452034
1453034
1454034
1455034
1456034
1457034
1458034
1459034
1460034
1461034
1462034
1463034
1464034
1465034
1466034
1467034
1468034
1469034
1470034
1471034
1472034
1473034
1474034
1475034
1476034
1477034
1478034
1479034
1480034
1481034
1482034
1483034
1484034
1485034
1486034
1487034
1488034
1489034
1490034
1491034
1492034
1493034
1494034
1495034
1496034
1497034
1498034
1499034
1500034
1501034
1502034
1503034
1504034
1505034
1506034
1507034
1508034
1509034
1510034
1511034
1512034
1513034
1514034
1515034
1516034
1517034
1518034
1519034
1520034
1521034
1522034
1523034
1524034
1525034
1526034
1527034
1528034
1529034
1530034
1531034
1532034
1533034
1534034
1535034
1536034
1537034
1538034
1539034
1540034
1541034
1542034
1543034
1544034
1545034
1546034
1547034
1548034
1549034
1550034
1551034
1552034
1553034
1554034
1555034
1556034
1557034
1558034
1559034
1560034
1561034
1562034
1563034
1564034
1565034
1566034
1567034
1568034
1569034
1570034
1571034
1572034
1573034
1574034
1575034
1576034
1577034
1578034
1579034
1580034
1581034
1582034
1583034
1584034
1585034
1586034
1587034
1588034
1589034
1590034
1591034
1592034
1593034
1594034
1595034
1596034
1597034
1598034
1599034
1600034
1601034
1602034
1603034
1604034
1605034
1606034
1607034
1608034
1609034
1610034
1611034
1612034
1613034
1614034
1615034
1616034
1617034
1618034
1619034
1620034
1621034
1622034
1623034
1624034
1625034
1626034
1627034
1628034
1629034
1630034
1631034
1632034
1633034
1634034
1635034
1636034
1637034
1638034
1639034
1640034
1641034
1642034
1643034
1644034
1645034
1646034
1647034
1648034
1649034
1650034
1651034
1652034
1653034
1654034
1655034
1656034
1657034
1658034
1659034
1660034
1661034
1662034
1663034
1664034
1665034
1666034
1667034
1668034
1669034
1670034
1671034
1672034
1673034
1674034
1675034
1676034
1677034
1678034
1679034
1680034
1681034
1682034
1683034
1684034
1685034
1686034
1687034
1688034
1689034
1690034
1691034
1692034
1693034
1694034
1695034
1696034
1697034
1698034
1699034
1700034
1701034
1702034
1703034
1704034
1705034
1706034
1707034
1708034
1709034
1710034
1711034
1712034
1713034
1714034
1715034
1716034
1717034
1718034
1719034
1720034
1721034
1722034
1723034
1724034
1725034
1726034
1727034
1728034
1729034
1730034
1731034
1732034
1733034
1734034
1735034
1736034
1737034
1738034
1739034
1740034
1741034
1742034
1743034
1744034
1745034
1746034
1747034
1748034
1749034
1750034
1751034
1752034
1753034
1754034
1755034
1756034
1757034
1758034
1759034
1760034
1761034
1762034
1763034
1764034
1765034
1766034
1767034
1768034
1769034
1770034
1771034
1772034
1773034
1774034
1775034
1776034
1777034
1778034
1779034
1780034
1781034
1782034
1783034
1784034
1785034
1786034
1787034
1788034
1789034
1790034
1791034
1792034
1793034
1794034
1795034
1796034
1797034
1798034
1799034
800035
801035
802035
803035
804035
805035
806035
807035
808035
809035
810035
811035
812035
813035
814035
815035
816035
817035
818035
819035
820035
821035
822035
823035
824035
825035
826035
827035
828035
829035
830035
831035
832035
833035
834035
835035
836035
837035
838035
839035
840035
841035
842035
843035
844035
845035
846035
847035
848035
849035
850035
851035
852035
853035
854035
855035
856035
857035
858035
859035
860035
861035
862035
863035
864035
865035
866035
867035
868035
869035
870035
871035
872035
873035
874035
875035
876035
877035
878035
879035
880035
881035
882035
883035
884035
885035
886035
887035
888035
889035
890035
891035
892035
893035
894035
895035
896035
897035
898035
899035
900035
901035
902035
903035
904035
905035
906035
907035
908035
909035
910035
911035
912035
913035
914035
915035
916035
917035
918035
919035
920035
921035
922035
923035
924035
925035
926035
927035
928035
929035
930035
931035
932035
933035
934035
935035
936035
937035
938035
939035
940035
941035
942035
943035
944035
945035
946035
947035
948035
949035
950035
951035
952035
953035
954035
955035
956035
957035
958035
959035
960035
961035
962035
963035
964035
965035
966035
967035
968035
969035
970035
971035
972035
973035
974035
975035
976035
977035
978035
979035
980035
981035
982035
983035
984035
985035
986035
987035
988035
989035
990035
991035
992035
993035
994035
995035
996035
997035
998035
999035
1000035
1001035
1002035
1003035
1004035
1005035
1006035
1007035
1008035
1009035
1010035
1011035
1012035
1013035
1014035
1015035
1016035
1017035
1018035
1019035
1020035
1021035
1022035
1023035
1024035
1025035
1026035
1027035
1028035
1029035
1030035
1031035
1032035
1033035
1034035
1035035
1036035
1037035
1038035
1039035
1040035
1041035
1042035
1043035
1044035
1045035
1046035
1047035
1048035
1049035
1050035
1051035
1052035
1053035
1054035
1055035
1056035
1057035
1058035
1059035
1060035
1061035
1062035
1063035
1064035
1065035
1066035
1067035
1068035
1069035
1070035
1071035
1072035
1073035
1074035
1075035
1076035
1077035
1078035
1079035
1080035
1081035
1082035
1083035
1084035
1085035
1086035
1087035
1088035
1089035
1090035
1091035
1092035
1093035
1094035
1095035
1096035
1097035
1098035
1099035
1100035
1101035
1102035
1103035
1104035
1105035
1106035
1107035
1108035
1109035
1110035
1111035
1112035
1113035
1114035
1115035
1116035
1117035
1118035
1119035
1120035
1121035
1122035
1123035
1124035
1125035
1126035
1127035
1128035
1129035
1130035
1131035
1132035
1133035
1134035
1135035
1136035
1137035
1138035
1139035
1140035
1141035
1142035
1143035
1144035
1145035
1146035
1147035
1148035
1149035
1150035
1151035
1152035
1153035
1154035
1155035
1156035
1157035
1158035
1159035
1160035
1161035
1162035
1163035
1164035
1165035
1166035
1167035
1168035
1169035
1170035
1171035
1172035
1173035
1174035
1175035
1176035
1177035
1178035
1179035
1180035
1181035
1182035
1183035
1184035
1185035
1186035
1187035
1188035
1189035
1190035
1191035
1192035
1193035
1194035
1195035
1196035
1197035
1198035
1199035
1200035
1201035
1202035
1203035
1204035
1205035
1206035
1207035
1208035
1209035
1210035
1211035
1212035
1213035
1214035
1215035
1216035
1217035
1218035
1219035
1220035
1221035
1222035
1223035
1224035
1225035
1226035
1227035
1228035
1229035
1230035
1231035
1232035
1233035
1234035
1235035
1236035
1237035
1238035
1239035
1240035
1241035
1242035
1243035
1244035
1245035
1246035
1247035
1248035
1249035
1250035
1251035
1252035
1253035
1254035
1255035
1256035
1257035
1258035
1259035
1260035
1261035
1262035
1263035
1264035
1265035
1266035
1267035
1268035
1269035
1270035
1271035
1272035
1273035
1274035
1275035
1276035
1277035
1278035
1279035
1280035
1281035
1282035
1283035
1284035
1285035
1286035
1287035
1288035
1289035
1290035
1291035
1292035
1293035
1294035
1295035
1296035
1297035
1298035
1299035
1300035
1301035
1302035
1303035
1304035
1305035
1306035
1307035
1308035
1309035
1310035
1311035
1312035
1313035
1314035
1315035
1316035
1317035
1318035
1319035
1320035
1321035
1322035
1323035
1324035
1325035
1326035
1327035
1328035
1329035
1330035
1331035
1332035
1333035
1334035
1335035
1336035
1337035
1338035
1339035
1340035
1341035
1342035
1343035
1344035
1345035
1346035
1347035
1348035
1349035
1350035
1351035
1352035
1353035
1354035
1355035
1356035
1357035
1358035
1359035
1360035
1361035
1362035
1363035
1364035
1365035
1366035
1367035
1368035
1369035
1370035
1371035
1372035
1373035
1374035
1375035
1376035
1377035
1378035
1379035
1380035
1381035
1382035
1383035
1384035
1385035
1386035
1387035
1388035
1389035
1390035
1391035
1392035
1393035
1394035
1395035
1396035
1397035
1398035
1399035
1400035
1401035
1402035
1403035
1404035
1405035
1406035
1407035
1408035
1409035
1410035
1411035
1412035
1413035
1414035
1415035
1416035
1417035
1418035
1419035
1420035
1421035
1422035
1423035
1424035
1425035
1426035
1427035
1428035
1429035
1430035
1431035
1432035
1433035
1434035
1435035
1436035
1437035
1438035
1439035
1440035
1441035
1442035
1443035
1444035
1445035
1446035
1447035
1448035
1449035
1450035
1451035
1452035
1453035
1454035
1455035
1456035
1457035
1458035
1459035
1460035
1461035
1462035
1463035
1464035
1465035
1466035
1467035
1468035
1469035
1470035
1471035
1472035
1473035
1474035
1475035
1476035
1477035
1478035
1479035
1480035
1481035
1482035
1483035
1484035
1485035
1486035
1487035
1488035
1489035
1490035
1491035
1492035
1493035
1494035
1495035
1496035
1497035
1498035
1499035
1500035
1501035
1502035
1503035
1504035
1505035
1506035
1507035
1508035
1509035
1510035
1511035
1512035
1513035
1514035
1515035
1516035
1517035
1518035
1519035
1520035
1521035
1522035
1523035
1524035
1525035
1526035
1527035
1528035
1529035
1530035
1531035
1532035
1533035
1534035
1535035
1536035
1537035
1538035
1539035
1540035
1541035
1542035
1543035
1544035
1545035
1546035
1547035
1548035
1549035
1550035
1551035
1552035
1553035
1554035
1555035
1556035
1557035
1558035
1559035
1560035
1561035
1562035
1563035
1564035
1565035
1566035
1567035
1568035
1569035
1570035
1571035
1572035
1573035
1574035
1575035
1576035
1577035
1578035
1579035
1580035
1581035
1582035
1583035
1584035
1585035
1586035
1587035
1588035
1589035
1590035
1591035
1592035
1593035
1594035
1595035
1596035
1597035
1598035
1599035
1600035
1601035
1602035
1603035
1604035
1605035
1606035
1607035
1608035
1609035
1610035
1611035
1612035
1613035
1614035
1615035
1616035
1617035
1618035
1619035
1620035
1621035
1622035
1623035
1624035
1625035
1626035
1627035
1628035
1629035
1630035
1631035
1632035
1633035
1634035
1635035
1636035
1637035
1638035
1639035
1640035
1641035
1642035
1643035
1644035
1645035
1646035
1647035
1648035
1649035
1650035
1651035
1652035
1653035
1654035
1655035
1656035
1657035
1658035
1659035
1660035
1661035
1662035
1663035
1664035
1665035
1666035
1667035
1668035
1669035
1670035
1671035
1672035
1673035
1674035
1675035
1676035
1677035
1678035
1679035
1680035
1681035
1682035
1683035
1684035
1685035
1686035
1687035
1688035
1689035
1690035
1691035
1692035
1693035
1694035
1695035
1696035
1697035
1698035
1699035
1700035
1701035
1702035
1703035
1704035
1705035
1706035
1707035
1708035
1709035
1710035
1711035
1712035
1713035
1714035
1715035
1716035
1717035
1718035
1719035
1720035
1721035
1722035
1723035
1724035
1725035
1726035
1727035
1728035
1729035
1730035
1731035
1732035
1733035
1734035
1735035
1736035
1737035
1738035
1739035
1740035
1741035
1742035
1743035
1744035
1745035
1746035
1747035
1748035
1749035
1750035
1751035
1752035
1753035
1754035
1755035
1756035
1757035
1758035
1759035
1760035
1761035
1762035
1763035
1764035
1765035
1766035
1767035
1768035
1769035
1770035
1771035
1772035
1773035
1774035
1775035
1776035
1777035
1778035
1779035
1780035
1781035
1782035
1783035
1784035
1785035
1786035
1787035
1788035
1789035
1790035
1791035
1792035
1793035
1794035
1795035
1796035
1797035
1798035
1799035
800036
801036
802036
803036
804036
805036
806036
807036
808036
809036
810036
811036
812036
813036
814036
815036
816036
817036
818036
819036
820036
821036
822036
823036
824036
825036
826036
827036
828036
829036
830036
831036
832036
833036
834036
835036
836036
837036
838036
839036
840036
841036
842036
843036
844036
845036
846036
847036
848036
849036
850036
851036
852036
853036
854036
855036
856036
857036
858036
859036
860036
861036
862036
863036
864036
865036
866036
867036
868036
869036
870036
871036
872036
873036
874036
875036
876036
877036
878036
879036
880036
881036
882036
883036
884036
885036
886036
887036
888036
889036
890036
891036
892036
893036
894036
895036
896036
897036
898036
899036
900036
901036
902036
903036
904036
905036
906036
907036
908036
909036
910036
911036
912036
913036
914036
915036
916036
917036
918036
919036
920036
921036
922036
923036
924036
925036
926036
927036
928036
929036
930036
931036
932036
933036
934036
935036
936036
937036
938036
939036
940036
941036
942036
943036
944036
945036
946036
947036
948036
949036
950036
951036
952036
953036
954036
955036
956036
957036
958036
959036
960036
961036
962036
963036
964036
965036
966036
967036
968036
969036
970036
971036
972036
973036
974036
975036
976036
977036
978036
979036
980036
981036
982036
983036
984036
985036
986036
987036
988036
989036
990036
991036
992036
993036
994036
995036
996036
997036
998036
999036
1000036
1001036
1002036
1003036
1004036
1005036
1006036
1007036
1008036
1009036
1010036
1011036
1012036
1013036
1014036
1015036
1016036
1017036
1018036
1019036
1020036
1021036
1022036
1023036
1024036
1025036
1026036
1027036
1028036
1029036
1030036
1031036
1032036
1033036
1034036
1035036
1036036
1037036
1038036
1039036
1040036
1041036
1042036
1043036
1044036
1045036
1046036
1047036
1048036
1049036
1050036
1051036
1052036
1053036
1054036
1055036
1056036
1057036
1058036
1059036
1060036
1061036
1062036
1063036
1064036
1065036
1066036
1067036
1068036
1069036
1070036
1071036
1072036
1073036
1074036
1075036
1076036
1077036
1078036
1079036
1080036
1081036
1082036
1083036
1084036
1085036
1086036
1087036
1088036
1089036
1090036
1091036
1092036
1093036
1094036
1095036
1096036
1097036
1098036
1099036
1100036
1101036
1102036
1103036
1104036
1105036
1106036
1107036
1108036
1109036
1110036
1111036
1112036
1113036
1114036
1115036
1116036
1117036
1118036
1119036
1120036
1121036
1122036
1123036
1124036
1125036
1126036
1127036
1128036
1129036
1130036
1131036
1132036
1133036
1134036
1135036
1136036
1137036
1138036
1139036
1140036
1141036
1142036
1143036
1144036
1145036
1146036
1147036
1148036
1149036
1150036
1151036
1152036
1153036
1154036
1155036
1156036
1157036
1158036
1159036
1160036
1161036
1162036
1163036
1164036
1165036
1166036
1167036
1168036
1169036
1170036
1171036
1172036
1173036
1174036
1175036
1176036
1177036
1178036
1179036
1180036
1181036
1182036
1183036
1184036
1185036
1186036
1187036
1188036
1189036
1190036
1191036
1192036
1193036
1194036
1195036
1196036
1197036
1198036
1199036
1200036
1201036
1202036
1203036
1204036
1205036
1206036
1207036
1208036
1209036
1210036
1211036
1212036
1213036
1214036
1215036
1216036
1217036
1218036
1219036
1220036
1221036
1222036
1223036
1224036
1225036
1226036
1227036
1228036
1229036
1230036
1231036
1232036
1233036
1234036
1235036
1236036
1237036
1238036
1239036
1240036
1241036
1242036
1243036
1244036
1245036
1246036
1247036
1248036
1249036
1250036
1251036
1252036
1253036
1254036
1255036
1256036
1257036
1258036
1259036
1260036
1261036
1262036
1263036
1264036
1265036
1266036
1267036
1268036
1269036
1270036
1271036
1272036
1273036
1274036
1275036
1276036
1277036
1278036
1279036
1280036
1281036
1282036
1283036
1284036
1285036
1286036
1287036
1288036
1289036
1290036
1291036
1292036
1293036
1294036
1295036
1296036
1297036
1298036
1299036
1300036
1301036
1302036
1303036
1304036
1305036
1306036
1307036
1308036
1309036
1310036
1311036
1312036
1313036
1314036
1315036
1316036
1317036
1318036
1319036
1320036
1321036
1322036
1323036
1324036
1325036
1326036
1327036
1328036
1329036
1330036
1331036
1332036
1333036
1334036
1335036
1336036
1337036
1338036
1339036
1340036
1341036
1342036
1343036
1344036
1345036
1346036
1347036
1348036
1349036
1350036
1351036
1352036
1353036
1354036
1355036
1356036
1357036
1358036
1359036
1360036
1361036
1362036
1363036
1364036
1365036
1366036
1367036
1368036
1369036
1370036
1371036
1372036
1373036
1374036
1375036
1376036
1377036
1378036
1379036
1380036
1381036
1382036
1383036
1384036
1385036
1386036
1387036
1388036
1389036
1390036
1391036
1392036
1393036
1394036
1395036
1396036
1397036
1398036
1399036
1400036
1401036
1402036
1403036
1404036
1405036
1406036
1407036
1408036
1409036
1410036
1411036
1412036
1413036
1414036
1415036
1416036
1417036
1418036
1419036
1420036
1421036
1422036
1423036
1424036
1425036
1426036
1427036
1428036
1429036
1430036
1431036
1432036
1433036
1434036
1435036
1436036
1437036
1438036
1439036
1440036
1441036
1442036
1443036
1444036
1445036
1446036
1447036
1448036
1449036
1450036
1451036
1452036
1453036
1454036
1455036
1456036
1457036
1458036
1459036
1460036
1461036
1462036
1463036
1464036
1465036
1466036
1467036
1468036
1469036
1470036
1471036
1472036
1473036
1474036
1475036
1476036
1477036
1478036
1479036
1480036
1481036
1482036
1483036
1484036
1485036
1486036
1487036
1488036
1489036
1490036
1491036
1492036
1493036
1494036
1495036
1496036
1497036
1498036
1499036
1500036
1501036
1502036
1503036
1504036
1505036
1506036
1507036
1508036
1509036
1510036
1511036
1512036
1513036
1514036
1515036
1516036
1517036
1518036
1519036
1520036
1521036
1522036
1523036
1524036
1525036
1526036
1527036
1528036
1529036
1530036
1531036
1532036
1533036
1534036
1535036
1536036
1537036
1538036
1539036
1540036
1541036
1542036
1543036
1544036
1545036
1546036
1547036
1548036
1549036
1550036
1551036
1552036
1553036
1554036
1555036
1556036
1557036
1558036
1559036
1560036
1561036
1562036
1563036
1564036
1565036
1566036
1567036
1568036
1569036
1570036
1571036
1572036
1573036
1574036
1575036
1576036
1577036
1578036
1579036
1580036
1581036
1582036
1583036
1584036
1585036
1586036
1587036
1588036
1589036
1590036
1591036
1592036
1593036
1594036
1595036
1596036
1597036
1598036
1599036
1600036
1601036
1602036
1603036
1604036
1605036
1606036
1607036
1608036
1609036
1610036
1611036
1612036
1613036
1614036
1615036
1616036
1617036
1618036
1619036
1620036
1621036
1622036
1623036
1624036
1625036
1626036
1627036
1628036
1629036
1630036
1631036
1632036
1633036
1634036
1635036
1636036
1637036
1638036
1639036
1640036
1641036
1642036
1643036
1644036
1645036
1646036
1647036
1648036
1649036
1650036
1651036
1652036
1653036
1654036
1655036
1656036
1657036
1658036
1659036
1660036
1661036
1662036
1663036
1664036
1665036
1666036
1667036
1668036
1669036
1670036
1671036
1672036
1673036
1674036
1675036
1676036
1677036
1678036
1679036
1680036
1681036
1682036
1683036
1684036
1685036
1686036
1687036
1688036
1689036
1690036
1691036
1692036
1693036
1694036
1695036
1696036
1697036
1698036
1699036
1700036
1701036
1702036
1703036
1704036
1705036
1706036
1707036
1708036
1709036
1710036
1711036
1712036
1713036
1714036
1715036
1716036
1717036
1718036
1719036
1720036
1721036
1722036
1723036
1724036
1725036
1726036
1727036
1728036
1729036
1730036
1731036
1732036
1733036
1734036
1735036
1736036
1737036
1738036
1739036
1740036
1741036
1742036
1743036
1744036
1745036
1746036
1747036
1748036
1749036
1750036
1751036
1752036
1753036
1754036
1755036
1756036
1757036
1758036
1759036
1760036
1761036
1762036
1763036
1764036
1765036
1766036
1767036
1768036
1769036
1770036
1771036
1772036
1773036
1774036
1775036
1776036
1777036
1778036
1779036
1780036
1781036
1782036
1783036
1784036
1785036
1786036
1787036
1788036
1789036
1790036
1791036
1792036
1793036
1794036
1795036
1796036
1797036
1798036
1799036
800037
801037
802037
803037
804037
805037
806037
807037
808037
809037
810037
811037
812037
813037
814037
815037
816037
817037
818037
819037
820037
821037
822037
823037
824037
825037
826037
827037
828037
829037
830037
831037
832037
833037
834037
835037
836037
837037
838037
839037
840037
841037
842037
843037
844037
845037
846037
847037
848037
849037
850037
851037
852037
853037
854037
855037
856037
857037
858037
859037
860037
861037
862037
863037
864037
865037
866037
867037
868037
869037
870037
871037
872037
873037
874037
875037
876037
877037
878037
879037
880037
881037
882037
883037
884037
885037
886037
887037
888037
889037
890037
891037
892037
893037
894037
895037
896037
897037
898037
899037
900037
901037
902037
903037
904037
905037
906037
907037
908037
909037
910037
911037
912037
913037
914037
915037
916037
917037
918037
919037
920037
921037
922037
923037
924037
925037
926037
927037
928037
929037
930037
931037
932037
933037
934037
935037
936037
937037
938037
939037
940037
941037
942037
943037
944037
945037
946037
947037
948037
949037
950037
951037
952037
953037
954037
955037
956037
957037
958037
959037
960037
961037
962037
963037
964037
965037
966037
967037
968037
969037
970037
971037
972037
973037
974037
975037
976037
977037
978037
979037
980037
981037
982037
983037
984037
985037
986037
987037
988037
989037
990037
991037
992037
993037
994037
995037
996037
997037
998037
999037
1000037
1001037
1002037
1003037
1004037
1005037
1006037
1007037
1008037
1009037
1010037
1011037
1012037
1013037
1014037
1015037
1016037
1017037
1018037
1019037
1020037
1021037
1022037
1023037
1024037
1025037
1026037
1027037
1028037
1029037
1030037
1031037
1032037
1033037
1034037
1035037
1036037
1037037
1038037
1039037
1040037
1041037
1042037
1043037
1044037
1045037
1046037
1047037
1048037
1049037
1050037
1051037
1052037
1053037
1054037
1055037
1056037
1057037
1058037
1059037
1060037
1061037
1062037
1063037
1064037
1065037
1066037
1067037
1068037
1069037
1070037
1071037
1072037
1073037
1074037
1075037
1076037
1077037
1078037
1079037
1080037
1081037
1082037
1083037
1084037
1085037
1086037
1087037
1088037
1089037
1090037
1091037
1092037
1093037
1094037
1095037
1096037
1097037
1098037
1099037
1100037
1101037
1102037
1103037
1104037
1105037
1106037
1107037
1108037
1109037
1110037
1111037
1112037
1113037
1114037
1115037
1116037
1117037
1118037
1119037
1120037
1121037
1122037
1123037
1124037
1125037
1126037
1127037
1128037
1129037
1130037
1131037
1132037
1133037
1134037
1135037
1136037
1137037
1138037
1139037
1140037
1141037
1142037
1143037
1144037
1145037
1146037
1147037
1148037
1149037
1150037
1151037
1152037
1153037
1154037
1155037
1156037
1157037
1158037
1159037
1160037
1161037
1162037
1163037
1164037
1165037
1166037
1167037
1168037
1169037
1170037
1171037
1172037
1173037
1174037
1175037
1176037
1177037
1178037
1179037
1180037
1181037
1182037
1183037
1184037
1185037
1186037
1187037
1188037
1189037
1190037
1191037
1192037
1193037
1194037
1195037
1196037
1197037
1198037
1199037
1200037
1201037
1202037
1203037
1204037
1205037
1206037
1207037
1208037
1209037
1210037
1211037
1212037
1213037
1214037
1215037
1216037
1217037
1218037
1219037
1220037
1221037
1222037
1223037
1224037
1225037
1226037
1227037
1228037
1229037
1230037
1231037
1232037
1233037
1234037
1235037
1236037
1237037
1238037
1239037
1240037
1241037
1242037
1243037
1244037
1245037
1246037
1247037
1248037
1249037
1250037
1251037
1252037
1253037
1254037
1255037
1256037
1257037
1258037
1259037
1260037
1261037
1262037
1263037
1264037
1265037
1266037
1267037
1268037
1269037
1270037
1271037
1272037
1273037
1274037
1275037
1276037
1277037
1278037
1279037
1280037
1281037
1282037
1283037
1284037
1285037
1286037
1287037
1288037
1289037
1290037
1291037
1292037
1293037
1294037
1295037
1296037
1297037
1298037
1299037
1300037
1301037
1302037
1303037
1304037
1305037
1306037
1307037
1308037
1309037
1310037
1311037
1312037
1313037
1314037
1315037
1316037
1317037
1318037
1319037
1320037
1321037
1322037
1323037
1324037
1325037
1326037
1327037
1328037
1329037
1330037
1331037
1332037
1333037
1334037
1335037
1336037
1337037
1338037
1339037
1340037
1341037
1342037
1343037
1344037
1345037
1346037
1347037
1348037
1349037
1350037
1351037
1352037
1353037
1354037
1355037
1356037
1357037
1358037
1359037
1360037
1361037
1362037
1363037
1364037
1365037
1366037
1367037
1368037
1369037
1370037
1371037
1372037
1373037
1374037
1375037
1376037
1377037
1378037
1379037
1380037
1381037
1382037
1383037
1384037
1385037
1386037
1387037
1388037
1389037
1390037
1391037
1392037
1393037
1394037
1395037
1396037
1397037
1398037
1399037
1400037
1401037
1402037
1403037
1404037
1405037
1406037
1407037
1408037
1409037
1410037
1411037
1412037
1413037
1414037
1415037
1416037
1417037
1418037
1419037
1420037
1421037
1422037
1423037
1424037
1425037
1426037
1427037
1428037
1429037
1430037
1431037
1432037
1433037
1434037
1435037
1436037
1437037
1438037
1439037
1440037
1441037
1442037
1443037
1444037
1445037
1446037
1447037
1448037
1449037
1450037
1451037
1452037
1453037
1454037
1455037
1456037
1457037
1458037
1459037
1460037
1461037
1462037
1463037
1464037
1465037
1466037
1467037
1468037
1469037
1470037
1471037
1472037
1473037
1474037
1475037
1476037
1477037
1478037
1479037
1480037
1481037
1482037
1483037
1484037
1485037
1486037
1487037
1488037
1489037
1490037
1491037
1492037
1493037
1494037
1495037
1496037
1497037
1498037
1499037
1500037
1501037
1502037
1503037
1504037
1505037
1506037
1507037
1508037
1509037
1510037
1511037
1512037
1513037
1514037
1515037
1516037
1517037
1518037
1519037
1520037
1521037
1522037
1523037
1524037
1525037
1526037
1527037
1528037
1529037
1530037
1531037
1532037
1533037
1534037
1535037
1536037
1537037
1538037
1539037
1540037
1541037
1542037
1543037
1544037
1545037
1546037
1547037
1548037
1549037
1550037
1551037
1552037
1553037
1554037
1555037
1556037
1557037
1558037
1559037
1560037
1561037
1562037
1563037
1564037
1565037
1566037
1567037
1568037
1569037
1570037
1571037
1572037
1573037
1574037
1575037
1576037
1577037
1578037
1579037
1580037
1581037
1582037
1583037
1584037
1585037
1586037
1587037
1588037
1589037
1590037
1591037
1592037
1593037
1594037
1595037
1596037
1597037
1598037
1599037
1600037
1601037
1602037
1603037
1604037
1605037
1606037
1607037
1608037
1609037
1610037
1611037
1612037
1613037
1614037
1615037
1616037
1617037
1618037
1619037
1620037
1621037
1622037
1623037
1624037
1625037
1626037
1627037
1628037
1629037
1630037
1631037
1632037
1633037
1634037
1635037
1636037
1637037
1638037
1639037
1640037
1641037
1642037
1643037
1644037
1645037
1646037
1647037
1648037
1649037
1650037
1651037
1652037
1653037
1654037
1655037
1656037
1657037
1658037
1659037
1660037
1661037
1662037
1663037
1664037
1665037
1666037
1667037
1668037
1669037
1670037
1671037
1672037
1673037
1674037
1675037
1676037
1677037
1678037
1679037
1680037
1681037
1682037
1683037
1684037
1685037
1686037
1687037
1688037
1689037
1690037
1691037
1692037
1693037
1694037
1695037
1696037
1697037
1698037
1699037
1700037
1701037
1702037
1703037
1704037
1705037
1706037
1707037
1708037
1709037
1710037
1711037
1712037
1713037
1714037
1715037
1716037
1717037
1718037
1719037
1720037
1721037
1722037
1723037
1724037
1725037
1726037
1727037
1728037
1729037
1730037
1731037
1732037
1733037
1734037
1735037
1736037
1737037
1738037
1739037
1740037
1741037
1742037
1743037
1744037
1745037
1746037
1747037
1748037
1749037
1750037
1751037
1752037
1753037
1754037
1755037
1756037
1757037
1758037
1759037
1760037
1761037
1762037
1763037
1764037
1765037
1766037
1767037
1768037
1769037
1770037
1771037
1772037
1773037
1774037
1775037
1776037
1777037
1778037
1779037
1780037
1781037
1782037
1783037
1784037
1785037
1786037
1787037
1788037
1789037
1790037
1791037
1792037
1793037
1794037
1795037
1796037
1797037
1798037
1799037
800038
801038
802038
803038
804038
805038
806038
807038
808038
809038
810038
811038
812038
813038
814038
815038
816038
817038
818038
819038
820038
821038
822038
823038
824038
825038
826038
827038
828038
829038
830038
831038
832038
833038
834038
835038
836038
837038
838038
839038
840038
841038
842038
843038
844038
845038
846038
847038
848038
849038
850038
851038
852038
853038
854038
855038
856038
857038
858038
859038
860038
861038
862038
863038
864038
865038
866038
867038
868038
869038
870038
871038
872038
873038
874038
875038
876038
877038
878038
879038
880038
881038
882038
883038
884038
885038
886038
887038
888038
889038
890038
891038
892038
893038
894038
895038
896038
897038
898038
899038
900038
901038
902038
903038
904038
905038
906038
907038
908038
909038
910038
911038
912038
913038
914038
915038
916038
917038
918038
919038
920038
921038
922038
923038
924038
925038
926038
927038
928038
929038
930038
931038
932038
933038
934038
935038
936038
937038
938038
939038
940038
941038
942038
943038
944038
945038
946038
947038
948038
949038
950038
951038
952038
953038
954038
955038
956038
957038
958038
959038
960038
961038
962038
963038
964038
965038
966038
967038
968038
969038
970038
971038
972038
973038
974038
975038
976038
977038
978038
979038
980038
981038
982038
983038
984038
985038
986038
987038
988038
989038
990038
991038
992038
993038
994038
995038
996038
997038
998038
999038
1000038
1001038
1002038
1003038
1004038
1005038
1006038
1007038
1008038
1009038
1010038
1011038
1012038
1013038
1014038
1015038
1016038
1017038
1018038
1019038
1020038
1021038
1022038
1023038
1024038
1025038
1026038
1027038
1028038
1029038
1030038
1031038
1032038
1033038
1034038
1035038
1036038
1037038
1038038
1039038
1040038
1041038
1042038
1043038
1044038
1045038
1046038
1047038
1048038
1049038
1050038
1051038
1052038
1053038
1054038
1055038
1056038
1057038
1058038
1059038
1060038
1061038
1062038
1063038
1064038
1065038
1066038
1067038
1068038
1069038
1070038
1071038
1072038
1073038
1074038
1075038
1076038
1077038
1078038
1079038
1080038
1081038
1082038
1083038
1084038
1085038
1086038
1087038
1088038
1089038
1090038
1091038
1092038
1093038
1094038
1095038
1096038
1097038
1098038
1099038
1100038
1101038
1102038
1103038
1104038
1105038
1106038
1107038
1108038
1109038
1110038
1111038
1112038
1113038
1114038
1115038
1116038
1117038
1118038
1119038
1120038
1121038
1122038
1123038
1124038
1125038
1126038
1127038
1128038
1129038
1130038
1131038
1132038
1133038
1134038
1135038
1136038
1137038
1138038
1139038
1140038
1141038
1142038
1143038
1144038
1145038
1146038
1147038
1148038
1149038
1150038
1151038
1152038
1153038
1154038
1155038
1156038
1157038
1158038
1159038
1160038
1161038
1162038
1163038
1164038
1165038
1166038
1167038
1168038
1169038
1170038
1171038
1172038
1173038
1174038
1175038
1176038
1177038
1178038
1179038
1180038
1181038
1182038
1183038
1184038
1185038
1186038
1187038
1188038
1189038
1190038
1191038
1192038
1193038
1194038
1195038
1196038
1197038
1198038
1199038
1200038
1201038
1202038
1203038
1204038
1205038
1206038
1207038
1208038
1209038
1210038
1211038
1212038
1213038
1214038
1215038
1216038
1217038
1218038
1219038
1220038
1221038
1222038
1223038
1224038
1225038
1226038
1227038
1228038
1229038
1230038
1231038
1232038
1233038
1234038
1235038
1236038
1237038
1238038
1239038
1240038
1241038
1242038
1243038
1244038
1245038
1246038
1247038
1248038
1249038
1250038
1251038
1252038
1253038
1254038
1255038
1256038
1257038
1258038
1259038
1260038
1261038
1262038
1263038
1264038
1265038
1266038
1267038
1268038
1269038
1270038
1271038
1272038
1273038
1274038
1275038
1276038
1277038
1278038
1279038
1280038
1281038
1282038
1283038
1284038
1285038
1286038
1287038
1288038
1289038
1290038
1291038
1292038
1293038
1294038
1295038
1296038
1297038
1298038
1299038
1300038
1301038
1302038
1303038
1304038
1305038
1306038
1307038
1308038
1309038
1310038
1311038
1312038
1313038
1314038
1315038
1316038
1317038
1318038
1319038
1320038
1321038
1322038
1323038
1324038
1325038
1326038
1327038
1328038
1329038
1330038
1331038
1332038
1333038
1334038
1335038
1336038
1337038
1338038
1339038
1340038
1341038
1342038
1343038
1344038
1345038
1346038
1347038
1348038
1349038
1350038
1351038
1352038
1353038
1354038
1355038
1356038
1357038
1358038
1359038
1360038
1361038
1362038
1363038
1364038
1365038
1366038
1367038
1368038
1369038
1370038
1371038
1372038
1373038
1374038
1375038
1376038
1377038
1378038
1379038
1380038
1381038
1382038
1383038
1384038
1385038
1386038
1387038
1388038
1389038
1390038
1391038
1392038
1393038
1394038
1395038
1396038
1397038
1398038
1399038
1400038
1401038
1402038
1403038
1404038
1405038
1406038
1407038
1408038
1409038
1410038
1411038
1412038
1413038
1414038
1415038
1416038
1417038
1418038
1419038
1420038
1421038
1422038
1423038
1424038
1425038
1426038
1427038
1428038
1429038
1430038
1431038
1432038
1433038
1434038
1435038
1436038
1437038
1438038
1439038
1440038
1441038
1442038
1443038
1444038
1445038
1446038
1447038
1448038
1449038
1450038
1451038
1452038
1453038
1454038
1455038
1456038
1457038
1458038
1459038
1460038
1461038
1462038
1463038
1464038
1465038
1466038
1467038
1468038
1469038
1470038
1471038
1472038
1473038
1474038
1475038
1476038
1477038
1478038
1479038
1480038
1481038
1482038
1483038
1484038
1485038
1486038
1487038
1488038
1489038
1490038
1491038
1492038
1493038
1494038
1495038
1496038
1497038
1498038
1499038
1500038
1501038
1502038
1503038
1504038
1505038
1506038
1507038
1508038
1509038
1510038
1511038
1512038
1513038
1514038
1515038
1516038
1517038
1518038
1519038
1520038
1521038
1522038
1523038
1524038
1525038
1526038
1527038
1528038
1529038
1530038
1531038
1532038
1533038
1534038
1535038
1536038
1537038
1538038
1539038
1540038
1541038
1542038
1543038
1544038
1545038
1546038
1547038
1548038
1549038
1550038
1551038
1552038
1553038
1554038
1555038
1556038
1557038
1558038
1559038
1560038
1561038
1562038
1563038
1564038
1565038
1566038
1567038
1568038
1569038
1570038
1571038
1572038
1573038
1574038
1575038
1576038
1577038
1578038
1579038
1580038
1581038
1582038
1583038
1584038
1585038
1586038
1587038
1588038
1589038
1590038
1591038
1592038
1593038
1594038
1595038
1596038
1597038
1598038
1599038
1600038
1601038
1602038
1603038
1604038
1605038
1606038
1607038
1608038
1609038
1610038
1611038
1612038
1613038
1614038
1615038
1616038
1617038
1618038
1619038
1620038
1621038
1622038
1623038
1624038
1625038
1626038
1627038
1628038
1629038
1630038
1631038
1632038
1633038
1634038
1635038
1636038
1637038
1638038
1639038
1640038
1641038
1642038
1643038
1644038
1645038
1646038
1647038
1648038
1649038
1650038
1651038
1652038
1653038
1654038
1655038
1656038
1657038
1658038
1659038
1660038
1661038
1662038
1663038
1664038
1665038
1666038
1667038
1668038
1669038
1670038
1671038
1672038
1673038
1674038
1675038
1676038
1677038
1678038
1679038
1680038
1681038
1682038
1683038
1684038
1685038
1686038
1687038
1688038
1689038
1690038
1691038
1692038
1693038
1694038
1695038
1696038
1697038
1698038
1699038
1700038
1701038
1702038
1703038
1704038
1705038
1706038
1707038
1708038
1709038
1710038
1711038
1712038
1713038
1714038
1715038
1716038
1717038
1718038
1719038
1720038
1721038
1722038
1723038
1724038
1725038
1726038
1727038
1728038
1729038
1730038
1731038
1732038
1733038
1734038
1735038
1736038
1737038
1738038
1739038
1740038
1741038
1742038
1743038
1744038
1745038
1746038
1747038
1748038
1749038
1750038
1751038
1752038
1753038
1754038
1755038
1756038
1757038
1758038
1759038
1760038
1761038
1762038
1763038
1764038
1765038
1766038
1767038
1768038
1769038
1770038
1771038
1772038
1773038
1774038
1775038
1776038
1777038
1778038
1779038
1780038
1781038
1782038
1783038
1784038
1785038
1786038
1787038
1788038
1789038
1790038
1791038
1792038
1793038
1794038
1795038
1796038
1797038
1798038
1799038
800039
801039
802039
803039
804039
805039
806039
807039
808039
809039
810039
811039
812039
813039
814039
815039
816039
817039
818039
819039
820039
821039
822039
823039
824039
825039
826039
827039
828039
829039
830039
831039
832039
833039
834039
835039
836039
837039
838039
839039
840039
841039
842039
843039
844039
845039
846039
847039
848039
849039
850039
851039
852039
853039
854039
855039
856039
857039
858039
859039
860039
861039
862039
863039
864039
865039
866039
867039
868039
869039
870039
871039
872039
873039
874039
875039
876039
877039
878039
879039
880039
881039
882039
883039
884039
885039
886039
887039
888039
889039
890039
891039
892039
893039
894039
895039
896039
897039
898039
899039
900039
901039
902039
903039
904039
905039
906039
907039
908039
909039
910039
911039
912039
913039
914039
915039
916039
917039
918039
919039
920039
921039
922039
923039
924039
925039
926039
927039
928039
929039
930039
931039
932039
933039
934039
935039
936039
937039
938039
939039
940039
941039
942039
943039
944039
945039
946039
947039
948039
949039
950039
951039
952039
953039
954039
955039
956039
957039
958039
959039
960039
961039
962039
963039
964039
965039
966039
967039
968039
969039
970039
971039
972039
973039
974039
975039
976039
977039
978039
979039
980039
981039
982039
983039
984039
985039
986039
987039
988039
989039
990039
991039
992039
993039
994039
995039
996039
997039
998039
999039
1000039
1001039
1002039
1003039
1004039
1005039
1006039
1007039
1008039
1009039
1010039
1011039
1012039
1013039
1014039
1015039
1016039
1017039
1018039
1019039
1020039
1021039
1022039
1023039
1024039
1025039
1026039
1027039
1028039
1029039
1030039
1031039
1032039
1033039
1034039
1035039
1036039
1037039
1038039
1039039
1040039
1041039
1042039
1043039
1044039
1045039
1046039
1047039
1048039
1049039
1050039
1051039
1052039
1053039
1054039
1055039
1056039
1057039
1058039
1059039
1060039
1061039
1062039
1063039
1064039
1065039
1066039
1067039
1068039
1069039
1070039
1071039
1072039
1073039
1074039
1075039
1076039
1077039
1078039
1079039
1080039
1081039
1082039
1083039
1084039
1085039
1086039
1087039
1088039
1089039
1090039
1091039
1092039
1093039
1094039
1095039
1096039
1097039
1098039
1099039
1100039
1101039
1102039
1103039
1104039
1105039
1106039
1107039
1108039
1109039
1110039
1111039
1112039
1113039
1114039
1115039
1116039
1117039
1118039
1119039
1120039
1121039
1122039
1123039
1124039
1125039
1126039
1127039
1128039
1129039
1130039
1131039
1132039
1133039
1134039
1135039
1136039
1137039
1138039
1139039
1140039
1141039
1142039
1143039
1144039
1145039
1146039
1147039
1148039
1149039
1150039
1151039
1152039
1153039
1154039
1155039
1156039
1157039
1158039
1159039
1160039
1161039
1162039
1163039
1164039
1165039
1166039
1167039
1168039
1169039
1170039
1171039
1172039
1173039
1174039
1175039
1176039
1177039
1178039
1179039
1180039
1181039
1182039
1183039
1184039
1185039
1186039
1187039
1188039
1189039
1190039
1191039
1192039
1193039
1194039
1195039
1196039
1197039
1198039
1199039
1200039
1201039
1202039
1203039
1204039
1205039
1206039
1207039
1208039
1209039
1210039
1211039
1212039
1213039
1214039
1215039
1216039
1217039
1218039
1219039
1220039
1221039
1222039
1223039
1224039
1225039
1226039
1227039
1228039
1229039
1230039
1231039
1232039
1233039
1234039
1235039
1236039
1237039
1238039
1239039
1240039
1241039
1242039
1243039
1244039
1245039
1246039
1247039
1248039
1249039
1250039
1251039
1252039
1253039
1254039
1255039
1256039
1257039
1258039
1259039
1260039
1261039
1262039
1263039
1264039
1265039
1266039
1267039
1268039
1269039
1270039
1271039
1272039
1273039
1274039
1275039
1276039
1277039
1278039
1279039
1280039
1281039
1282039
1283039
1284039
1285039
1286039
1287039
1288039
1289039
1290039
1291039
1292039
1293039
1294039
1295039
1296039
1297039
1298039
1299039
1300039
1301039
1302039
1303039
1304039
1305039
1306039
1307039
1308039
1309039
1310039
1311039
1312039
1313039
1314039
1315039
1316039
1317039
1318039
1319039
1320039
1321039
1322039
1323039
1324039
1325039
1326039
1327039
1328039
1329039
1330039
1331039
1332039
1333039
1334039
1335039
1336039
1337039
1338039
1339039
1340039
1341039
1342039
1343039
1344039
1345039
1346039
1347039
1348039
1349039
1350039
1351039
1352039
1353039
1354039
1355039
1356039
1357039
1358039
1359039
1360039
1361039
1362039
1363039
1364039
1365039
1366039
1367039
1368039
1369039
1370039
1371039
1372039
1373039
1374039
1375039
1376039
1377039
1378039
1379039
1380039
1381039
1382039
1383039
1384039
1385039
1386039
1387039
1388039
1389039
1390039
1391039
1392039
1393039
1394039
1395039
1396039
1397039
1398039
1399039
1400039
1401039
1402039
1403039
1404039
1405039
1406039
1407039
1408039
1409039
1410039
1411039
1412039
1413039
1414039
1415039
1416039
1417039
1418039
1419039
1420039
1421039
1422039
1423039
1424039
1425039
1426039
1427039
1428039
1429039
1430039
1431039
1432039
1433039
1434039
1435039
1436039
1437039
1438039
1439039
1440039
1441039
1442039
1443039
1444039
1445039
1446039
1447039
1448039
1449039
1450039
1451039
1452039
1453039
1454039
1455039
1456039
1457039
1458039
1459039
1460039
1461039
1462039
1463039
1464039
1465039
1466039
1467039
1468039
1469039
1470039
1471039
1472039
1473039
1474039
1475039
1476039
1477039
1478039
1479039
1480039
1481039
1482039
1483039
1484039
1485039
1486039
1487039
1488039
1489039
1490039
1491039
1492039
1493039
1494039
1495039
1496039
1497039
1498039
1499039
1500039
1501039
1502039
1503039
1504039
1505039
1506039
1507039
1508039
1509039
1510039
1511039
1512039
1513039
1514039
1515039
1516039
1517039
1518039
1519039
1520039
1521039
1522039
1523039
1524039
1525039
1526039
1527039
1528039
1529039
1530039
1531039
1532039
1533039
1534039
1535039
1536039
1537039
1538039
1539039
1540039
1541039
1542039
1543039
1544039
1545039
1546039
1547039
1548039
1549039
1550039
1551039
1552039
1553039
1554039
1555039
1556039
1557039
1558039
1559039
1560039
1561039
1562039
1563039
1564039
1565039
1566039
1567039
1568039
1569039
1570039
1571039
1572039
1573039
1574039
1575039
1576039
1577039
1578039
1579039
1580039
1581039
1582039
1583039
1584039
1585039
1586039
1587039
1588039
1589039
1590039
1591039
1592039
1593039
1594039
1595039
1596039
1597039
1598039
1599039
1600039
1601039
1602039
1603039
1604039
1605039
1606039
1607039
1608039
1609039
1610039
1611039
1612039
1613039
1614039
1615039
1616039
1617039
1618039
1619039
1620039
1621039
1622039
1623039
1624039
1625039
1626039
1627039
1628039
1629039
1630039
1631039
1632039
1633039
1634039
1635039
1636039
1637039
1638039
1639039
1640039
1641039
1642039
1643039
1644039
1645039
1646039
1647039
1648039
1649039
1650039
1651039
1652039
1653039
1654039
1655039
1656039
1657039
1658039
1659039
1660039
1661039
1662039
1663039
1664039
1665039
1666039
1667039
1668039
1669039
1670039
1671039
1672039
1673039
1674039
1675039
1676039
1677039
1678039
1679039
1680039
1681039
1682039
1683039
1684039
1685039
1686039
1687039
1688039
1689039
1690039
1691039
1692039
1693039
1694039
1695039
1696039
1697039
1698039
1699039
1700039
1701039
1702039
1703039
1704039
1705039
1706039
1707039
1708039
1709039
1710039
1711039
1712039
1713039
1714039
1715039
1716039
1717039
1718039
1719039
1720039
1721039
1722039
1723039
1724039
1725039
1726039
1727039
1728039
1729039
1730039
1731039
1732039
1733039
1734039
1735039
1736039
1737039
1738039
1739039
1740039
1741039
1742039
1743039
1744039
1745039
1746039
1747039
1748039
1749039
1750039
1751039
1752039
1753039
1754039
1755039
1756039
1757039
1758039
1759039
1760039
1761039
1762039
1763039
1764039
1765039
1766039
1767039
1768039
1769039
1770039
1771039
1772039
1773039
1774039
1775039
1776039
1777039
1778039
1779039
1780039
1781039
1782039
1783039
1784039
1785039
1786039
1787039
1788039
1789039
1790039
1791039
1792039
1793039
1794039
1795039
1796039
1797039
1798039
1799039
800040
801040
802040
803040
804040
805040
806040
807040
808040
809040
810040
811040
812040
813040
814040
815040
816040
817040
818040
819040
820040
821040
822040
823040
824040
825040
826040
827040
828040
829040
830040
831040
832040
833040
834040
835040
836040
837040
838040
839040
840040
841040
842040
843040
844040
845040
846040
847040
848040
849040
850040
851040
852040
853040
854040
855040
856040
857040
858040
859040
860040
861040
862040
863040
864040
865040
866040
867040
868040
869040
870040
871040
872040
873040
874040
875040
876040
877040
878040
879040
880040
881040
882040
883040
884040
885040
886040
887040
888040
889040
890040
891040
892040
893040
894040
895040
896040
897040
898040
899040
900040
901040
902040
903040
904040
905040
906040
907040
908040
909040
910040
911040
912040
913040
914040
915040
916040
917040
918040
919040
920040
921040
922040
923040
924040
925040
926040
927040
928040
929040
930040
931040
932040
933040
934040
935040
936040
937040
938040
939040
940040
941040
942040
943040
944040
945040
946040
947040
948040
949040
950040
951040
952040
953040
954040
955040
956040
957040
958040
959040
960040
961040
962040
963040
964040
965040
966040
967040
968040
969040
970040
971040
972040
973040
974040
975040
976040
977040
978040
979040
980040
981040
982040
983040
984040
985040
986040
987040
988040
989040
990040
991040
992040
993040
994040
995040
996040
997040
998040
999040
1000040
1001040
1002040
1003040
1004040
1005040
1006040
1007040
1008040
1009040
1010040
1011040
1012040
1013040
1014040
1015040
1016040
1017040
1018040
1019040
1020040
1021040
1022040
1023040
1024040
1025040
1026040
1027040
1028040
1029040
1030040
1031040
1032040
1033040
1034040
1035040
1036040
1037040
1038040
1039040
1040040
1041040
1042040
1043040
1044040
1045040
1046040
1047040
1048040
1049040
1050040
1051040
1052040
1053040
1054040
1055040
1056040
1057040
1058040
1059040
1060040
1061040
1062040
1063040
1064040
1065040
1066040
1067040
1068040
1069040
1070040
1071040
1072040
1073040
1074040
1075040
1076040
1077040
1078040
1079040
1080040
1081040
1082040
1083040
1084040
1085040
1086040
1087040
1088040
1089040
1090040
1091040
1092040
1093040
1094040
1095040
1096040
1097040
1098040
1099040
1100040
1101040
1102040
1103040
1104040
1105040
1106040
1107040
1108040
1109040
1110040
1111040
1112040
1113040
1114040
1115040
1116040
1117040
1118040
1119040
1120040
1121040
1122040
1123040
1124040
1125040
1126040
1127040
1128040
1129040
1130040
1131040
1132040
1133040
1134040
1135040
1136040
1137040
1138040
1139040
1140040
1141040
1142040
1143040
1144040
1145040
1146040
1147040
1148040
1149040
1150040
1151040
1152040
1153040
1154040
1155040
1156040
1157040
1158040
1159040
1160040
1161040
1162040
1163040
1164040
1165040
1166040
1167040
1168040
1169040
1170040
1171040
1172040
1173040
1174040
1175040
1176040
1177040
1178040
1179040
1180040
1181040
1182040
1183040
1184040
1185040
1186040
1187040
1188040
1189040
1190040
1191040
1192040
1193040
1194040
1195040
1196040
1197040
1198040
1199040
1200040
1201040
1202040
1203040
1204040
1205040
1206040
1207040
1208040
1209040
1210040
1211040
1212040
1213040
1214040
1215040
1216040
1217040
1218040
1219040
1220040
1221040
1222040
1223040
1224040
1225040
1226040
1227040
1228040
1229040
1230040
1231040
1232040
1233040
1234040
1235040
1236040
1237040
1238040
1239040
1240040
1241040
1242040
1243040
1244040
1245040
1246040
1247040
1248040
1249040
1250040
1251040
1252040
1253040
1254040
1255040
1256040
1257040
1258040
1259040
1260040
1261040
1262040
1263040
1264040
1265040
1266040
1267040
1268040
1269040
1270040
1271040
1272040
1273040
1274040
1275040
1276040
1277040
1278040
1279040
1280040
1281040
1282040
1283040
1284040
1285040
1286040
1287040
1288040
1289040
1290040
1291040
1292040
1293040
1294040
1295040
1296040
1297040
1298040
1299040
1300040
1301040
1302040
1303040
1304040
1305040
1306040
1307040
1308040
1309040
1310040
1311040
1312040
1313040
1314040
1315040
1316040
1317040
1318040
1319040
1320040
1321040
1322040
1323040
1324040
1325040
1326040
1327040
1328040
1329040
1330040
1331040
1332040
1333040
1334040
1335040
1336040
1337040
1338040
1339040
1340040
1341040
1342040
1343040
1344040
1345040
1346040
1347040
1348040
1349040
1350040
1351040
1352040
1353040
1354040
1355040
1356040
1357040
1358040
1359040
1360040
1361040
1362040
1363040
1364040
1365040
1366040
1367040
1368040
1369040
1370040
1371040
1372040
1373040
1374040
1375040
1376040
1377040
1378040
1379040
1380040
1381040
1382040
1383040
1384040
1385040
1386040
1387040
1388040
1389040
1390040
1391040
1392040
1393040
1394040
1395040
1396040
1397040
1398040
1399040
1400040
1401040
1402040
1403040
1404040
1405040
1406040
1407040
1408040
1409040
1410040
1411040
1412040
1413040
1414040
1415040
1416040
1417040
1418040
1419040
1420040
1421040
1422040
1423040
1424040
1425040
1426040
1427040
1428040
1429040
1430040
1431040
1432040
1433040
1434040
1435040
1436040
1437040
1438040
1439040
1440040
1441040
1442040
1443040
1444040
1445040
1446040
1447040
1448040
1449040
1450040
1451040
1452040
1453040
1454040
1455040
1456040
1457040
1458040
1459040
1460040
1461040
1462040
1463040
1464040
1465040
1466040
1467040
1468040
1469040
1470040
1471040
1472040
1473040
1474040
1475040
1476040
1477040
1478040
1479040
1480040
1481040
1482040
1483040
1484040
1485040
1486040
1487040
1488040
1489040
1490040
1491040
1492040
1493040
1494040
1495040
1496040
1497040
1498040
1499040
1500040
1501040
1502040
1503040
1504040
1505040
1506040
1507040
1508040
1509040
1510040
1511040
1512040
1513040
1514040
1515040
1516040
1517040
1518040
1519040
1520040
1521040
1522040
1523040
1524040
1525040
1526040
1527040
1528040
1529040
1530040
1531040
1532040
1533040
1534040
1535040
1536040
1537040
1538040
1539040
1540040
1541040
1542040
1543040
1544040
1545040
1546040
1547040
1548040
1549040
1550040
1551040
1552040
1553040
1554040
1555040
1556040
1557040
1558040
1559040
1560040
1561040
1562040
1563040
1564040
1565040
1566040
1567040
1568040
1569040
1570040
1571040
1572040
1573040
1574040
1575040
1576040
1577040
1578040
1579040
1580040
1581040
1582040
1583040
1584040
1585040
1586040
1587040
1588040
1589040
1590040
1591040
1592040
1593040
1594040
1595040
1596040
1597040
1598040
1599040
1600040
1601040
1602040
1603040
1604040
1605040
1606040
1607040
1608040
1609040
1610040
1611040
1612040
1613040
1614040
1615040
1616040
1617040
1618040
1619040
1620040
1621040
1622040
1623040
1624040
1625040
1626040
1627040
1628040
1629040
1630040
1631040
1632040
1633040
1634040
1635040
1636040
1637040
1638040
1639040
1640040
1641040
1642040
1643040
1644040
1645040
1646040
1647040
1648040
1649040
1650040
1651040
1652040
1653040
1654040
1655040
1656040
1657040
1658040
1659040
1660040
1661040
1662040
1663040
1664040
1665040
1666040
1667040
1668040
1669040
1670040
1671040
1672040
1673040
1674040
1675040
1676040
1677040
1678040
1679040
1680040
1681040
1682040
1683040
1684040
1685040
1686040
1687040
1688040
1689040
1690040
1691040
1692040
1693040
1694040
1695040
1696040
1697040
1698040
1699040
1700040
1701040
1702040
1703040
1704040
1705040
1706040
1707040
1708040
1709040
1710040
1711040
1712040
1713040
1714040
1715040
1716040
1717040
1718040
1719040
1720040
1721040
1722040
1723040
1724040
1725040
1726040
1727040
1728040
1729040
1730040
1731040
1732040
1733040
1734040
1735040
1736040
1737040
1738040
1739040
1740040
1741040
1742040
1743040
1744040
1745040
1746040
1747040
1748040
1749040
1750040
1751040
1752040
1753040
1754040
1755040
1756040
1757040
1758040
1759040
1760040
1761040
1762040
1763040
1764040
1765040
1766040
1767040
1768040
1769040
1770040
1771040
1772040
1773040
1774040
1775040
1776040
1777040
1778040
1779040
1780040
1781040
1782040
1783040
1784040
1785040
1786040
1787040
1788040
1789040
1790040
1791040
1792040
1793040
1794040
1795040
1796040
1797040
1798040
1799040
800041
801041
802041
803041
804041
805041
806041
807041
808041
809041
810041
811041
812041
813041
814041
815041
816041
817041
818041
819041
820041
821041
822041
823041
824041
825041
826041
827041
828041
829041
830041
831041
832041
833041
834041
835041
836041
837041
838041
839041
840041
841041
842041
843041
844041
845041
846041
847041
848041
849041
850041
851041
852041
853041
854041
855041
856041
857041
858041
859041
860041
861041
862041
863041
864041
865041
866041
867041
868041
869041
870041
871041
872041
873041
874041
875041
876041
877041
878041
879041
880041
881041
882041
883041
884041
885041
886041
887041
888041
889041
890041
891041
892041
893041
894041
895041
896041
897041
898041
899041
900041
901041
902041
903041
904041
905041
906041
907041
908041
909041
910041
911041
912041
913041
914041
915041
916041
917041
918041
919041
920041
921041
922041
923041
924041
925041
926041
927041
928041
929041
930041
931041
932041
933041
934041
935041
936041
937041
938041
939041
940041
941041
942041
943041
944041
945041
946041
947041
948041
949041
950041
951041
952041
953041
954041
955041
956041
957041
958041
959041
960041
961041
962041
963041
964041
965041
966041
967041
968041
969041
970041
971041
972041
973041
974041
975041
976041
977041
978041
979041
980041
981041
982041
983041
984041
985041
986041
987041
988041
989041
990041
991041
992041
993041
994041
995041
996041
997041
998041
999041
1000041
1001041
1002041
1003041
1004041
1005041
1006041
1007041
1008041
1009041
1010041
1011041
1012041
1013041
1014041
1015041
1016041
1017041
1018041
1019041
1020041
1021041
1022041
1023041
1024041
1025041
1026041
1027041
1028041
1029041
1030041
1031041
1032041
1033041
1034041
1035041
1036041
1037041
1038041
1039041
1040041
1041041
1042041
1043041
1044041
1045041
1046041
1047041
1048041
1049041
1050041
1051041
1052041
1053041
1054041
1055041
1056041
1057041
1058041
1059041
1060041
1061041
1062041
1063041
1064041
1065041
1066041
1067041
1068041
1069041
1070041
1071041
1072041
1073041
1074041
1075041
1076041
1077041
1078041
1079041
1080041
1081041
1082041
1083041
1084041
1085041
1086041
1087041
1088041
1089041
1090041
1091041
1092041
1093041
1094041
1095041
1096041
1097041
1098041
1099041
1100041
1101041
1102041
1103041
1104041
1105041
1106041
1107041
1108041
1109041
1110041
1111041
1112041
1113041
1114041
1115041
1116041
1117041
1118041
1119041
1120041
1121041
1122041
1123041
1124041
1125041
1126041
1127041
1128041
1129041
1130041
1131041
1132041
1133041
1134041
1135041
1136041
1137041
1138041
1139041
1140041
1141041
1142041
1143041
1144041
1145041
1146041
1147041
1148041
1149041
1150041
1151041
1152041
1153041
1154041
1155041
1156041
1157041
1158041
1159041
1160041
1161041
1162041
1163041
1164041
1165041
1166041
1167041
1168041
1169041
1170041
1171041
1172041
1173041
1174041
1175041
1176041
1177041
1178041
1179041
1180041
1181041
1182041
1183041
1184041
1185041
1186041
1187041
1188041
1189041
1190041
1191041
1192041
1193041
1194041
1195041
1196041
1197041
1198041
1199041
1200041
1201041
1202041
1203041
1204041
1205041
1206041
1207041
1208041
1209041
1210041
1211041
1212041
1213041
1214041
1215041
1216041
1217041
1218041
1219041
1220041
1221041
1222041
1223041
1224041
1225041
1226041
1227041
1228041
1229041
1230041
1231041
1232041
1233041
1234041
1235041
1236041
1237041
1238041
1239041
1240041
1241041
1242041
1243041
1244041
1245041
1246041
1247041
1248041
1249041
1250041
1251041
1252041
1253041
1254041
1255041
1256041
1257041
1258041
1259041
1260041
1261041
1262041
1263041
1264041
1265041
1266041
1267041
1268041
1269041
1270041
1271041
1272041
1273041
1274041
1275041
1276041
1277041
1278041
1279041
1280041
1281041
1282041
1283041
1284041
1285041
1286041
1287041
1288041
1289041
1290041
1291041
1292041
1293041
1294041
1295041
1296041
1297041
1298041
1299041
1300041
1301041
1302041
1303041
1304041
1305041
1306041
1307041
1308041
1309041
1310041
1311041
1312041
1313041
1314041
1315041
1316041
1317041
1318041
1319041
1320041
1321041
1322041
1323041
1324041
1325041
1326041
1327041
1328041
1329041
1330041
1331041
1332041
1333041
1334041
1335041
1336041
1337041
1338041
1339041
1340041
1341041
1342041
1343041
1344041
1345041
1346041
1347041
1348041
1349041
1350041
1351041
1352041
1353041
1354041
1355041
1356041
1357041
1358041
1359041
1360041
1361041
1362041
1363041
1364041
1365041
1366041
1367041
1368041
1369041
1370041
1371041
1372041
1373041
1374041
1375041
1376041
1377041
1378041
1379041
1380041
1381041
1382041
1383041
1384041
1385041
1386041
1387041
1388041
1389041
1390041
1391041
1392041
1393041
1394041
1395041
1396041
1397041
1398041
1399041
1400041
1401041
1402041
1403041
1404041
1405041
1406041
1407041
1408041
1409041
1410041
1411041
1412041
1413041
1414041
1415041
1416041
1417041
1418041
1419041
1420041
1421041
1422041
1423041
1424041
1425041
1426041
1427041
1428041
1429041
1430041
1431041
1432041
1433041
1434041
1435041
1436041
1437041
1438041
1439041
1440041
1441041
1442041
1443041
1444041
1445041
1446041
1447041
1448041
1449041
1450041
1451041
1452041
1453041
1454041
1455041
1456041
1457041
1458041
1459041
1460041
1461041
1462041
1463041
1464041
1465041
1466041
1467041
1468041
1469041
1470041
1471041
1472041
1473041
1474041
1475041
1476041
1477041
1478041
1479041
1480041
1481041
1482041
1483041
1484041
1485041
1486041
1487041
1488041
1489041
1490041
1491041
1492041
1493041
1494041
1495041
1496041
1497041
1498041
1499041
1500041
1501041
1502041
1503041
1504041
1505041
1506041
1507041
1508041
1509041
1510041
1511041
1512041
1513041
1514041
1515041
1516041
1517041
1518041
1519041
1520041
1521041
1522041
1523041
1524041
1525041
1526041
1527041
1528041
1529041
1530041
1531041
1532041
1533041
1534041
1535041
1536041
1537041
1538041
1539041
1540041
1541041
1542041
1543041
1544041
1545041
1546041
1547041
1548041
1549041
1550041
1551041
1552041
1553041
1554041
1555041
1556041
1557041
1558041
1559041
1560041
1561041
1562041
1563041
1564041
1565041
1566041
1567041
1568041
1569041
1570041
1571041
1572041
1573041
1574041
1575041
1576041
1577041
1578041
1579041
1580041
1581041
1582041
1583041
1584041
1585041
1586041
1587041
1588041
1589041
1590041
1591041
1592041
1593041
1594041
1595041
1596041
1597041
1598041
1599041
1600041
1601041
1602041
1603041
1604041
1605041
1606041
1607041
1608041
1609041
1610041
1611041
1612041
1613041
1614041
1615041
1616041
1617041
1618041
1619041
1620041
1621041
1622041
1623041
1624041
1625041
1626041
1627041
1628041
1629041
1630041
1631041
1632041
1633041
1634041
1635041
1636041
1637041
1638041
1639041
1640041
1641041
1642041
1643041
1644041
1645041
1646041
1647041
1648041
1649041
1650041
1651041
1652041
1653041
1654041
1655041
1656041
1657041
1658041
1659041
1660041
1661041
1662041
1663041
1664041
1665041
1666041
1667041
1668041
1669041
1670041
1671041
1672041
1673041
1674041
1675041
1676041
1677041
1678041
1679041
1680041
1681041
1682041
1683041
1684041
1685041
1686041
1687041
1688041
1689041
1690041
1691041
1692041
1693041
1694041
1695041
1696041
1697041
1698041
1699041
1700041
1701041
1702041
1703041
1704041
1705041
1706041
1707041
1708041
1709041
1710041
1711041
1712041
1713041
1714041
1715041
1716041
1717041
1718041
1719041
1720041
1721041
1722041
1723041
1724041
1725041
1726041
1727041
1728041
1729041
1730041
1731041
1732041
1733041
1734041
1735041
1736041
1737041
1738041
1739041
1740041
1741041
1742041
1743041
1744041
1745041
1746041
1747041
1748041
1749041
1750041
1751041
1752041
1753041
1754041
1755041
1756041
1757041
1758041
1759041
1760041
1761041
1762041
1763041
1764041
1765041
1766041
1767041
1768041
1769041
1770041
1771041
1772041
1773041
1774041
1775041
1776041
1777041
1778041
1779041
1780041
1781041
1782041
1783041
1784041
1785041
1786041
1787041
1788041
1789041
1790041
1791041
1792041
1793041
1794041
1795041
1796041
1797041
1798041
1799041
800042
801042
802042
803042
804042
805042
806042
807042
808042
809042
810042
811042
812042
813042
814042
815042
816042
817042
818042
819042
820042
821042
822042
823042
824042
825042
826042
827042
828042
829042
830042
831042
832042
833042
834042
835042
836042
837042
838042
839042
840042
841042
842042
843042
844042
845042
846042
847042
848042
849042
850042
851042
852042
853042
854042
855042
856042
857042
858042
859042
860042
861042
862042
863042
864042
865042
866042
867042
868042
869042
870042
871042
872042
873042
874042
875042
876042
877042
878042
879042
880042
881042
882042
883042
884042
885042
886042
887042
888042
889042
890042
891042
892042
893042
894042
895042
896042
897042
898042
899042
900042
901042
902042
903042
904042
905042
906042
907042
908042
909042
910042
911042
912042
913042
914042
915042
916042
917042
918042
919042
920042
921042
922042
923042
924042
925042
926042
927042
928042
929042
930042
931042
932042
933042
934042
935042
936042
937042
938042
939042
940042
941042
942042
943042
944042
945042
946042
947042
948042
949042
950042
951042
952042
953042
954042
955042
956042
957042
958042
959042
960042
961042
962042
963042
964042
965042
966042
967042
968042
969042
970042
971042
972042
973042
974042
975042
976042
977042
978042
979042
980042
981042
982042
983042
984042
985042
986042
987042
988042
989042
990042
991042
992042
993042
994042
995042
996042
997042
998042
999042
1000042
1001042
1002042
1003042
1004042
1005042
1006042
1007042
1008042
1009042
1010042
1011042
1012042
1013042
1014042
1015042
1016042
1017042
1018042
1019042
1020042
1021042
1022042
1023042
1024042
1025042
1026042
1027042
1028042
1029042
1030042
1031042
1032042
1033042
1034042
1035042
1036042
1037042
1038042
1039042
1040042
1041042
1042042
1043042
1044042
1045042
1046042
1047042
1048042
1049042
1050042
1051042
1052042
1053042
1054042
1055042
1056042
1057042
1058042
1059042
1060042
1061042
1062042
1063042
1064042
1065042
1066042
1067042
1068042
1069042
1070042
1071042
1072042
1073042
1074042
1075042
1076042
1077042
1078042
1079042
1080042
1081042
1082042
1083042
1084042
1085042
1086042
1087042
1088042
1089042
1090042
1091042
1092042
1093042
1094042
1095042
1096042
1097042
1098042
1099042
1100042
1101042
1102042
1103042
1104042
1105042
1106042
1107042
1108042
1109042
1110042
1111042
1112042
1113042
1114042
1115042
1116042
1117042
1118042
1119042
1120042
1121042
1122042
1123042
1124042
1125042
1126042
1127042
1128042
1129042
1130042
1131042
1132042
1133042
1134042
1135042
1136042
1137042
1138042
1139042
1140042
1141042
1142042
1143042
1144042
1145042
1146042
1147042
1148042
1149042
1150042
1151042
1152042
1153042
1154042
1155042
1156042
1157042
1158042
1159042
1160042
1161042
1162042
1163042
1164042
1165042
1166042
1167042
1168042
1169042
1170042
1171042
1172042
1173042
1174042
1175042
1176042
1177042
1178042
1179042
1180042
1181042
1182042
1183042
1184042
1185042
1186042
1187042
1188042
1189042
1190042
1191042
1192042
1193042
1194042
1195042
1196042
1197042
1198042
1199042
1200042
1201042
1202042
1203042
1204042
1205042
1206042
1207042
1208042
1209042
1210042
1211042
1212042
1213042
1214042
1215042
1216042
1217042
1218042
1219042
1220042
1221042
1222042
1223042
1224042
1225042
1226042
1227042
1228042
1229042
1230042
1231042
1232042
1233042
1234042
1235042
1236042
1237042
1238042
1239042
1240042
1241042
1242042
1243042
1244042
1245042
1246042
1247042
1248042
1249042
1250042
1251042
1252042
1253042
1254042
1255042
1256042
1257042
1258042
1259042
1260042
1261042
1262042
1263042
1264042
1265042
1266042
1267042
1268042
1269042
1270042
1271042
1272042
1273042
1274042
1275042
1276042
1277042
1278042
1279042
1280042
1281042
1282042
1283042
1284042
1285042
1286042
1287042
1288042
1289042
1290042
1291042
1292042
1293042
1294042
1295042
1296042
1297042
1298042
1299042
1300042
1301042
1302042
1303042
1304042
1305042
1306042
1307042
1308042
1309042
1310042
1311042
1312042
1313042
1314042
1315042
1316042
1317042
1318042
1319042
1320042
1321042
1322042
1323042
1324042
1325042
1326042
1327042
1328042
1329042
1330042
1331042
1332042
1333042
1334042
1335042
1336042
1337042
1338042
1339042
1340042
1341042
1342042
1343042
1344042
1345042
1346042
1347042
1348042
1349042
1350042
1351042
1352042
1353042
1354042
1355042
1356042
1357042
1358042
1359042
1360042
1361042
1362042
1363042
1364042
1365042
1366042
1367042
1368042
1369042
1370042
1371042
1372042
1373042
1374042
1375042
1376042
1377042
1378042
1379042
1380042
1381042
1382042
1383042
1384042
1385042
1386042
1387042
1388042
1389042
1390042
1391042
1392042
1393042
1394042
1395042
1396042
1397042
1398042
1399042
1400042
1401042
1402042
1403042
1404042
1405042
1406042
1407042
1408042
1409042
1410042
1411042
1412042
1413042
1414042
1415042
1416042
1417042
1418042
1419042
1420042
1421042
1422042
1423042
1424042
1425042
1426042
1427042
1428042
1429042
1430042
1431042
1432042
1433042
1434042
1435042
1436042
1437042
1438042
1439042
1440042
1441042
1442042
1443042
1444042
1445042
1446042
1447042
1448042
1449042
1450042
1451042
1452042
1453042
1454042
1455042
1456042
1457042
1458042
1459042
1460042
1461042
1462042
1463042
1464042
1465042
1466042
1467042
1468042
1469042
1470042
1471042
1472042
1473042
1474042
1475042
1476042
1477042
1478042
1479042
1480042
1481042
1482042
1483042
1484042
1485042
1486042
1487042
1488042
1489042
1490042
1491042
1492042
1493042
1494042
1495042
1496042
1497042
1498042
1499042
1500042
1501042
1502042
1503042
1504042
1505042
1506042
1507042
1508042
1509042
1510042
1511042
1512042
1513042
1514042
1515042
1516042
1517042
1518042
1519042
1520042
1521042
1522042
1523042
1524042
1525042
1526042
1527042
1528042
1529042
1530042
1531042
1532042
1533042
1534042
1535042
1536042
1537042
1538042
1539042
1540042
1541042
1542042
1543042
1544042
1545042
1546042
1547042
1548042
1549042
1550042
1551042
1552042
1553042
1554042
1555042
1556042
1557042
1558042
1559042
1560042
1561042
1562042
1563042
1564042
1565042
1566042
1567042
1568042
1569042
1570042
1571042
1572042
1573042
1574042
1575042
1576042
1577042
1578042
1579042
1580042
1581042
1582042
1583042
1584042
1585042
1586042
1587042
1588042
1589042
1590042
1591042
1592042
1593042
1594042
1595042
1596042
1597042
1598042
1599042
1600042
1601042
1602042
1603042
1604042
1605042
1606042
1607042
1608042
1609042
1610042
1611042
1612042
1613042
1614042
1615042
1616042
1617042
1618042
1619042
1620042
1621042
1622042
1623042
1624042
1625042
1626042
1627042
1628042
1629042
1630042
1631042
1632042
1633042
1634042
1635042
1636042
1637042
1638042
1639042
1640042
1641042
1642042
1643042
1644042
1645042
1646042
1647042
1648042
1649042
1650042
1651042
1652042
1653042
1654042
1655042
1656042
1657042
1658042
1659042
1660042
1661042
1662042
1663042
1664042
1665042
1666042
1667042
1668042
1669042
1670042
1671042
1672042
1673042
1674042
1675042
1676042
1677042
1678042
1679042
1680042
1681042
1682042
1683042
1684042
1685042
1686042
1687042
1688042
1689042
1690042
1691042
1692042
1693042
1694042
1695042
1696042
1697042
1698042
1699042
1700042
1701042
1702042
1703042
1704042
1705042
1706042
1707042
1708042
1709042
1710042
1711042
1712042
1713042
1714042
1715042
1716042
1717042
1718042
1719042
1720042
1721042
1722042
1723042
1724042
1725042
1726042
1727042
1728042
1729042
1730042
1731042
1732042
1733042
1734042
1735042
1736042
1737042
1738042
1739042
1740042
1741042
1742042
1743042
1744042
1745042
1746042
1747042
1748042
1749042
1750042
1751042
1752042
1753042
1754042
1755042
1756042
1757042
1758042
1759042
1760042
1761042
1762042
1763042
1764042
1765042
1766042
1767042
1768042
1769042
1770042
1771042
1772042
1773042
1774042
1775042
1776042
1777042
1778042
1779042
1780042
1781042
1782042
1783042
1784042
1785042
1786042
1787042
1788042
1789042
1790042
1791042
1792042
1793042
1794042
1795042
1796042
1797042
1798042
1799042
800043
801043
802043
803043
804043
805043
806043
807043
808043
809043
810043
811043
812043
813043
814043
815043
816043
817043
818043
819043
820043
821043
822043
823043
824043
825043
826043
827043
828043
829043
830043
831043
832043
833043
834043
835043
836043
837043
838043
839043
840043
841043
842043
843043
844043
845043
846043
847043
848043
849043
850043
851043
852043
853043
854043
855043
856043
857043
858043
859043
860043
861043
862043
863043
864043
865043
866043
867043
868043
869043
870043
871043
872043
873043
874043
875043
876043
877043
878043
879043
880043
881043
882043
883043
884043
885043
886043
887043
888043
889043
890043
891043
892043
893043
894043
895043
896043
897043
898043
899043
900043
901043
902043
903043
904043
905043
906043
907043
908043
909043
910043
911043
912043
913043
914043
915043
916043
917043
918043
919043
920043
921043
922043
923043
924043
925043
926043
927043
928043
929043
930043
931043
932043
933043
934043
935043
936043
937043
938043
939043
940043
941043
942043
943043
944043
945043
946043
947043
948043
949043
950043
951043
952043
953043
954043
955043
956043
957043
958043
959043
960043
961043
962043
963043
964043
965043
966043
967043
968043
969043
970043
971043
972043
973043
974043
975043
976043
977043
978043
979043
980043
981043
982043
983043
984043
985043
986043
987043
988043
989043
990043
991043
992043
993043
994043
995043
996043
997043
998043
999043
1000043
1001043
1002043
1003043
1004043
1005043
1006043
1007043
1008043
1009043
1010043
1011043
1012043
1013043
1014043
1015043
1016043
1017043
1018043
1019043
1020043
1021043
1022043
1023043
1024043
1025043
1026043
1027043
1028043
1029043
1030043
1031043
1032043
1033043
1034043
1035043
1036043
1037043
1038043
1039043
1040043
1041043
1042043
1043043
1044043
1045043
1046043
1047043
1048043
1049043
1050043
1051043
1052043
1053043
1054043
1055043
1056043
1057043
1058043
1059043
1060043
1061043
1062043
1063043
1064043
1065043
1066043
1067043
1068043
1069043
1070043
1071043
1072043
1073043
1074043
1075043
1076043
1077043
1078043
1079043
1080043
1081043
1082043
1083043
1084043
1085043
1086043
1087043
1088043
1089043
1090043
1091043
1092043
1093043
1094043
1095043
1096043
1097043
1098043
1099043
1100043
1101043
1102043
1103043
1104043
1105043
1106043
1107043
1108043
1109043
1110043
1111043
1112043
1113043
1114043
1115043
1116043
1117043
1118043
1119043
1120043
1121043
1122043
1123043
1124043
1125043
1126043
1127043
1128043
1129043
1130043
1131043
1132043
1133043
1134043
1135043
1136043
1137043
1138043
1139043
1140043
1141043
1142043
1143043
1144043
1145043
1146043
1147043
1148043
1149043
1150043
1151043
1152043
1153043
1154043
1155043
1156043
1157043
1158043
1159043
1160043
1161043
1162043
1163043
1164043
1165043
1166043
1167043
1168043
1169043
1170043
1171043
1172043
1173043
1174043
1175043
1176043
1177043
1178043
1179043
1180043
1181043
1182043
1183043
1184043
1185043
1186043
1187043
1188043
1189043
1190043
1191043
1192043
1193043
1194043
1195043
1196043
1197043
1198043
1199043
1200043
1201043
1202043
1203043
1204043
1205043
1206043
1207043
1208043
1209043
1210043
1211043
1212043
1213043
1214043
1215043
1216043
1217043
1218043
1219043
1220043
1221043
1222043
1223043
1224043
1225043
1226043
1227043
1228043
1229043
1230043
1231043
1232043
1233043
1234043
1235043
1236043
1237043
1238043
1239043
1240043
1241043
1242043
1243043
1244043
1245043
1246043
1247043
1248043
1249043
1250043
1251043
1252043
1253043
1254043
1255043
1256043
1257043
1258043
1259043
1260043
1261043
1262043
1263043
1264043
1265043
1266043
1267043
1268043
1269043
1270043
1271043
1272043
1273043
1274043
1275043
1276043
1277043
1278043
1279043
1280043
1281043
1282043
1283043
1284043
1285043
1286043
1287043
1288043
1289043
1290043
1291043
1292043
1293043
1294043
1295043
1296043
1297043
1298043
1299043
1300043
1301043
1302043
1303043
1304043
1305043
1306043
1307043
1308043
1309043
1310043
1311043
1312043
1313043
1314043
1315043
1316043
1317043
1318043
1319043
1320043
1321043
1322043
1323043
1324043
1325043
1326043
1327043
1328043
1329043
1330043
1331043
1332043
1333043
1334043
1335043
1336043
1337043
1338043
1339043
1340043
1341043
1342043
1343043
1344043
1345043
1346043
1347043
1348043
1349043
1350043
1351043
1352043
1353043
1354043
1355043
1356043
1357043
1358043
1359043
1360043
1361043
1362043
1363043
1364043
1365043
1366043
1367043
1368043
1369043
1370043
1371043
1372043
1373043
1374043
1375043
1376043
1377043
1378043
1379043
1380043
1381043
1382043
1383043
1384043
1385043
1386043
1387043
1388043
1389043
1390043
1391043
1392043
1393043
1394043
1395043
1396043
1397043
1398043
1399043
1400043
1401043
1402043
1403043
1404043
1405043
1406043
1407043
1408043
1409043
1410043
1411043
1412043
1413043
1414043
1415043
1416043
1417043
1418043
1419043
1420043
1421043
1422043
1423043
1424043
1425043
1426043
1427043
1428043
1429043
1430043
1431043
1432043
1433043
1434043
1435043
1436043
1437043
1438043
1439043
1440043
1441043
1442043
1443043
1444043
1445043
1446043
1447043
1448043
1449043
1450043
1451043
1452043
1453043
1454043
1455043
1456043
1457043
1458043
1459043
1460043
1461043
1462043
1463043
1464043
1465043
1466043
1467043
1468043
1469043
1470043
1471043
1472043
1473043
1474043
1475043
1476043
1477043
1478043
1479043
1480043
1481043
1482043
1483043
1484043
1485043
1486043
1487043
1488043
1489043
1490043
1491043
1492043
1493043
1494043
1495043
1496043
1497043
1498043
1499043
1500043
1501043
1502043
1503043
1504043
1505043
1506043
1507043
1508043
1509043
1510043
1511043
1512043
1513043
1514043
1515043
1516043
1517043
1518043
1519043
1520043
1521043
1522043
1523043
1524043
1525043
1526043
1527043
1528043
1529043
1530043
1531043
1532043
1533043
1534043
1535043
1536043
1537043
1538043
1539043
1540043
1541043
1542043
1543043
1544043
1545043
1546043
1547043
1548043
1549043
1550043
1551043
1552043
1553043
1554043
1555043
1556043
1557043
1558043
1559043
1560043
1561043
1562043
1563043
1564043
1565043
1566043
1567043
1568043
1569043
1570043
1571043
1572043
1573043
1574043
1575043
1576043
1577043
1578043
1579043
1580043
1581043
1582043
1583043
1584043
1585043
1586043
1587043
1588043
1589043
1590043
1591043
1592043
1593043
1594043
1595043
1596043
1597043
1598043
1599043
1600043
1601043
1602043
1603043
1604043
1605043
1606043
1607043
1608043
1609043
1610043
1611043
1612043
1613043
1614043
1615043
1616043
1617043
1618043
1619043
1620043
1621043
1622043
1623043
1624043
1625043
1626043
1627043
1628043
1629043
1630043
1631043
1632043
1633043
1634043
1635043
1636043
1637043
1638043
1639043
1640043
1641043
1642043
1643043
1644043
1645043
1646043
1647043
1648043
1649043
1650043
1651043
1652043
1653043
1654043
1655043
1656043
1657043
1658043
1659043
1660043
1661043
1662043
1663043
1664043
1665043
1666043
1667043
1668043
1669043
1670043
1671043
1672043
1673043
1674043
1675043
1676043
1677043
1678043
1679043
1680043
1681043
1682043
1683043
1684043
1685043
1686043
1687043
1688043
1689043
1690043
1691043
1692043
1693043
1694043
1695043
1696043
1697043
1698043
1699043
1700043
1701043
1702043
1703043
1704043
1705043
1706043
1707043
1708043
1709043
1710043
1711043
1712043
1713043
1714043
1715043
1716043
1717043
1718043
1719043
1720043
1721043
1722043
1723043
1724043
1725043
1726043
1727043
1728043
1729043
1730043
1731043
1732043
1733043
1734043
1735043
1736043
1737043
1738043
1739043
1740043
1741043
1742043
1743043
1744043
1745043
1746043
1747043
1748043
1749043
1750043
1751043
1752043
1753043
1754043
1755043
1756043
1757043
1758043
1759043
1760043
1761043
1762043
1763043
1764043
1765043
1766043
1767043
1768043
1769043
1770043
1771043
1772043
1773043
1774043
1775043
1776043
1777043
1778043
1779043
1780043
1781043
1782043
1783043
1784043
1785043
1786043
1787043
1788043
1789043
1790043
1791043
1792043
1793043
1794043
1795043
1796043
1797043
1798043
1799043
800044
801044
802044
803044
804044
805044
806044
807044
808044
809044
810044
811044
812044
813044
814044
815044
816044
817044
818044
819044
820044
821044
822044
823044
824044
825044
826044
827044
828044
829044
830044
831044
832044
833044
834044
835044
836044
837044
838044
839044
840044
841044
842044
843044
844044
845044
846044
847044
848044
849044
850044
851044
852044
853044
854044
855044
856044
857044
858044
859044
860044
861044
862044
863044
864044
865044
866044
867044
868044
869044
870044
871044
872044
873044
874044
875044
876044
877044
878044
879044
880044
881044
882044
883044
884044
885044
886044
887044
888044
889044
890044
891044
892044
893044
894044
895044
896044
897044
898044
899044
900044
901044
902044
903044
904044
905044
906044
907044
908044
909044
910044
911044
912044
913044
914044
915044
916044
917044
918044
919044
920044
921044
922044
923044
924044
925044
926044
927044
928044
929044
930044
931044
932044
933044
934044
935044
936044
937044
938044
939044
940044
941044
942044
943044
944044
945044
946044
947044
948044
949044
950044
951044
952044
953044
954044
955044
956044
957044
958044
959044
960044
961044
962044
963044
964044
965044
966044
967044
968044
969044
970044
971044
972044
973044
974044
975044
976044
977044
978044
979044
980044
981044
982044
983044
984044
985044
986044
987044
988044
989044
990044
991044
992044
993044
994044
995044
996044
997044
998044
999044
1000044
1001044
1002044
1003044
1004044
1005044
1006044
1007044
1008044
1009044
1010044
1011044
1012044
1013044
1014044
1015044
1016044
1017044
1018044
1019044
1020044
1021044
1022044
1023044
1024044
1025044
1026044
1027044
1028044
1029044
1030044
1031044
1032044
1033044
1034044
1035044
1036044
1037044
1038044
1039044
1040044
1041044
1042044
1043044
1044044
1045044
1046044
1047044
1048044
1049044
1050044
1051044
1052044
1053044
1054044
1055044
1056044
1057044
1058044
1059044
1060044
1061044
1062044
1063044
1064044
1065044
1066044
1067044
1068044
1069044
1070044
1071044
1072044
1073044
1074044
1075044
1076044
1077044
1078044
1079044
1080044
1081044
1082044
1083044
1084044
1085044
1086044
1087044
1088044
1089044
1090044
1091044
1092044
1093044
1094044
1095044
1096044
1097044
1098044
1099044
1100044
1101044
1102044
1103044
1104044
1105044
1106044
1107044
1108044
1109044
1110044
1111044
1112044
1113044
1114044
1115044
1116044
1117044
1118044
1119044
1120044
1121044
1122044
1123044
1124044
1125044
1126044
1127044
1128044
1129044
1130044
1131044
1132044
1133044
1134044
1135044
1136044
1137044
1138044
1139044
1140044
1141044
1142044
1143044
1144044
1145044
1146044
1147044
1148044
1149044
1150044
1151044
1152044
1153044
1154044
1155044
1156044
1157044
1158044
1159044
1160044
1161044
1162044
1163044
1164044
1165044
1166044
1167044
1168044
1169044
1170044
1171044
1172044
1173044
1174044
1175044
1176044
1177044
1178044
1179044
1180044
1181044
1182044
1183044
1184044
1185044
1186044
1187044
1188044
1189044
1190044
1191044
1192044
1193044
1194044
1195044
1196044
1197044
1198044
1199044
1200044
1201044
1202044
1203044
1204044
1205044
1206044
1207044
1208044
1209044
1210044
1211044
1212044
1213044
1214044
1215044
1216044
1217044
1218044
1219044
1220044
1221044
1222044
1223044
1224044
1225044
1226044
1227044
1228044
1229044
1230044
1231044
1232044
1233044
1234044
1235044
1236044
1237044
1238044
1239044
1240044
1241044
1242044
1243044
1244044
1245044
1246044
1247044
1248044
1249044
1250044
1251044
1252044
1253044
1254044
1255044
1256044
1257044
1258044
1259044
1260044
1261044
1262044
1263044
1264044
1265044
1266044
1267044
1268044
1269044
1270044
1271044
1272044
1273044
1274044
1275044
1276044
1277044
1278044
1279044
1280044
1281044
1282044
1283044
1284044
1285044
1286044
1287044
1288044
1289044
1290044
1291044
1292044
1293044
1294044
1295044
1296044
1297044
1298044
1299044
1300044
1301044
1302044
1303044
1304044
1305044
1306044
1307044
1308044
1309044
1310044
1311044
1312044
1313044
1314044
1315044
1316044
1317044
1318044
1319044
1320044
1321044
1322044
1323044
1324044
1325044
1326044
1327044
1328044
1329044
1330044
1331044
1332044
1333044
1334044
1335044
1336044
1337044
1338044
1339044
1340044
1341044
1342044
1343044
1344044
1345044
1346044
1347044
1348044
1349044
1350044
1351044
1352044
1353044
1354044
1355044
1356044
1357044
1358044
1359044
1360044
1361044
1362044
1363044
1364044
1365044
1366044
1367044
1368044
1369044
1370044
1371044
1372044
1373044
1374044
1375044
1376044
1377044
1378044
1379044
1380044
1381044
1382044
1383044
1384044
1385044
1386044
1387044
1388044
1389044
1390044
1391044
1392044
1393044
1394044
1395044
1396044
1397044
1398044
1399044
1400044
1401044
1402044
1403044
1404044
1405044
1406044
1407044
1408044
1409044
1410044
1411044
1412044
1413044
1414044
1415044
1416044
1417044
1418044
1419044
1420044
1421044
1422044
1423044
1424044
1425044
1426044
1427044
1428044
1429044
1430044
1431044
1432044
1433044
1434044
1435044
1436044
1437044
1438044
1439044
1440044
1441044
1442044
1443044
1444044
1445044
1446044
1447044
1448044
1449044
1450044
1451044
1452044
1453044
1454044
1455044
1456044
1457044
1458044
1459044
1460044
1461044
1462044
1463044
1464044
1465044
1466044
1467044
1468044
1469044
1470044
1471044
1472044
1473044
1474044
1475044
1476044
1477044
1478044
1479044
1480044
1481044
1482044
1483044
1484044
1485044
1486044
1487044
1488044
1489044
1490044
1491044
1492044
1493044
1494044
1495044
1496044
1497044
1498044
1499044
1500044
1501044
1502044
1503044
1504044
1505044
1506044
1507044
1508044
1509044
1510044
1511044
1512044
1513044
1514044
1515044
1516044
1517044
1518044
1519044
1520044
1521044
1522044
1523044
1524044
1525044
1526044
1527044
1528044
1529044
1530044
1531044
1532044
1533044
1534044
1535044
1536044
1537044
1538044
1539044
1540044
1541044
1542044
1543044
1544044
1545044
1546044
1547044
1548044
1549044
1550044
1551044
1552044
1553044
1554044
1555044
1556044
1557044
1558044
1559044
1560044
1561044
1562044
1563044
1564044
1565044
1566044
1567044
1568044
1569044
1570044
1571044
1572044
1573044
1574044
1575044
1576044
1577044
1578044
1579044
1580044
1581044
1582044
1583044
1584044
1585044
1586044
1587044
1588044
1589044
1590044
1591044
1592044
1593044
1594044
1595044
1596044
1597044
1598044
1599044
1600044
1601044
1602044
1603044
1604044
1605044
1606044
1607044
1608044
1609044
1610044
1611044
1612044
1613044
1614044
1615044
1616044
1617044
1618044
1619044
1620044
1621044
1622044
1623044
1624044
1625044
1626044
1627044
1628044
1629044
1630044
1631044
1632044
1633044
1634044
1635044
1636044
1637044
1638044
1639044
1640044
1641044
1642044
1643044
1644044
1645044
1646044
1647044
1648044
1649044
1650044
1651044
1652044
1653044
1654044
1655044
1656044
1657044
1658044
1659044
1660044
1661044
1662044
1663044
1664044
1665044
1666044
1667044
1668044
1669044
1670044
1671044
1672044
1673044
1674044
1675044
1676044
1677044
1678044
1679044
1680044
1681044
1682044
1683044
1684044
1685044
1686044
1687044
1688044
1689044
1690044
1691044
1692044
1693044
1694044
1695044
1696044
1697044
1698044
1699044
1700044
1701044
1702044
1703044
1704044
1705044
1706044
1707044
1708044
1709044
1710044
1711044
1712044
1713044
1714044
1715044
1716044
1717044
1718044
1719044
1720044
1721044
1722044
1723044
1724044
1725044
1726044
1727044
1728044
1729044
1730044
1731044
1732044
1733044
1734044
1735044
1736044
1737044
1738044
1739044
1740044
1741044
1742044
1743044
1744044
1745044
1746044
1747044
1748044
1749044
1750044
1751044
1752044
1753044
1754044
1755044
1756044
1757044
1758044
1759044
1760044
1761044
1762044
1763044
1764044
1765044
1766044
1767044
1768044
1769044
1770044
1771044
1772044
1773044
1774044
1775044
1776044
1777044
1778044
1779044
1780044
1781044
1782044
1783044
1784044
1785044
1786044
1787044
1788044
1789044
1790044
1791044
1792044
1793044
1794044
1795044
1796044
1797044
1798044
1799044
800045
801045
802045
803045
804045
805045
806045
807045
808045
809045
810045
811045
812045
813045
814045
815045
816045
817045
818045
819045
820045
821045
822045
823045
824045
825045
826045
827045
828045
829045
830045
831045
832045
833045
834045
835045
836045
837045
838045
839045
840045
841045
842045
843045
844045
845045
846045
847045
848045
849045
850045
851045
852045
853045
854045
855045
856045
857045
858045
859045
860045
861045
862045
863045
864045
865045
866045
867045
868045
869045
870045
871045
872045
873045
874045
875045
876045
877045
878045
879045
880045
881045
882045
883045
884045
885045
886045
887045
888045
889045
890045
891045
892045
893045
894045
895045
896045
897045
898045
899045
900045
901045
902045
903045
904045
905045
906045
907045
908045
909045
910045
911045
912045
913045
914045
915045
916045
917045
918045
919045
920045
921045
922045
923045
924045
925045
926045
927045
928045
929045
930045
931045
932045
933045
934045
935045
936045
937045
938045
939045
940045
941045
942045
943045
944045
945045
946045
947045
948045
949045
950045
951045
952045
953045
954045
955045
956045
957045
958045
959045
960045
961045
962045
963045
964045
965045
966045
967045
968045
969045
970045
971045
972045
973045
974045
975045
976045
977045
978045
979045
980045
981045
982045
983045
984045
985045
986045
987045
988045
989045
990045
991045
992045
993045
994045
995045
996045
997045
998045
999045
1000045
1001045
1002045
1003045
1004045
1005045
1006045
1007045
1008045
1009045
1010045
1011045
1012045
1013045
1014045
1015045
1016045
1017045
1018045
1019045
1020045
1021045
1022045
1023045
1024045
1025045
1026045
1027045
1028045
1029045
1030045
1031045
1032045
1033045
1034045
1035045
1036045
1037045
1038045
1039045
1040045
1041045
1042045
1043045
1044045
1045045
1046045
1047045
1048045
1049045
1050045
1051045
1052045
1053045
1054045
1055045
1056045
1057045
1058045
1059045
1060045
1061045
1062045
1063045
1064045
1065045
1066045
1067045
1068045
1069045
1070045
1071045
1072045
1073045
1074045
1075045
1076045
1077045
1078045
1079045
1080045
1081045
1082045
1083045
1084045
1085045
1086045
1087045
1088045
1089045
1090045
1091045
1092045
1093045
1094045
1095045
1096045
1097045
1098045
1099045
1100045
1101045
1102045
1103045
1104045
1105045
1106045
1107045
1108045
1109045
1110045
1111045
1112045
1113045
1114045
1115045
1116045
1117045
1118045
1119045
1120045
1121045
1122045
1123045
1124045
1125045
1126045
1127045
1128045
1129045
1130045
1131045
1132045
1133045
1134045
1135045
1136045
1137045
1138045
1139045
1140045
1141045
1142045
1143045
1144045
1145045
1146045
1147045
1148045
1149045
1150045
1151045
1152045
1153045
1154045
1155045
1156045
1157045
1158045
1159045
1160045
1161045
1162045
1163045
1164045
1165045
1166045
1167045
1168045
1169045
1170045
1171045
1172045
1173045
1174045
1175045
1176045
1177045
1178045
1179045
1180045
1181045
1182045
1183045
1184045
1185045
1186045
1187045
1188045
1189045
1190045
1191045
1192045
1193045
1194045
1195045
1196045
1197045
1198045
1199045
1200045
1201045
1202045
1203045
1204045
1205045
1206045
1207045
1208045
1209045
1210045
1211045
1212045
1213045
1214045
1215045
1216045
1217045
1218045
1219045
1220045
1221045
1222045
1223045
1224045
1225045
1226045
1227045
1228045
1229045
1230045
1231045
1232045
1233045
1234045
1235045
1236045
1237045
1238045
1239045
1240045
1241045
1242045
1243045
1244045
1245045
1246045
1247045
1248045
1249045
1250045
1251045
1252045
1253045
1254045
1255045
1256045
1257045
1258045
1259045
1260045
1261045
1262045
1263045
1264045
1265045
1266045
1267045
1268045
1269045
1270045
1271045
1272045
1273045
1274045
1275045
1276045
1277045
1278045
1279045
1280045
1281045
1282045
1283045
1284045
1285045
1286045
1287045
1288045
1289045
1290045
1291045
1292045
1293045
1294045
1295045
1296045
1297045
1298045
1299045
1300045
1301045
1302045
1303045
1304045
1305045
1306045
1307045
1308045
1309045
1310045
1311045
1312045
1313045
1314045
1315045
1316045
1317045
1318045
1319045
1320045
1321045
1322045
1323045
1324045
1325045
1326045
1327045
1328045
1329045
1330045
1331045
1332045
1333045
1334045
1335045
1336045
1337045
1338045
1339045
1340045
1341045
1342045
1343045
1344045
1345045
1346045
1347045
1348045
1349045
1350045
1351045
1352045
1353045
1354045
1355045
1356045
1357045
1358045
1359045
1360045
1361045
1362045
1363045
1364045
1365045
1366045
1367045
1368045
1369045
1370045
1371045
1372045
1373045
1374045
1375045
1376045
1377045
1378045
1379045
1380045
1381045
1382045
1383045
1384045
1385045
1386045
1387045
1388045
1389045
1390045
1391045
1392045
1393045
1394045
1395045
1396045
1397045
1398045
1399045
1400045
1401045
1402045
1403045
1404045
1405045
1406045
1407045
1408045
1409045
1410045
1411045
1412045
1413045
1414045
1415045
1416045
1417045
1418045
1419045
1420045
1421045
1422045
1423045
1424045
1425045
1426045
1427045
1428045
1429045
1430045
1431045
1432045
1433045
1434045
1435045
1436045
1437045
1438045
1439045
1440045
1441045
1442045
1443045
1444045
1445045
1446045
1447045
1448045
1449045
1450045
1451045
1452045
1453045
1454045
1455045
1456045
1457045
1458045
1459045
1460045
1461045
1462045
1463045
1464045
1465045
1466045
1467045
1468045
1469045
1470045
1471045
1472045
1473045
1474045
1475045
1476045
1477045
1478045
1479045
1480045
1481045
1482045
1483045
1484045
1485045
1486045
1487045
1488045
1489045
1490045
1491045
1492045
1493045
1494045
1495045
1496045
1497045
1498045
1499045
1500045
1501045
1502045
1503045
1504045
1505045
1506045
1507045
1508045
1509045
1510045
1511045
1512045
1513045
1514045
1515045
1516045
1517045
1518045
1519045
1520045
1521045
1522045
1523045
1524045
1525045
1526045
1527045
1528045
1529045
1530045
1531045
1532045
1533045
1534045
1535045
1536045
1537045
1538045
1539045
1540045
1541045
1542045
1543045
1544045
1545045
1546045
1547045
1548045
1549045
1550045
1551045
1552045
1553045
1554045
1555045
1556045
1557045
1558045
1559045
1560045
1561045
1562045
1563045
1564045
1565045
1566045
1567045
1568045
1569045
1570045
1571045
1572045
1573045
1574045
1575045
1576045
1577045
1578045
1579045
1580045
1581045
1582045
1583045
1584045
1585045
1586045
1587045
1588045
1589045
1590045
1591045
1592045
1593045
1594045
1595045
1596045
1597045
1598045
1599045
1600045
1601045
1602045
1603045
1604045
1605045
1606045
1607045
1608045
1609045
1610045
1611045
1612045
1613045
1614045
1615045
1616045
1617045
1618045
1619045
1620045
1621045
1622045
1623045
1624045
1625045
1626045
1627045
1628045
1629045
1630045
1631045
1632045
1633045
1634045
1635045
1636045
1637045
1638045
1639045
1640045
1641045
1642045
1643045
1644045
1645045
1646045
1647045
1648045
1649045
1650045
1651045
1652045
1653045
1654045
1655045
1656045
1657045
1658045
1659045
1660045
1661045
1662045
1663045
1664045
1665045
1666045
1667045
1668045
1669045
1670045
1671045
1672045
1673045
1674045
1675045
1676045
1677045
1678045
1679045
1680045
1681045
1682045
1683045
1684045
1685045
1686045
1687045
1688045
1689045
1690045
1691045
1692045
1693045
1694045
1695045
1696045
1697045
1698045
1699045
1700045
1701045
1702045
1703045
1704045
1705045
1706045
1707045
1708045
1709045
1710045
1711045
1712045
1713045
1714045
1715045
1716045
1717045
1718045
1719045
1720045
1721045
1722045
1723045
1724045
1725045
1726045
1727045
1728045
1729045
1730045
1731045
1732045
1733045
1734045
1735045
1736045
1737045
1738045
1739045
1740045
1741045
1742045
1743045
1744045
1745045
1746045
1747045
1748045
1749045
1750045
1751045
1752045
1753045
1754045
1755045
1756045
1757045
1758045
1759045
1760045
1761045
1762045
1763045
1764045
1765045
1766045
1767045
1768045
1769045
1770045
1771045
1772045
1773045
1774045
1775045
1776045
1777045
1778045
1779045
1780045
1781045
1782045
1783045
1784045
1785045
1786045
1787045
1788045
1789045
1790045
1791045
1792045
1793045
1794045
1795045
1796045
1797045
1798045
1799045
800046
801046
802046
803046
804046
805046
806046
807046
808046
809046
810046
811046
812046
813046
814046
815046
816046
817046
818046
819046
820046
821046
822046
823046
824046
825046
826046
827046
828046
829046
830046
831046
832046
833046
834046
835046
836046
837046
838046
839046
840046
841046
842046
843046
844046
845046
846046
847046
848046
849046
850046
851046
852046
853046
854046
855046
856046
857046
858046
859046
860046
861046
862046
863046
864046
865046
866046
867046
868046
869046
870046
871046
872046
873046
874046
875046
876046
877046
878046
879046
880046
881046
882046
883046
884046
885046
886046
887046
888046
889046
890046
891046
892046
893046
894046
895046
896046
897046
898046
899046
900046
901046
902046
903046
904046
905046
906046
907046
908046
909046
910046
911046
912046
913046
914046
915046
916046
917046
918046
919046
920046
921046
922046
923046
924046
925046
926046
927046
928046
929046
930046
931046
932046
933046
934046
935046
936046
937046
938046
939046
940046
941046
942046
943046
944046
945046
946046
947046
948046
949046
950046
951046
952046
953046
954046
955046
956046
957046
958046
959046
960046
961046
962046
963046
964046
965046
966046
967046
968046
969046
970046
971046
972046
973046
974046
975046
976046
977046
978046
979046
980046
981046
982046
983046
984046
985046
986046
987046
988046
989046
990046
991046
992046
993046
994046
995046
996046
997046
998046
999046
1000046
1001046
1002046
1003046
1004046
1005046
1006046
1007046
1008046
1009046
1010046
1011046
1012046
1013046
1014046
1015046
1016046
1017046
1018046
1019046
1020046
1021046
1022046
1023046
1024046
1025046
1026046
1027046
1028046
1029046
1030046
1031046
1032046
1033046
1034046
1035046
1036046
1037046
1038046
1039046
1040046
1041046
1042046
1043046
1044046
1045046
1046046
1047046
1048046
1049046
1050046
1051046
1052046
1053046
1054046
1055046
1056046
1057046
1058046
1059046
1060046
1061046
1062046
1063046
1064046
1065046
1066046
1067046
1068046
1069046
1070046
1071046
1072046
1073046
1074046
1075046
1076046
1077046
1078046
1079046
1080046
1081046
1082046
1083046
1084046
1085046
1086046
1087046
1088046
1089046
1090046
1091046
1092046
1093046
1094046
1095046
1096046
1097046
1098046
1099046
1100046
1101046
1102046
1103046
1104046
1105046
1106046
1107046
1108046
1109046
1110046
1111046
1112046
1113046
1114046
1115046
1116046
1117046
1118046
1119046
1120046
1121046
1122046
1123046
1124046
1125046
1126046
1127046
1128046
1129046
1130046
1131046
1132046
1133046
1134046
1135046
1136046
1137046
1138046
1139046
1140046
1141046
1142046
1143046
1144046
1145046
1146046
1147046
1148046
1149046
1150046
1151046
1152046
1153046
1154046
1155046
1156046
1157046
1158046
1159046
1160046
1161046
1162046
1163046
1164046
1165046
1166046
1167046
1168046
1169046
1170046
1171046
1172046
1173046
1174046
1175046
1176046
1177046
1178046
1179046
1180046
1181046
1182046
1183046
1184046
1185046
1186046
1187046
1188046
1189046
1190046
1191046
1192046
1193046
1194046
1195046
1196046
1197046
1198046
1199046
1200046
1201046
1202046
1203046
1204046
1205046
1206046
1207046
1208046
1209046
1210046
1211046
1212046
1213046
1214046
1215046
1216046
1217046
1218046
1219046
1220046
1221046
1222046
1223046
1224046
1225046
1226046
1227046
1228046
1229046
1230046
1231046
1232046
1233046
1234046
1235046
1236046
1237046
1238046
1239046
1240046
1241046
1242046
1243046
1244046
1245046
1246046
1247046
1248046
1249046
1250046
1251046
1252046
1253046
1254046
1255046
1256046
1257046
1258046
1259046
1260046
1261046
1262046
1263046
1264046
1265046
1266046
1267046
1268046
1269046
1270046
1271046
1272046
1273046
1274046
1275046
1276046
1277046
1278046
1279046
1280046
1281046
1282046
1283046
1284046
1285046
1286046
1287046
1288046
1289046
1290046
1291046
1292046
1293046
1294046
1295046
1296046
1297046
1298046
1299046
1300046
1301046
1302046
1303046
1304046
1305046
1306046
1307046
1308046
1309046
1310046
1311046
1312046
1313046
1314046
1315046
1316046
1317046
1318046
1319046
1320046
1321046
1322046
1323046
1324046
1325046
1326046
1327046
1328046
1329046
1330046
1331046
1332046
1333046
1334046
1335046
1336046
1337046
1338046
1339046
1340046
1341046
1342046
1343046
1344046
1345046
1346046
1347046
1348046
1349046
1350046
1351046
1352046
1353046
1354046
1355046
1356046
1357046
1358046
1359046
1360046
1361046
1362046
1363046
1364046
1365046
1366046
1367046
1368046
1369046
1370046
1371046
1372046
1373046
1374046
1375046
1376046
1377046
1378046
1379046
1380046
1381046
1382046
1383046
1384046
1385046
1386046
1387046
1388046
1389046
1390046
1391046
1392046
1393046
1394046
1395046
1396046
1397046
1398046
1399046
1400046
1401046
1402046
1403046
1404046
1405046
1406046
1407046
1408046
1409046
1410046
1411046
1412046
1413046
1414046
1415046
1416046
1417046
1418046
1419046
1420046
1421046
1422046
1423046
1424046
1425046
1426046
1427046
1428046
1429046
1430046
1431046
1432046
1433046
1434046
1435046
1436046
1437046
1438046
1439046
1440046
1441046
1442046
1443046
1444046
1445046
1446046
1447046
1448046
1449046
1450046
1451046
1452046
1453046
1454046
1455046
1456046
1457046
1458046
1459046
1460046
1461046
1462046
1463046
1464046
1465046
1466046
1467046
1468046
1469046
1470046
1471046
1472046
1473046
1474046
1475046
1476046
1477046
1478046
1479046
1480046
1481046
1482046
1483046
1484046
1485046
1486046
1487046
1488046
1489046
1490046
1491046
1492046
1493046
1494046
1495046
1496046
1497046
1498046
1499046
1500046
1501046
1502046
1503046
1504046
1505046
1506046
1507046
1508046
1509046
1510046
1511046
1512046
1513046
1514046
1515046
1516046
1517046
1518046
1519046
1520046
1521046
1522046
1523046
1524046
1525046
1526046
1527046
1528046
1529046
1530046
1531046
1532046
1533046
1534046
1535046
1536046
1537046
1538046
1539046
1540046
1541046
1542046
1543046
1544046
1545046
1546046
1547046
1548046
1549046
1550046
1551046
1552046
1553046
1554046
1555046
1556046
1557046
1558046
1559046
1560046
1561046
1562046
1563046
1564046
1565046
1566046
1567046
1568046
1569046
1570046
1571046
1572046
1573046
1574046
1575046
1576046
1577046
1578046
1579046
1580046
1581046
1582046
1583046
1584046
1585046
1586046
1587046
1588046
1589046
1590046
1591046
1592046
1593046
1594046
1595046
1596046
1597046
1598046
1599046
1600046
1601046
1602046
1603046
1604046
1605046
1606046
1607046
1608046
1609046
1610046
1611046
1612046
1613046
1614046
1615046
1616046
1617046
1618046
1619046
1620046
1621046
1622046
1623046
1624046
1625046
1626046
1627046
1628046
1629046
1630046
1631046
1632046
1633046
1634046
1635046
1636046
1637046
1638046
1639046
1640046
1641046
1642046
1643046
1644046
1645046
1646046
1647046
1648046
1649046
1650046
1651046
1652046
1653046
1654046
1655046
1656046
1657046
1658046
1659046
1660046
1661046
1662046
1663046
1664046
1665046
1666046
1667046
1668046
1669046
1670046
1671046
1672046
1673046
1674046
1675046
1676046
1677046
1678046
1679046
1680046
1681046
1682046
1683046
1684046
1685046
1686046
1687046
1688046
1689046
1690046
1691046
1692046
1693046
1694046
1695046
1696046
1697046
1698046
1699046
1700046
1701046
1702046
1703046
1704046
1705046
1706046
1707046
1708046
1709046
1710046
1711046
1712046
1713046
1714046
1715046
1716046
1717046
1718046
1719046
1720046
1721046
1722046
1723046
1724046
1725046
1726046
1727046
1728046
1729046
1730046
1731046
1732046
1733046
1734046
1735046
1736046
1737046
1738046
1739046
1740046
1741046
1742046
1743046
1744046
1745046
1746046
1747046
1748046
1749046
1750046
1751046
1752046
1753046
1754046
1755046
1756046
1757046
1758046
1759046
1760046
1761046
1762046
1763046
1764046
1765046
1766046
1767046
1768046
1769046
1770046
1771046
1772046
1773046
1774046
1775046
1776046
1777046
1778046
1779046
1780046
1781046
1782046
1783046
1784046
1785046
1786046
1787046
1788046
1789046
1790046
1791046
1792046
1793046
1794046
1795046
1796046
1797046
1798046
1799046
800047
801047
802047
803047
804047
805047
806047
807047
808047
809047
810047
811047
812047
813047
814047
815047
816047
817047
818047
819047
820047
821047
822047
823047
824047
825047
826047
827047
828047
829047
830047
831047
832047
833047
834047
835047
836047
837047
838047
839047
840047
841047
842047
843047
844047
845047
846047
847047
848047
849047
850047
851047
852047
853047
854047
855047
856047
857047
858047
859047
860047
861047
862047
863047
864047
865047
866047
867047
868047
869047
870047
871047
872047
873047
874047
875047
876047
877047
878047
879047
880047
881047
882047
883047
884047
885047
886047
887047
888047
889047
890047
891047
892047
893047
894047
895047
896047
897047
898047
899047
900047
901047
902047
903047
904047
905047
906047
907047
908047
909047
910047
911047
912047
913047
914047
915047
916047
917047
918047
919047
920047
921047
922047
923047
924047
925047
926047
927047
928047
929047
930047
931047
932047
933047
934047
935047
936047
937047
938047
939047
940047
941047
942047
943047
944047
945047
946047
947047
948047
949047
950047
951047
952047
953047
954047
955047
956047
957047
958047
959047
960047
961047
962047
963047
964047
965047
966047
967047
968047
969047
970047
971047
972047
973047
974047
975047
976047
977047
978047
979047
980047
981047
982047
983047
984047
985047
986047
987047
988047
989047
990047
991047
992047
993047
994047
995047
996047
997047
998047
999047
1000047
1001047
1002047
1003047
1004047
1005047
1006047
1007047
1008047
1009047
1010047
1011047
1012047
1013047
1014047
1015047
1016047
1017047
1018047
1019047
1020047
1021047
1022047
1023047
1024047
1025047
1026047
1027047
1028047
1029047
1030047
1031047
1032047
1033047
1034047
1035047
1036047
1037047
1038047
1039047
1040047
1041047
1042047
1043047
1044047
1045047
1046047
1047047
1048047
1049047
1050047
1051047
1052047
1053047
1054047
1055047
1056047
1057047
1058047
1059047
1060047
1061047
1062047
1063047
1064047
1065047
1066047
1067047
1068047
1069047
1070047
1071047
1072047
1073047
1074047
1075047
1076047
1077047
1078047
1079047
1080047
1081047
1082047
1083047
1084047
1085047
1086047
1087047
1088047
1089047
1090047
1091047
1092047
1093047
1094047
1095047
1096047
1097047
1098047
1099047
1100047
1101047
1102047
1103047
1104047
1105047
1106047
1107047
1108047
1109047
1110047
1111047
1112047
1113047
1114047
1115047
1116047
1117047
1118047
1119047
1120047
1121047
1122047
1123047
1124047
1125047
1126047
1127047
1128047
1129047
1130047
1131047
1132047
1133047
1134047
1135047
1136047
1137047
1138047
1139047
1140047
1141047
1142047
1143047
1144047
1145047
1146047
1147047
1148047
1149047
1150047
1151047
1152047
1153047
1154047
1155047
1156047
1157047
1158047
1159047
1160047
1161047
1162047
1163047
1164047
1165047
1166047
1167047
1168047
1169047
1170047
1171047
1172047
1173047
1174047
1175047
1176047
1177047
1178047
1179047
1180047
1181047
1182047
1183047
1184047
1185047
1186047
1187047
1188047
1189047
1190047
1191047
1192047
1193047
1194047
1195047
1196047
1197047
1198047
1199047
1200047
1201047
1202047
1203047
1204047
1205047
1206047
1207047
1208047
1209047
1210047
1211047
1212047
1213047
1214047
1215047
1216047
1217047
1218047
1219047
1220047
1221047
1222047
1223047
1224047
1225047
1226047
1227047
1228047
1229047
1230047
1231047
1232047
1233047
1234047
1235047
1236047
1237047
1238047
1239047
1240047
1241047
1242047
1243047
1244047
1245047
1246047
1247047
1248047
1249047
1250047
1251047
1252047
1253047
1254047
1255047
1256047
1257047
1258047
1259047
1260047
1261047
1262047
1263047
1264047
1265047
1266047
1267047
1268047
1269047
1270047
1271047
1272047
1273047
1274047
1275047
1276047
1277047
1278047
1279047
1280047
1281047
1282047
1283047
1284047
1285047
1286047
1287047
1288047
1289047
1290047
1291047
1292047
1293047
1294047
1295047
1296047
1297047
1298047
1299047
1300047
1301047
1302047
1303047
1304047
1305047
1306047
1307047
1308047
1309047
1310047
1311047
1312047
1313047
1314047
1315047
1316047
1317047
1318047
1319047
1320047
1321047
1322047
1323047
1324047
1325047
1326047
1327047
1328047
1329047
1330047
1331047
1332047
1333047
1334047
1335047
1336047
1337047
1338047
1339047
1340047
1341047
1342047
1343047
1344047
1345047
1346047
1347047
1348047
1349047
1350047
1351047
1352047
1353047
1354047
1355047
1356047
1357047
1358047
1359047
1360047
1361047
1362047
1363047
1364047
1365047
1366047
1367047
1368047
1369047
1370047
1371047
1372047
1373047
1374047
1375047
1376047
1377047
1378047
1379047
1380047
1381047
1382047
1383047
1384047
1385047
1386047
1387047
1388047
1389047
1390047
1391047
1392047
1393047
1394047
1395047
1396047
1397047
1398047
1399047
1400047
1401047
1402047
1403047
1404047
1405047
1406047
1407047
1408047
1409047
1410047
1411047
1412047
1413047
1414047
1415047
1416047
1417047
1418047
1419047
1420047
1421047
1422047
1423047
1424047
1425047
1426047
1427047
1428047
1429047
1430047
1431047
1432047
1433047
1434047
1435047
1436047
1437047
1438047
1439047
1440047
1441047
1442047
1443047
1444047
1445047
1446047
1447047
1448047
1449047
1450047
1451047
1452047
1453047
1454047
1455047
1456047
1457047
1458047
1459047
1460047
1461047
1462047
1463047
1464047
1465047
1466047
1467047
1468047
1469047
1470047
1471047
1472047
1473047
1474047
1475047
1476047
1477047
1478047
1479047
1480047
1481047
1482047
1483047
1484047
1485047
1486047
1487047
1488047
1489047
1490047
1491047
1492047
1493047
1494047
1495047
1496047
1497047
1498047
1499047
1500047
1501047
1502047
1503047
1504047
1505047
1506047
1507047
1508047
1509047
1510047
1511047
1512047
1513047
1514047
1515047
1516047
1517047
1518047
1519047
1520047
1521047
1522047
1523047
1524047
1525047
1526047
1527047
1528047
1529047
1530047
1531047
1532047
1533047
1534047
1535047
1536047
1537047
1538047
1539047
1540047
1541047
1542047
1543047
1544047
1545047
1546047
1547047
1548047
1549047
1550047
1551047
1552047
1553047
1554047
1555047
1556047
1557047
1558047
1559047
1560047
1561047
1562047
1563047
1564047
1565047
1566047
1567047
1568047
1569047
1570047
1571047
1572047
1573047
1574047
1575047
1576047
1577047
1578047
1579047
1580047
1581047
1582047
1583047
1584047
1585047
1586047
1587047
1588047
1589047
1590047
1591047
1592047
1593047
1594047
1595047
1596047
1597047
1598047
1599047
1600047
1601047
1602047
1603047
1604047
1605047
1606047
1607047
1608047
1609047
1610047
1611047
1612047
1613047
1614047
1615047
1616047
1617047
1618047
1619047
1620047
1621047
1622047
1623047
1624047
1625047
1626047
1627047
1628047
1629047
1630047
1631047
1632047
1633047
1634047
1635047
1636047
1637047
1638047
1639047
1640047
1641047
1642047
1643047
1644047
1645047
1646047
1647047
1648047
1649047
1650047
1651047
1652047
1653047
1654047
1655047
1656047
1657047
1658047
1659047
1660047
1661047
1662047
1663047
1664047
1665047
1666047
1667047
1668047
1669047
1670047
1671047
1672047
1673047
1674047
1675047
1676047
1677047
1678047
1679047
1680047
1681047
1682047
1683047
1684047
1685047
1686047
1687047
1688047
1689047
1690047
1691047
1692047
1693047
1694047
1695047
1696047
1697047
1698047
1699047
1700047
1701047
1702047
1703047
1704047
1705047
1706047
1707047
1708047
1709047
1710047
1711047
1712047
1713047
1714047
1715047
1716047
1717047
1718047
1719047
1720047
1721047
1722047
1723047
1724047
1725047
1726047
1727047
1728047
1729047
1730047
1731047
1732047
1733047
1734047
1735047
1736047
1737047
1738047
1739047
1740047
1741047
1742047
1743047
1744047
1745047
1746047
1747047
1748047
1749047
1750047
1751047
1752047
1753047
1754047
1755047
1756047
1757047
1758047
1759047
1760047
1761047
1762047
1763047
1764047
1765047
1766047
1767047
1768047
1769047
1770047
1771047
1772047
1773047
1774047
1775047
1776047
1777047
1778047
1779047
1780047
1781047
1782047
1783047
1784047
1785047
1786047
1787047
1788047
1789047
1790047
1791047
1792047
1793047
1794047
1795047
1796047
1797047
1798047
1799047
800048
801048
802048
803048
804048
805048
806048
807048
808048
809048
810048
811048
812048
813048
814048
815048
816048
817048
818048
819048
820048
821048
822048
823048
824048
825048
826048
827048
828048
829048
830048
831048
832048
833048
834048
835048
836048
837048
838048
839048
840048
841048
842048
843048
844048
845048
846048
847048
848048
849048
850048
851048
852048
853048
854048
855048
856048
857048
858048
859048
860048
861048
862048
863048
864048
865048
866048
867048
868048
869048
870048
871048
872048
873048
874048
875048
876048
877048
878048
879048
880048
881048
882048
883048
884048
885048
886048
887048
888048
889048
890048
891048
892048
893048
894048
895048
896048
897048
898048
899048
900048
901048
902048
903048
904048
905048
906048
907048
908048
909048
910048
911048
912048
913048
914048
915048
916048
917048
918048
919048
920048
921048
922048
923048
924048
925048
926048
927048
928048
929048
930048
931048
932048
933048
934048
935048
936048
937048
938048
939048
940048
941048
942048
943048
944048
945048
946048
947048
948048
949048
950048
951048
952048
953048
954048
955048
956048
957048
958048
959048
960048
961048
962048
963048
964048
965048
966048
967048
968048
969048
970048
971048
972048
973048
974048
975048
976048
977048
978048
979048
980048
981048
982048
983048
984048
985048
986048
987048
988048
989048
990048
991048
992048
993048
994048
995048
996048
997048
998048
999048
1000048
1001048
1002048
1003048
1004048
1005048
1006048
1007048
1008048
1009048
1010048
1011048
1012048
1013048
1014048
1015048
1016048
1017048
1018048
1019048
1020048
1021048
1022048
1023048
1024048
1025048
1026048
1027048
1028048
1029048
1030048
1031048
1032048
1033048
1034048
1035048
1036048
1037048
1038048
1039048
1040048
1041048
1042048
1043048
1044048
1045048
1046048
1047048
1048048
1049048
1050048
1051048
1052048
1053048
1054048
1055048
1056048
1057048
1058048
1059048
1060048
1061048
1062048
1063048
1064048
1065048
1066048
1067048
1068048
1069048
1070048
1071048
1072048
1073048
1074048
1075048
1076048
1077048
1078048
1079048
1080048
1081048
1082048
1083048
1084048
1085048
1086048
1087048
1088048
1089048
1090048
1091048
1092048
1093048
1094048
1095048
1096048
1097048
1098048
1099048
1100048
1101048
1102048
1103048
1104048
1105048
1106048
1107048
1108048
1109048
1110048
1111048
1112048
1113048
1114048
1115048
1116048
1117048
1118048
1119048
1120048
1121048
1122048
1123048
1124048
1125048
1126048
1127048
1128048
1129048
1130048
1131048
1132048
1133048
1134048
1135048
1136048
1137048
1138048
1139048
1140048
1141048
1142048
1143048
1144048
1145048
1146048
1147048
1148048
1149048
1150048
1151048
1152048
1153048
1154048
1155048
1156048
1157048
1158048
1159048
1160048
1161048
1162048
1163048
1164048
1165048
1166048
1167048
1168048
1169048
1170048
1171048
1172048
1173048
1174048
1175048
1176048
1177048
1178048
1179048
1180048
1181048
1182048
1183048
1184048
1185048
1186048
1187048
1188048
1189048
1190048
1191048
1192048
1193048
1194048
1195048
1196048
1197048
1198048
1199048
1200048
1201048
1202048
1203048
1204048
1205048
1206048
1207048
1208048
1209048
1210048
1211048
1212048
1213048
1214048
1215048
1216048
1217048
1218048
1219048
1220048
1221048
1222048
1223048
1224048
1225048
1226048
1227048
1228048
1229048
1230048
1231048
1232048
1233048
1234048
1235048
1236048
1237048
1238048
1239048
1240048
1241048
1242048
1243048
1244048
1245048
1246048
1247048
1248048
1249048
1250048
1251048
1252048
1253048
1254048
1255048
1256048
1257048
1258048
1259048
1260048
1261048
1262048
1263048
1264048
1265048
1266048
1267048
1268048
1269048
1270048
1271048
1272048
1273048
1274048
1275048
1276048
1277048
1278048
1279048
1280048
1281048
1282048
1283048
1284048
1285048
1286048
1287048
1288048
1289048
1290048
1291048
1292048
1293048
1294048
1295048
1296048
1297048
1298048
1299048
1300048
1301048
1302048
1303048
1304048
1305048
1306048
1307048
1308048
1309048
1310048
1311048
1312048
1313048
1314048
1315048
1316048
1317048
1318048
1319048
1320048
1321048
1322048
1323048
1324048
1325048
1326048
1327048
1328048
1329048
1330048
1331048
1332048
1333048
1334048
1335048
1336048
1337048
1338048
1339048
1340048
1341048
1342048
1343048
1344048
1345048
1346048
1347048
1348048
1349048
1350048
1351048
1352048
1353048
1354048
1355048
1356048
1357048
1358048
1359048
1360048
1361048
1362048
1363048
1364048
1365048
1366048
1367048
1368048
1369048
1370048
1371048
1372048
1373048
1374048
1375048
1376048
1377048
1378048
1379048
1380048
1381048
1382048
1383048
1384048
1385048
1386048
1387048
1388048
1389048
1390048
1391048
1392048
1393048
1394048
1395048
1396048
1397048
1398048
1399048
1400048
1401048
1402048
1403048
1404048
1405048
1406048
1407048
1408048
1409048
1410048
1411048
1412048
1413048
1414048
1415048
1416048
1417048
1418048
1419048
1420048
1421048
1422048
1423048
1424048
1425048
1426048
1427048
1428048
1429048
1430048
1431048
1432048
1433048
1434048
1435048
1436048
1437048
1438048
1439048
1440048
1441048
1442048
1443048
1444048
1445048
1446048
1447048
1448048
1449048
1450048
1451048
1452048
1453048
1454048
1455048
1456048
1457048
1458048
1459048
1460048
1461048
1462048
1463048
1464048
1465048
1466048
1467048
1468048
1469048
1470048
1471048
1472048
1473048
1474048
1475048
1476048
1477048
1478048
1479048
1480048
1481048
1482048
1483048
1484048
1485048
1486048
1487048
1488048
1489048
1490048
1491048
1492048
1493048
1494048
1495048
1496048
1497048
1498048
1499048
1500048
1501048
1502048
1503048
1504048
1505048
1506048
1507048
1508048
1509048
1510048
1511048
1512048
1513048
1514048
1515048
1516048
1517048
1518048
1519048
1520048
1521048
1522048
1523048
1524048
1525048
1526048
1527048
1528048
1529048
1530048
1531048
1532048
1533048
1534048
1535048
1536048
1537048
1538048
1539048
1540048
1541048
1542048
1543048
1544048
1545048
1546048
1547048
1548048
1549048
1550048
1551048
1552048
1553048
1554048
1555048
1556048
1557048
1558048
1559048
1560048
1561048
1562048
1563048
1564048
1565048
1566048
1567048
1568048
1569048
1570048
1571048
1572048
1573048
1574048
1575048
1576048
1577048
1578048
1579048
1580048
1581048
1582048
1583048
1584048
1585048
1586048
1587048
1588048
1589048
1590048
1591048
1592048
1593048
1594048
1595048
1596048
1597048
1598048
1599048
1600048
1601048
1602048
1603048
1604048
1605048
1606048
1607048
1608048
1609048
1610048
1611048
1612048
1613048
1614048
1615048
1616048
1617048
1618048
1619048
1620048
1621048
1622048
1623048
1624048
1625048
1626048
1627048
1628048
1629048
1630048
1631048
1632048
1633048
1634048
1635048
1636048
1637048
1638048
1639048
1640048
1641048
1642048
1643048
1644048
1645048
1646048
1647048
1648048
1649048
1650048
1651048
1652048
1653048
1654048
1655048
1656048
1657048
1658048
1659048
1660048
1661048
1662048
1663048
1664048
1665048
1666048
1667048
1668048
1669048
1670048
1671048
1672048
1673048
1674048
1675048
1676048
1677048
1678048
1679048
1680048
1681048
1682048
1683048
1684048
1685048
1686048
1687048
1688048
1689048
1690048
1691048
1692048
1693048
1694048
1695048
1696048
1697048
1698048
1699048
1700048
1701048
1702048
1703048
1704048
1705048
1706048
1707048
1708048
1709048
1710048
1711048
1712048
1713048
1714048
1715048
1716048
1717048
1718048
1719048
1720048
1721048
1722048
1723048
1724048
1725048
1726048
1727048
1728048
1729048
1730048
1731048
1732048
1733048
1734048
1735048
1736048
1737048
1738048
1739048
1740048
1741048
1742048
1743048
1744048
1745048
1746048
1747048
1748048
1749048
1750048
1751048
1752048
1753048
1754048
1755048
1756048
1757048
1758048
1759048
1760048
1761048
1762048
1763048
1764048
1765048
1766048
1767048
1768048
1769048
1770048
1771048
1772048
1773048
1774048
1775048
1776048
1777048
1778048
1779048
1780048
1781048
1782048
1783048
1784048
1785048
1786048
1787048
1788048
1789048
1790048
1791048
1792048
1793048
1794048
1795048
1796048
1797048
1798048
1799048
800049
801049
802049
803049
804049
805049
806049
807049
808049
809049
810049
811049
812049
813049
814049
815049
816049
817049
818049
819049
820049
821049
822049
823049
824049
825049
826049
827049
828049
829049
830049
831049
832049
833049
834049
835049
836049
837049
838049
839049
840049
841049
842049
843049
844049
845049
846049
847049
848049
849049
850049
851049
852049
853049
854049
855049
856049
857049
858049
859049
860049
861049
862049
863049
864049
865049
866049
867049
868049
869049
870049
871049
872049
873049
874049
875049
876049
877049
878049
879049
880049
881049
882049
883049
884049
885049
886049
887049
888049
889049
890049
891049
892049
893049
894049
895049
896049
897049
898049
899049
900049
901049
902049
903049
904049
905049
906049
907049
908049
909049
910049
911049
912049
913049
914049
915049
916049
917049
918049
919049
920049
921049
922049
923049
924049
925049
926049
927049
928049
929049
930049
931049
932049
933049
934049
935049
936049
937049
938049
939049
940049
941049
942049
943049
944049
945049
946049
947049
948049
949049
950049
951049
952049
953049
954049
955049
956049
957049
958049
959049
960049
961049
962049
963049
964049
965049
966049
967049
968049
969049
970049
971049
972049
973049
974049
975049
976049
977049
978049
979049
980049
981049
982049
983049
984049
985049
986049
987049
988049
989049
990049
991049
992049
993049
994049
995049
996049
997049
998049
999049
1000049
1001049
1002049
1003049
1004049
1005049
1006049
1007049
1008049
1009049
1010049
1011049
1012049
1013049
1014049
1015049
1016049
1017049
1018049
1019049
1020049
1021049
1022049
1023049
1024049
1025049
1026049
1027049
1028049
1029049
1030049
1031049
1032049
1033049
1034049
1035049
1036049
1037049
1038049
1039049
1040049
1041049
1042049
1043049
1044049
1045049
1046049
1047049
1048049
1049049
1050049
1051049
1052049
1053049
1054049
1055049
1056049
1057049
1058049
1059049
1060049
1061049
1062049
1063049
1064049
1065049
1066049
1067049
1068049
1069049
1070049
1071049
1072049
1073049
1074049
1075049
1076049
1077049
1078049
1079049
1080049
1081049
1082049
1083049
1084049
1085049
1086049
1087049
1088049
1089049
1090049
1091049
1092049
1093049
1094049
1095049
1096049
1097049
1098049
1099049
1100049
1101049
1102049
1103049
1104049
1105049
1106049
1107049
1108049
1109049
1110049
1111049
1112049
1113049
1114049
1115049
1116049
1117049
1118049
1119049
1120049
1121049
1122049
1123049
1124049
1125049
1126049
1127049
1128049
1129049
1130049
1131049
1132049
1133049
1134049
1135049
1136049
1137049
1138049
1139049
1140049
1141049
1142049
1143049
1144049
1145049
1146049
1147049
1148049
1149049
1150049
1151049
1152049
1153049
1154049
1155049
1156049
1157049
1158049
1159049
1160049
1161049
1162049
1163049
1164049
1165049
1166049
1167049
1168049
1169049
1170049
1171049
1172049
1173049
1174049
1175049
1176049
1177049
1178049
1179049
1180049
1181049
1182049
1183049
1184049
1185049
1186049
1187049
1188049
1189049
1190049
1191049
1192049
1193049
1194049
1195049
1196049
1197049
1198049
1199049
1200049
1201049
1202049
1203049
1204049
1205049
1206049
1207049
1208049
1209049
1210049
1211049
1212049
1213049
1214049
1215049
1216049
1217049
1218049
1219049
1220049
1221049
1222049
1223049
1224049
1225049
1226049
1227049
1228049
1229049
1230049
1231049
1232049
1233049
1234049
1235049
1236049
1237049
1238049
1239049
1240049
1241049
1242049
1243049
1244049
1245049
1246049
1247049
1248049
1249049
1250049
1251049
1252049
1253049
1254049
1255049
1256049
1257049
1258049
1259049
1260049
1261049
1262049
1263049
1264049
1265049
1266049
1267049
1268049
1269049
1270049
1271049
1272049
1273049
1274049
1275049
1276049
1277049
1278049
1279049
1280049
1281049
1282049
1283049
1284049
1285049
1286049
1287049
1288049
1289049
1290049
1291049
1292049
1293049
1294049
1295049
1296049
1297049
1298049
1299049
1300049
1301049
1302049
1303049
1304049
1305049
1306049
1307049
1308049
1309049
1310049
1311049
1312049
1313049
1314049
1315049
1316049
1317049
1318049
1319049
1320049
1321049
1322049
1323049
1324049
1325049
1326049
1327049
1328049
1329049
1330049
1331049
1332049
1333049
1334049
1335049
1336049
1337049
1338049
1339049
1340049
1341049
1342049
1343049
1344049
1345049
1346049
1347049
1348049
1349049
1350049
1351049
1352049
1353049
1354049
1355049
1356049
1357049
1358049
1359049
1360049
1361049
1362049
1363049
1364049
1365049
1366049
1367049
1368049
1369049
1370049
1371049
1372049
1373049
1374049
1375049
1376049
1377049
1378049
1379049
1380049
1381049
1382049
1383049
1384049
1385049
1386049
1387049
1388049
1389049
1390049
1391049
1392049
1393049
1394049
1395049
1396049
1397049
1398049
1399049
1400049
1401049
1402049
1403049
1404049
1405049
1406049
1407049
1408049
1409049
1410049
1411049
1412049
1413049
1414049
1415049
1416049
1417049
1418049
1419049
1420049
1421049
1422049
1423049
1424049
1425049
1426049
1427049
1428049
1429049
1430049
1431049
1432049
1433049
1434049
1435049
1436049
1437049
1438049
1439049
1440049
1441049
1442049
1443049
1444049
1445049
1446049
1447049
1448049
1449049
1450049
1451049
1452049
1453049
1454049
1455049
1456049
1457049
1458049
1459049
1460049
1461049
1462049
1463049
1464049
1465049
1466049
1467049
1468049
1469049
1470049
1471049
1472049
1473049
1474049
1475049
1476049
1477049
1478049
1479049
1480049
1481049
1482049
1483049
1484049
1485049
1486049
1487049
1488049
1489049
1490049
1491049
1492049
1493049
1494049
1495049
1496049
1497049
1498049
1499049
1500049
1501049
1502049
1503049
1504049
1505049
1506049
1507049
1508049
1509049
1510049
1511049
1512049
1513049
1514049
1515049
1516049
1517049
1518049
1519049
1520049
1521049
1522049
1523049
1524049
1525049
1526049
1527049
1528049
1529049
1530049
1531049
1532049
1533049
1534049
1535049
1536049
1537049
1538049
1539049
1540049
1541049
1542049
1543049
1544049
1545049
1546049
1547049
1548049
1549049
1550049
1551049
1552049
1553049
1554049
1555049
1556049
1557049
1558049
1559049
1560049
1561049
1562049
1563049
1564049
1565049
1566049
1567049
1568049
1569049
1570049
1571049
1572049
1573049
1574049
1575049
1576049
1577049
1578049
1579049
1580049
1581049
1582049
1583049
1584049
1585049
1586049
1587049
1588049
1589049
1590049
1591049
1592049
1593049
1594049
1595049
1596049
1597049
1598049
1599049
1600049
1601049
1602049
1603049
1604049
1605049
1606049
1607049
1608049
1609049
1610049
1611049
1612049
1613049
1614049
1615049
1616049
1617049
1618049
1619049
1620049
1621049
1622049
1623049
1624049
1625049
1626049
1627049
1628049
1629049
1630049
1631049
1632049
1633049
1634049
1635049
1636049
1637049
1638049
1639049
1640049
1641049
1642049
1643049
1644049
1645049
1646049
1647049
1648049
1649049
1650049
1651049
1652049
1653049
1654049
1655049
1656049
1657049
1658049
1659049
1660049
1661049
1662049
1663049
1664049
1665049
1666049
1667049
1668049
1669049
1670049
1671049
1672049
1673049
1674049
1675049
1676049
1677049
1678049
1679049
1680049
1681049
1682049
1683049
1684049
1685049
1686049
1687049
1688049
1689049
1690049
1691049
1692049
1693049
1694049
1695049
1696049
1697049
1698049
1699049
1700049
1701049
1702049
1703049
1704049
1705049
1706049
1707049
1708049
1709049
1710049
1711049
1712049
1713049
1714049
1715049
1716049
1717049
1718049
1719049
1720049
1721049
1722049
1723049
1724049
1725049
1726049
1727049
1728049
1729049
1730049
1731049
1732049
1733049
1734049
1735049
1736049
1737049
1738049
1739049
1740049
1741049
1742049
1743049
1744049
1745049
1746049
1747049
1748049
1749049
1750049
1751049
1752049
1753049
1754049
1755049
1756049
1757049
1758049
1759049
1760049
1761049
1762049
1763049
1764049
1765049
1766049
1767049
1768049
1769049
1770049
1771049
1772049
1773049
1774049
1775049
1776049
1777049
1778049
1779049
1780049
1781049
1782049
1783049
1784049
1785049
1786049
1787049
1788049
1789049
1790049
1791049
1792049
1793049
1794049
1795049
1796049
1797049
1798049
1799049
800050
801050
802050
803050
804050
805050
806050
807050
808050
809050
810050
811050
812050
813050
814050
815050
816050
817050
818050
819050
820050
821050
822050
823050
824050
825050
826050
827050
828050
829050
830050
831050
832050
833050
834050
835050
836050
837050
838050
839050
840050
841050
842050
843050
844050
845050
846050
847050
848050
849050
850050
851050
852050
853050
854050
855050
856050
857050
858050
859050
860050
861050
862050
863050
864050
865050
866050
867050
868050
869050
870050
871050
872050
873050
874050
875050
876050
877050
878050
879050
880050
881050
882050
883050
884050
885050
886050
887050
888050
889050
890050
891050
892050
893050
894050
895050
896050
897050
898050
899050
900050
901050
902050
903050
904050
905050
906050
907050
908050
909050
910050
911050
912050
913050
914050
915050
916050
917050
918050
919050
920050
921050
922050
923050
924050
925050
926050
927050
928050
929050
930050
931050
932050
933050
934050
935050
936050
937050
938050
939050
940050
941050
942050
943050
944050
945050
946050
947050
948050
949050
950050
951050
952050
953050
954050
955050
956050
957050
958050
959050
960050
961050
962050
963050
964050
965050
966050
967050
968050
969050
970050
971050
972050
973050
974050
975050
976050
977050
978050
979050
980050
981050
982050
983050
984050
985050
986050
987050
988050
989050
990050
991050
992050
993050
994050
995050
996050
997050
998050
999050
1000050
1001050
1002050
1003050
1004050
1005050
1006050
1007050
1008050
1009050
1010050
1011050
1012050
1013050
1014050
1015050
1016050
1017050
1018050
1019050
1020050
1021050
1022050
1023050
1024050
1025050
1026050
1027050
1028050
1029050
1030050
1031050
1032050
1033050
1034050
1035050
1036050
1037050
1038050
1039050
1040050
1041050
1042050
1043050
1044050
1045050
1046050
1047050
1048050
1049050
1050050
1051050
1052050
1053050
1054050
1055050
1056050
1057050
1058050
1059050
1060050
1061050
1062050
1063050
1064050
1065050
1066050
1067050
1068050
1069050
1070050
1071050
1072050
1073050
1074050
1075050
1076050
1077050
1078050
1079050
1080050
1081050
1082050
1083050
1084050
1085050
1086050
1087050
1088050
1089050
1090050
1091050
1092050
1093050
1094050
1095050
1096050
1097050
1098050
1099050
1100050
1101050
1102050
1103050
1104050
1105050
1106050
1107050
1108050
1109050
1110050
1111050
1112050
1113050
1114050
1115050
1116050
1117050
1118050
1119050
1120050
1121050
1122050
1123050
1124050
1125050
1126050
1127050
1128050
1129050
1130050
1131050
1132050
1133050
1134050
1135050
1136050
1137050
1138050
1139050
1140050
1141050
1142050
1143050
1144050
1145050
1146050
1147050
1148050
1149050
1150050
1151050
1152050
1153050
1154050
1155050
1156050
1157050
1158050
1159050
1160050
1161050
1162050
1163050
1164050
1165050
1166050
1167050
1168050
1169050
1170050
1171050
1172050
1173050
1174050
1175050
1176050
1177050
1178050
1179050
1180050
1181050
1182050
1183050
1184050
1185050
1186050
1187050
1188050
1189050
1190050
1191050
1192050
1193050
1194050
1195050
1196050
1197050
1198050
1199050
1200050
1201050
1202050
1203050
1204050
1205050
1206050
1207050
1208050
1209050
1210050
1211050
1212050
1213050
1214050
1215050
1216050
1217050
1218050
1219050
1220050
1221050
1222050
1223050
1224050
1225050
1226050
1227050
1228050
1229050
1230050
1231050
1232050
1233050
1234050
1235050
1236050
1237050
1238050
1239050
1240050
1241050
1242050
1243050
1244050
1245050
1246050
1247050
1248050
1249050
1250050
1251050
1252050
1253050
1254050
1255050
1256050
1257050
1258050
1259050
1260050
1261050
1262050
1263050
1264050
1265050
1266050
1267050
1268050
1269050
1270050
1271050
1272050
1273050
1274050
1275050
1276050
1277050
1278050
1279050
1280050
1281050
1282050
1283050
1284050
1285050
1286050
1287050
1288050
1289050
1290050
1291050
1292050
1293050
1294050
1295050
1296050
1297050
1298050
1299050
1300050
1301050
1302050
1303050
1304050
1305050
1306050
1307050
1308050
1309050
1310050
1311050
1312050
1313050
1314050
1315050
1316050
1317050
1318050
1319050
1320050
1321050
1322050
1323050
1324050
1325050
1326050
1327050
1328050
1329050
1330050
1331050
1332050
1333050
1334050
1335050
1336050
1337050
1338050
1339050
1340050
1341050
1342050
1343050
1344050
1345050
1346050
1347050
1348050
1349050
1350050
1351050
1352050
1353050
1354050
1355050
1356050
1357050
1358050
1359050
1360050
1361050
1362050
1363050
1364050
1365050
1366050
1367050
1368050
1369050
1370050
1371050
1372050
1373050
1374050
1375050
1376050
1377050
1378050
1379050
1380050
1381050
1382050
1383050
1384050
1385050
1386050
1387050
1388050
1389050
1390050
1391050
1392050
1393050
1394050
1395050
1396050
1397050
1398050
1399050
1400050
1401050
1402050
1403050
1404050
1405050
1406050
1407050
1408050
1409050
1410050
1411050
1412050
1413050
1414050
1415050
1416050
1417050
1418050
1419050
1420050
1421050
1422050
1423050
1424050
1425050
1426050
1427050
1428050
1429050
1430050
1431050
1432050
1433050
1434050
1435050
1436050
1437050
1438050
1439050
1440050
1441050
1442050
1443050
1444050
1445050
1446050
1447050
1448050
1449050
1450050
1451050
1452050
1453050
1454050
1455050
1456050
1457050
1458050
1459050
1460050
1461050
1462050
1463050
1464050
1465050
1466050
1467050
1468050
1469050
1470050
1471050
1472050
1473050
1474050
1475050
1476050
1477050
1478050
1479050
1480050
1481050
1482050
1483050
1484050
1485050
1486050
1487050
1488050
1489050
1490050
1491050
1492050
1493050
1494050
1495050
1496050
1497050
1498050
1499050
1500050
1501050
1502050
1503050
1504050
1505050
1506050
1507050
1508050
1509050
1510050
1511050
1512050
1513050
1514050
1515050
1516050
1517050
1518050
1519050
1520050
1521050
1522050
1523050
1524050
1525050
1526050
1527050
1528050
1529050
1530050
1531050
1532050
1533050
1534050
1535050
1536050
1537050
1538050
1539050
1540050
1541050
1542050
1543050
1544050
1545050
1546050
1547050
1548050
1549050
1550050
1551050
1552050
1553050
1554050
1555050
1556050
1557050
1558050
1559050
1560050
1561050
1562050
1563050
1564050
1565050
1566050
1567050
1568050
1569050
1570050
1571050
1572050
1573050
1574050
1575050
1576050
1577050
1578050
1579050
1580050
1581050
1582050
1583050
1584050
1585050
1586050
1587050
1588050
1589050
1590050
1591050
1592050
1593050
1594050
1595050
1596050
1597050
1598050
1599050
1600050
1601050
1602050
1603050
1604050
1605050
1606050
1607050
1608050
1609050
1610050
1611050
1612050
1613050
1614050
1615050
1616050
1617050
1618050
1619050
1620050
1621050
1622050
1623050
1624050
1625050
1626050
1627050
1628050
1629050
1630050
1631050
1632050
1633050
1634050
1635050
1636050
1637050
1638050
1639050
1640050
1641050
1642050
1643050
1644050
1645050
1646050
1647050
1648050
1649050
1650050
1651050
1652050
1653050
1654050
1655050
1656050
1657050
1658050
1659050
1660050
1661050
1662050
1663050
1664050
1665050
1666050
1667050
1668050
1669050
1670050
1671050
1672050
1673050
1674050
1675050
1676050
1677050
1678050
1679050
1680050
1681050
1682050
1683050
1684050
1685050
1686050
1687050
1688050
1689050
1690050
1691050
1692050
1693050
1694050
1695050
1696050
1697050
1698050
1699050
1700050
1701050
1702050
1703050
1704050
1705050
1706050
1707050
1708050
1709050
1710050
1711050
1712050
1713050
1714050
1715050
1716050
1717050
1718050
1719050
1720050
1721050
1722050
1723050
1724050
1725050
1726050
1727050
1728050
1729050
1730050
1731050
1732050
1733050
1734050
1735050
1736050
1737050
1738050
1739050
1740050
1741050
1742050
1743050
1744050
1745050
1746050
1747050
1748050
1749050
1750050
1751050
1752050
1753050
1754050
1755050
1756050
1757050
1758050
1759050
1760050
1761050
1762050
1763050
1764050
1765050
1766050
1767050
1768050
1769050
1770050
1771050
1772050
1773050
1774050
1775050
1776050
1777050
1778050
1779050
1780050
1781050
1782050
1783050
1784050
1785050
1786050
1787050
1788050
1789050
1790050
1791050
1792050
1793050
1794050
1795050
1796050
1797050
1798050
1799050
800051
801051
802051
803051
804051
805051
806051
807051
808051
809051
810051
811051
812051
813051
814051
815051
816051
817051
818051
819051
820051
821051
822051
823051
824051
825051
826051
827051
828051
829051
830051
831051
832051
833051
834051
835051
836051
837051
838051
839051
840051
841051
842051
843051
844051
845051
846051
847051
848051
849051
850051
851051
852051
853051
854051
855051
856051
857051
858051
859051
860051
861051
862051
863051
864051
865051
866051
867051
868051
869051
870051
871051
872051
873051
874051
875051
876051
877051
878051
879051
880051
881051
882051
883051
884051
885051
886051
887051
888051
889051
890051
891051
892051
893051
894051
895051
896051
897051
898051
899051
900051
901051
902051
903051
904051
905051
906051
907051
908051
909051
910051
911051
912051
913051
914051
915051
916051
917051
918051
919051
920051
921051
922051
923051
924051
925051
926051
927051
928051
929051
930051
931051
932051
933051
934051
935051
936051
937051
938051
939051
940051
941051
942051
943051
944051
945051
946051
947051
948051
949051
950051
951051
952051
953051
954051
955051
956051
957051
958051
959051
960051
961051
962051
963051
964051
965051
966051
967051
968051
969051
970051
971051
972051
973051
974051
975051
976051
977051
978051
979051
980051
981051
982051
983051
984051
985051
986051
987051
988051
989051
990051
991051
992051
993051
994051
995051
996051
997051
998051
999051
1000051
1001051
1002051
1003051
1004051
1005051
1006051
1007051
1008051
1009051
1010051
1011051
1012051
1013051
1014051
1015051
1016051
1017051
1018051
1019051
1020051
1021051
1022051
1023051
1024051
1025051
1026051
1027051
1028051
1029051
1030051
1031051
1032051
1033051
1034051
1035051
1036051
1037051
1038051
1039051
1040051
1041051
1042051
1043051
1044051
1045051
1046051
1047051
1048051
1049051
1050051
1051051
1052051
1053051
1054051
1055051
1056051
1057051
1058051
1059051
1060051
1061051
1062051
1063051
1064051
1065051
1066051
1067051
1068051
1069051
1070051
1071051
1072051
1073051
1074051
1075051
1076051
1077051
1078051
1079051
1080051
1081051
1082051
1083051
1084051
1085051
1086051
1087051
1088051
1089051
1090051
1091051
1092051
1093051
1094051
1095051
1096051
1097051
1098051
1099051
1100051
1101051
1102051
1103051
1104051
1105051
1106051
1107051
1108051
1109051
1110051
1111051
1112051
1113051
1114051
1115051
1116051
1117051
1118051
1119051
1120051
1121051
1122051
1123051
1124051
1125051
1126051
1127051
1128051
1129051
1130051
1131051
1132051
1133051
1134051
1135051
1136051
1137051
1138051
1139051
1140051
1141051
1142051
1143051
1144051
1145051
1146051
1147051
1148051
1149051
1150051
1151051
1152051
1153051
1154051
1155051
1156051
1157051
1158051
1159051
1160051
1161051
1162051
1163051
1164051
1165051
1166051
1167051
1168051
1169051
1170051
1171051
1172051
1173051
1174051
1175051
1176051
1177051
1178051
1179051
1180051
1181051
1182051
1183051
1184051
1185051
1186051
1187051
1188051
1189051
1190051
1191051
1192051
1193051
1194051
1195051
1196051
1197051
1198051
1199051
1200051
1201051
1202051
1203051
1204051
1205051
1206051
1207051
1208051
1209051
1210051
1211051
1212051
1213051
1214051
1215051
1216051
1217051
1218051
1219051
1220051
1221051
1222051
1223051
1224051
1225051
1226051
1227051
1228051
1229051
1230051
1231051
1232051
1233051
1234051
1235051
1236051
1237051
1238051
1239051
1240051
1241051
1242051
1243051
1244051
1245051
1246051
1247051
1248051
1249051
1250051
1251051
1252051
1253051
1254051
1255051
1256051
1257051
1258051
1259051
1260051
1261051
1262051
1263051
1264051
1265051
1266051
1267051
1268051
1269051
1270051
1271051
1272051
1273051
1274051
1275051
1276051
1277051
1278051
1279051
1280051
1281051
1282051
1283051
1284051
1285051
1286051
1287051
1288051
1289051
1290051
1291051
1292051
1293051
1294051
1295051
1296051
1297051
1298051
1299051
1300051
1301051
1302051
1303051
1304051
1305051
1306051
1307051
1308051
1309051
1310051
1311051
1312051
1313051
1314051
1315051
1316051
1317051
1318051
1319051
1320051
1321051
1322051
1323051
1324051
1325051
1326051
1327051
1328051
1329051
1330051
1331051
1332051
1333051
1334051
1335051
1336051
1337051
1338051
1339051
1340051
1341051
1342051
1343051
1344051
1345051
1346051
1347051
1348051
1349051
1350051
1351051
1352051
1353051
1354051
1355051
1356051
1357051
1358051
1359051
1360051
1361051
1362051
1363051
1364051
1365051
1366051
1367051
1368051
1369051
1370051
1371051
1372051
1373051
1374051
1375051
1376051
1377051
1378051
1379051
1380051
1381051
1382051
1383051
1384051
1385051
1386051
1387051
1388051
1389051
1390051
1391051
1392051
1393051
1394051
1395051
1396051
1397051
1398051
1399051
1400051
1401051
1402051
1403051
1404051
1405051
1406051
1407051
1408051
1409051
1410051
1411051
1412051
1413051
1414051
1415051
1416051
1417051
1418051
1419051
1420051
1421051
1422051
1423051
1424051
1425051
1426051
1427051
1428051
1429051
1430051
1431051
1432051
1433051
1434051
1435051
1436051
1437051
1438051
1439051
1440051
1441051
1442051
1443051
1444051
1445051
1446051
1447051
1448051
1449051
1450051
1451051
1452051
1453051
1454051
1455051
1456051
1457051
1458051
1459051
1460051
1461051
1462051
1463051
1464051
1465051
1466051
1467051
1468051
1469051
1470051
1471051
1472051
1473051
1474051
1475051
1476051
1477051
1478051
1479051
1480051
1481051
1482051
1483051
1484051
1485051
1486051
1487051
1488051
1489051
1490051
1491051
1492051
1493051
1494051
1495051
1496051
1497051
1498051
1499051
1500051
1501051
1502051
1503051
1504051
1505051
1506051
1507051
1508051
1509051
1510051
1511051
1512051
1513051
1514051
1515051
1516051
1517051
1518051
1519051
1520051
1521051
1522051
1523051
1524051
1525051
1526051
1527051
1528051
1529051
1530051
1531051
1532051
1533051
1534051
1535051
1536051
1537051
1538051
1539051
1540051
1541051
1542051
1543051
1544051
1545051
1546051
1547051
1548051
1549051
1550051
1551051
1552051
1553051
1554051
1555051
1556051
1557051
1558051
1559051
1560051
1561051
1562051
1563051
1564051
1565051
1566051
1567051
1568051
1569051
1570051
1571051
1572051
1573051
1574051
1575051
1576051
1577051
1578051
1579051
1580051
1581051
1582051
1583051
1584051
1585051
1586051
1587051
1588051
1589051
1590051
1591051
1592051
1593051
1594051
1595051
1596051
1597051
1598051
1599051
1600051
1601051
1602051
1603051
1604051
1605051
1606051
1607051
1608051
1609051
1610051
1611051
1612051
1613051
1614051
1615051
1616051
1617051
1618051
1619051
1620051
1621051
1622051
1623051
1624051
1625051
1626051
1627051
1628051
1629051
1630051
1631051
1632051
1633051
1634051
1635051
1636051
1637051
1638051
1639051
1640051
1641051
1642051
1643051
1644051
1645051
1646051
1647051
1648051
1649051
1650051
1651051
1652051
1653051
1654051
1655051
1656051
1657051
1658051
1659051
1660051
1661051
1662051
1663051
1664051
1665051
1666051
1667051
1668051
1669051
1670051
1671051
1672051
1673051
1674051
1675051
1676051
1677051
1678051
1679051
1680051
1681051
1682051
1683051
1684051
1685051
1686051
1687051
1688051
1689051
1690051
1691051
1692051
1693051
1694051
1695051
1696051
1697051
1698051
1699051
1700051
1701051
1702051
1703051
1704051
1705051
1706051
1707051
1708051
1709051
1710051
1711051
1712051
1713051
1714051
1715051
1716051
1717051
1718051
1719051
1720051
1721051
1722051
1723051
1724051
1725051
1726051
1727051
1728051
1729051
1730051
1731051
1732051
1733051
1734051
1735051
1736051
1737051
1738051
1739051
1740051
1741051
1742051
1743051
1744051
1745051
1746051
1747051
1748051
1749051
1750051
1751051
1752051
1753051
1754051
1755051
1756051
1757051
1758051
1759051
1760051
1761051
1762051
1763051
1764051
1765051
1766051
1767051
1768051
1769051
1770051
1771051
1772051
1773051
1774051
1775051
1776051
1777051
1778051
1779051
1780051
1781051
1782051
1783051
1784051
1785051
1786051
1787051
1788051
1789051
1790051
1791051
1792051
1793051
1794051
1795051
1796051
1797051
1798051
1799051
800052
801052
802052
803052
804052
805052
806052
807052
808052
809052
810052
811052
812052
813052
814052
815052
816052
817052
818052
819052
820052
821052
822052
823052
824052
825052
826052
827052
828052
829052
830052
831052
832052
833052
834052
835052
836052
837052
838052
839052
840052
841052
842052
843052
844052
845052
846052
847052
848052
849052
850052
851052
852052
853052
854052
855052
856052
857052
858052
859052
860052
861052
862052
863052
864052
865052
866052
867052
868052
869052
870052
871052
872052
873052
874052
875052
876052
877052
878052
879052
880052
881052
882052
883052
884052
885052
886052
887052
888052
889052
890052
891052
892052
893052
894052
895052
896052
897052
898052
899052
900052
901052
902052
903052
904052
905052
906052
907052
908052
909052
910052
911052
912052
913052
914052
915052
916052
917052
918052
919052
920052
921052
922052
923052
924052
925052
926052
927052
928052
929052
930052
931052
932052
933052
934052
935052
936052
937052
938052
939052
940052
941052
942052
943052
944052
945052
946052
947052
948052
949052
950052
951052
952052
953052
954052
955052
956052
957052
958052
959052
960052
961052
962052
963052
964052
965052
966052
967052
968052
969052
970052
971052
972052
973052
974052
975052
976052
977052
978052
979052
980052
981052
982052
983052
984052
985052
986052
987052
988052
989052
990052
991052
992052
993052
994052
995052
996052
997052
998052
999052
1000052
1001052
1002052
1003052
1004052
1005052
1006052
1007052
1008052
1009052
1010052
1011052
1012052
1013052
1014052
1015052
1016052
1017052
1018052
1019052
1020052
1021052
1022052
1023052
1024052
1025052
1026052
1027052
1028052
1029052
1030052
1031052
1032052
1033052
1034052
1035052
1036052
1037052
1038052
1039052
1040052
1041052
1042052
1043052
1044052
1045052
1046052
1047052
1048052
1049052
1050052
1051052
1052052
1053052
1054052
1055052
1056052
1057052
1058052
1059052
1060052
1061052
1062052
1063052
1064052
1065052
1066052
1067052
1068052
1069052
1070052
1071052
1072052
1073052
1074052
1075052
1076052
1077052
1078052
1079052
1080052
1081052
1082052
1083052
1084052
1085052
1086052
1087052
1088052
1089052
1090052
1091052
1092052
1093052
1094052
1095052
1096052
1097052
1098052
1099052
1100052
1101052
1102052
1103052
1104052
1105052
1106052
1107052
1108052
1109052
1110052
1111052
1112052
1113052
1114052
1115052
1116052
1117052
1118052
1119052
1120052
1121052
1122052
1123052
1124052
1125052
1126052
1127052
1128052
1129052
1130052
1131052
1132052
1133052
1134052
1135052
1136052
1137052
1138052
1139052
1140052
1141052
1142052
1143052
1144052
1145052
1146052
1147052
1148052
1149052
1150052
1151052
1152052
1153052
1154052
1155052
1156052
1157052
1158052
1159052
1160052
1161052
1162052
1163052
1164052
1165052
1166052
1167052
1168052
1169052
1170052
1171052
1172052
1173052
1174052
1175052
1176052
1177052
1178052
1179052
1180052
1181052
1182052
1183052
1184052
1185052
1186052
1187052
1188052
1189052
1190052
1191052
1192052
1193052
1194052
1195052
1196052
1197052
1198052
1199052
1200052
1201052
1202052
1203052
1204052
1205052
1206052
1207052
1208052
1209052
1210052
1211052
1212052
1213052
1214052
1215052
1216052
1217052
1218052
1219052
1220052
1221052
1222052
1223052
1224052
1225052
1226052
1227052
1228052
1229052
1230052
1231052
1232052
1233052
1234052
1235052
1236052
1237052
1238052
1239052
1240052
1241052
1242052
1243052
1244052
1245052
1246052
1247052
1248052
1249052
1250052
1251052
1252052
1253052
1254052
1255052
1256052
1257052
1258052
1259052
1260052
1261052
1262052
1263052
1264052
1265052
1266052
1267052
1268052
1269052
1270052
1271052
1272052
1273052
1274052
1275052
1276052
1277052
1278052
1279052
1280052
1281052
1282052
1283052
1284052
1285052
1286052
1287052
1288052
1289052
1290052
1291052
1292052
1293052
1294052
1295052
1296052
1297052
1298052
1299052
1300052
1301052
1302052
1303052
1304052
1305052
1306052
1307052
1308052
1309052
1310052
1311052
1312052
1313052
1314052
1315052
1316052
1317052
1318052
1319052
1320052
1321052
1322052
1323052
1324052
1325052
1326052
1327052
1328052
1329052
1330052
1331052
1332052
1333052
1334052
1335052
1336052
1337052
1338052
1339052
1340052
1341052
1342052
1343052
1344052
1345052
1346052
1347052
1348052
1349052
1350052
1351052
1352052
1353052
1354052
1355052
1356052
1357052
1358052
1359052
1360052
1361052
1362052
1363052
1364052
1365052
1366052
1367052
1368052
1369052
1370052
1371052
1372052
1373052
1374052
1375052
1376052
1377052
1378052
1379052
1380052
1381052
1382052
1383052
1384052
1385052
1386052
1387052
1388052
1389052
1390052
1391052
1392052
1393052
1394052
1395052
1396052
1397052
1398052
1399052
1400052
1401052
1402052
1403052
1404052
1405052
1406052
1407052
1408052
1409052
1410052
1411052
1412052
1413052
1414052
1415052
1416052
1417052
1418052
1419052
1420052
1421052
1422052
1423052
1424052
1425052
1426052
1427052
1428052
1429052
1430052
1431052
1432052
1433052
1434052
1435052
1436052
1437052
1438052
1439052
1440052
1441052
1442052
1443052
1444052
1445052
1446052
1447052
1448052
1449052
1450052
1451052
1452052
1453052
1454052
1455052
1456052
1457052
1458052
1459052
1460052
1461052
1462052
1463052
1464052
1465052
1466052
1467052
1468052
1469052
1470052
1471052
1472052
1473052
1474052
1475052
1476052
1477052
1478052
1479052
1480052
1481052
1482052
1483052
1484052
1485052
1486052
1487052
1488052
1489052
1490052
1491052
1492052
1493052
1494052
1495052
1496052
1497052
1498052
1499052
1500052
1501052
1502052
1503052
1504052
1505052
1506052
1507052
1508052
1509052
1510052
1511052
1512052
1513052
1514052
1515052
1516052
1517052
1518052
1519052
1520052
1521052
1522052
1523052
1524052
1525052
1526052
1527052
1528052
1529052
1530052
1531052
1532052
1533052
1534052
1535052
1536052
1537052
1538052
1539052
1540052
1541052
1542052
1543052
1544052
1545052
1546052
1547052
1548052
1549052
1550052
1551052
1552052
1553052
1554052
1555052
1556052
1557052
1558052
1559052
1560052
1561052
1562052
1563052
1564052
1565052
1566052
1567052
1568052
1569052
1570052
1571052
1572052
1573052
1574052
1575052
1576052
1577052
1578052
1579052
1580052
1581052
1582052
1583052
1584052
1585052
1586052
1587052
1588052
1589052
1590052
1591052
1592052
1593052
1594052
1595052
1596052
1597052
1598052
1599052
1600052
1601052
1602052
1603052
1604052
1605052
1606052
1607052
1608052
1609052
1610052
1611052
1612052
1613052
1614052
1615052
1616052
1617052
1618052
1619052
1620052
1621052
1622052
1623052
1624052
1625052
1626052
1627052
1628052
1629052
1630052
1631052
1632052
1633052
1634052
1635052
1636052
1637052
1638052
1639052
1640052
1641052
1642052
1643052
1644052
1645052
1646052
1647052
1648052
1649052
1650052
1651052
1652052
1653052
1654052
1655052
1656052
1657052
1658052
1659052
1660052
1661052
1662052
1663052
1664052
1665052
1666052
1667052
1668052
1669052
1670052
1671052
1672052
1673052
1674052
1675052
1676052
1677052
1678052
1679052
1680052
1681052
1682052
1683052
1684052
1685052
1686052
1687052
1688052
1689052
1690052
1691052
1692052
1693052
1694052
1695052
1696052
1697052
1698052
1699052
1700052
1701052
1702052
1703052
1704052
1705052
1706052
1707052
1708052
1709052
1710052
1711052
1712052
1713052
1714052
1715052
1716052
1717052
1718052
1719052
1720052
1721052
1722052
1723052
1724052
1725052
1726052
1727052
1728052
1729052
1730052
1731052
1732052
1733052
1734052
1735052
1736052
1737052
1738052
1739052
1740052
1741052
1742052
1743052
1744052
1745052
1746052
1747052
1748052
1749052
1750052
1751052
1752052
1753052
1754052
1755052
1756052
1757052
1758052
1759052
1760052
1761052
1762052
1763052
1764052
1765052
1766052
1767052
1768052
1769052
1770052
1771052
1772052
1773052
1774052
1775052
1776052
1777052
1778052
1779052
1780052
1781052
1782052
1783052
1784052
1785052
1786052
1787052
1788052
1789052
1790052
1791052
1792052
1793052
1794052
1795052
1796052
1797052
1798052
1799052
800053
801053
802053
803053
804053
805053
806053
807053
808053
809053
810053
811053
812053
813053
814053
815053
816053
817053
818053
819053
820053
821053
822053
823053
824053
825053
826053
827053
828053
829053
830053
831053
832053
833053
834053
835053
836053
837053
838053
839053
840053
841053
842053
843053
844053
845053
846053
847053
848053
849053
850053
851053
852053
853053
854053
855053
856053
857053
858053
859053
860053
861053
862053
863053
864053
865053
866053
867053
868053
869053
870053
871053
872053
873053
874053
875053
876053
877053
878053
879053
880053
881053
882053
883053
884053
885053
886053
887053
888053
889053
890053
891053
892053
893053
894053
895053
896053
897053
898053
899053
900053
901053
902053
903053
904053
905053
906053
907053
908053
909053
910053
911053
912053
913053
914053
915053
916053
917053
918053
919053
920053
921053
922053
923053
924053
925053
926053
927053
928053
929053
930053
931053
932053
933053
934053
935053
936053
937053
938053
939053
940053
941053
942053
943053
944053
945053
946053
947053
948053
949053
950053
951053
952053
953053
954053
955053
956053
957053
958053
959053
960053
961053
962053
963053
964053
965053
966053
967053
968053
969053
970053
971053
972053
973053
974053
975053
976053
977053
978053
979053
980053
981053
982053
983053
984053
985053
986053
987053
988053
989053
990053
991053
992053
993053
994053
995053
996053
997053
998053
999053
1000053
1001053
1002053
1003053
1004053
1005053
1006053
1007053
1008053
1009053
1010053
1011053
1012053
1013053
1014053
1015053
1016053
1017053
1018053
1019053
1020053
1021053
1022053
1023053
1024053
1025053
1026053
1027053
1028053
1029053
1030053
1031053
1032053
1033053
1034053
1035053
1036053
1037053
1038053
1039053
1040053
1041053
1042053
1043053
1044053
1045053
1046053
1047053
1048053
1049053
1050053
1051053
1052053
1053053
1054053
1055053
1056053
1057053
1058053
1059053
1060053
1061053
1062053
1063053
1064053
1065053
1066053
1067053
1068053
1069053
1070053
1071053
1072053
1073053
1074053
1075053
1076053
1077053
1078053
1079053
1080053
1081053
1082053
1083053
1084053
1085053
1086053
1087053
1088053
1089053
1090053
1091053
1092053
1093053
1094053
1095053
1096053
1097053
1098053
1099053
1100053
1101053
1102053
1103053
1104053
1105053
1106053
1107053
1108053
1109053
1110053
1111053
1112053
1113053
1114053
1115053
1116053
1117053
1118053
1119053
1120053
1121053
1122053
1123053
1124053
1125053
1126053
1127053
1128053
1129053
1130053
1131053
1132053
1133053
1134053
1135053
1136053
1137053
1138053
1139053
1140053
1141053
1142053
1143053
1144053
1145053
1146053
1147053
1148053
1149053
1150053
1151053
1152053
1153053
1154053
1155053
1156053
1157053
1158053
1159053
1160053
1161053
1162053
1163053
1164053
1165053
1166053
1167053
1168053
1169053
1170053
1171053
1172053
1173053
1174053
1175053
1176053
1177053
1178053
1179053
1180053
1181053
1182053
1183053
1184053
1185053
1186053
1187053
1188053
1189053
1190053
1191053
1192053
1193053
1194053
1195053
1196053
1197053
1198053
1199053
1200053
1201053
1202053
1203053
1204053
1205053
1206053
1207053
1208053
1209053
1210053
1211053
1212053
1213053
1214053
1215053
1216053
1217053
1218053
1219053
1220053
1221053
1222053
1223053
1224053
1225053
1226053
1227053
1228053
1229053
1230053
1231053
1232053
1233053
1234053
1235053
1236053
1237053
1238053
1239053
1240053
1241053
1242053
1243053
1244053
1245053
1246053
1247053
1248053
1249053
1250053
1251053
1252053
1253053
1254053
1255053
1256053
1257053
1258053
1259053
1260053
1261053
1262053
1263053
1264053
1265053
1266053
1267053
1268053
1269053
1270053
1271053
1272053
1273053
1274053
1275053
1276053
1277053
1278053
1279053
1280053
1281053
1282053
1283053
1284053
1285053
1286053
1287053
1288053
1289053
1290053
1291053
1292053
1293053
1294053
1295053
1296053
1297053
1298053
1299053
1300053
1301053
1302053
1303053
1304053
1305053
1306053
1307053
1308053
1309053
1310053
1311053
1312053
1313053
1314053
1315053
1316053
1317053
1318053
1319053
1320053
1321053
1322053
1323053
1324053
1325053
1326053
1327053
1328053
1329053
1330053
1331053
1332053
1333053
1334053
1335053
1336053
1337053
1338053
1339053
1340053
1341053
1342053
1343053
1344053
1345053
1346053
1347053
1348053
1349053
1350053
1351053
1352053
1353053
1354053
1355053
1356053
1357053
1358053
1359053
1360053
1361053
1362053
1363053
1364053
1365053
1366053
1367053
1368053
1369053
1370053
1371053
1372053
1373053
1374053
1375053
1376053
1377053
1378053
1379053
1380053
1381053
1382053
1383053
1384053
1385053
1386053
1387053
1388053
1389053
1390053
1391053
1392053
1393053
1394053
1395053
1396053
1397053
1398053
1399053
1400053
1401053
1402053
1403053
1404053
1405053
1406053
1407053
1408053
1409053
1410053
1411053
1412053
1413053
1414053
1415053
1416053
1417053
1418053
1419053
1420053
1421053
1422053
1423053
1424053
1425053
1426053
1427053
1428053
1429053
1430053
1431053
1432053
1433053
1434053
1435053
1436053
1437053
1438053
1439053
1440053
1441053
1442053
1443053
1444053
1445053
1446053
1447053
1448053
1449053
1450053
1451053
1452053
1453053
1454053
1455053
1456053
1457053
1458053
1459053
1460053
1461053
1462053
1463053
1464053
1465053
1466053
1467053
1468053
1469053
1470053
1471053
1472053
1473053
1474053
1475053
1476053
1477053
1478053
1479053
1480053
1481053
1482053
1483053
1484053
1485053
1486053
1487053
1488053
1489053
1490053
1491053
1492053
1493053
1494053
1495053
1496053
1497053
1498053
1499053
1500053
1501053
1502053
1503053
1504053
1505053
1506053
1507053
1508053
1509053
1510053
1511053
1512053
1513053
1514053
1515053
1516053
1517053
1518053
1519053
1520053
1521053
1522053
1523053
1524053
1525053
1526053
1527053
1528053
1529053
1530053
1531053
1532053
1533053
1534053
1535053
1536053
1537053
1538053
1539053
1540053
1541053
1542053
1543053
1544053
1545053
1546053
1547053
1548053
1549053
1550053
1551053
1552053
1553053
1554053
1555053
1556053
1557053
1558053
1559053
1560053
1561053
1562053
1563053
1564053
1565053
1566053
1567053
1568053
1569053
1570053
1571053
1572053
1573053
1574053
1575053
1576053
1577053
1578053
1579053
1580053
1581053
1582053
1583053
1584053
1585053
1586053
1587053
1588053
1589053
1590053
1591053
1592053
1593053
1594053
1595053
1596053
1597053
1598053
1599053
1600053
1601053
1602053
1603053
1604053
1605053
1606053
1607053
1608053
1609053
1610053
1611053
1612053
1613053
1614053
1615053
1616053
1617053
1618053
1619053
1620053
1621053
1622053
1623053
1624053
1625053
1626053
1627053
1628053
1629053
1630053
1631053
1632053
1633053
1634053
1635053
1636053
1637053
1638053
1639053
1640053
1641053
1642053
1643053
1644053
1645053
1646053
1647053
1648053
1649053
1650053
1651053
1652053
1653053
1654053
1655053
1656053
1657053
1658053
1659053
1660053
1661053
1662053
1663053
1664053
1665053
1666053
1667053
1668053
1669053
1670053
1671053
1672053
1673053
1674053
1675053
1676053
1677053
1678053
1679053
1680053
1681053
1682053
1683053
1684053
1685053
1686053
1687053
1688053
1689053
1690053
1691053
1692053
1693053
1694053
1695053
1696053
1697053
1698053
1699053
1700053
1701053
1702053
1703053
1704053
1705053
1706053
1707053
1708053
1709053
1710053
1711053
1712053
1713053
1714053
1715053
1716053
1717053
1718053
1719053
1720053
1721053
1722053
1723053
1724053
1725053
1726053
1727053
1728053
1729053
1730053
1731053
1732053
1733053
1734053
1735053
1736053
1737053
1738053
1739053
1740053
1741053
1742053
1743053
1744053
1745053
1746053
1747053
1748053
1749053
1750053
1751053
1752053
1753053
1754053
1755053
1756053
1757053
1758053
1759053
1760053
1761053
1762053
1763053
1764053
1765053
1766053
1767053
1768053
1769053
1770053
1771053
1772053
1773053
1774053
1775053
1776053
1777053
1778053
1779053
1780053
1781053
1782053
1783053
1784053
1785053
1786053
1787053
1788053
1789053
1790053
1791053
1792053
1793053
1794053
1795053
1796053
1797053
1798053
1799053
800054
801054
802054
803054
804054
805054
806054
807054
808054
809054
810054
811054
812054
813054
814054
815054
816054
817054
818054
819054
820054
821054
822054
823054
824054
825054
826054
827054
828054
829054
830054
831054
832054
833054
834054
835054
836054
837054
838054
839054
840054
841054
842054
843054
844054
845054
846054
847054
848054
849054
850054
851054
852054
853054
854054
855054
856054
857054
858054
859054
860054
861054
862054
863054
864054
865054
866054
867054
868054
869054
870054
871054
872054
873054
874054
875054
876054
877054
878054
879054
880054
881054
882054
883054
884054
885054
886054
887054
888054
889054
890054
891054
892054
893054
894054
895054
896054
897054
898054
899054
900054
901054
902054
903054
904054
905054
906054
907054
908054
909054
910054
911054
912054
913054
914054
915054
916054
917054
918054
919054
920054
921054
922054
923054
924054
925054
926054
927054
928054
929054
930054
931054
932054
933054
934054
935054
936054
937054
938054
939054
940054
941054
942054
943054
944054
945054
946054
947054
948054
949054
950054
951054
952054
953054
954054
955054
956054
957054
958054
959054
960054
961054
962054
963054
964054
965054
966054
967054
968054
969054
970054
971054
972054
973054
974054
975054
976054
977054
978054
979054
980054
981054
982054
983054
984054
985054
986054
987054
988054
989054
990054
991054
992054
993054
994054
995054
996054
997054
998054
999054
1000054
1001054
1002054
1003054
1004054
1005054
1006054
1007054
1008054
1009054
1010054
1011054
1012054
1013054
1014054
1015054
1016054
1017054
1018054
1019054
1020054
1021054
1022054
1023054
1024054
1025054
1026054
1027054
1028054
1029054
1030054
1031054
1032054
1033054
1034054
1035054
1036054
1037054
1038054
1039054
1040054
1041054
1042054
1043054
1044054
1045054
1046054
1047054
1048054
1049054
1050054
1051054
1052054
1053054
1054054
1055054
1056054
1057054
1058054
1059054
1060054
1061054
1062054
1063054
1064054
1065054
1066054
1067054
1068054
1069054
1070054
1071054
1072054
1073054
1074054
1075054
1076054
1077054
1078054
1079054
1080054
1081054
1082054
1083054
1084054
1085054
1086054
1087054
1088054
1089054
1090054
1091054
1092054
1093054
1094054
1095054
1096054
1097054
1098054
1099054
1100054
1101054
1102054
1103054
1104054
1105054
1106054
1107054
1108054
1109054
1110054
1111054
1112054
1113054
1114054
1115054
1116054
1117054
1118054
1119054
1120054
1121054
1122054
1123054
1124054
1125054
1126054
1127054
1128054
1129054
1130054
1131054
1132054
1133054
1134054
1135054
1136054
1137054
1138054
1139054
1140054
1141054
1142054
1143054
1144054
1145054
1146054
1147054
1148054
1149054
1150054
1151054
1152054
1153054
1154054
1155054
1156054
1157054
1158054
1159054
1160054
1161054
1162054
1163054
1164054
1165054
1166054
1167054
1168054
1169054
1170054
1171054
1172054
1173054
1174054
1175054
1176054
1177054
1178054
1179054
1180054
1181054
1182054
1183054
1184054
1185054
1186054
1187054
1188054
1189054
1190054
1191054
1192054
1193054
1194054
1195054
1196054
1197054
1198054
1199054
1200054
1201054
1202054
1203054
1204054
1205054
1206054
1207054
1208054
1209054
1210054
1211054
1212054
1213054
1214054
1215054
1216054
1217054
1218054
1219054
1220054
1221054
1222054
1223054
1224054
1225054
1226054
1227054
1228054
1229054
1230054
1231054
1232054
1233054
1234054
1235054
1236054
1237054
1238054
1239054
1240054
1241054
1242054
1243054
1244054
1245054
1246054
1247054
1248054
1249054
1250054
1251054
1252054
1253054
1254054
1255054
1256054
1257054
1258054
1259054
1260054
1261054
1262054
1263054
1264054
1265054
1266054
1267054
1268054
1269054
1270054
1271054
1272054
1273054
1274054
1275054
1276054
1277054
1278054
1279054
1280054
1281054
1282054
1283054
1284054
1285054
1286054
1287054
1288054
1289054
1290054
1291054
1292054
1293054
1294054
1295054
1296054
1297054
1298054
1299054
1300054
1301054
1302054
1303054
1304054
1305054
1306054
1307054
1308054
1309054
1310054
1311054
1312054
1313054
1314054
1315054
1316054
1317054
1318054
1319054
1320054
1321054
1322054
1323054
1324054
1325054
1326054
1327054
1328054
1329054
1330054
1331054
1332054
1333054
1334054
1335054
1336054
1337054
1338054
1339054
1340054
1341054
1342054
1343054
1344054
1345054
1346054
1347054
1348054
1349054
1350054
1351054
1352054
1353054
1354054
1355054
1356054
1357054
1358054
1359054
1360054
1361054
1362054
1363054
1364054
1365054
1366054
1367054
1368054
1369054
1370054
1371054
1372054
1373054
1374054
1375054
1376054
1377054
1378054
1379054
1380054
1381054
1382054
1383054
1384054
1385054
1386054
1387054
1388054
1389054
1390054
1391054
1392054
1393054
1394054
1395054
1396054
1397054
1398054
1399054
1400054
1401054
1402054
1403054
1404054
1405054
1406054
1407054
1408054
1409054
1410054
1411054
1412054
1413054
1414054
1415054
1416054
1417054
1418054
1419054
1420054
1421054
1422054
1423054
1424054
1425054
1426054
1427054
1428054
1429054
1430054
1431054
1432054
1433054
1434054
1435054
1436054
1437054
1438054
1439054
1440054
1441054
1442054
1443054
1444054
1445054
1446054
1447054
1448054
1449054
1450054
1451054
1452054
1453054
1454054
1455054
1456054
1457054
1458054
1459054
1460054
1461054
1462054
1463054
1464054
1465054
1466054
1467054
1468054
1469054
1470054
1471054
1472054
1473054
1474054
1475054
1476054
1477054
1478054
1479054
1480054
1481054
1482054
1483054
1484054
1485054
1486054
1487054
1488054
1489054
1490054
1491054
1492054
1493054
1494054
1495054
1496054
1497054
1498054
1499054
1500054
1501054
1502054
1503054
1504054
1505054
1506054
1507054
1508054
1509054
1510054
1511054
1512054
1513054
1514054
1515054
1516054
1517054
1518054
1519054
1520054
1521054
1522054
1523054
1524054
1525054
1526054
1527054
1528054
1529054
1530054
1531054
1532054
1533054
1534054
1535054
1536054
1537054
1538054
1539054
1540054
1541054
1542054
1543054
1544054
1545054
1546054
1547054
1548054
1549054
1550054
1551054
1552054
1553054
1554054
1555054
1556054
1557054
1558054
1559054
1560054
1561054
1562054
1563054
1564054
1565054
1566054
1567054
1568054
1569054
1570054
1571054
1572054
1573054
1574054
1575054
1576054
1577054
1578054
1579054
1580054
1581054
1582054
1583054
1584054
1585054
1586054
1587054
1588054
1589054
1590054
1591054
1592054
1593054
1594054
1595054
1596054
1597054
1598054
1599054
1600054
1601054
1602054
1603054
1604054
1605054
1606054
1607054
1608054
1609054
1610054
1611054
1612054
1613054
1614054
1615054
1616054
1617054
1618054
1619054
1620054
1621054
1622054
1623054
1624054
1625054
1626054
1627054
1628054
1629054
1630054
1631054
1632054
1633054
1634054
1635054
1636054
1637054
1638054
1639054
1640054
1641054
1642054
1643054
1644054
1645054
1646054
1647054
1648054
1649054
1650054
1651054
1652054
1653054
1654054
1655054
1656054
1657054
1658054
1659054
1660054
1661054
1662054
1663054
1664054
1665054
1666054
1667054
1668054
1669054
1670054
1671054
1672054
1673054
1674054
1675054
1676054
1677054
1678054
1679054
1680054
1681054
1682054
1683054
1684054
1685054
1686054
1687054
1688054
1689054
1690054
1691054
1692054
1693054
1694054
1695054
1696054
1697054
1698054
1699054
1700054
1701054
1702054
1703054
1704054
1705054
1706054
1707054
1708054
1709054
1710054
1711054
1712054
1713054
1714054
1715054
1716054
1717054
1718054
1719054
1720054
1721054
1722054
1723054
1724054
1725054
1726054
1727054
1728054
1729054
1730054
1731054
1732054
1733054
1734054
1735054
1736054
1737054
1738054
1739054
1740054
1741054
1742054
1743054
1744054
1745054
1746054
1747054
1748054
1749054
1750054
1751054
1752054
1753054
1754054
1755054
1756054
1757054
1758054
1759054
1760054
1761054
1762054
1763054
1764054
1765054
1766054
1767054
1768054
1769054
1770054
1771054
1772054
1773054
1774054
1775054
1776054
1777054
1778054
1779054
1780054
1781054
1782054
1783054
1784054
1785054
1786054
1787054
1788054
1789054
1790054
1791054
1792054
1793054
1794054
1795054
1796054
1797054
1798054
1799054
800055
801055
802055
803055
804055
805055
806055
807055
808055
809055
810055
811055
812055
813055
814055
815055
816055
817055
818055
819055
820055
821055
822055
823055
824055
825055
826055
827055
828055
829055
830055
831055
832055
833055
834055
835055
836055
837055
838055
839055
840055
841055
842055
843055
844055
845055
846055
847055
848055
849055
850055
851055
852055
853055
854055
855055
856055
857055
858055
859055
860055
861055
862055
863055
864055
865055
866055
867055
868055
869055
870055
871055
872055
873055
874055
875055
876055
877055
878055
879055
880055
881055
882055
883055
884055
885055
886055
887055
888055
889055
890055
891055
892055
893055
894055
895055
896055
897055
898055
899055
900055
901055
902055
903055
904055
905055
906055
907055
908055
909055
910055
911055
912055
913055
914055
915055
916055
917055
918055
919055
920055
921055
922055
923055
924055
925055
926055
927055
928055
929055
930055
931055
932055
933055
934055
935055
936055
937055
938055
939055
940055
941055
942055
943055
944055
945055
946055
947055
948055
949055
950055
951055
952055
953055
954055
955055
956055
957055
958055
959055
960055
961055
962055
963055
964055
965055
966055
967055
968055
969055
970055
971055
972055
973055
974055
975055
976055
977055
978055
979055
980055
981055
982055
983055
984055
985055
986055
987055
988055
989055
990055
991055
992055
993055
994055
995055
996055
997055
998055
999055
1000055
1001055
1002055
1003055
1004055
1005055
1006055
1007055
1008055
1009055
1010055
1011055
1012055
1013055
1014055
1015055
1016055
1017055
1018055
1019055
1020055
1021055
1022055
1023055
1024055
1025055
1026055
1027055
1028055
1029055
1030055
1031055
1032055
1033055
1034055
1035055
1036055
1037055
1038055
1039055
1040055
1041055
1042055
1043055
1044055
1045055
1046055
1047055
1048055
1049055
1050055
1051055
1052055
1053055
1054055
1055055
1056055
1057055
1058055
1059055
1060055
1061055
1062055
1063055
1064055
1065055
1066055
1067055
1068055
1069055
1070055
1071055
1072055
1073055
1074055
1075055
1076055
1077055
1078055
1079055
1080055
1081055
1082055
1083055
1084055
1085055
1086055
1087055
1088055
1089055
1090055
1091055
1092055
1093055
1094055
1095055
1096055
1097055
1098055
1099055
1100055
1101055
1102055
1103055
1104055
1105055
1106055
1107055
1108055
1109055
1110055
1111055
1112055
1113055
1114055
1115055
1116055
1117055
1118055
1119055
1120055
1121055
1122055
1123055
1124055
1125055
1126055
1127055
1128055
1129055
1130055
1131055
1132055
1133055
1134055
1135055
1136055
1137055
1138055
1139055
1140055
1141055
1142055
1143055
1144055
1145055
1146055
1147055
1148055
1149055
1150055
1151055
1152055
1153055
1154055
1155055
1156055
1157055
1158055
1159055
1160055
1161055
1162055
1163055
1164055
1165055
1166055
1167055
1168055
1169055
1170055
1171055
1172055
1173055
1174055
1175055
1176055
1177055
1178055
1179055
1180055
1181055
1182055
1183055
1184055
1185055
1186055
1187055
1188055
1189055
1190055
1191055
1192055
1193055
1194055
1195055
1196055
1197055
1198055
1199055
1200055
1201055
1202055
1203055
1204055
1205055
1206055
1207055
1208055
1209055
1210055
1211055
1212055
1213055
1214055
1215055
1216055
1217055
1218055
1219055
1220055
1221055
1222055
1223055
1224055
1225055
1226055
1227055
1228055
1229055
1230055
1231055
1232055
1233055
1234055
1235055
1236055
1237055
1238055
1239055
1240055
1241055
1242055
1243055
1244055
1245055
1246055
1247055
1248055
1249055
1250055
1251055
1252055
1253055
1254055
1255055
1256055
1257055
1258055
1259055
1260055
1261055
1262055
1263055
1264055
1265055
1266055
1267055
1268055
1269055
1270055
1271055
1272055
1273055
1274055
1275055
1276055
1277055
1278055
1279055
1280055
1281055
1282055
1283055
1284055
1285055
1286055
1287055
1288055
1289055
1290055
1291055
1292055
1293055
1294055
1295055
1296055
1297055
1298055
1299055
1300055
1301055
1302055
1303055
1304055
1305055
1306055
1307055
1308055
1309055
1310055
1311055
1312055
1313055
1314055
1315055
1316055
1317055
1318055
1319055
1320055
1321055
1322055
1323055
1324055
1325055
1326055
1327055
1328055
1329055
1330055
1331055
1332055
1333055
1334055
1335055
1336055
1337055
1338055
1339055
1340055
1341055
1342055
1343055
1344055
1345055
1346055
1347055
1348055
1349055
1350055
1351055
1352055
1353055
1354055
1355055
1356055
1357055
1358055
1359055
1360055
1361055
1362055
1363055
1364055
1365055
1366055
1367055
1368055
1369055
1370055
1371055
1372055
1373055
1374055
1375055
1376055
1377055
1378055
1379055
1380055
1381055
1382055
1383055
1384055
1385055
1386055
1387055
1388055
1389055
1390055
1391055
1392055
1393055
1394055
1395055
1396055
1397055
1398055
1399055
1400055
1401055
1402055
1403055
1404055
1405055
1406055
1407055
1408055
1409055
1410055
1411055
1412055
1413055
1414055
1415055
1416055
1417055
1418055
1419055
1420055
1421055
1422055
1423055
1424055
1425055
1426055
1427055
1428055
1429055
1430055
1431055
1432055
1433055
1434055
1435055
1436055
1437055
1438055
1439055
1440055
1441055
1442055
1443055
1444055
1445055
1446055
1447055
1448055
1449055
1450055
1451055
1452055
1453055
1454055
1455055
1456055
1457055
1458055
1459055
1460055
1461055
1462055
1463055
1464055
1465055
1466055
1467055
1468055
1469055
1470055
1471055
1472055
1473055
1474055
1475055
1476055
1477055
1478055
1479055
1480055
1481055
1482055
1483055
1484055
1485055
1486055
1487055
1488055
1489055
1490055
1491055
1492055
1493055
1494055
1495055
1496055
1497055
1498055
1499055
1500055
1501055
1502055
1503055
1504055
1505055
1506055
1507055
1508055
1509055
1510055
1511055
1512055
1513055
1514055
1515055
1516055
1517055
1518055
1519055
1520055
1521055
1522055
1523055
1524055
1525055
1526055
1527055
1528055
1529055
1530055
1531055
1532055
1533055
1534055
1535055
1536055
1537055
1538055
1539055
1540055
1541055
1542055
1543055
1544055
1545055
1546055
1547055
1548055
1549055
1550055
1551055
1552055
1553055
1554055
1555055
1556055
1557055
1558055
1559055
1560055
1561055
1562055
1563055
1564055
1565055
1566055
1567055
1568055
1569055
1570055
1571055
1572055
1573055
1574055
1575055
1576055
1577055
1578055
1579055
1580055
1581055
1582055
1583055
1584055
1585055
1586055
1587055
1588055
1589055
1590055
1591055
1592055
1593055
1594055
1595055
1596055
1597055
1598055
1599055
1600055
1601055
1602055
1603055
1604055
1605055
1606055
1607055
1608055
1609055
1610055
1611055
1612055
1613055
1614055
1615055
1616055
1617055
1618055
1619055
1620055
1621055
1622055
1623055
1624055
1625055
1626055
1627055
1628055
1629055
1630055
1631055
1632055
1633055
1634055
1635055
1636055
1637055
1638055
1639055
1640055
1641055
1642055
1643055
1644055
1645055
1646055
1647055
1648055
1649055
1650055
1651055
1652055
1653055
1654055
1655055
1656055
1657055
1658055
1659055
1660055
1661055
1662055
1663055
1664055
1665055
1666055
1667055
1668055
1669055
1670055
1671055
1672055
1673055
1674055
1675055
1676055
1677055
1678055
1679055
1680055
1681055
1682055
1683055
1684055
1685055
1686055
1687055
1688055
1689055
1690055
1691055
1692055
1693055
1694055
1695055
1696055
1697055
1698055
1699055
1700055
1701055
1702055
1703055
1704055
1705055
1706055
1707055
1708055
1709055
1710055
1711055
1712055
1713055
1714055
1715055
1716055
1717055
1718055
1719055
1720055
1721055
1722055
1723055
1724055
1725055
1726055
1727055
1728055
1729055
1730055
1731055
1732055
1733055
1734055
1735055
1736055
1737055
1738055
1739055
1740055
1741055
1742055
1743055
1744055
1745055
1746055
1747055
1748055
1749055
1750055
1751055
1752055
1753055
1754055
1755055
1756055
1757055
1758055
1759055
1760055
1761055
1762055
1763055
1764055
1765055
1766055
1767055
1768055
1769055
1770055
1771055
1772055
1773055
1774055
1775055
1776055
1777055
1778055
1779055
1780055
1781055
1782055
1783055
1784055
1785055
1786055
1787055
1788055
1789055
1790055
1791055
1792055
1793055
1794055
1795055
1796055
1797055
1798055
1799055
800056
801056
802056
803056
804056
805056
806056
807056
808056
809056
810056
811056
812056
813056
814056
815056
816056
817056
818056
819056
820056
821056
822056
823056
824056
825056
826056
827056
828056
829056
830056
831056
832056
833056
834056
835056
836056
837056
838056
839056
840056
841056
842056
843056
844056
845056
846056
847056
848056
849056
850056
851056
852056
853056
854056
855056
856056
857056
858056
859056
860056
861056
862056
863056
864056
865056
866056
867056
868056
869056
870056
871056
872056
873056
874056
875056
876056
877056
878056
879056
880056
881056
882056
883056
884056
885056
886056
887056
888056
889056
890056
891056
892056
893056
894056
895056
896056
897056
898056
899056
900056
901056
902056
903056
904056
905056
906056
907056
908056
909056
910056
911056
912056
913056
914056
915056
916056
917056
918056
919056
920056
921056
922056
923056
924056
925056
926056
927056
928056
929056
930056
931056
932056
933056
934056
935056
936056
937056
938056
939056
940056
941056
942056
943056
944056
945056
946056
947056
948056
949056
950056
951056
952056
953056
954056
955056
956056
957056
958056
959056
960056
961056
962056
963056
964056
965056
966056
967056
968056
969056
970056
971056
972056
973056
974056
975056
976056
977056
978056
979056
980056
981056
982056
983056
984056
985056
986056
987056
988056
989056
990056
991056
992056
993056
994056
995056
996056
997056
998056
999056
1000056
1001056
1002056
1003056
1004056
1005056
1006056
1007056
1008056
1009056
1010056
1011056
1012056
1013056
1014056
1015056
1016056
1017056
1018056
1019056
1020056
1021056
1022056
1023056
1024056
1025056
1026056
1027056
1028056
1029056
1030056
1031056
1032056
1033056
1034056
1035056
1036056
1037056
1038056
1039056
1040056
1041056
1042056
1043056
1044056
1045056
1046056
1047056
1048056
1049056
1050056
1051056
1052056
1053056
1054056
1055056
1056056
1057056
1058056
1059056
1060056
1061056
1062056
1063056
1064056
1065056
1066056
1067056
1068056
1069056
1070056
1071056
1072056
1073056
1074056
1075056
1076056
1077056
1078056
1079056
1080056
1081056
1082056
1083056
1084056
1085056
1086056
1087056
1088056
1089056
1090056
1091056
1092056
1093056
1094056
1095056
1096056
1097056
1098056
1099056
1100056
1101056
1102056
1103056
1104056
1105056
1106056
1107056
1108056
1109056
1110056
1111056
1112056
1113056
1114056
1115056
1116056
1117056
1118056
1119056
1120056
1121056
1122056
1123056
1124056
1125056
1126056
1127056
1128056
1129056
1130056
1131056
1132056
1133056
1134056
1135056
1136056
1137056
1138056
1139056
1140056
1141056
1142056
1143056
1144056
1145056
1146056
1147056
1148056
1149056
1150056
1151056
1152056
1153056
1154056
1155056
1156056
1157056
1158056
1159056
1160056
1161056
1162056
1163056
1164056
1165056
1166056
1167056
1168056
1169056
1170056
1171056
1172056
1173056
1174056
1175056
1176056
1177056
1178056
1179056
1180056
1181056
1182056
1183056
1184056
1185056
1186056
1187056
1188056
1189056
1190056
1191056
1192056
1193056
1194056
1195056
1196056
1197056
1198056
1199056
1200056
1201056
1202056
1203056
1204056
1205056
1206056
1207056
1208056
1209056
1210056
1211056
1212056
1213056
1214056
1215056
1216056
1217056
1218056
1219056
1220056
1221056
1222056
1223056
1224056
1225056
1226056
1227056
1228056
1229056
1230056
1231056
1232056
1233056
1234056
1235056
1236056
1237056
1238056
1239056
1240056
1241056
1242056
1243056
1244056
1245056
1246056
1247056
1248056
1249056
1250056
1251056
1252056
1253056
1254056
1255056
1256056
1257056
1258056
1259056
1260056
1261056
1262056
1263056
1264056
1265056
1266056
1267056
1268056
1269056
1270056
1271056
1272056
1273056
1274056
1275056
1276056
1277056
1278056
1279056
1280056
1281056
1282056
1283056
1284056
1285056
1286056
1287056
1288056
1289056
1290056
1291056
1292056
1293056
1294056
1295056
1296056
1297056
1298056
1299056
1300056
1301056
1302056
1303056
1304056
1305056
1306056
1307056
1308056
1309056
1310056
1311056
1312056
1313056
1314056
1315056
1316056
1317056
1318056
1319056
1320056
1321056
1322056
1323056
1324056
1325056
1326056
1327056
1328056
1329056
1330056
1331056
1332056
1333056
1334056
1335056
1336056
1337056
1338056
1339056
1340056
1341056
1342056
1343056
1344056
1345056
1346056
1347056
1348056
1349056
1350056
1351056
1352056
1353056
1354056
1355056
1356056
1357056
1358056
1359056
1360056
1361056
1362056
1363056
1364056
1365056
1366056
1367056
1368056
1369056
1370056
1371056
1372056
1373056
1374056
1375056
1376056
1377056
1378056
1379056
1380056
1381056
1382056
1383056
1384056
1385056
1386056
1387056
1388056
1389056
1390056
1391056
1392056
1393056
1394056
1395056
1396056
1397056
1398056
1399056
1400056
1401056
1402056
1403056
1404056
1405056
1406056
1407056
1408056
1409056
1410056
1411056
1412056
1413056
1414056
1415056
1416056
1417056
1418056
1419056
1420056
1421056
1422056
1423056
1424056
1425056
1426056
1427056
1428056
1429056
1430056
1431056
1432056
1433056
1434056
1435056
1436056
1437056
1438056
1439056
1440056
1441056
1442056
1443056
1444056
1445056
1446056
1447056
1448056
1449056
1450056
1451056
1452056
1453056
1454056
1455056
1456056
1457056
1458056
1459056
1460056
1461056
1462056
1463056
1464056
1465056
1466056
1467056
1468056
1469056
1470056
1471056
1472056
1473056
1474056
1475056
1476056
1477056
1478056
1479056
1480056
1481056
1482056
1483056
1484056
1485056
1486056
1487056
1488056
1489056
1490056
1491056
1492056
1493056
1494056
1495056
1496056
1497056
1498056
1499056
1500056
1501056
1502056
1503056
1504056
1505056
1506056
1507056
1508056
1509056
1510056
1511056
1512056
1513056
1514056
1515056
1516056
1517056
1518056
1519056
1520056
1521056
1522056
1523056
1524056
1525056
1526056
1527056
1528056
1529056
1530056
1531056
1532056
1533056
1534056
1535056
1536056
1537056
1538056
1539056
1540056
1541056
1542056
1543056
1544056
1545056
1546056
1547056
1548056
1549056
1550056
1551056
1552056
1553056
1554056
1555056
1556056
1557056
1558056
1559056
1560056
1561056
1562056
1563056
1564056
1565056
1566056
1567056
1568056
1569056
1570056
1571056
1572056
1573056
1574056
1575056
1576056
1577056
1578056
1579056
1580056
1581056
1582056
1583056
1584056
1585056
1586056
1587056
1588056
1589056
1590056
1591056
1592056
1593056
1594056
1595056
1596056
1597056
1598056
1599056
1600056
1601056
1602056
1603056
1604056
1605056
1606056
1607056
1608056
1609056
1610056
1611056
1612056
1613056
1614056
1615056
1616056
1617056
1618056
1619056
1620056
1621056
1622056
1623056
1624056
1625056
1626056
1627056
1628056
1629056
1630056
1631056
1632056
1633056
1634056
1635056
1636056
1637056
1638056
1639056
1640056
1641056
1642056
1643056
1644056
1645056
1646056
1647056
1648056
1649056
1650056
1651056
1652056
1653056
1654056
1655056
1656056
1657056
1658056
1659056
1660056
1661056
1662056
1663056
1664056
1665056
1666056
1667056
1668056
1669056
1670056
1671056
1672056
1673056
1674056
1675056
1676056
1677056
1678056
1679056
1680056
1681056
1682056
1683056
1684056
1685056
1686056
1687056
1688056
1689056
1690056
1691056
1692056
1693056
1694056
1695056
1696056
1697056
1698056
1699056
1700056
1701056
1702056
1703056
1704056
1705056
1706056
1707056
1708056
1709056
1710056
1711056
1712056
1713056
1714056
1715056
1716056
1717056
1718056
1719056
1720056
1721056
1722056
1723056
1724056
1725056
1726056
1727056
1728056
1729056
1730056
1731056
1732056
1733056
1734056
1735056
1736056
1737056
1738056
1739056
1740056
1741056
1742056
1743056
1744056
1745056
1746056
1747056
1748056
1749056
1750056
1751056
1752056
1753056
1754056
1755056
1756056
1757056
1758056
1759056
1760056
1761056
1762056
1763056
1764056
1765056
1766056
1767056
1768056
1769056
1770056
1771056
1772056
1773056
1774056
1775056
1776056
1777056
1778056
1779056
1780056
1781056
1782056
1783056
1784056
1785056
1786056
1787056
1788056
1789056
1790056
1791056
1792056
1793056
1794056
1795056
1796056
1797056
1798056
1799056
800057
801057
802057
803057
804057
805057
806057
807057
808057
809057
810057
811057
812057
813057
814057
815057
816057
817057
818057
819057
820057
821057
822057
823057
824057
825057
826057
827057
828057
829057
830057
831057
832057
833057
834057
835057
836057
837057
838057
839057
840057
841057
842057
843057
844057
845057
846057
847057
848057
849057
850057
851057
852057
853057
854057
855057
856057
857057
858057
859057
860057
861057
862057
863057
864057
865057
866057
867057
868057
869057
870057
871057
872057
873057
874057
875057
876057
877057
878057
879057
880057
881057
882057
883057
884057
885057
886057
887057
888057
889057
890057
891057
892057
893057
894057
895057
896057
897057
898057
899057
900057
901057
902057
903057
904057
905057
906057
907057
908057
909057
910057
911057
912057
913057
914057
915057
916057
917057
918057
919057
920057
921057
922057
923057
924057
925057
926057
927057
928057
929057
930057
931057
932057
933057
934057
935057
936057
937057
938057
939057
940057
941057
942057
943057
944057
945057
946057
947057
948057
949057
950057
951057
952057
953057
954057
955057
956057
957057
958057
959057
960057
961057
962057
963057
964057
965057
966057
967057
968057
969057
970057
971057
972057
973057
974057
975057
976057
977057
978057
979057
980057
981057
982057
983057
984057
985057
986057
987057
988057
989057
990057
991057
992057
993057
994057
995057
996057
997057
998057
999057
1000057
1001057
1002057
1003057
1004057
1005057
1006057
1007057
1008057
1009057
1010057
1011057
1012057
1013057
1014057
1015057
1016057
1017057
1018057
1019057
1020057
1021057
1022057
1023057
1024057
1025057
1026057
1027057
1028057
1029057
1030057
1031057
1032057
1033057
1034057
1035057
1036057
1037057
1038057
1039057
1040057
1041057
1042057
1043057
1044057
1045057
1046057
1047057
1048057
1049057
1050057
1051057
1052057
1053057
1054057
1055057
1056057
1057057
1058057
1059057
1060057
1061057
1062057
1063057
1064057
1065057
1066057
1067057
1068057
1069057
1070057
1071057
1072057
1073057
1074057
1075057
1076057
1077057
1078057
1079057
1080057
1081057
1082057
1083057
1084057
1085057
1086057
1087057
1088057
1089057
1090057
1091057
1092057
1093057
1094057
1095057
1096057
1097057
1098057
1099057
1100057
1101057
1102057
1103057
1104057
1105057
1106057
1107057
1108057
1109057
1110057
1111057
1112057
1113057
1114057
1115057
1116057
1117057
1118057
1119057
1120057
1121057
1122057
1123057
1124057
1125057
1126057
1127057
1128057
1129057
1130057
1131057
1132057
1133057
1134057
1135057
1136057
1137057
1138057
1139057
1140057
1141057
1142057
1143057
1144057
1145057
1146057
1147057
1148057
1149057
1150057
1151057
1152057
1153057
1154057
1155057
1156057
1157057
1158057
1159057
1160057
1161057
1162057
1163057
1164057
1165057
1166057
1167057
1168057
1169057
1170057
1171057
1172057
1173057
1174057
1175057
1176057
1177057
1178057
1179057
1180057
1181057
1182057
1183057
1184057
1185057
1186057
1187057
1188057
1189057
1190057
1191057
1192057
1193057
1194057
1195057
1196057
1197057
1198057
1199057
1200057
1201057
1202057
1203057
1204057
1205057
1206057
1207057
1208057
1209057
1210057
1211057
1212057
1213057
1214057
1215057
1216057
1217057
1218057
1219057
1220057
1221057
1222057
1223057
1224057
1225057
1226057
1227057
1228057
1229057
1230057
1231057
1232057
1233057
1234057
1235057
1236057
1237057
1238057
1239057
1240057
1241057
1242057
1243057
1244057
1245057
1246057
1247057
1248057
1249057
1250057
1251057
1252057
1253057
1254057
1255057
1256057
1257057
1258057
1259057
1260057
1261057
1262057
1263057
1264057
1265057
1266057
1267057
1268057
1269057
1270057
1271057
1272057
1273057
1274057
1275057
1276057
1277057
1278057
1279057
1280057
1281057
1282057
1283057
1284057
1285057
1286057
1287057
1288057
1289057
1290057
1291057
1292057
1293057
1294057
1295057
1296057
1297057
1298057
1299057
1300057
1301057
1302057
1303057
1304057
1305057
1306057
1307057
1308057
1309057
1310057
1311057
1312057
1313057
1314057
1315057
1316057
1317057
1318057
1319057
1320057
1321057
1322057
1323057
1324057
1325057
1326057
1327057
1328057
1329057
1330057
1331057
1332057
1333057
1334057
1335057
1336057
1337057
1338057
1339057
1340057
1341057
1342057
1343057
1344057
1345057
1346057
1347057
1348057
1349057
1350057
1351057
1352057
1353057
1354057
1355057
1356057
1357057
1358057
1359057
1360057
1361057
1362057
1363057
1364057
1365057
1366057
1367057
1368057
1369057
1370057
1371057
1372057
1373057
1374057
1375057
1376057
1377057
1378057
1379057
1380057
1381057
1382057
1383057
1384057
1385057
1386057
1387057
1388057
1389057
1390057
1391057
1392057
1393057
1394057
1395057
1396057
1397057
1398057
1399057
1400057
1401057
1402057
1403057
1404057
1405057
1406057
1407057
1408057
1409057
1410057
1411057
1412057
1413057
1414057
1415057
1416057
1417057
1418057
1419057
1420057
1421057
1422057
1423057
1424057
1425057
1426057
1427057
1428057
1429057
1430057
1431057
1432057
1433057
1434057
1435057
1436057
1437057
1438057
1439057
1440057
1441057
1442057
1443057
1444057
1445057
1446057
1447057
1448057
1449057
1450057
1451057
1452057
1453057
1454057
1455057
1456057
1457057
1458057
1459057
1460057
1461057
1462057
1463057
1464057
1465057
1466057
1467057
1468057
1469057
1470057
1471057
1472057
1473057
1474057
1475057
1476057
1477057
1478057
1479057
1480057
1481057
1482057
1483057
1484057
1485057
1486057
1487057
1488057
1489057
1490057
1491057
1492057
1493057
1494057
1495057
1496057
1497057
1498057
1499057
1500057
1501057
1502057
1503057
1504057
1505057
1506057
1507057
1508057
1509057
1510057
1511057
1512057
1513057
1514057
1515057
1516057
1517057
1518057
1519057
1520057
1521057
1522057
1523057
1524057
1525057
1526057
1527057
1528057
1529057
1530057
1531057
1532057
1533057
1534057
1535057
1536057
1537057
1538057
1539057
1540057
1541057
1542057
1543057
1544057
1545057
1546057
1547057
1548057
1549057
1550057
1551057
1552057
1553057
1554057
1555057
1556057
1557057
1558057
1559057
1560057
1561057
1562057
1563057
1564057
1565057
1566057
1567057
1568057
1569057
1570057
1571057
1572057
1573057
1574057
1575057
1576057
1577057
1578057
1579057
1580057
1581057
1582057
1583057
1584057
1585057
1586057
1587057
1588057
1589057
1590057
1591057
1592057
1593057
1594057
1595057
1596057
1597057
1598057
1599057
1600057
1601057
1602057
1603057
1604057
1605057
1606057
1607057
1608057
1609057
1610057
1611057
1612057
1613057
1614057
1615057
1616057
1617057
1618057
1619057
1620057
1621057
1622057
1623057
1624057
1625057
1626057
1627057
1628057
1629057
1630057
1631057
1632057
1633057
1634057
1635057
1636057
1637057
1638057
1639057
1640057
1641057
1642057
1643057
1644057
1645057
1646057
1647057
1648057
1649057
1650057
1651057
1652057
1653057
1654057
1655057
1656057
1657057
1658057
1659057
1660057
1661057
1662057
1663057
1664057
1665057
1666057
1667057
1668057
1669057
1670057
1671057
1672057
1673057
1674057
1675057
1676057
1677057
1678057
1679057
1680057
1681057
1682057
1683057
1684057
1685057
1686057
1687057
1688057
1689057
1690057
1691057
1692057
1693057
1694057
1695057
1696057
1697057
1698057
1699057
1700057
1701057
1702057
1703057
1704057
1705057
1706057
1707057
1708057
1709057
1710057
1711057
1712057
1713057
1714057
1715057
1716057
1717057
1718057
1719057
1720057
1721057
1722057
1723057
1724057
1725057
1726057
1727057
1728057
1729057
1730057
1731057
1732057
1733057
1734057
1735057
1736057
1737057
1738057
1739057
1740057
1741057
1742057
1743057
1744057
1745057
1746057
1747057
1748057
1749057
1750057
1751057
1752057
1753057
1754057
1755057
1756057
1757057
1758057
1759057
1760057
1761057
1762057
1763057
1764057
1765057
1766057
1767057
1768057
1769057
1770057
1771057
1772057
1773057
1774057
1775057
1776057
1777057
1778057
1779057
1780057
1781057
1782057
1783057
1784057
1785057
1786057
1787057
1788057
1789057
1790057
1791057
1792057
1793057
1794057
1795057
1796057
1797057
1798057
1799057
800058
801058
802058
803058
804058
805058
806058
807058
808058
809058
810058
811058
812058
813058
814058
815058
816058
817058
818058
819058
820058
821058
822058
823058
824058
825058
826058
827058
828058
829058
830058
831058
832058
833058
834058
835058
836058
837058
838058
839058
840058
841058
842058
843058
844058
845058
846058
847058
848058
849058
850058
851058
852058
853058
854058
855058
856058
857058
858058
859058
860058
861058
862058
863058
864058
865058
866058
867058
868058
869058
870058
871058
872058
873058
874058
875058
876058
877058
878058
879058
880058
881058
882058
883058
884058
885058
886058
887058
888058
889058
890058
891058
892058
893058
894058
895058
896058
897058
898058
899058
900058
901058
902058
903058
904058
905058
906058
907058
908058
909058
910058
911058
912058
913058
914058
915058
916058
917058
918058
919058
920058
921058
922058
923058
924058
925058
926058
927058
928058
929058
930058
931058
932058
933058
934058
935058
936058
937058
938058
939058
940058
941058
942058
943058
944058
945058
946058
947058
948058
949058
950058
951058
952058
953058
954058
955058
956058
957058
958058
959058
960058
961058
962058
963058
964058
965058
966058
967058
968058
969058
970058
971058
972058
973058
974058
975058
976058
977058
978058
979058
980058
981058
982058
983058
984058
985058
986058
987058
988058
989058
990058
991058
992058
993058
994058
995058
996058
997058
998058
999058
1000058
1001058
1002058
1003058
1004058
1005058
1006058
1007058
1008058
1009058
1010058
1011058
1012058
1013058
1014058
1015058
1016058
1017058
1018058
1019058
1020058
1021058
1022058
1023058
1024058
1025058
1026058
1027058
1028058
1029058
1030058
1031058
1032058
1033058
1034058
1035058
1036058
1037058
1038058
1039058
1040058
1041058
1042058
1043058
1044058
1045058
1046058
1047058
1048058
1049058
1050058
1051058
1052058
1053058
1054058
1055058
1056058
1057058
1058058
1059058
1060058
1061058
1062058
1063058
1064058
1065058
1066058
1067058
1068058
1069058
1070058
1071058
1072058
1073058
1074058
1075058
1076058
1077058
1078058
1079058
1080058
1081058
1082058
1083058
1084058
1085058
1086058
1087058
1088058
1089058
1090058
1091058
1092058
1093058
1094058
1095058
1096058
1097058
1098058
1099058
1100058
1101058
1102058
1103058
1104058
1105058
1106058
1107058
1108058
1109058
1110058
1111058
1112058
1113058
1114058
1115058
1116058
1117058
1118058
1119058
1120058
1121058
1122058
1123058
1124058
1125058
1126058
1127058
1128058
1129058
1130058
1131058
1132058
1133058
1134058
1135058
1136058
1137058
1138058
1139058
1140058
1141058
1142058
1143058
1144058
1145058
1146058
1147058
1148058
1149058
1150058
1151058
1152058
1153058
1154058
1155058
1156058
1157058
1158058
1159058
1160058
1161058
1162058
1163058
1164058
1165058
1166058
1167058
1168058
1169058
1170058
1171058
1172058
1173058
1174058
1175058
1176058
1177058
1178058
1179058
1180058
1181058
1182058
1183058
1184058
1185058
1186058
1187058
1188058
1189058
1190058
1191058
1192058
1193058
1194058
1195058
1196058
1197058
1198058
1199058
1200058
1201058
1202058
1203058
1204058
1205058
1206058
1207058
1208058
1209058
1210058
1211058
1212058
1213058
1214058
1215058
1216058
1217058
1218058
1219058
1220058
1221058
1222058
1223058
1224058
1225058
1226058
1227058
1228058
1229058
1230058
1231058
1232058
1233058
1234058
1235058
1236058
1237058
1238058
1239058
1240058
1241058
1242058
1243058
1244058
1245058
1246058
1247058
1248058
1249058
1250058
1251058
1252058
1253058
1254058
1255058
1256058
1257058
1258058
1259058
1260058
1261058
1262058
1263058
1264058
1265058
1266058
1267058
1268058
1269058
1270058
1271058
1272058
1273058
1274058
1275058
1276058
1277058
1278058
1279058
1280058
1281058
1282058
1283058
1284058
1285058
1286058
1287058
1288058
1289058
1290058
1291058
1292058
1293058
1294058
1295058
1296058
1297058
1298058
1299058
1300058
1301058
1302058
1303058
1304058
1305058
1306058
1307058
1308058
1309058
1310058
1311058
1312058
1313058
1314058
1315058
1316058
1317058
1318058
1319058
1320058
1321058
1322058
1323058
1324058
1325058
1326058
1327058
1328058
1329058
1330058
1331058
1332058
1333058
1334058
1335058
1336058
1337058
1338058
1339058
1340058
1341058
1342058
1343058
1344058
1345058
1346058
1347058
1348058
1349058
1350058
1351058
1352058
1353058
1354058
1355058
1356058
1357058
1358058
1359058
1360058
1361058
1362058
1363058
1364058
1365058
1366058
1367058
1368058
1369058
1370058
1371058
1372058
1373058
1374058
1375058
1376058
1377058
1378058
1379058
1380058
1381058
1382058
1383058
1384058
1385058
1386058
1387058
1388058
1389058
1390058
1391058
1392058
1393058
1394058
1395058
1396058
1397058
1398058
1399058
1400058
1401058
1402058
1403058
1404058
1405058
1406058
1407058
1408058
1409058
1410058
1411058
1412058
1413058
1414058
1415058
1416058
1417058
1418058
1419058
1420058
1421058
1422058
1423058
1424058
1425058
1426058
1427058
1428058
1429058
1430058
1431058
1432058
1433058
1434058
1435058
1436058
1437058
1438058
1439058
1440058
1441058
1442058
1443058
1444058
1445058
1446058
1447058
1448058
1449058
1450058
1451058
1452058
1453058
1454058
1455058
1456058
1457058
1458058
1459058
1460058
1461058
1462058
1463058
1464058
1465058
1466058
1467058
1468058
1469058
1470058
1471058
1472058
1473058
1474058
1475058
1476058
1477058
1478058
1479058
1480058
1481058
1482058
1483058
1484058
1485058
1486058
1487058
1488058
1489058
1490058
1491058
1492058
1493058
1494058
1495058
1496058
1497058
1498058
1499058
1500058
1501058
1502058
1503058
1504058
1505058
1506058
1507058
1508058
1509058
1510058
1511058
1512058
1513058
1514058
1515058
1516058
1517058
1518058
1519058
1520058
1521058
1522058
1523058
1524058
1525058
1526058
1527058
1528058
1529058
1530058
1531058
1532058
1533058
1534058
1535058
1536058
1537058
1538058
1539058
1540058
1541058
1542058
1543058
1544058
1545058
1546058
1547058
1548058
1549058
1550058
1551058
1552058
1553058
1554058
1555058
1556058
1557058
1558058
1559058
1560058
1561058
1562058
1563058
1564058
1565058
1566058
1567058
1568058
1569058
1570058
1571058
1572058
1573058
1574058
1575058
1576058
1577058
1578058
1579058
1580058
1581058
1582058
1583058
1584058
1585058
1586058
1587058
1588058
1589058
1590058
1591058
1592058
1593058
1594058
1595058
1596058
1597058
1598058
1599058
1600058
1601058
1602058
1603058
1604058
1605058
1606058
1607058
1608058
1609058
1610058
1611058
1612058
1613058
1614058
1615058
1616058
1617058
1618058
1619058
1620058
1621058
1622058
1623058
1624058
1625058
1626058
1627058
1628058
1629058
1630058
1631058
1632058
1633058
1634058
1635058
1636058
1637058
1638058
1639058
1640058
1641058
1642058
1643058
1644058
1645058
1646058
1647058
1648058
1649058
1650058
1651058
1652058
1653058
1654058
1655058
1656058
1657058
1658058
1659058
1660058
1661058
1662058
1663058
1664058
1665058
1666058
1667058
1668058
1669058
1670058
1671058
1672058
1673058
1674058
1675058
1676058
1677058
1678058
1679058
1680058
1681058
1682058
1683058
1684058
1685058
1686058
1687058
1688058
1689058
1690058
1691058
1692058
1693058
1694058
1695058
1696058
1697058
1698058
1699058
1700058
1701058
1702058
1703058
1704058
1705058
1706058
1707058
1708058
1709058
1710058
1711058
1712058
1713058
1714058
1715058
1716058
1717058
1718058
1719058
1720058
1721058
1722058
1723058
1724058
1725058
1726058
1727058
1728058
1729058
1730058
1731058
1732058
1733058
1734058
1735058
1736058
1737058
1738058
1739058
1740058
1741058
1742058
1743058
1744058
1745058
1746058
1747058
1748058
1749058
1750058
1751058
1752058
1753058
1754058
1755058
1756058
1757058
1758058
1759058
1760058
1761058
1762058
1763058
1764058
1765058
1766058
1767058
1768058
1769058
1770058
1771058
1772058
1773058
1774058
1775058
1776058
1777058
1778058
1779058
1780058
1781058
1782058
1783058
1784058
1785058
1786058
1787058
1788058
1789058
1790058
1791058
1792058
1793058
1794058
1795058
1796058
1797058
1798058
1799058
800059
801059
802059
803059
804059
805059
806059
807059
808059
809059
810059
811059
812059
813059
814059
815059
816059
817059
818059
819059
820059
821059
822059
823059
824059
825059
826059
827059
828059
829059
830059
831059
832059
833059
834059
835059
836059
837059
838059
839059
840059
841059
842059
843059
844059
845059
846059
847059
848059
849059
850059
851059
852059
853059
854059
855059
856059
857059
858059
859059
860059
861059
862059
863059
864059
865059
866059
867059
868059
869059
870059
871059
872059
873059
874059
875059
876059
877059
878059
879059
880059
881059
882059
883059
884059
885059
886059
887059
888059
889059
890059
891059
892059
893059
894059
895059
896059
897059
898059
899059
900059
901059
902059
903059
904059
905059
906059
907059
908059
909059
910059
911059
912059
913059
914059
915059
916059
917059
918059
919059
920059
921059
922059
923059
924059
925059
926059
927059
928059
929059
930059
931059
932059
933059
934059
935059
936059
937059
938059
939059
940059
941059
942059
943059
944059
945059
946059
947059
948059
949059
950059
951059
952059
953059
954059
955059
956059
957059
958059
959059
960059
961059
962059
963059
964059
965059
966059
967059
968059
969059
970059
971059
972059
973059
974059
975059
976059
977059
978059
979059
980059
981059
982059
983059
984059
985059
986059
987059
988059
989059
990059
991059
992059
993059
994059
995059
996059
997059
998059
999059
1000059
1001059
1002059
1003059
1004059
1005059
1006059
1007059
1008059
1009059
1010059
1011059
1012059
1013059
1014059
1015059
1016059
1017059
1018059
1019059
1020059
1021059
1022059
1023059
1024059
1025059
1026059
1027059
1028059
1029059
1030059
1031059
1032059
1033059
1034059
1035059
1036059
1037059
1038059
1039059
1040059
1041059
1042059
1043059
1044059
1045059
1046059
1047059
1048059
1049059
1050059
1051059
1052059
1053059
1054059
1055059
1056059
1057059
1058059
1059059
1060059
1061059
1062059
1063059
1064059
1065059
1066059
1067059
1068059
1069059
1070059
1071059
1072059
1073059
1074059
1075059
1076059
1077059
1078059
1079059
1080059
1081059
1082059
1083059
1084059
1085059
1086059
1087059
1088059
1089059
1090059
1091059
1092059
1093059
1094059
1095059
1096059
1097059
1098059
1099059
1100059
1101059
1102059
1103059
1104059
1105059
1106059
1107059
1108059
1109059
1110059
1111059
1112059
1113059
1114059
1115059
1116059
1117059
1118059
1119059
1120059
1121059
1122059
1123059
1124059
1125059
1126059
1127059
1128059
1129059
1130059
1131059
1132059
1133059
1134059
1135059
1136059
1137059
1138059
1139059
1140059
1141059
1142059
1143059
1144059
1145059
1146059
1147059
1148059
1149059
1150059
1151059
1152059
1153059
1154059
1155059
1156059
1157059
1158059
1159059
1160059
1161059
1162059
1163059
1164059
1165059
1166059
1167059
1168059
1169059
1170059
1171059
1172059
1173059
1174059
1175059
1176059
1177059
1178059
1179059
1180059
1181059
1182059
1183059
1184059
1185059
1186059
1187059
1188059
1189059
1190059
1191059
1192059
1193059
1194059
1195059
1196059
1197059
1198059
1199059
1200059
1201059
1202059
1203059
1204059
1205059
1206059
1207059
1208059
1209059
1210059
1211059
1212059
1213059
1214059
1215059
1216059
1217059
1218059
1219059
1220059
1221059
1222059
1223059
1224059
1225059
1226059
1227059
1228059
1229059
1230059
1231059
1232059
1233059
1234059
1235059
1236059
1237059
1238059
1239059
1240059
1241059
1242059
1243059
1244059
1245059
1246059
1247059
1248059
1249059
1250059
1251059
1252059
1253059
1254059
1255059
1256059
1257059
1258059
1259059
1260059
1261059
1262059
1263059
1264059
1265059
1266059
1267059
1268059
1269059
1270059
1271059
1272059
1273059
1274059
1275059
1276059
1277059
1278059
1279059
1280059
1281059
1282059
1283059
1284059
1285059
1286059
1287059
1288059
1289059
1290059
1291059
1292059
1293059
1294059
1295059
1296059
1297059
1298059
1299059
1300059
1301059
1302059
1303059
1304059
1305059
1306059
1307059
1308059
1309059
1310059
1311059
1312059
1313059
1314059
1315059
1316059
1317059
1318059
1319059
1320059
1321059
1322059
1323059
1324059
1325059
1326059
1327059
1328059
1329059
1330059
1331059
1332059
1333059
1334059
1335059
1336059
1337059
1338059
1339059
1340059
1341059
1342059
1343059
1344059
1345059
1346059
1347059
1348059
1349059
1350059
1351059
1352059
1353059
1354059
1355059
1356059
1357059
1358059
1359059
1360059
1361059
1362059
1363059
1364059
1365059
1366059
1367059
1368059
1369059
1370059
1371059
1372059
1373059
1374059
1375059
1376059
1377059
1378059
1379059
1380059
1381059
1382059
1383059
1384059
1385059
1386059
1387059
1388059
1389059
1390059
1391059
1392059
1393059
1394059
1395059
1396059
1397059
1398059
1399059
1400059
1401059
1402059
1403059
1404059
1405059
1406059
1407059
1408059
1409059
1410059
1411059
1412059
1413059
1414059
1415059
1416059
1417059
1418059
1419059
1420059
1421059
1422059
1423059
1424059
1425059
1426059
1427059
1428059
1429059
1430059
1431059
1432059
1433059
1434059
1435059
1436059
1437059
1438059
1439059
1440059
1441059
1442059
1443059
1444059
1445059
1446059
1447059
1448059
1449059
1450059
1451059
1452059
1453059
1454059
1455059
1456059
1457059
1458059
1459059
1460059
1461059
1462059
1463059
1464059
1465059
1466059
1467059
1468059
1469059
1470059
1471059
1472059
1473059
1474059
1475059
1476059
1477059
1478059
1479059
1480059
1481059
1482059
1483059
1484059
1485059
1486059
1487059
1488059
1489059
1490059
1491059
1492059
1493059
1494059
1495059
1496059
1497059
1498059
1499059
1500059
1501059
1502059
1503059
1504059
1505059
1506059
1507059
1508059
1509059
1510059
1511059
1512059
1513059
1514059
1515059
1516059
1517059
1518059
1519059
1520059
1521059
1522059
1523059
1524059
1525059
1526059
1527059
1528059
1529059
1530059
1531059
1532059
1533059
1534059
1535059
1536059
1537059
1538059
1539059
1540059
1541059
1542059
1543059
1544059
1545059
1546059
1547059
1548059
1549059
1550059
1551059
1552059
1553059
1554059
1555059
1556059
1557059
1558059
1559059
1560059
1561059
1562059
1563059
1564059
1565059
1566059
1567059
1568059
1569059
1570059
1571059
1572059
1573059
1574059
1575059
1576059
1577059
1578059
1579059
1580059
1581059
1582059
1583059
1584059
1585059
1586059
1587059
1588059
1589059
1590059
1591059
1592059
1593059
1594059
1595059
1596059
1597059
1598059
1599059
1600059
1601059
1602059
1603059
1604059
1605059
1606059
1607059
1608059
1609059
1610059
1611059
1612059
1613059
1614059
1615059
1616059
1617059
1618059
1619059
1620059
1621059
1622059
1623059
1624059
1625059
1626059
1627059
1628059
1629059
1630059
1631059
1632059
1633059
1634059
1635059
1636059
1637059
1638059
1639059
1640059
1641059
1642059
1643059
1644059
1645059
1646059
1647059
1648059
1649059
1650059
1651059
1652059
1653059
1654059
1655059
1656059
1657059
1658059
1659059
1660059
1661059
1662059
1663059
1664059
1665059
1666059
1667059
1668059
1669059
1670059
1671059
1672059
1673059
1674059
1675059
1676059
1677059
1678059
1679059
1680059
1681059
1682059
1683059
1684059
1685059
1686059
1687059
1688059
1689059
1690059
1691059
1692059
1693059
1694059
1695059
1696059
1697059
1698059
1699059
1700059
1701059
1702059
1703059
1704059
1705059
1706059
1707059
1708059
1709059
1710059
1711059
1712059
1713059
1714059
1715059
1716059
1717059
1718059
1719059
1720059
1721059
1722059
1723059
1724059
1725059
1726059
1727059
1728059
1729059
1730059
1731059
1732059
1733059
1734059
1735059
1736059
1737059
1738059
1739059
1740059
1741059
1742059
1743059
1744059
1745059
1746059
1747059
1748059
1749059
1750059
1751059
1752059
1753059
1754059
1755059
1756059
1757059
1758059
1759059
1760059
1761059
1762059
1763059
1764059
1765059
1766059
1767059
1768059
1769059
1770059
1771059
1772059
1773059
1774059
1775059
1776059
1777059
1778059
1779059
1780059
1781059
1782059
1783059
1784059
1785059
1786059
1787059
1788059
1789059
1790059
1791059
1792059
1793059
1794059
1795059
1796059
1797059
1798059
1799059
800060
801060
802060
803060
804060
805060
806060
807060
808060
809060
810060
811060
812060
813060
814060
815060
816060
817060
818060
819060
820060
821060
822060
823060
824060
825060
826060
827060
828060
829060
830060
831060
832060
833060
834060
835060
836060
837060
838060
839060
840060
841060
842060
843060
844060
845060
846060
847060
848060
849060
850060
851060
852060
853060
854060
855060
856060
857060
858060
859060
860060
861060
862060
863060
864060
865060
866060
867060
868060
869060
870060
871060
872060
873060
874060
875060
876060
877060
878060
879060
880060
881060
882060
883060
884060
885060
886060
887060
888060
889060
890060
891060
892060
893060
894060
895060
896060
897060
898060
899060
900060
901060
902060
903060
904060
905060
906060
907060
908060
909060
910060
911060
912060
913060
914060
915060
916060
917060
918060
919060
920060
921060
922060
923060
924060
925060
926060
927060
928060
929060
930060
931060
932060
933060
934060
935060
936060
937060
938060
939060
940060
941060
942060
943060
944060
945060
946060
947060
948060
949060
950060
951060
952060
953060
954060
955060
956060
957060
958060
959060
960060
961060
962060
963060
964060
965060
966060
967060
968060
969060
970060
971060
972060
973060
974060
975060
976060
977060
978060
979060
980060
981060
982060
983060
984060
985060
986060
987060
988060
989060
990060
991060
992060
993060
994060
995060
996060
997060
998060
999060
1000060
1001060
1002060
1003060
1004060
1005060
1006060
1007060
1008060
1009060
1010060
1011060
1012060
1013060
1014060
1015060
1016060
1017060
1018060
1019060
1020060
1021060
1022060
1023060
1024060
1025060
1026060
1027060
1028060
1029060
1030060
1031060
1032060
1033060
1034060
1035060
1036060
1037060
1038060
1039060
1040060
1041060
1042060
1043060
1044060
1045060
1046060
1047060
1048060
1049060
1050060
1051060
1052060
1053060
1054060
1055060
1056060
1057060
1058060
1059060
1060060
1061060
1062060
1063060
1064060
1065060
1066060
1067060
1068060
1069060
1070060
1071060
1072060
1073060
1074060
1075060
1076060
1077060
1078060
1079060
1080060
1081060
1082060
1083060
1084060
1085060
1086060
1087060
1088060
1089060
1090060
1091060
1092060
1093060
1094060
1095060
1096060
1097060
1098060
1099060
1100060
1101060
1102060
1103060
1104060
1105060
1106060
1107060
1108060
1109060
1110060
1111060
1112060
1113060
1114060
1115060
1116060
1117060
1118060
1119060
1120060
1121060
1122060
1123060
1124060
1125060
1126060
1127060
1128060
1129060
1130060
1131060
1132060
1133060
1134060
1135060
1136060
1137060
1138060
1139060
1140060
1141060
1142060
1143060
1144060
1145060
1146060
1147060
1148060
1149060
1150060
1151060
1152060
1153060
1154060
1155060
1156060
1157060
1158060
1159060
1160060
1161060
1162060
1163060
1164060
1165060
1166060
1167060
1168060
1169060
1170060
1171060
1172060
1173060
1174060
1175060
1176060
1177060
1178060
1179060
1180060
1181060
1182060
1183060
1184060
1185060
1186060
1187060
1188060
1189060
1190060
1191060
1192060
1193060
1194060
1195060
1196060
1197060
1198060
1199060
1200060
1201060
1202060
1203060
1204060
1205060
1206060
1207060
1208060
1209060
1210060
1211060
1212060
1213060
1214060
1215060
1216060
1217060
1218060
1219060
1220060
1221060
1222060
1223060
1224060
1225060
1226060
1227060
1228060
1229060
1230060
1231060
1232060
1233060
1234060
1235060
1236060
1237060
1238060
1239060
1240060
1241060
1242060
1243060
1244060
1245060
1246060
1247060
1248060
1249060
1250060
1251060
1252060
1253060
1254060
1255060
1256060
1257060
1258060
1259060
1260060
1261060
1262060
1263060
1264060
1265060
1266060
1267060
1268060
1269060
1270060
1271060
1272060
1273060
1274060
1275060
1276060
1277060
1278060
1279060
1280060
1281060
1282060
1283060
1284060
1285060
1286060
1287060
1288060
1289060
1290060
1291060
1292060
1293060
1294060
1295060
1296060
1297060
1298060
1299060
1300060
1301060
1302060
1303060
1304060
1305060
1306060
1307060
1308060
1309060
1310060
1311060
1312060
1313060
1314060
1315060
1316060
1317060
1318060
1319060
1320060
1321060
1322060
1323060
1324060
1325060
1326060
1327060
1328060
1329060
1330060
1331060
1332060
1333060
1334060
1335060
1336060
1337060
1338060
1339060
1340060
1341060
1342060
1343060
1344060
1345060
1346060
1347060
1348060
1349060
1350060
1351060
1352060
1353060
1354060
1355060
1356060
1357060
1358060
1359060
1360060
1361060
1362060
1363060
1364060
1365060
1366060
1367060
1368060
1369060
1370060
1371060
1372060
1373060
1374060
1375060
1376060
1377060
1378060
1379060
1380060
1381060
1382060
1383060
1384060
1385060
1386060
1387060
1388060
1389060
1390060
1391060
1392060
1393060
1394060
1395060
1396060
1397060
1398060
1399060
1400060
1401060
1402060
1403060
1404060
1405060
1406060
1407060
1408060
1409060
1410060
1411060
1412060
1413060
1414060
1415060
1416060
1417060
1418060
1419060
1420060
1421060
1422060
1423060
1424060
1425060
1426060
1427060
1428060
1429060
1430060
1431060
1432060
1433060
1434060
1435060
1436060
1437060
1438060
1439060
1440060
1441060
1442060
1443060
1444060
1445060
1446060
1447060
1448060
1449060
1450060
1451060
1452060
1453060
1454060
1455060
1456060
1457060
1458060
1459060
1460060
1461060
1462060
1463060
1464060
1465060
1466060
1467060
1468060
1469060
1470060
1471060
1472060
1473060
1474060
1475060
1476060
1477060
1478060
1479060
1480060
1481060
1482060
1483060
1484060
1485060
1486060
1487060
1488060
1489060
1490060
1491060
1492060
1493060
1494060
1495060
1496060
1497060
1498060
1499060
1500060
1501060
1502060
1503060
1504060
1505060
1506060
1507060
1508060
1509060
1510060
1511060
1512060
1513060
1514060
1515060
1516060
1517060
1518060
1519060
1520060
1521060
1522060
1523060
1524060
1525060
1526060
1527060
1528060
1529060
1530060
1531060
1532060
1533060
1534060
1535060
1536060
1537060
1538060
1539060
1540060
1541060
1542060
1543060
1544060
1545060
1546060
1547060
1548060
1549060
1550060
1551060
1552060
1553060
1554060
1555060
1556060
1557060
1558060
1559060
1560060
1561060
1562060
1563060
1564060
1565060
1566060
1567060
1568060
1569060
1570060
1571060
1572060
1573060
1574060
1575060
1576060
1577060
1578060
1579060
1580060
1581060
1582060
1583060
1584060
1585060
1586060
1587060
1588060
1589060
1590060
1591060
1592060
1593060
1594060
1595060
1596060
1597060
1598060
1599060
1600060
1601060
1602060
1603060
1604060
1605060
1606060
1607060
1608060
1609060
1610060
1611060
1612060
1613060
1614060
1615060
1616060
1617060
1618060
1619060
1620060
1621060
1622060
1623060
1624060
1625060
1626060
1627060
1628060
1629060
1630060
1631060
1632060
1633060
1634060
1635060
1636060
1637060
1638060
1639060
1640060
1641060
1642060
1643060
1644060
1645060
1646060
1647060
1648060
1649060
1650060
1651060
1652060
1653060
1654060
1655060
1656060
1657060
1658060
1659060
1660060
1661060
1662060
1663060
1664060
1665060
1666060
1667060
1668060
1669060
1670060
1671060
1672060
1673060
1674060
1675060
1676060
1677060
1678060
1679060
1680060
1681060
1682060
1683060
1684060
1685060
1686060
1687060
1688060
1689060
1690060
1691060
1692060
1693060
1694060
1695060
1696060
1697060
1698060
1699060
1700060
1701060
1702060
1703060
1704060
1705060
1706060
1707060
1708060
1709060
1710060
1711060
1712060
1713060
1714060
1715060
1716060
1717060
1718060
1719060
1720060
1721060
1722060
1723060
1724060
1725060
1726060
1727060
1728060
1729060
1730060
1731060
1732060
1733060
1734060
1735060
1736060
1737060
1738060
1739060
1740060
1741060
1742060
1743060
1744060
1745060
1746060
1747060
1748060
1749060
1750060
1751060
1752060
1753060
1754060
1755060
1756060
1757060
1758060
1759060
1760060
1761060
1762060
1763060
1764060
1765060
1766060
1767060
1768060
1769060
1770060
1771060
1772060
1773060
1774060
1775060
1776060
1777060
1778060
1779060
1780060
1781060
1782060
1783060
1784060
1785060
1786060
1787060
1788060
1789060
1790060
1791060
1792060
1793060
1794060
1795060
1796060
1797060
1798060
1799060
800061
801061
802061
803061
804061
805061
806061
807061
808061
809061
810061
811061
812061
813061
814061
815061
816061
817061
818061
819061
820061
821061
822061
823061
824061
825061
826061
827061
828061
829061
830061
831061
832061
833061
834061
835061
836061
837061
838061
839061
840061
841061
842061
843061
844061
845061
846061
847061
848061
849061
850061
851061
852061
853061
854061
855061
856061
857061
858061
859061
860061
861061
862061
863061
864061
865061
866061
867061
868061
869061
870061
871061
872061
873061
874061
875061
876061
877061
878061
879061
880061
881061
882061
883061
884061
885061
886061
887061
888061
889061
890061
891061
892061
893061
894061
895061
896061
897061
898061
899061
900061
901061
902061
903061
904061
905061
906061
907061
908061
909061
910061
911061
912061
913061
914061
915061
916061
917061
918061
919061
920061
921061
922061
923061
924061
925061
926061
927061
928061
929061
930061
931061
932061
933061
934061
935061
936061
937061
938061
939061
940061
941061
942061
943061
944061
945061
946061
947061
948061
949061
950061
951061
952061
953061
954061
955061
956061
957061
958061
959061
960061
961061
962061
963061
964061
965061
966061
967061
968061
969061
970061
971061
972061
973061
974061
975061
976061
977061
978061
979061
980061
981061
982061
983061
984061
985061
986061
987061
988061
989061
990061
991061
992061
993061
994061
995061
996061
997061
998061
999061
1000061
1001061
1002061
1003061
1004061
1005061
1006061
1007061
1008061
1009061
1010061
1011061
1012061
1013061
1014061
1015061
1016061
1017061
1018061
1019061
1020061
1021061
1022061
1023061
1024061
1025061
1026061
1027061
1028061
1029061
1030061
1031061
1032061
1033061
1034061
1035061
1036061
1037061
1038061
1039061
1040061
1041061
1042061
1043061
1044061
1045061
1046061
1047061
1048061
1049061
1050061
1051061
1052061
1053061
1054061
1055061
1056061
1057061
1058061
1059061
1060061
1061061
1062061
1063061
1064061
1065061
1066061
1067061
1068061
1069061
1070061
1071061
1072061
1073061
1074061
1075061
1076061
1077061
1078061
1079061
1080061
1081061
1082061
1083061
1084061
1085061
1086061
1087061
1088061
1089061
1090061
1091061
1092061
1093061
1094061
1095061
1096061
1097061
1098061
1099061
1100061
1101061
1102061
1103061
1104061
1105061
1106061
1107061
1108061
1109061
1110061
1111061
1112061
1113061
1114061
1115061
1116061
1117061
1118061
1119061
1120061
1121061
1122061
1123061
1124061
1125061
1126061
1127061
1128061
1129061
1130061
1131061
1132061
1133061
1134061
1135061
1136061
1137061
1138061
1139061
1140061
1141061
1142061
1143061
1144061
1145061
1146061
1147061
1148061
1149061
1150061
1151061
1152061
1153061
1154061
1155061
1156061
1157061
1158061
1159061
1160061
1161061
1162061
1163061
1164061
1165061
1166061
1167061
1168061
1169061
1170061
1171061
1172061
1173061
1174061
1175061
1176061
1177061
1178061
1179061
1180061
1181061
1182061
1183061
1184061
1185061
1186061
1187061
1188061
1189061
1190061
1191061
1192061
1193061
1194061
1195061
1196061
1197061
1198061
1199061
1200061
1201061
1202061
1203061
1204061
1205061
1206061
1207061
1208061
1209061
1210061
1211061
1212061
1213061
1214061
1215061
1216061
1217061
1218061
1219061
1220061
1221061
1222061
1223061
1224061
1225061
1226061
1227061
1228061
1229061
1230061
1231061
1232061
1233061
1234061
1235061
1236061
1237061
1238061
1239061
1240061
1241061
1242061
1243061
1244061
1245061
1246061
1247061
1248061
1249061
1250061
1251061
1252061
1253061
1254061
1255061
1256061
1257061
1258061
1259061
1260061
1261061
1262061
1263061
1264061
1265061
1266061
1267061
1268061
1269061
1270061
1271061
1272061
1273061
1274061
1275061
1276061
1277061
1278061
1279061
1280061
1281061
1282061
1283061
1284061
1285061
1286061
1287061
1288061
1289061
1290061
1291061
1292061
1293061
1294061
1295061
1296061
1297061
1298061
1299061
1300061
1301061
1302061
1303061
1304061
1305061
1306061
1307061
1308061
1309061
1310061
1311061
1312061
1313061
1314061
1315061
1316061
1317061
1318061
1319061
1320061
1321061
1322061
1323061
1324061
1325061
1326061
1327061
1328061
1329061
1330061
1331061
1332061
1333061
1334061
1335061
1336061
1337061
1338061
1339061
1340061
1341061
1342061
1343061
1344061
1345061
1346061
1347061
1348061
1349061
1350061
1351061
1352061
1353061
1354061
1355061
1356061
1357061
1358061
1359061
1360061
1361061
1362061
1363061
1364061
1365061
1366061
1367061
1368061
1369061
1370061
1371061
1372061
1373061
1374061
1375061
1376061
1377061
1378061
1379061
1380061
1381061
1382061
1383061
1384061
1385061
1386061
1387061
1388061
1389061
1390061
1391061
1392061
1393061
1394061
1395061
1396061
1397061
1398061
1399061
1400061
1401061
1402061
1403061
1404061
1405061
1406061
1407061
1408061
1409061
1410061
1411061
1412061
1413061
1414061
1415061
1416061
1417061
1418061
1419061
1420061
1421061
1422061
1423061
1424061
1425061
1426061
1427061
1428061
1429061
1430061
1431061
1432061
1433061
1434061
1435061
1436061
1437061
1438061
1439061
1440061
1441061
1442061
1443061
1444061
1445061
1446061
1447061
1448061
1449061
1450061
1451061
1452061
1453061
1454061
1455061
1456061
1457061
1458061
1459061
1460061
1461061
1462061
1463061
1464061
1465061
1466061
1467061
1468061
1469061
1470061
1471061
1472061
1473061
1474061
1475061
1476061
1477061
1478061
1479061
1480061
1481061
1482061
1483061
1484061
1485061
1486061
1487061
1488061
1489061
1490061
1491061
1492061
1493061
1494061
1495061
1496061
1497061
1498061
1499061
1500061
1501061
1502061
1503061
1504061
1505061
1506061
1507061
1508061
1509061
1510061
1511061
1512061
1513061
1514061
1515061
1516061
1517061
1518061
1519061
1520061
1521061
1522061
1523061
1524061
1525061
1526061
1527061
1528061
1529061
1530061
1531061
1532061
1533061
1534061
1535061
1536061
1537061
1538061
1539061
1540061
1541061
1542061
1543061
1544061
1545061
1546061
1547061
1548061
1549061
1550061
1551061
1552061
1553061
1554061
1555061
1556061
1557061
1558061
1559061
1560061
1561061
1562061
1563061
1564061
1565061
1566061
1567061
1568061
1569061
1570061
1571061
1572061
1573061
1574061
1575061
1576061
1577061
1578061
1579061
1580061
1581061
1582061
1583061
1584061
1585061
1586061
1587061
1588061
1589061
1590061
1591061
1592061
1593061
1594061
1595061
1596061
1597061
1598061
1599061
1600061
1601061
1602061
1603061
1604061
1605061
1606061
1607061
1608061
1609061
1610061
1611061
1612061
1613061
1614061
1615061
1616061
1617061
1618061
1619061
1620061
1621061
1622061
1623061
1624061
1625061
1626061
1627061
1628061
1629061
1630061
1631061
1632061
1633061
1634061
1635061
1636061
1637061
1638061
1639061
1640061
1641061
1642061
1643061
1644061
1645061
1646061
1647061
1648061
1649061
1650061
1651061
1652061
1653061
1654061
1655061
1656061
1657061
1658061
1659061
1660061
1661061
1662061
1663061
1664061
1665061
1666061
1667061
1668061
1669061
1670061
1671061
1672061
1673061
1674061
1675061
1676061
1677061
1678061
1679061
1680061
1681061
1682061
1683061
1684061
1685061
1686061
1687061
1688061
1689061
1690061
1691061
1692061
1693061
1694061
1695061
1696061
1697061
1698061
1699061
1700061
1701061
1702061
1703061
1704061
1705061
1706061
1707061
1708061
1709061
1710061
1711061
1712061
1713061
1714061
1715061
1716061
1717061
1718061
1719061
1720061
1721061
1722061
1723061
1724061
1725061
1726061
1727061
1728061
1729061
1730061
1731061
1732061
1733061
1734061
1735061
1736061
1737061
1738061
1739061
1740061
1741061
1742061
1743061
1744061
1745061
1746061
1747061
1748061
1749061
1750061
1751061
1752061
1753061
1754061
1755061
1756061
1757061
1758061
1759061
1760061
1761061
1762061
1763061
1764061
1765061
1766061
1767061
1768061
1769061
1770061
1771061
1772061
1773061
1774061
1775061
1776061
1777061
1778061
1779061
1780061
1781061
1782061
1783061
1784061
1785061
1786061
1787061
1788061
1789061
1790061
1791061
1792061
1793061
1794061
1795061
1796061
1797061
1798061
1799061
800062
801062
802062
803062
804062
805062
806062
807062
808062
809062
810062
811062
812062
813062
814062
815062
816062
817062
818062
819062
820062
821062
822062
823062
824062
825062
826062
827062
828062
829062
830062
831062
832062
833062
834062
835062
836062
837062
838062
839062
840062
841062
842062
843062
844062
845062
846062
847062
848062
849062
850062
851062
852062
853062
854062
855062
856062
857062
858062
859062
860062
861062
862062
863062
864062
865062
866062
867062
868062
869062
870062
871062
872062
873062
874062
875062
876062
877062
878062
879062
880062
881062
882062
883062
884062
885062
886062
887062
888062
889062
890062
891062
892062
893062
894062
895062
896062
897062
898062
899062
900062
901062
902062
903062
904062
905062
906062
907062
908062
909062
910062
911062
912062
913062
914062
915062
916062
917062
918062
919062
920062
921062
922062
923062
924062
925062
926062
927062
928062
929062
930062
931062
932062
933062
934062
935062
936062
937062
938062
939062
940062
941062
942062
943062
944062
945062
946062
947062
948062
949062
950062
951062
952062
953062
954062
955062
956062
957062
958062
959062
960062
961062
962062
963062
964062
965062
966062
967062
968062
969062
970062
971062
972062
973062
974062
975062
976062
977062
978062
979062
980062
981062
982062
983062
984062
985062
986062
987062
988062
989062
990062
991062
992062
993062
994062
995062
996062
997062
998062
999062
1000062
1001062
1002062
1003062
1004062
1005062
1006062
1007062
1008062
1009062
1010062
1011062
1012062
1013062
1014062
1015062
1016062
1017062
1018062
1019062
1020062
1021062
1022062
1023062
1024062
1025062
1026062
1027062
1028062
1029062
1030062
1031062
1032062
1033062
1034062
1035062
1036062
1037062
1038062
1039062
1040062
1041062
1042062
1043062
1044062
1045062
1046062
1047062
1048062
1049062
1050062
1051062
1052062
1053062
1054062
1055062
1056062
1057062
1058062
1059062
1060062
1061062
1062062
1063062
1064062
1065062
1066062
1067062
1068062
1069062
1070062
1071062
1072062
1073062
1074062
1075062
1076062
1077062
1078062
1079062
1080062
1081062
1082062
1083062
1084062
1085062
1086062
1087062
1088062
1089062
1090062
1091062
1092062
1093062
1094062
1095062
1096062
1097062
1098062
1099062
1100062
1101062
1102062
1103062
1104062
1105062
1106062
1107062
1108062
1109062
1110062
1111062
1112062
1113062
1114062
1115062
1116062
1117062
1118062
1119062
1120062
1121062
1122062
1123062
1124062
1125062
1126062
1127062
1128062
1129062
1130062
1131062
1132062
1133062
1134062
1135062
1136062
1137062
1138062
1139062
1140062
1141062
1142062
1143062
1144062
1145062
1146062
1147062
1148062
1149062
1150062
1151062
1152062
1153062
1154062
1155062
1156062
1157062
1158062
1159062
1160062
1161062
1162062
1163062
1164062
1165062
1166062
1167062
1168062
1169062
1170062
1171062
1172062
1173062
1174062
1175062
1176062
1177062
1178062
1179062
1180062
1181062
1182062
1183062
1184062
1185062
1186062
1187062
1188062
1189062
1190062
1191062
1192062
1193062
1194062
1195062
1196062
1197062
1198062
1199062
1200062
1201062
1202062
1203062
1204062
1205062
1206062
1207062
1208062
1209062
1210062
1211062
1212062
1213062
1214062
1215062
1216062
1217062
1218062
1219062
1220062
1221062
1222062
1223062
1224062
1225062
1226062
1227062
1228062
1229062
1230062
1231062
1232062
1233062
1234062
1235062
1236062
1237062
1238062
1239062
1240062
1241062
1242062
1243062
1244062
1245062
1246062
1247062
1248062
1249062
1250062
1251062
1252062
1253062
1254062
1255062
1256062
1257062
1258062
1259062
1260062
1261062
1262062
1263062
1264062
1265062
1266062
1267062
1268062
1269062
1270062
1271062
1272062
1273062
1274062
1275062
1276062
1277062
1278062
1279062
1280062
1281062
1282062
1283062
1284062
1285062
1286062
1287062
1288062
1289062
1290062
1291062
1292062
1293062
1294062
1295062
1296062
1297062
1298062
1299062
1300062
1301062
1302062
1303062
1304062
1305062
1306062
1307062
1308062
1309062
1310062
1311062
1312062
1313062
1314062
1315062
1316062
1317062
1318062
1319062
1320062
1321062
1322062
1323062
1324062
1325062
1326062
1327062
1328062
1329062
1330062
1331062
1332062
1333062
1334062
1335062
1336062
1337062
1338062
1339062
1340062
1341062
1342062
1343062
1344062
1345062
1346062
1347062
1348062
1349062
1350062
1351062
1352062
1353062
1354062
1355062
1356062
1357062
1358062
1359062
1360062
1361062
1362062
1363062
1364062
1365062
1366062
1367062
1368062
1369062
1370062
1371062
1372062
1373062
1374062
1375062
1376062
1377062
1378062
1379062
1380062
1381062
1382062
1383062
1384062
1385062
1386062
1387062
1388062
1389062
1390062
1391062
1392062
1393062
1394062
1395062
1396062
1397062
1398062
1399062
1400062
1401062
1402062
1403062
1404062
1405062
1406062
1407062
1408062
1409062
1410062
1411062
1412062
1413062
1414062
1415062
1416062
1417062
1418062
1419062
1420062
1421062
1422062
1423062
1424062
1425062
1426062
1427062
1428062
1429062
1430062
1431062
1432062
1433062
1434062
1435062
1436062
1437062
1438062
1439062
1440062
1441062
1442062
1443062
1444062
1445062
1446062
1447062
1448062
1449062
1450062
1451062
1452062
1453062
1454062
1455062
1456062
1457062
1458062
1459062
1460062
1461062
1462062
1463062
1464062
1465062
1466062
1467062
1468062
1469062
1470062
1471062
1472062
1473062
1474062
1475062
1476062
1477062
1478062
1479062
1480062
1481062
1482062
1483062
1484062
1485062
1486062
1487062
1488062
1489062
1490062
1491062
1492062
1493062
1494062
1495062
1496062
1497062
1498062
1499062
1500062
1501062
1502062
1503062
1504062
1505062
1506062
1507062
1508062
1509062
1510062
1511062
1512062
1513062
1514062
1515062
1516062
1517062
1518062
1519062
1520062
1521062
1522062
1523062
1524062
1525062
1526062
1527062
1528062
1529062
1530062
1531062
1532062
1533062
1534062
1535062
1536062
1537062
1538062
1539062
1540062
1541062
1542062
1543062
1544062
1545062
1546062
1547062
1548062
1549062
1550062
1551062
1552062
1553062
1554062
1555062
1556062
1557062
1558062
1559062
1560062
1561062
1562062
1563062
1564062
1565062
1566062
1567062
1568062
1569062
1570062
1571062
1572062
1573062
1574062
1575062
1576062
1577062
1578062
1579062
1580062
1581062
1582062
1583062
1584062
1585062
1586062
1587062
1588062
1589062
1590062
1591062
1592062
1593062
1594062
1595062
1596062
1597062
1598062
1599062
1600062
1601062
1602062
1603062
1604062
1605062
1606062
1607062
1608062
1609062
1610062
1611062
1612062
1613062
1614062
1615062
1616062
1617062
1618062
1619062
1620062
1621062
1622062
1623062
1624062
1625062
1626062
1627062
1628062
1629062
1630062
1631062
1632062
1633062
1634062
1635062
1636062
1637062
1638062
1639062
1640062
1641062
1642062
1643062
1644062
1645062
1646062
1647062
1648062
1649062
1650062
1651062
1652062
1653062
1654062
1655062
1656062
1657062
1658062
1659062
1660062
1661062
1662062
1663062
1664062
1665062
1666062
1667062
1668062
1669062
1670062
1671062
1672062
1673062
1674062
1675062
1676062
1677062
1678062
1679062
1680062
1681062
1682062
1683062
1684062
1685062
1686062
1687062
1688062
1689062
1690062
1691062
1692062
1693062
1694062
1695062
1696062
1697062
1698062
1699062
1700062
1701062
1702062
1703062
1704062
1705062
1706062
1707062
1708062
1709062
1710062
1711062
1712062
1713062
1714062
1715062
1716062
1717062
1718062
1719062
1720062
1721062
1722062
1723062
1724062
1725062
1726062
1727062
1728062
1729062
1730062
1731062
1732062
1733062
1734062
1735062
1736062
1737062
1738062
1739062
1740062
1741062
1742062
1743062
1744062
1745062
1746062
1747062
1748062
1749062
1750062
1751062
1752062
1753062
1754062
1755062
1756062
1757062
1758062
1759062
1760062
1761062
1762062
1763062
1764062
1765062
1766062
1767062
1768062
1769062
1770062
1771062
1772062
1773062
1774062
1775062
1776062
1777062
1778062
1779062
1780062
1781062
1782062
1783062
1784062
1785062
1786062
1787062
1788062
1789062
1790062
1791062
1792062
1793062
1794062
1795062
1796062
1797062
1798062
1799062
800063
801063
802063
803063
804063
805063
806063
807063
808063
809063
810063
811063
812063
813063
814063
815063
816063
817063
818063
819063
820063
821063
822063
823063
824063
825063
826063
827063
828063
829063
830063
831063
832063
833063
834063
835063
836063
837063
838063
839063
840063
841063
842063
843063
844063
845063
846063
847063
848063
849063
850063
851063
852063
853063
854063
855063
856063
857063
858063
859063
860063
861063
862063
863063
864063
865063
866063
867063
868063
869063
870063
871063
872063
873063
874063
875063
876063
877063
878063
879063
880063
881063
882063
883063
884063
885063
886063
887063
888063
889063
890063
891063
892063
893063
894063
895063
896063
897063
898063
899063
900063
901063
902063
903063
904063
905063
906063
907063
908063
909063
910063
911063
912063
913063
914063
915063
916063
917063
918063
919063
920063
921063
922063
923063
924063
925063
926063
927063
928063
929063
930063
931063
932063
933063
934063
935063
936063
937063
938063
939063
940063
941063
942063
943063
944063
945063
946063
947063
948063
949063
950063
951063
952063
953063
954063
955063
956063
957063
958063
959063
960063
961063
962063
963063
964063
965063
966063
967063
968063
969063
970063
971063
972063
973063
974063
975063
976063
977063
978063
979063
980063
981063
982063
983063
984063
985063
986063
987063
988063
989063
990063
991063
992063
993063
994063
995063
996063
997063
998063
999063
1000063
1001063
1002063
1003063
1004063
1005063
1006063
1007063
1008063
1009063
1010063
1011063
1012063
1013063
1014063
1015063
1016063
1017063
1018063
1019063
1020063
1021063
1022063
1023063
1024063
1025063
1026063
1027063
1028063
1029063
1030063
1031063
1032063
1033063
1034063
1035063
1036063
1037063
1038063
1039063
1040063
1041063
1042063
1043063
1044063
1045063
1046063
1047063
1048063
1049063
1050063
1051063
1052063
1053063
1054063
1055063
1056063
1057063
1058063
1059063
1060063
1061063
1062063
1063063
1064063
1065063
1066063
1067063
1068063
1069063
1070063
1071063
1072063
1073063
1074063
1075063
1076063
1077063
1078063
1079063
1080063
1081063
1082063
1083063
1084063
1085063
1086063
1087063
1088063
1089063
1090063
1091063
1092063
1093063
1094063
1095063
1096063
1097063
1098063
1099063
1100063
1101063
1102063
1103063
1104063
1105063
1106063
1107063
1108063
1109063
1110063
1111063
1112063
1113063
1114063
1115063
1116063
1117063
1118063
1119063
1120063
1121063
1122063
1123063
1124063
1125063
1126063
1127063
1128063
1129063
1130063
1131063
1132063
1133063
1134063
1135063
1136063
1137063
1138063
1139063
1140063
1141063
1142063
1143063
1144063
1145063
1146063
1147063
1148063
1149063
1150063
1151063
1152063
1153063
1154063
1155063
1156063
1157063
1158063
1159063
1160063
1161063
1162063
1163063
1164063
1165063
1166063
1167063
1168063
1169063
1170063
1171063
1172063
1173063
1174063
1175063
1176063
1177063
1178063
1179063
1180063
1181063
1182063
1183063
1184063
1185063
1186063
1187063
1188063
1189063
1190063
1191063
1192063
1193063
1194063
1195063
1196063
1197063
1198063
1199063
1200063
1201063
1202063
1203063
1204063
1205063
1206063
1207063
1208063
1209063
1210063
1211063
1212063
1213063
1214063
1215063
1216063
1217063
1218063
1219063
1220063
1221063
1222063
1223063
1224063
1225063
1226063
1227063
1228063
1229063
1230063
1231063
1232063
1233063
1234063
1235063
1236063
1237063
1238063
1239063
1240063
1241063
1242063
1243063
1244063
1245063
1246063
1247063
1248063
1249063
1250063
1251063
1252063
1253063
1254063
1255063
1256063
1257063
1258063
1259063
1260063
1261063
1262063
1263063
1264063
1265063
1266063
1267063
1268063
1269063
1270063
1271063
1272063
1273063
1274063
1275063
1276063
1277063
1278063
1279063
1280063
1281063
1282063
1283063
1284063
1285063
1286063
1287063
1288063
1289063
1290063
1291063
1292063
1293063
1294063
1295063
1296063
1297063
1298063
1299063
1300063
1301063
1302063
1303063
1304063
1305063
1306063
1307063
1308063
1309063
1310063
1311063
1312063
1313063
1314063
1315063
1316063
1317063
1318063
1319063
1320063
1321063
1322063
1323063
1324063
1325063
1326063
1327063
1328063
1329063
1330063
1331063
1332063
1333063
1334063
1335063
1336063
1337063
1338063
1339063
1340063
1341063
1342063
1343063
1344063
1345063
1346063
1347063
1348063
1349063
1350063
1351063
1352063
1353063
1354063
1355063
1356063
1357063
1358063
1359063
1360063
1361063
1362063
1363063
1364063
1365063
1366063
1367063
1368063
1369063
1370063
1371063
1372063
1373063
1374063
1375063
1376063
1377063
1378063
1379063
1380063
1381063
1382063
1383063
1384063
1385063
1386063
1387063
1388063
1389063
1390063
1391063
1392063
1393063
1394063
1395063
1396063
1397063
1398063
1399063
1400063
1401063
1402063
1403063
1404063
1405063
1406063
1407063
1408063
1409063
1410063
1411063
1412063
1413063
1414063
1415063
1416063
1417063
1418063
1419063
1420063
1421063
1422063
1423063
1424063
1425063
1426063
1427063
1428063
1429063
1430063
1431063
1432063
1433063
1434063
1435063
1436063
1437063
1438063
1439063
1440063
1441063
1442063
1443063
1444063
1445063
1446063
1447063
1448063
1449063
1450063
1451063
1452063
1453063
1454063
1455063
1456063
1457063
1458063
1459063
1460063
1461063
1462063
1463063
1464063
1465063
1466063
1467063
1468063
1469063
1470063
1471063
1472063
1473063
1474063
1475063
1476063
1477063
1478063
1479063
1480063
1481063
1482063
1483063
1484063
1485063
1486063
1487063
1488063
1489063
1490063
1491063
1492063
1493063
1494063
1495063
1496063
1497063
1498063
1499063
1500063
1501063
1502063
1503063
1504063
1505063
1506063
1507063
1508063
1509063
1510063
1511063
1512063
1513063
1514063
1515063
1516063
1517063
1518063
1519063
1520063
1521063
1522063
1523063
1524063
1525063
1526063
1527063
1528063
1529063
1530063
1531063
1532063
1533063
1534063
1535063
1536063
1537063
1538063
1539063
1540063
1541063
1542063
1543063
1544063
1545063
1546063
1547063
1548063
1549063
1550063
1551063
1552063
1553063
1554063
1555063
1556063
1557063
1558063
1559063
1560063
1561063
1562063
1563063
1564063
1565063
1566063
1567063
1568063
1569063
1570063
1571063
1572063
1573063
1574063
1575063
1576063
1577063
1578063
1579063
1580063
1581063
1582063
1583063
1584063
1585063
1586063
1587063
1588063
1589063
1590063
1591063
1592063
1593063
1594063
1595063
1596063
1597063
1598063
1599063
1600063
1601063
1602063
1603063
1604063
1605063
1606063
1607063
1608063
1609063
1610063
1611063
1612063
1613063
1614063
1615063
1616063
1617063
1618063
1619063
1620063
1621063
1622063
1623063
1624063
1625063
1626063
1627063
1628063
1629063
1630063
1631063
1632063
1633063
1634063
1635063
1636063
1637063
1638063
1639063
1640063
1641063
1642063
1643063
1644063
1645063
1646063
1647063
1648063
1649063
1650063
1651063
1652063
1653063
1654063
1655063
1656063
1657063
1658063
1659063
1660063
1661063
1662063
1663063
1664063
1665063
1666063
1667063
1668063
1669063
1670063
1671063
1672063
1673063
1674063
1675063
1676063
1677063
1678063
1679063
1680063
1681063
1682063
1683063
1684063
1685063
1686063
1687063
1688063
1689063
1690063
1691063
1692063
1693063
1694063
1695063
1696063
1697063
1698063
1699063
1700063
1701063
1702063
1703063
1704063
1705063
1706063
1707063
1708063
1709063
1710063
1711063
1712063
1713063
1714063
1715063
1716063
1717063
1718063
1719063
1720063
1721063
1722063
1723063
1724063
1725063
1726063
1727063
1728063
1729063
1730063
1731063
1732063
1733063
1734063
1735063
1736063
1737063
1738063
1739063
1740063
1741063
1742063
1743063
1744063
1745063
1746063
1747063
1748063
1749063
1750063
1751063
1752063
1753063
1754063
1755063
1756063
1757063
1758063
1759063
1760063
1761063
1762063
1763063
1764063
1765063
1766063
1767063
1768063
1769063
1770063
1771063
1772063
1773063
1774063
1775063
1776063
1777063
1778063
1779063
1780063
1781063
1782063
1783063
1784063
1785063
1786063
1787063
1788063
1789063
1790063
1791063
1792063
1793063
1794063
1795063
1796063
1797063
1798063
1799063
800064
801064
802064
803064
804064
805064
806064
807064
808064
809064
810064
811064
812064
813064
814064
815064
816064
817064
818064
819064
820064
821064
822064
823064
824064
825064
826064
827064
828064
829064
830064
831064
832064
833064
834064
835064
836064
837064
838064
839064
840064
841064
842064
843064
844064
845064
846064
847064
848064
849064
850064
851064
852064
853064
854064
855064
856064
857064
858064
859064
860064
861064
862064
863064
864064
865064
866064
867064
868064
869064
870064
871064
872064
873064
874064
875064
876064
877064
878064
879064
880064
881064
882064
883064
884064
885064
886064
887064
888064
889064
890064
891064
892064
893064
894064
895064
896064
897064
898064
899064
900064
901064
902064
903064
904064
905064
906064
907064
908064
909064
910064
911064
912064
913064
914064
915064
916064
917064
918064
919064
920064
921064
922064
923064
924064
925064
926064
927064
928064
929064
930064
931064
932064
933064
934064
935064
936064
937064
938064
939064
940064
941064
942064
943064
944064
945064
946064
947064
948064
949064
950064
951064
952064
953064
954064
955064
956064
957064
958064
959064
960064
961064
962064
963064
964064
965064
966064
967064
968064
969064
970064
971064
972064
973064
974064
975064
976064
977064
978064
979064
980064
981064
982064
983064
984064
985064
986064
987064
988064
989064
990064
991064
992064
993064
994064
995064
996064
997064
998064
999064
1000064
1001064
1002064
1003064
1004064
1005064
1006064
1007064
1008064
1009064
1010064
1011064
1012064
1013064
1014064
1015064
1016064
1017064
1018064
1019064
1020064
1021064
1022064
1023064
1024064
1025064
1026064
1027064
1028064
1029064
1030064
1031064
1032064
1033064
1034064
1035064
1036064
1037064
1038064
1039064
1040064
1041064
1042064
1043064
1044064
1045064
1046064
1047064
1048064
1049064
1050064
1051064
1052064
1053064
1054064
1055064
1056064
1057064
1058064
1059064
1060064
1061064
1062064
1063064
1064064
1065064
1066064
1067064
1068064
1069064
1070064
1071064
1072064
1073064
1074064
1075064
1076064
1077064
1078064
1079064
1080064
1081064
1082064
1083064
1084064
1085064
1086064
1087064
1088064
1089064
1090064
1091064
1092064
1093064
1094064
1095064
1096064
1097064
1098064
1099064
1100064
1101064
1102064
1103064
1104064
1105064
1106064
1107064
1108064
1109064
1110064
1111064
1112064
1113064
1114064
1115064
1116064
1117064
1118064
1119064
1120064
1121064
1122064
1123064
1124064
1125064
1126064
1127064
1128064
1129064
1130064
1131064
1132064
1133064
1134064
1135064
1136064
1137064
1138064
1139064
1140064
1141064
1142064
1143064
1144064
1145064
1146064
1147064
1148064
1149064
1150064
1151064
1152064
1153064
1154064
1155064
1156064
1157064
1158064
1159064
1160064
1161064
1162064
1163064
1164064
1165064
1166064
1167064
1168064
1169064
1170064
1171064
1172064
1173064
1174064
1175064
1176064
1177064
1178064
1179064
1180064
1181064
1182064
1183064
1184064
1185064
1186064
1187064
1188064
1189064
1190064
1191064
1192064
1193064
1194064
1195064
1196064
1197064
1198064
1199064
1200064
1201064
1202064
1203064
1204064
1205064
1206064
1207064
1208064
1209064
1210064
1211064
1212064
1213064
1214064
1215064
1216064
1217064
1218064
1219064
1220064
1221064
1222064
1223064
1224064
1225064
1226064
1227064
1228064
1229064
1230064
1231064
1232064
1233064
1234064
1235064
1236064
1237064
1238064
1239064
1240064
1241064
1242064
1243064
1244064
1245064
1246064
1247064
1248064
1249064
1250064
1251064
1252064
1253064
1254064
1255064
1256064
1257064
1258064
1259064
1260064
1261064
1262064
1263064
1264064
1265064
1266064
1267064
1268064
1269064
1270064
1271064
1272064
1273064
1274064
1275064
1276064
1277064
1278064
1279064
1280064
1281064
1282064
1283064
1284064
1285064
1286064
1287064
1288064
1289064
1290064
1291064
1292064
1293064
1294064
1295064
1296064
1297064
1298064
1299064
1300064
1301064
1302064
1303064
1304064
1305064
1306064
1307064
1308064
1309064
1310064
1311064
1312064
1313064
1314064
1315064
1316064
1317064
1318064
1319064
1320064
1321064
1322064
1323064
1324064
1325064
1326064
1327064
1328064
1329064
1330064
1331064
1332064
1333064
1334064
1335064
1336064
1337064
1338064
1339064
1340064
1341064
1342064
1343064
1344064
1345064
1346064
1347064
1348064
1349064
1350064
1351064
1352064
1353064
1354064
1355064
1356064
1357064
1358064
1359064
1360064
1361064
1362064
1363064
1364064
1365064
1366064
1367064
1368064
1369064
1370064
1371064
1372064
1373064
1374064
1375064
1376064
1377064
1378064
1379064
1380064
1381064
1382064
1383064
1384064
1385064
1386064
1387064
1388064
1389064
1390064
1391064
1392064
1393064
1394064
1395064
1396064
1397064
1398064
1399064
1400064
1401064
1402064
1403064
1404064
1405064
1406064
1407064
1408064
1409064
1410064
1411064
1412064
1413064
1414064
1415064
1416064
1417064
1418064
1419064
1420064
1421064
1422064
1423064
1424064
1425064
1426064
1427064
1428064
1429064
1430064
1431064
1432064
1433064
1434064
1435064
1436064
1437064
1438064
1439064
1440064
1441064
1442064
1443064
1444064
1445064
1446064
1447064
1448064
1449064
1450064
1451064
1452064
1453064
1454064
1455064
1456064
1457064
1458064
1459064
1460064
1461064
1462064
1463064
1464064
1465064
1466064
1467064
1468064
1469064
1470064
1471064
1472064
1473064
1474064
1475064
1476064
1477064
1478064
1479064
1480064
1481064
1482064
1483064
1484064
1485064
1486064
1487064
1488064
1489064
1490064
1491064
1492064
1493064
1494064
1495064
1496064
1497064
1498064
1499064
1500064
1501064
1502064
1503064
1504064
1505064
1506064
1507064
1508064
1509064
1510064
1511064
1512064
1513064
1514064
1515064
1516064
1517064
1518064
1519064
1520064
1521064
1522064
1523064
1524064
1525064
1526064
1527064
1528064
1529064
1530064
1531064
1532064
1533064
1534064
1535064
1536064
1537064
1538064
1539064
1540064
1541064
1542064
1543064
1544064
1545064
1546064
1547064
1548064
1549064
1550064
1551064
1552064
1553064
1554064
1555064
1556064
1557064
1558064
1559064
1560064
1561064
1562064
1563064
1564064
1565064
1566064
1567064
1568064
1569064
1570064
1571064
1572064
1573064
1574064
1575064
1576064
1577064
1578064
1579064
1580064
1581064
1582064
1583064
1584064
1585064
1586064
1587064
1588064
1589064
1590064
1591064
1592064
1593064
1594064
1595064
1596064
1597064
1598064
1599064
1600064
1601064
1602064
1603064
1604064
1605064
1606064
1607064
1608064
1609064
1610064
1611064
1612064
1613064
1614064
1615064
1616064
1617064
1618064
1619064
1620064
1621064
1622064
1623064
1624064
1625064
1626064
1627064
1628064
1629064
1630064
1631064
1632064
1633064
1634064
1635064
1636064
1637064
1638064
1639064
1640064
1641064
1642064
1643064
1644064
1645064
1646064
1647064
1648064
1649064
1650064
1651064
1652064
1653064
1654064
1655064
1656064
1657064
1658064
1659064
1660064
1661064
1662064
1663064
1664064
1665064
1666064
1667064
1668064
1669064
1670064
1671064
1672064
1673064
1674064
1675064
1676064
1677064
1678064
1679064
1680064
1681064
1682064
1683064
1684064
1685064
1686064
1687064
1688064
1689064
1690064
1691064
1692064
1693064
1694064
1695064
1696064
1697064
1698064
1699064
1700064
1701064
1702064
1703064
1704064
1705064
1706064
1707064
1708064
1709064
1710064
1711064
1712064
1713064
1714064
1715064
1716064
1717064
1718064
1719064
1720064
1721064
1722064
1723064
1724064
1725064
1726064
1727064
1728064
1729064
1730064
1731064
1732064
1733064
1734064
1735064
1736064
1737064
1738064
1739064
1740064
1741064
1742064
1743064
1744064
1745064
1746064
1747064
1748064
1749064
1750064
1751064
1752064
1753064
1754064
1755064
1756064
1757064
1758064
1759064
1760064
1761064
1762064
1763064
1764064
1765064
1766064
1767064
1768064
1769064
1770064
1771064
1772064
1773064
1774064
1775064
1776064
1777064
1778064
1779064
1780064
1781064
1782064
1783064
1784064
1785064
1786064
1787064
1788064
1789064
1790064
1791064
1792064
1793064
1794064
1795064
1796064
1797064
1798064
1799064
800065
801065
802065
803065
804065
805065
806065
807065
808065
809065
810065
811065
812065
813065
814065
815065
816065
817065
818065
819065
820065
821065
822065
823065
824065
825065
826065
827065
828065
829065
830065
831065
832065
833065
834065
835065
836065
837065
838065
839065
840065
841065
842065
843065
844065
845065
846065
847065
848065
849065
850065
851065
852065
853065
854065
855065
856065
857065
858065
859065
860065
861065
862065
863065
864065
865065
866065
867065
868065
869065
870065
871065
872065
873065
874065
875065
876065
877065
878065
879065
880065
881065
882065
883065
884065
885065
886065
887065
888065
889065
890065
891065
892065
893065
894065
895065
896065
897065
898065
899065
900065
901065
902065
903065
904065
905065
906065
907065
908065
909065
910065
911065
912065
913065
914065
915065
916065
917065
918065
919065
920065
921065
922065
923065
924065
925065
926065
927065
928065
929065
930065
931065
932065
933065
934065
935065
936065
937065
938065
939065
940065
941065
942065
943065
944065
945065
946065
947065
948065
949065
950065
951065
952065
953065
954065
955065
956065
957065
958065
959065
960065
961065
962065
963065
964065
965065
966065
967065
968065
969065
970065
971065
972065
973065
974065
975065
976065
977065
978065
979065
980065
981065
982065
983065
984065
985065
986065
987065
988065
989065
990065
991065
992065
993065
994065
995065
996065
997065
998065
999065
1000065
1001065
1002065
1003065
1004065
1005065
1006065
1007065
1008065
1009065
1010065
1011065
1012065
1013065
1014065
1015065
1016065
1017065
1018065
1019065
1020065
1021065
1022065
1023065
1024065
1025065
1026065
1027065
1028065
1029065
1030065
1031065
1032065
1033065
1034065
1035065
1036065
1037065
1038065
1039065
1040065
1041065
1042065
1043065
1044065
1045065
1046065
1047065
1048065
1049065
1050065
1051065
1052065
1053065
1054065
1055065
1056065
1057065
1058065
1059065
1060065
1061065
1062065
1063065
1064065
1065065
1066065
1067065
1068065
1069065
1070065
1071065
1072065
1073065
1074065
1075065
1076065
1077065
1078065
1079065
1080065
1081065
1082065
1083065
1084065
1085065
1086065
1087065
1088065
1089065
1090065
1091065
1092065
1093065
1094065
1095065
1096065
1097065
1098065
1099065
1100065
1101065
1102065
1103065
1104065
1105065
1106065
1107065
1108065
1109065
1110065
1111065
1112065
1113065
1114065
1115065
1116065
1117065
1118065
1119065
1120065
1121065
1122065
1123065
1124065
1125065
1126065
1127065
1128065
1129065
1130065
1131065
1132065
1133065
1134065
1135065
1136065
1137065
1138065
1139065
1140065
1141065
1142065
1143065
1144065
1145065
1146065
1147065
1148065
1149065
1150065
1151065
1152065
1153065
1154065
1155065
1156065
1157065
1158065
1159065
1160065
1161065
1162065
1163065
1164065
1165065
1166065
1167065
1168065
1169065
1170065
1171065
1172065
1173065
1174065
1175065
1176065
1177065
1178065
1179065
1180065
1181065
1182065
1183065
1184065
1185065
1186065
1187065
1188065
1189065
1190065
1191065
1192065
1193065
1194065
1195065
1196065
1197065
1198065
1199065
1200065
1201065
1202065
1203065
1204065
1205065
1206065
1207065
1208065
1209065
1210065
1211065
1212065
1213065
1214065
1215065
1216065
1217065
1218065
1219065
1220065
1221065
1222065
1223065
1224065
1225065
1226065
1227065
1228065
1229065
1230065
1231065
1232065
1233065
1234065
1235065
1236065
1237065
1238065
1239065
1240065
1241065
1242065
1243065
1244065
1245065
1246065
1247065
1248065
1249065
1250065
1251065
1252065
1253065
1254065
1255065
1256065
1257065
1258065
1259065
1260065
1261065
1262065
1263065
1264065
1265065
1266065
1267065
1268065
1269065
1270065
1271065
1272065
1273065
1274065
1275065
1276065
1277065
1278065
1279065
1280065
1281065
1282065
1283065
1284065
1285065
1286065
1287065
1288065
1289065
1290065
1291065
1292065
1293065
1294065
1295065
1296065
1297065
1298065
1299065
1300065
1301065
1302065
1303065
1304065
1305065
1306065
1307065
1308065
1309065
1310065
1311065
1312065
1313065
1314065
1315065
1316065
1317065
1318065
1319065
1320065
1321065
1322065
1323065
1324065
1325065
1326065
1327065
1328065
1329065
1330065
1331065
1332065
1333065
1334065
1335065
1336065
1337065
1338065
1339065
1340065
1341065
1342065
1343065
1344065
1345065
1346065
1347065
1348065
1349065
1350065
1351065
1352065
1353065
1354065
1355065
1356065
1357065
1358065
1359065
1360065
1361065
1362065
1363065
1364065
1365065
1366065
1367065
1368065
1369065
1370065
1371065
1372065
1373065
1374065
1375065
1376065
1377065
1378065
1379065
1380065
1381065
1382065
1383065
1384065
1385065
1386065
1387065
1388065
1389065
1390065
1391065
1392065
1393065
1394065
1395065
1396065
1397065
1398065
1399065
1400065
1401065
1402065
1403065
1404065
1405065
1406065
1407065
1408065
1409065
1410065
1411065
1412065
1413065
1414065
1415065
1416065
1417065
1418065
1419065
1420065
1421065
1422065
1423065
1424065
1425065
1426065
1427065
1428065
1429065
1430065
1431065
1432065
1433065
1434065
1435065
1436065
1437065
1438065
1439065
1440065
1441065
1442065
1443065
1444065
1445065
1446065
1447065
1448065
1449065
1450065
1451065
1452065
1453065
1454065
1455065
1456065
1457065
1458065
1459065
1460065
1461065
1462065
1463065
1464065
1465065
1466065
1467065
1468065
1469065
1470065
1471065
1472065
1473065
1474065
1475065
1476065
1477065
1478065
1479065
1480065
1481065
1482065
1483065
1484065
1485065
1486065
1487065
1488065
1489065
1490065
1491065
1492065
1493065
1494065
1495065
1496065
1497065
1498065
1499065
1500065
1501065
1502065
1503065
1504065
1505065
1506065
1507065
1508065
1509065
1510065
1511065
1512065
1513065
1514065
1515065
1516065
1517065
1518065
1519065
1520065
1521065
1522065
1523065
1524065
1525065
1526065
1527065
1528065
1529065
1530065
1531065
1532065
1533065
1534065
1535065
1536065
1537065
1538065
1539065
1540065
1541065
1542065
1543065
1544065
1545065
1546065
1547065
1548065
1549065
1550065
1551065
1552065
1553065
1554065
1555065
1556065
1557065
1558065
1559065
1560065
1561065
1562065
1563065
1564065
1565065
1566065
1567065
1568065
1569065
1570065
1571065
1572065
1573065
1574065
1575065
1576065
1577065
1578065
1579065
1580065
1581065
1582065
1583065
1584065
1585065
1586065
1587065
1588065
1589065
1590065
1591065
1592065
1593065
1594065
1595065
1596065
1597065
1598065
1599065
1600065
1601065
1602065
1603065
1604065
1605065
1606065
1607065
1608065
1609065
1610065
1611065
1612065
1613065
1614065
1615065
1616065
1617065
1618065
1619065
1620065
1621065
1622065
1623065
1624065
1625065
1626065
1627065
1628065
1629065
1630065
1631065
1632065
1633065
1634065
1635065
1636065
1637065
1638065
1639065
1640065
1641065
1642065
1643065
1644065
1645065
1646065
1647065
1648065
1649065
1650065
1651065
1652065
1653065
1654065
1655065
1656065
1657065
1658065
1659065
1660065
1661065
1662065
1663065
1664065
1665065
1666065
1667065
1668065
1669065
1670065
1671065
1672065
1673065
1674065
1675065
1676065
1677065
1678065
1679065
1680065
1681065
1682065
1683065
1684065
1685065
1686065
1687065
1688065
1689065
1690065
1691065
1692065
1693065
1694065
1695065
1696065
1697065
1698065
1699065
1700065
1701065
1702065
1703065
1704065
1705065
1706065
1707065
1708065
1709065
1710065
1711065
1712065
1713065
1714065
1715065
1716065
1717065
1718065
1719065
1720065
1721065
1722065
1723065
1724065
1725065
1726065
1727065
1728065
1729065
1730065
1731065
1732065
1733065
1734065
1735065
1736065
1737065
1738065
1739065
1740065
1741065
1742065
1743065
1744065
1745065
1746065
1747065
1748065
1749065
1750065
1751065
1752065
1753065
1754065
1755065
1756065
1757065
1758065
1759065
1760065
1761065
1762065
1763065
1764065
1765065
1766065
1767065
1768065
1769065
1770065
1771065
1772065
1773065
1774065
1775065
1776065
1777065
1778065
1779065
1780065
1781065
1782065
1783065
1784065
1785065
1786065
1787065
1788065
1789065
1790065
1791065
1792065
1793065
1794065
1795065
1796065
1797065
1798065
1799065
800066
801066
802066
803066
804066
805066
806066
807066
808066
809066
810066
811066
812066
813066
814066
815066
816066
817066
818066
819066
820066
821066
822066
823066
824066
825066
826066
827066
828066
829066
830066
831066
832066
833066
834066
835066
836066
837066
838066
839066
840066
841066
842066
843066
844066
845066
846066
847066
848066
849066
850066
851066
852066
853066
854066
855066
856066
857066
858066
859066
860066
861066
862066
863066
864066
865066
866066
867066
868066
869066
870066
871066
872066
873066
874066
875066
876066
877066
878066
879066
880066
881066
882066
883066
884066
885066
886066
887066
888066
889066
890066
891066
892066
893066
894066
895066
896066
897066
898066
899066
900066
901066
902066
903066
904066
905066
906066
907066
908066
909066
910066
911066
912066
913066
914066
915066
916066
917066
918066
919066
920066
921066
922066
923066
924066
925066
926066
927066
928066
929066
930066
931066
932066
933066
934066
935066
936066
937066
938066
939066
940066
941066
942066
943066
944066
945066
946066
947066
948066
949066
950066
951066
952066
953066
954066
955066
956066
957066
958066
959066
960066
961066
962066
963066
964066
965066
966066
967066
968066
969066
970066
971066
972066
973066
974066
975066
976066
977066
978066
979066
980066
981066
982066
983066
984066
985066
986066
987066
988066
989066
990066
991066
992066
993066
994066
995066
996066
997066
998066
999066
1000066
1001066
1002066
1003066
1004066
1005066
1006066
1007066
1008066
1009066
1010066
1011066
1012066
1013066
1014066
1015066
1016066
1017066
1018066
1019066
1020066
1021066
1022066
1023066
1024066
1025066
1026066
1027066
1028066
1029066
1030066
1031066
1032066
1033066
1034066
1035066
1036066
1037066
1038066
1039066
1040066
1041066
1042066
1043066
1044066
1045066
1046066
1047066
1048066
1049066
1050066
1051066
1052066
1053066
1054066
1055066
1056066
1057066
1058066
1059066
1060066
1061066
1062066
1063066
1064066
1065066
1066066
1067066
1068066
1069066
1070066
1071066
1072066
1073066
1074066
1075066
1076066
1077066
1078066
1079066
1080066
1081066
1082066
1083066
1084066
1085066
1086066
1087066
1088066
1089066
1090066
1091066
1092066
1093066
1094066
1095066
1096066
1097066
1098066
1099066
1100066
1101066
1102066
1103066
1104066
1105066
1106066
1107066
1108066
1109066
1110066
1111066
1112066
1113066
1114066
1115066
1116066
1117066
1118066
1119066
1120066
1121066
1122066
1123066
1124066
1125066
1126066
1127066
1128066
1129066
1130066
1131066
1132066
1133066
1134066
1135066
1136066
1137066
1138066
1139066
1140066
1141066
1142066
1143066
1144066
1145066
1146066
1147066
1148066
1149066
1150066
1151066
1152066
1153066
1154066
1155066
1156066
1157066
1158066
1159066
1160066
1161066
1162066
1163066
1164066
1165066
1166066
1167066
1168066
1169066
1170066
1171066
1172066
1173066
1174066
1175066
1176066
1177066
1178066
1179066
1180066
1181066
1182066
1183066
1184066
1185066
1186066
1187066
1188066
1189066
1190066
1191066
1192066
1193066
1194066
1195066
1196066
1197066
1198066
1199066
1200066
1201066
1202066
1203066
1204066
1205066
1206066
1207066
1208066
1209066
1210066
1211066
1212066
1213066
1214066
1215066
1216066
1217066
1218066
1219066
1220066
1221066
1222066
1223066
1224066
1225066
1226066
1227066
1228066
1229066
1230066
1231066
1232066
1233066
1234066
1235066
1236066
1237066
1238066
1239066
1240066
1241066
1242066
1243066
1244066
1245066
1246066
1247066
1248066
1249066
1250066
1251066
1252066
1253066
1254066
1255066
1256066
1257066
1258066
1259066
1260066
1261066
1262066
1263066
1264066
1265066
1266066
1267066
1268066
1269066
1270066
1271066
1272066
1273066
1274066
1275066
1276066
1277066
1278066
1279066
1280066
1281066
1282066
1283066
1284066
1285066
1286066
1287066
1288066
1289066
1290066
1291066
1292066
1293066
1294066
1295066
1296066
1297066
1298066
1299066
1300066
1301066
1302066
1303066
1304066
1305066
1306066
1307066
1308066
1309066
1310066
1311066
1312066
1313066
1314066
1315066
1316066
1317066
1318066
1319066
1320066
1321066
1322066
1323066
1324066
1325066
1326066
1327066
1328066
1329066
1330066
1331066
1332066
1333066
1334066
1335066
1336066
1337066
1338066
1339066
1340066
1341066
1342066
1343066
1344066
1345066
1346066
1347066
1348066
1349066
1350066
1351066
1352066
1353066
1354066
1355066
1356066
1357066
1358066
1359066
1360066
1361066
1362066
1363066
1364066
1365066
1366066
1367066
1368066
1369066
1370066
1371066
1372066
1373066
1374066
1375066
1376066
1377066
1378066
1379066
1380066
1381066
1382066
1383066
1384066
1385066
1386066
1387066
1388066
1389066
1390066
1391066
1392066
1393066
1394066
1395066
1396066
1397066
1398066
1399066
1400066
1401066
1402066
1403066
1404066
1405066
1406066
1407066
1408066
1409066
1410066
1411066
1412066
1413066
1414066
1415066
1416066
1417066
1418066
1419066
1420066
1421066
1422066
1423066
1424066
1425066
1426066
1427066
1428066
1429066
1430066
1431066
1432066
1433066
1434066
1435066
1436066
1437066
1438066
1439066
1440066
1441066
1442066
1443066
1444066
1445066
1446066
1447066
1448066
1449066
1450066
1451066
1452066
1453066
1454066
1455066
1456066
1457066
1458066
1459066
1460066
1461066
1462066
1463066
1464066
1465066
1466066
1467066
1468066
1469066
1470066
1471066
1472066
1473066
1474066
1475066
1476066
1477066
1478066
1479066
1480066
1481066
1482066
1483066
1484066
1485066
1486066
1487066
1488066
1489066
1490066
1491066
1492066
1493066
1494066
1495066
1496066
1497066
1498066
1499066
1500066
1501066
1502066
1503066
1504066
1505066
1506066
1507066
1508066
1509066
1510066
1511066
1512066
1513066
1514066
1515066
1516066
1517066
1518066
1519066
1520066
1521066
1522066
1523066
1524066
1525066
1526066
1527066
1528066
1529066
1530066
1531066
1532066
1533066
1534066
1535066
1536066
1537066
1538066
1539066
1540066
1541066
1542066
1543066
1544066
1545066
1546066
1547066
1548066
1549066
1550066
1551066
1552066
1553066
1554066
1555066
1556066
1557066
1558066
1559066
1560066
1561066
1562066
1563066
1564066
1565066
1566066
1567066
1568066
1569066
1570066
1571066
1572066
1573066
1574066
1575066
1576066
1577066
1578066
1579066
1580066
1581066
1582066
1583066
1584066
1585066
1586066
1587066
1588066
1589066
1590066
1591066
1592066
1593066
1594066
1595066
1596066
1597066
1598066
1599066
1600066
1601066
1602066
1603066
1604066
1605066
1606066
1607066
1608066
1609066
1610066
1611066
1612066
1613066
1614066
1615066
1616066
1617066
1618066
1619066
1620066
1621066
1622066
1623066
1624066
1625066
1626066
1627066
1628066
1629066
1630066
1631066
1632066
1633066
1634066
1635066
1636066
1637066
1638066
1639066
1640066
1641066
1642066
1643066
1644066
1645066
1646066
1647066
1648066
1649066
1650066
1651066
1652066
1653066
1654066
1655066
1656066
1657066
1658066
1659066
1660066
1661066
1662066
1663066
1664066
1665066
1666066
1667066
1668066
1669066
1670066
1671066
1672066
1673066
1674066
1675066
1676066
1677066
1678066
1679066
1680066
1681066
1682066
1683066
1684066
1685066
1686066
1687066
1688066
1689066
1690066
1691066
1692066
1693066
1694066
1695066
1696066
1697066
1698066
1699066
1700066
1701066
1702066
1703066
1704066
1705066
1706066
1707066
1708066
1709066
1710066
1711066
1712066
1713066
1714066
1715066
1716066
1717066
1718066
1719066
1720066
1721066
1722066
1723066
1724066
1725066
1726066
1727066
1728066
1729066
1730066
1731066
1732066
1733066
1734066
1735066
1736066
1737066
1738066
1739066
1740066
1741066
1742066
1743066
1744066
1745066
1746066
1747066
1748066
1749066
1750066
1751066
1752066
1753066
1754066
1755066
1756066
1757066
1758066
1759066
1760066
1761066
1762066
1763066
1764066
1765066
1766066
1767066
1768066
1769066
1770066
1771066
1772066
1773066
1774066
1775066
1776066
1777066
1778066
1779066
1780066
1781066
1782066
1783066
1784066
1785066
1786066
1787066
1788066
1789066
1790066
1791066
1792066
1793066
1794066
1795066
1796066
1797066
1798066
1799066
800067
801067
802067
803067
804067
805067
806067
807067
808067
809067
810067
811067
812067
813067
814067
815067
816067
817067
818067
819067
820067
821067
822067
823067
824067
825067
826067
827067
828067
829067
830067
831067
832067
833067
834067
835067
836067
837067
838067
839067
840067
841067
842067
843067
844067
845067
846067
847067
848067
849067
850067
851067
852067
853067
854067
855067
856067
857067
858067
859067
860067
861067
862067
863067
864067
865067
866067
867067
868067
869067
870067
871067
872067
873067
874067
875067
876067
877067
878067
879067
880067
881067
882067
883067
884067
885067
886067
887067
888067
889067
890067
891067
892067
893067
894067
895067
896067
897067
898067
899067
900067
901067
902067
903067
904067
905067
906067
907067
908067
909067
910067
911067
912067
913067
914067
915067
916067
917067
918067
919067
920067
921067
922067
923067
924067
925067
926067
927067
928067
929067
930067
931067
932067
933067
934067
935067
936067
937067
938067
939067
940067
941067
942067
943067
944067
945067
946067
947067
948067
949067
950067
951067
952067
953067
954067
955067
956067
957067
958067
959067
960067
961067
962067
963067
964067
965067
966067
967067
968067
969067
970067
971067
972067
973067
974067
975067
976067
977067
978067
979067
980067
981067
982067
983067
984067
985067
986067
987067
988067
989067
990067
991067
992067
993067
994067
995067
996067
997067
998067
999067
1000067
1001067
1002067
1003067
1004067
1005067
1006067
1007067
1008067
1009067
1010067
1011067
1012067
1013067
1014067
1015067
1016067
1017067
1018067
1019067
1020067
1021067
1022067
1023067
1024067
1025067
1026067
1027067
1028067
1029067
1030067
1031067
1032067
1033067
1034067
1035067
1036067
1037067
1038067
1039067
1040067
1041067
1042067
1043067
1044067
1045067
1046067
1047067
1048067
1049067
1050067
1051067
1052067
1053067
1054067
1055067
1056067
1057067
1058067
1059067
1060067
1061067
1062067
1063067
1064067
1065067
1066067
1067067
1068067
1069067
1070067
1071067
1072067
1073067
1074067
1075067
1076067
1077067
1078067
1079067
1080067
1081067
1082067
1083067
1084067
1085067
1086067
1087067
1088067
1089067
1090067
1091067
1092067
1093067
1094067
1095067
1096067
1097067
1098067
1099067
1100067
1101067
1102067
1103067
1104067
1105067
1106067
1107067
1108067
1109067
1110067
1111067
1112067
1113067
1114067
1115067
1116067
1117067
1118067
1119067
1120067
1121067
1122067
1123067
1124067
1125067
1126067
1127067
1128067
1129067
1130067
1131067
1132067
1133067
1134067
1135067
1136067
1137067
1138067
1139067
1140067
1141067
1142067
1143067
1144067
1145067
1146067
1147067
1148067
1149067
1150067
1151067
1152067
1153067
1154067
1155067
1156067
1157067
1158067
1159067
1160067
1161067
1162067
1163067
1164067
1165067
1166067
1167067
1168067
1169067
1170067
1171067
1172067
1173067
1174067
1175067
1176067
1177067
1178067
1179067
1180067
1181067
1182067
1183067
1184067
1185067
1186067
1187067
1188067
1189067
1190067
1191067
1192067
1193067
1194067
1195067
1196067
1197067
1198067
1199067
1200067
1201067
1202067
1203067
1204067
1205067
1206067
1207067
1208067
1209067
1210067
1211067
1212067
1213067
1214067
1215067
1216067
1217067
1218067
1219067
1220067
1221067
1222067
1223067
1224067
1225067
1226067
1227067
1228067
1229067
1230067
1231067
1232067
1233067
1234067
1235067
1236067
1237067
1238067
1239067
1240067
1241067
1242067
1243067
1244067
1245067
1246067
1247067
1248067
1249067
1250067
1251067
1252067
1253067
1254067
1255067
1256067
1257067
1258067
1259067
1260067
1261067
1262067
1263067
1264067
1265067
1266067
1267067
1268067
1269067
1270067
1271067
1272067
1273067
1274067
1275067
1276067
1277067
1278067
1279067
1280067
1281067
1282067
1283067
1284067
1285067
1286067
1287067
1288067
1289067
1290067
1291067
1292067
1293067
1294067
1295067
1296067
1297067
1298067
1299067
1300067
1301067
1302067
1303067
1304067
1305067
1306067
1307067
1308067
1309067
1310067
1311067
1312067
1313067
1314067
1315067
1316067
1317067
1318067
1319067
1320067
1321067
1322067
1323067
1324067
1325067
1326067
1327067
1328067
1329067
1330067
1331067
1332067
1333067
1334067
1335067
1336067
1337067
1338067
1339067
1340067
1341067
1342067
1343067
1344067
1345067
1346067
1347067
1348067
1349067
1350067
1351067
1352067
1353067
1354067
1355067
1356067
1357067
1358067
1359067
1360067
1361067
1362067
1363067
1364067
1365067
1366067
1367067
1368067
1369067
1370067
1371067
1372067
1373067
1374067
1375067
1376067
1377067
1378067
1379067
1380067
1381067
1382067
1383067
1384067
1385067
1386067
1387067
1388067
1389067
1390067
1391067
1392067
1393067
1394067
1395067
1396067
1397067
1398067
1399067
1400067
1401067
1402067
1403067
1404067
1405067
1406067
1407067
1408067
1409067
1410067
1411067
1412067
1413067
1414067
1415067
1416067
1417067
1418067
1419067
1420067
1421067
1422067
1423067
1424067
1425067
1426067
1427067
1428067
1429067
1430067
1431067
1432067
1433067
1434067
1435067
1436067
1437067
1438067
1439067
1440067
1441067
1442067
1443067
1444067
1445067
1446067
1447067
1448067
1449067
1450067
1451067
1452067
1453067
1454067
1455067
1456067
1457067
1458067
1459067
1460067
1461067
1462067
1463067
1464067
1465067
1466067
1467067
1468067
1469067
1470067
1471067
1472067
1473067
1474067
1475067
1476067
1477067
1478067
1479067
1480067
1481067
1482067
1483067
1484067
1485067
1486067
1487067
1488067
1489067
1490067
1491067
1492067
1493067
1494067
1495067
1496067
1497067
1498067
1499067
1500067
1501067
1502067
1503067
1504067
1505067
1506067
1507067
1508067
1509067
1510067
1511067
1512067
1513067
1514067
1515067
1516067
1517067
1518067
1519067
1520067
1521067
1522067
1523067
1524067
1525067
1526067
1527067
1528067
1529067
1530067
1531067
1532067
1533067
1534067
1535067
1536067
1537067
1538067
1539067
1540067
1541067
1542067
1543067
1544067
1545067
1546067
1547067
1548067
1549067
1550067
1551067
1552067
1553067
1554067
1555067
1556067
1557067
1558067
1559067
1560067
1561067
1562067
1563067
1564067
1565067
1566067
1567067
1568067
1569067
1570067
1571067
1572067
1573067
1574067
1575067
1576067
1577067
1578067
1579067
1580067
1581067
1582067
1583067
1584067
1585067
1586067
1587067
1588067
1589067
1590067
1591067
1592067
1593067
1594067
1595067
1596067
1597067
1598067
1599067
1600067
1601067
1602067
1603067
1604067
1605067
1606067
1607067
1608067
1609067
1610067
1611067
1612067
1613067
1614067
1615067
1616067
1617067
1618067
1619067
1620067
1621067
1622067
1623067
1624067
1625067
1626067
1627067
1628067
1629067
1630067
1631067
1632067
1633067
1634067
1635067
1636067
1637067
1638067
1639067
1640067
1641067
1642067
1643067
1644067
1645067
1646067
1647067
1648067
1649067
1650067
1651067
1652067
1653067
1654067
1655067
1656067
1657067
1658067
1659067
1660067
1661067
1662067
1663067
1664067
1665067
1666067
1667067
1668067
1669067
1670067
1671067
1672067
1673067
1674067
1675067
1676067
1677067
1678067
1679067
1680067
1681067
1682067
1683067
1684067
1685067
1686067
1687067
1688067
1689067
1690067
1691067
1692067
1693067
1694067
1695067
1696067
1697067
1698067
1699067
1700067
1701067
1702067
1703067
1704067
1705067
1706067
1707067
1708067
1709067
1710067
1711067
1712067
1713067
1714067
1715067
1716067
1717067
1718067
1719067
1720067
1721067
1722067
1723067
1724067
1725067
1726067
1727067
1728067
1729067
1730067
1731067
1732067
1733067
1734067
1735067
1736067
1737067
1738067
1739067
1740067
1741067
1742067
1743067
1744067
1745067
1746067
1747067
1748067
1749067
1750067
1751067
1752067
1753067
1754067
1755067
1756067
1757067
1758067
1759067
1760067
1761067
1762067
1763067
1764067
1765067
1766067
1767067
1768067
1769067
1770067
1771067
1772067
1773067
1774067
1775067
1776067
1777067
1778067
1779067
1780067
1781067
1782067
1783067
1784067
1785067
1786067
1787067
1788067
1789067
1790067
1791067
1792067
1793067
1794067
1795067
1796067
1797067
1798067
1799067
800068
801068
802068
803068
804068
805068
806068
807068
808068
809068
810068
811068
812068
813068
814068
815068
816068
817068
818068
819068
820068
821068
822068
823068
824068
825068
826068
827068
828068
829068
830068
831068
832068
833068
834068
835068
836068
837068
838068
839068
840068
841068
842068
843068
844068
845068
846068
847068
848068
849068
850068
851068
852068
853068
854068
855068
856068
857068
858068
859068
860068
861068
862068
863068
864068
865068
866068
867068
868068
869068
870068
871068
872068
873068
874068
875068
876068
877068
878068
879068
880068
881068
882068
883068
884068
885068
886068
887068
888068
889068
890068
891068
892068
893068
894068
895068
896068
897068
898068
899068
900068
901068
902068
903068
904068
905068
906068
907068
908068
909068
910068
911068
912068
913068
914068
915068
916068
917068
918068
919068
920068
921068
922068
923068
924068
925068
926068
927068
928068
929068
930068
931068
932068
933068
934068
935068
936068
937068
938068
939068
940068
941068
942068
943068
944068
945068
946068
947068
948068
949068
950068
951068
952068
953068
954068
955068
956068
957068
958068
959068
960068
961068
962068
963068
964068
965068
966068
967068
968068
969068
970068
971068
972068
973068
974068
975068
976068
977068
978068
979068
980068
981068
982068
983068
984068
985068
986068
987068
988068
989068
990068
991068
992068
993068
994068
995068
996068
997068
998068
999068
1000068
1001068
1002068
1003068
1004068
1005068
1006068
1007068
1008068
1009068
1010068
1011068
1012068
1013068
1014068
1015068
1016068
1017068
1018068
1019068
1020068
1021068
1022068
1023068
1024068
1025068
1026068
1027068
1028068
1029068
1030068
1031068
1032068
1033068
1034068
1035068
1036068
1037068
1038068
1039068
1040068
1041068
1042068
1043068
1044068
1045068
1046068
1047068
1048068
1049068
1050068
1051068
1052068
1053068
1054068
1055068
1056068
1057068
1058068
1059068
1060068
1061068
1062068
1063068
1064068
1065068
1066068
1067068
1068068
1069068
1070068
1071068
1072068
1073068
1074068
1075068
1076068
1077068
1078068
1079068
1080068
1081068
1082068
1083068
1084068
1085068
1086068
1087068
1088068
1089068
1090068
1091068
1092068
1093068
1094068
1095068
1096068
1097068
1098068
1099068
1100068
1101068
1102068
1103068
1104068
1105068
1106068
1107068
1108068
1109068
1110068
1111068
1112068
1113068
1114068
1115068
1116068
1117068
1118068
1119068
1120068
1121068
1122068
1123068
1124068
1125068
1126068
1127068
1128068
1129068
1130068
1131068
1132068
1133068
1134068
1135068
1136068
1137068
1138068
1139068
1140068
1141068
1142068
1143068
1144068
1145068
1146068
1147068
1148068
1149068
1150068
1151068
1152068
1153068
1154068
1155068
1156068
1157068
1158068
1159068
1160068
1161068
1162068
1163068
1164068
1165068
1166068
1167068
1168068
1169068
1170068
1171068
1172068
1173068
1174068
1175068
1176068
1177068
1178068
1179068
1180068
1181068
1182068
1183068
1184068
1185068
1186068
1187068
1188068
1189068
1190068
1191068
1192068
1193068
1194068
1195068
1196068
1197068
1198068
1199068
1200068
1201068
1202068
1203068
1204068
1205068
1206068
1207068
1208068
1209068
1210068
1211068
1212068
1213068
1214068
1215068
1216068
1217068
1218068
1219068
1220068
1221068
1222068
1223068
1224068
1225068
1226068
1227068
1228068
1229068
1230068
1231068
1232068
1233068
1234068
1235068
1236068
1237068
1238068
1239068
1240068
1241068
1242068
1243068
1244068
1245068
1246068
1247068
1248068
1249068
1250068
1251068
1252068
1253068
1254068
1255068
1256068
1257068
1258068
1259068
1260068
1261068
1262068
1263068
1264068
1265068
1266068
1267068
1268068
1269068
1270068
1271068
1272068
1273068
1274068
1275068
1276068
1277068
1278068
1279068
1280068
1281068
1282068
1283068
1284068
1285068
1286068
1287068
1288068
1289068
1290068
1291068
1292068
1293068
1294068
1295068
1296068
1297068
1298068
1299068
1300068
1301068
1302068
1303068
1304068
1305068
1306068
1307068
1308068
1309068
1310068
1311068
1312068
1313068
1314068
1315068
1316068
1317068
1318068
1319068
1320068
1321068
1322068
1323068
1324068
1325068
1326068
1327068
1328068
1329068
1330068
1331068
1332068
1333068
1334068
1335068
1336068
1337068
1338068
1339068
1340068
1341068
1342068
1343068
1344068
1345068
1346068
1347068
1348068
1349068
1350068
1351068
1352068
1353068
1354068
1355068
1356068
1357068
1358068
1359068
1360068
1361068
1362068
1363068
1364068
1365068
1366068
1367068
1368068
1369068
1370068
1371068
1372068
1373068
1374068
1375068
1376068
1377068
1378068
1379068
1380068
1381068
1382068
1383068
1384068
1385068
1386068
1387068
1388068
1389068
1390068
1391068
1392068
1393068
1394068
1395068
1396068
1397068
1398068
1399068
1400068
1401068
1402068
1403068
1404068
1405068
1406068
1407068
1408068
1409068
1410068
1411068
1412068
1413068
1414068
1415068
1416068
1417068
1418068
1419068
1420068
1421068
1422068
1423068
1424068
1425068
1426068
1427068
1428068
1429068
1430068
1431068
1432068
1433068
1434068
1435068
1436068
1437068
1438068
1439068
1440068
1441068
1442068
1443068
1444068
1445068
1446068
1447068
1448068
1449068
1450068
1451068
1452068
1453068
1454068
1455068
1456068
1457068
1458068
1459068
1460068
1461068
1462068
1463068
1464068
1465068
1466068
1467068
1468068
1469068
1470068
1471068
1472068
1473068
1474068
1475068
1476068
1477068
1478068
1479068
1480068
1481068
1482068
1483068
1484068
1485068
1486068
1487068
1488068
1489068
1490068
1491068
1492068
1493068
1494068
1495068
1496068
1497068
1498068
1499068
1500068
1501068
1502068
1503068
1504068
1505068
1506068
1507068
1508068
1509068
1510068
1511068
1512068
1513068
1514068
1515068
1516068
1517068
1518068
1519068
1520068
1521068
1522068
1523068
1524068
1525068
1526068
1527068
1528068
1529068
1530068
1531068
1532068
1533068
1534068
1535068
1536068
1537068
1538068
1539068
1540068
1541068
1542068
1543068
1544068
1545068
1546068
1547068
1548068
1549068
1550068
1551068
1552068
1553068
1554068
1555068
1556068
1557068
1558068
1559068
1560068
1561068
1562068
1563068
1564068
1565068
1566068
1567068
1568068
1569068
1570068
1571068
1572068
1573068
1574068
1575068
1576068
1577068
1578068
1579068
1580068
1581068
1582068
1583068
1584068
1585068
1586068
1587068
1588068
1589068
1590068
1591068
1592068
1593068
1594068
1595068
1596068
1597068
1598068
1599068
1600068
1601068
1602068
1603068
1604068
1605068
1606068
1607068
1608068
1609068
1610068
1611068
1612068
1613068
1614068
1615068
1616068
1617068
1618068
1619068
1620068
1621068
1622068
1623068
1624068
1625068
1626068
1627068
1628068
1629068
1630068
1631068
1632068
1633068
1634068
1635068
1636068
1637068
1638068
1639068
1640068
1641068
1642068
1643068
1644068
1645068
1646068
1647068
1648068
1649068
1650068
1651068
1652068
1653068
1654068
1655068
1656068
1657068
1658068
1659068
1660068
1661068
1662068
1663068
1664068
1665068
1666068
1667068
1668068
1669068
1670068
1671068
1672068
1673068
1674068
1675068
1676068
1677068
1678068
1679068
1680068
1681068
1682068
1683068
1684068
1685068
1686068
1687068
1688068
1689068
1690068
1691068
1692068
1693068
1694068
1695068
1696068
1697068
1698068
1699068
1700068
1701068
1702068
1703068
1704068
1705068
1706068
1707068
1708068
1709068
1710068
1711068
1712068
1713068
1714068
1715068
1716068
1717068
1718068
1719068
1720068
1721068
1722068
1723068
1724068
1725068
1726068
1727068
1728068
1729068
1730068
1731068
1732068
1733068
1734068
1735068
1736068
1737068
1738068
1739068
1740068
1741068
1742068
1743068
1744068
1745068
1746068
1747068
1748068
1749068
1750068
1751068
1752068
1753068
1754068
1755068
1756068
1757068
1758068
1759068
1760068
1761068
1762068
1763068
1764068
1765068
1766068
1767068
1768068
1769068
1770068
1771068
1772068
1773068
1774068
1775068
1776068
1777068
1778068
1779068
1780068
1781068
1782068
1783068
1784068
1785068
1786068
1787068
1788068
1789068
1790068
1791068
1792068
1793068
1794068
1795068
1796068
1797068
1798068
1799068
800069
801069
802069
803069
804069
805069
806069
807069
808069
809069
810069
811069
812069
813069
814069
815069
816069
817069
818069
819069
820069
821069
822069
823069
824069
825069
826069
827069
828069
829069
830069
831069
832069
833069
834069
835069
836069
837069
838069
839069
840069
841069
842069
843069
844069
845069
846069
847069
848069
849069
850069
851069
852069
853069
854069
855069
856069
857069
858069
859069
860069
861069
862069
863069
864069
865069
866069
867069
868069
869069
870069
871069
872069
873069
874069
875069
876069
877069
878069
879069
880069
881069
882069
883069
884069
885069
886069
887069
888069
889069
890069
891069
892069
893069
894069
895069
896069
897069
898069
899069
900069
901069
902069
903069
904069
905069
906069
907069
908069
909069
910069
911069
912069
913069
914069
915069
916069
917069
918069
919069
920069
921069
922069
923069
924069
925069
926069
927069
928069
929069
930069
931069
932069
933069
934069
935069
936069
937069
938069
939069
940069
941069
942069
943069
944069
945069
946069
947069
948069
949069
950069
951069
952069
953069
954069
955069
956069
957069
958069
959069
960069
961069
962069
963069
964069
965069
966069
967069
968069
969069
970069
971069
972069
973069
974069
975069
976069
977069
978069
979069
980069
981069
982069
983069
984069
985069
986069
987069
988069
989069
990069
991069
992069
993069
994069
995069
996069
997069
998069
999069
1000069
1001069
1002069
1003069
1004069
1005069
1006069
1007069
1008069
1009069
1010069
1011069
1012069
1013069
1014069
1015069
1016069
1017069
1018069
1019069
1020069
1021069
1022069
1023069
1024069
1025069
1026069
1027069
1028069
1029069
1030069
1031069
1032069
1033069
1034069
1035069
1036069
1037069
1038069
1039069
1040069
1041069
1042069
1043069
1044069
1045069
1046069
1047069
1048069
1049069
1050069
1051069
1052069
1053069
1054069
1055069
1056069
1057069
1058069
1059069
1060069
1061069
1062069
1063069
1064069
1065069
1066069
1067069
1068069
1069069
1070069
1071069
1072069
1073069
1074069
1075069
1076069
1077069
1078069
1079069
1080069
1081069
1082069
1083069
1084069
1085069
1086069
1087069
1088069
1089069
1090069
1091069
1092069
1093069
1094069
1095069
1096069
1097069
1098069
1099069
1100069
1101069
1102069
1103069
1104069
1105069
1106069
1107069
1108069
1109069
1110069
1111069
1112069
1113069
1114069
1115069
1116069
1117069
1118069
1119069
1120069
1121069
1122069
1123069
1124069
1125069
1126069
1127069
1128069
1129069
1130069
1131069
1132069
1133069
1134069
1135069
1136069
1137069
1138069
1139069
1140069
1141069
1142069
1143069
1144069
1145069
1146069
1147069
1148069
1149069
1150069
1151069
1152069
1153069
1154069
1155069
1156069
1157069
1158069
1159069
1160069
1161069
1162069
1163069
1164069
1165069
1166069
1167069
1168069
1169069
1170069
1171069
1172069
1173069
1174069
1175069
1176069
1177069
1178069
1179069
1180069
1181069
1182069
1183069
1184069
1185069
1186069
1187069
1188069
1189069
1190069
1191069
1192069
1193069
1194069
1195069
1196069
1197069
1198069
1199069
1200069
1201069
1202069
1203069
1204069
1205069
1206069
1207069
1208069
1209069
1210069
1211069
1212069
1213069
1214069
1215069
1216069
1217069
1218069
1219069
1220069
1221069
1222069
1223069
1224069
1225069
1226069
1227069
1228069
1229069
1230069
1231069
1232069
1233069
1234069
1235069
1236069
1237069
1238069
1239069
1240069
1241069
1242069
1243069
1244069
1245069
1246069
1247069
1248069
1249069
1250069
1251069
1252069
1253069
1254069
1255069
1256069
1257069
1258069
1259069
1260069
1261069
1262069
1263069
1264069
1265069
1266069
1267069
1268069
1269069
1270069
1271069
1272069
1273069
1274069
1275069
1276069
1277069
1278069
1279069
1280069
1281069
1282069
1283069
1284069
1285069
1286069
1287069
1288069
1289069
1290069
1291069
1292069
1293069
1294069
1295069
1296069
1297069
1298069
1299069
1300069
1301069
1302069
1303069
1304069
1305069
1306069
1307069
1308069
1309069
1310069
1311069
1312069
1313069
1314069
1315069
1316069
1317069
1318069
1319069
1320069
1321069
1322069
1323069
1324069
1325069
1326069
1327069
1328069
1329069
1330069
1331069
1332069
1333069
1334069
1335069
1336069
1337069
1338069
1339069
1340069
1341069
1342069
1343069
1344069
1345069
1346069
1347069
1348069
1349069
1350069
1351069
1352069
1353069
1354069
1355069
1356069
1357069
1358069
1359069
1360069
1361069
1362069
1363069
1364069
1365069
1366069
1367069
1368069
1369069
1370069
1371069
1372069
1373069
1374069
1375069
1376069
1377069
1378069
1379069
1380069
1381069
1382069
1383069
1384069
1385069
1386069
1387069
1388069
1389069
1390069
1391069
1392069
1393069
1394069
1395069
1396069
1397069
1398069
1399069
1400069
1401069
1402069
1403069
1404069
1405069
1406069
1407069
1408069
1409069
1410069
1411069
1412069
1413069
1414069
1415069
1416069
1417069
1418069
1419069
1420069
1421069
1422069
1423069
1424069
1425069
1426069
1427069
1428069
1429069
1430069
1431069
1432069
1433069
1434069
1435069
1436069
1437069
1438069
1439069
1440069
1441069
1442069
1443069
1444069
1445069
1446069
1447069
1448069
1449069
1450069
1451069
1452069
1453069
1454069
1455069
1456069
1457069
1458069
1459069
1460069
1461069
1462069
1463069
1464069
1465069
1466069
1467069
1468069
1469069
1470069
1471069
1472069
1473069
1474069
1475069
1476069
1477069
1478069
1479069
1480069
1481069
1482069
1483069
1484069
1485069
1486069
1487069
1488069
1489069
1490069
1491069
1492069
1493069
1494069
1495069
1496069
1497069
1498069
1499069
1500069
1501069
1502069
1503069
1504069
1505069
1506069
1507069
1508069
1509069
1510069
1511069
1512069
1513069
1514069
1515069
1516069
1517069
1518069
1519069
1520069
1521069
1522069
1523069
1524069
1525069
1526069
1527069
1528069
1529069
1530069
1531069
1532069
1533069
1534069
1535069
1536069
1537069
1538069
1539069
1540069
1541069
1542069
1543069
1544069
1545069
1546069
1547069
1548069
1549069
1550069
1551069
1552069
1553069
1554069
1555069
1556069
1557069
1558069
1559069
1560069
1561069
1562069
1563069
1564069
1565069
1566069
1567069
1568069
1569069
1570069
1571069
1572069
1573069
1574069
1575069
1576069
1577069
1578069
1579069
1580069
1581069
1582069
1583069
1584069
1585069
1586069
1587069
1588069
1589069
1590069
1591069
1592069
1593069
1594069
1595069
1596069
1597069
1598069
1599069
1600069
1601069
1602069
1603069
1604069
1605069
1606069
1607069
1608069
1609069
1610069
1611069
1612069
1613069
1614069
1615069
1616069
1617069
1618069
1619069
1620069
1621069
1622069
1623069
1624069
1625069
1626069
1627069
1628069
1629069
1630069
1631069
1632069
1633069
1634069
1635069
1636069
1637069
1638069
1639069
1640069
1641069
1642069
1643069
1644069
1645069
1646069
1647069
1648069
1649069
1650069
1651069
1652069
1653069
1654069
1655069
1656069
1657069
1658069
1659069
1660069
1661069
1662069
1663069
1664069
1665069
1666069
1667069
1668069
1669069
1670069
1671069
1672069
1673069
1674069
1675069
1676069
1677069
1678069
1679069
1680069
1681069
1682069
1683069
1684069
1685069
1686069
1687069
1688069
1689069
1690069
1691069
1692069
1693069
1694069
1695069
1696069
1697069
1698069
1699069
1700069
1701069
1702069
1703069
1704069
1705069
1706069
1707069
1708069
1709069
1710069
1711069
1712069
1713069
1714069
1715069
1716069
1717069
1718069
1719069
1720069
1721069
1722069
1723069
1724069
1725069
1726069
1727069
1728069
1729069
1730069
1731069
1732069
1733069
1734069
1735069
1736069
1737069
1738069
1739069
1740069
1741069
1742069
1743069
1744069
1745069
1746069
1747069
1748069
1749069
1750069
1751069
1752069
1753069
1754069
1755069
1756069
1757069
1758069
1759069
1760069
1761069
1762069
1763069
1764069
1765069
1766069
1767069
1768069
1769069
1770069
1771069
1772069
1773069
1774069
1775069
1776069
1777069
1778069
1779069
1780069
1781069
1782069
1783069
1784069
1785069
1786069
1787069
1788069
1789069
1790069
1791069
1792069
1793069
1794069
1795069
1796069
1797069
1798069
1799069
800070
801070
802070
803070
804070
805070
806070
807070
808070
809070
810070
811070
812070
813070
814070
815070
816070
817070
818070
819070
820070
821070
822070
823070
824070
825070
826070
827070
828070
829070
830070
831070
832070
833070
834070
835070
836070
837070
838070
839070
840070
841070
842070
843070
844070
845070
846070
847070
848070
849070
850070
851070
852070
853070
854070
855070
856070
857070
858070
859070
860070
861070
862070
863070
864070
865070
866070
867070
868070
869070
870070
871070
872070
873070
874070
875070
876070
877070
878070
879070
880070
881070
882070
883070
884070
885070
886070
887070
888070
889070
890070
891070
892070
893070
894070
895070
896070
897070
898070
899070
900070
901070
902070
903070
904070
905070
906070
907070
908070
909070
910070
911070
912070
913070
914070
915070
916070
917070
918070
919070
920070
921070
922070
923070
924070
925070
926070
927070
928070
929070
930070
931070
932070
933070
934070
935070
936070
937070
938070
939070
940070
941070
942070
943070
944070
945070
946070
947070
948070
949070
950070
951070
952070
953070
954070
955070
956070
957070
958070
959070
960070
961070
962070
963070
964070
965070
966070
967070
968070
969070
970070
971070
972070
973070
974070
975070
976070
977070
978070
979070
980070
981070
982070
983070
984070
985070
986070
987070
988070
989070
990070
991070
992070
993070
994070
995070
996070
997070
998070
999070
1000070
1001070
1002070
1003070
1004070
1005070
1006070
1007070
1008070
1009070
1010070
1011070
1012070
1013070
1014070
1015070
1016070
1017070
1018070
1019070
1020070
1021070
1022070
1023070
1024070
1025070
1026070
1027070
1028070
1029070
1030070
1031070
1032070
1033070
1034070
1035070
1036070
1037070
1038070
1039070
1040070
1041070
1042070
1043070
1044070
1045070
1046070
1047070
1048070
1049070
1050070
1051070
1052070
1053070
1054070
1055070
1056070
1057070
1058070
1059070
1060070
1061070
1062070
1063070
1064070
1065070
1066070
1067070
1068070
1069070
1070070
1071070
1072070
1073070
1074070
1075070
1076070
1077070
1078070
1079070
1080070
1081070
1082070
1083070
1084070
1085070
1086070
1087070
1088070
1089070
1090070
1091070
1092070
1093070
1094070
1095070
1096070
1097070
1098070
1099070
1100070
1101070
1102070
1103070
1104070
1105070
1106070
1107070
1108070
1109070
1110070
1111070
1112070
1113070
1114070
1115070
1116070
1117070
1118070
1119070
1120070
1121070
1122070
1123070
1124070
1125070
1126070
1127070
1128070
1129070
1130070
1131070
1132070
1133070
1134070
1135070
1136070
1137070
1138070
1139070
1140070
1141070
1142070
1143070
1144070
1145070
1146070
1147070
1148070
1149070
1150070
1151070
1152070
1153070
1154070
1155070
1156070
1157070
1158070
1159070
1160070
1161070
1162070
1163070
1164070
1165070
1166070
1167070
1168070
1169070
1170070
1171070
1172070
1173070
1174070
1175070
1176070
1177070
1178070
1179070
1180070
1181070
1182070
1183070
1184070
1185070
1186070
1187070
1188070
1189070
1190070
1191070
1192070
1193070
1194070
1195070
1196070
1197070
1198070
1199070
1200070
1201070
1202070
1203070
1204070
1205070
1206070
1207070
1208070
1209070
1210070
1211070
1212070
1213070
1214070
1215070
1216070
1217070
1218070
1219070
1220070
1221070
1222070
1223070
1224070
1225070
1226070
1227070
1228070
1229070
1230070
1231070
1232070
1233070
1234070
1235070
1236070
1237070
1238070
1239070
1240070
1241070
1242070
1243070
1244070
1245070
1246070
1247070
1248070
1249070
1250070
1251070
1252070
1253070
1254070
1255070
1256070
1257070
1258070
1259070
1260070
1261070
1262070
1263070
1264070
1265070
1266070
1267070
1268070
1269070
1270070
1271070
1272070
1273070
1274070
1275070
1276070
1277070
1278070
1279070
1280070
1281070
1282070
1283070
1284070
1285070
1286070
1287070
1288070
1289070
1290070
1291070
1292070
1293070
1294070
1295070
1296070
1297070
1298070
1299070
1300070
1301070
1302070
1303070
1304070
1305070
1306070
1307070
1308070
1309070
1310070
1311070
1312070
1313070
1314070
1315070
1316070
1317070
1318070
1319070
1320070
1321070
1322070
1323070
1324070
1325070
1326070
1327070
1328070
1329070
1330070
1331070
1332070
1333070
1334070
1335070
1336070
1337070
1338070
1339070
1340070
1341070
1342070
1343070
1344070
1345070
1346070
1347070
1348070
1349070
1350070
1351070
1352070
1353070
1354070
1355070
1356070
1357070
1358070
1359070
1360070
1361070
1362070
1363070
1364070
1365070
1366070
1367070
1368070
1369070
1370070
1371070
1372070
1373070
1374070
1375070
1376070
1377070
1378070
1379070
1380070
1381070
1382070
1383070
1384070
1385070
1386070
1387070
1388070
1389070
1390070
1391070
1392070
1393070
1394070
1395070
1396070
1397070
1398070
1399070
1400070
1401070
1402070
1403070
1404070
1405070
1406070
1407070
1408070
1409070
1410070
1411070
1412070
1413070
1414070
1415070
1416070
1417070
1418070
1419070
1420070
1421070
1422070
1423070
1424070
1425070
1426070
1427070
1428070
1429070
1430070
1431070
1432070
1433070
1434070
1435070
1436070
1437070
1438070
1439070
1440070
1441070
1442070
1443070
1444070
1445070
1446070
1447070
1448070
1449070
1450070
1451070
1452070
1453070
1454070
1455070
1456070
1457070
1458070
1459070
1460070
1461070
1462070
1463070
1464070
1465070
1466070
1467070
1468070
1469070
1470070
1471070
1472070
1473070
1474070
1475070
1476070
1477070
1478070
1479070
1480070
1481070
1482070
1483070
1484070
1485070
1486070
1487070
1488070
1489070
1490070
1491070
1492070
1493070
1494070
1495070
1496070
1497070
1498070
1499070
1500070
1501070
1502070
1503070
1504070
1505070
1506070
1507070
1508070
1509070
1510070
1511070
1512070
1513070
1514070
1515070
1516070
1517070
1518070
1519070
1520070
1521070
1522070
1523070
1524070
1525070
1526070
1527070
1528070
1529070
1530070
1531070
1532070
1533070
1534070
1535070
1536070
1537070
1538070
1539070
1540070
1541070
1542070
1543070
1544070
1545070
1546070
1547070
1548070
1549070
1550070
1551070
1552070
1553070
1554070
1555070
1556070
1557070
1558070
1559070
1560070
1561070
1562070
1563070
1564070
1565070
1566070
1567070
1568070
1569070
1570070
1571070
1572070
1573070
1574070
1575070
1576070
1577070
1578070
1579070
1580070
1581070
1582070
1583070
1584070
1585070
1586070
1587070
1588070
1589070
1590070
1591070
1592070
1593070
1594070
1595070
1596070
1597070
1598070
1599070
1600070
1601070
1602070
1603070
1604070
1605070
1606070
1607070
1608070
1609070
1610070
1611070
1612070
1613070
1614070
1615070
1616070
1617070
1618070
1619070
1620070
1621070
1622070
1623070
1624070
1625070
1626070
1627070
1628070
1629070
1630070
1631070
1632070
1633070
1634070
1635070
1636070
1637070
1638070
1639070
1640070
1641070
1642070
1643070
1644070
1645070
1646070
1647070
1648070
1649070
1650070
1651070
1652070
1653070
1654070
1655070
1656070
1657070
1658070
1659070
1660070
1661070
1662070
1663070
1664070
1665070
1666070
1667070
1668070
1669070
1670070
1671070
1672070
1673070
1674070
1675070
1676070
1677070
1678070
1679070
1680070
1681070
1682070
1683070
1684070
1685070
1686070
1687070
1688070
1689070
1690070
1691070
1692070
1693070
1694070
1695070
1696070
1697070
1698070
1699070
1700070
1701070
1702070
1703070
1704070
1705070
1706070
1707070
1708070
1709070
1710070
1711070
1712070
1713070
1714070
1715070
1716070
1717070
1718070
1719070
1720070
1721070
1722070
1723070
1724070
1725070
1726070
1727070
1728070
1729070
1730070
1731070
1732070
1733070
1734070
1735070
1736070
1737070
1738070
1739070
1740070
1741070
1742070
1743070
1744070
1745070
1746070
1747070
1748070
1749070
1750070
1751070
1752070
1753070
1754070
1755070
1756070
1757070
1758070
1759070
1760070
1761070
1762070
1763070
1764070
1765070
1766070
1767070
1768070
1769070
1770070
1771070
1772070
1773070
1774070
1775070
1776070
1777070
1778070
1779070
1780070
1781070
1782070
1783070
1784070
1785070
1786070
1787070
1788070
1789070
1790070
1791070
1792070
1793070
1794070
1795070
1796070
1797070
1798070
1799070
800071
801071
802071
803071
804071
805071
806071
807071
808071
809071
810071
811071
812071
813071
814071
815071
816071
817071
818071
819071
820071
821071
822071
823071
824071
825071
826071
827071
828071
829071
830071
831071
832071
833071
834071
835071
836071
837071
838071
839071
840071
841071
842071
843071
844071
845071
846071
847071
848071
849071
850071
851071
852071
853071
854071
855071
856071
857071
858071
859071
860071
861071
862071
863071
864071
865071
866071
867071
868071
869071
870071
871071
872071
873071
874071
875071
876071
877071
878071
879071
880071
881071
882071
883071
884071
885071
886071
887071
888071
889071
890071
891071
892071
893071
894071
895071
896071
897071
898071
899071
900071
901071
902071
903071
904071
905071
906071
907071
908071
909071
910071
911071
912071
913071
914071
915071
916071
917071
918071
919071
920071
921071
922071
923071
924071
925071
926071
927071
928071
929071
930071
931071
932071
933071
934071
935071
936071
937071
938071
939071
940071
941071
942071
943071
944071
945071
946071
947071
948071
949071
950071
951071
952071
953071
954071
955071
956071
957071
958071
959071
960071
961071
962071
963071
964071
965071
966071
967071
968071
969071
970071
971071
972071
973071
974071
975071
976071
977071
978071
979071
980071
981071
982071
983071
984071
985071
986071
987071
988071
989071
990071
991071
992071
993071
994071
995071
996071
997071
998071
999071
1000071
1001071
1002071
1003071
1004071
1005071
1006071
1007071
1008071
1009071
1010071
1011071
1012071
1013071
1014071
1015071
1016071
1017071
1018071
1019071
1020071
1021071
1022071
1023071
1024071
1025071
1026071
1027071
1028071
1029071
1030071
1031071
1032071
1033071
1034071
1035071
1036071
1037071
1038071
1039071
1040071
1041071
1042071
1043071
1044071
1045071
1046071
1047071
1048071
1049071
1050071
1051071
1052071
1053071
1054071
1055071
1056071
1057071
1058071
1059071
1060071
1061071
1062071
1063071
1064071
1065071
1066071
1067071
1068071
1069071
1070071
1071071
1072071
1073071
1074071
1075071
1076071
1077071
1078071
1079071
1080071
1081071
1082071
1083071
1084071
1085071
1086071
1087071
1088071
1089071
1090071
1091071
1092071
1093071
1094071
1095071
1096071
1097071
1098071
1099071
1100071
1101071
1102071
1103071
1104071
1105071
1106071
1107071
1108071
1109071
1110071
1111071
1112071
1113071
1114071
1115071
1116071
1117071
1118071
1119071
1120071
1121071
1122071
1123071
1124071
1125071
1126071
1127071
1128071
1129071
1130071
1131071
1132071
1133071
1134071
1135071
1136071
1137071
1138071
1139071
1140071
1141071
1142071
1143071
1144071
1145071
1146071
1147071
1148071
1149071
1150071
1151071
1152071
1153071
1154071
1155071
1156071
1157071
1158071
1159071
1160071
1161071
1162071
1163071
1164071
1165071
1166071
1167071
1168071
1169071
1170071
1171071
1172071
1173071
1174071
1175071
1176071
1177071
1178071
1179071
1180071
1181071
1182071
1183071
1184071
1185071
1186071
1187071
1188071
1189071
1190071
1191071
1192071
1193071
1194071
1195071
1196071
1197071
1198071
1199071
1200071
1201071
1202071
1203071
1204071
1205071
1206071
1207071
1208071
1209071
1210071
1211071
1212071
1213071
1214071
1215071
1216071
1217071
1218071
1219071
1220071
1221071
1222071
1223071
1224071
1225071
1226071
1227071
1228071
1229071
1230071
1231071
1232071
1233071
1234071
1235071
1236071
1237071
1238071
1239071
1240071
1241071
1242071
1243071
1244071
1245071
1246071
1247071
1248071
1249071
1250071
1251071
1252071
1253071
1254071
1255071
1256071
1257071
1258071
1259071
1260071
1261071
1262071
1263071
1264071
1265071
1266071
1267071
1268071
1269071
1270071
1271071
1272071
1273071
1274071
1275071
1276071
1277071
1278071
1279071
1280071
1281071
1282071
1283071
1284071
1285071
1286071
1287071
1288071
1289071
1290071
1291071
1292071
1293071
1294071
1295071
1296071
1297071
1298071
1299071
1300071
1301071
1302071
1303071
1304071
1305071
1306071
1307071
1308071
1309071
1310071
1311071
1312071
1313071
1314071
1315071
1316071
1317071
1318071
1319071
1320071
1321071
1322071
1323071
1324071
1325071
1326071
1327071
1328071
1329071
1330071
1331071
1332071
1333071
1334071
1335071
1336071
1337071
1338071
1339071
1340071
1341071
1342071
1343071
1344071
1345071
1346071
1347071
1348071
1349071
1350071
1351071
1352071
1353071
1354071
1355071
1356071
1357071
1358071
1359071
1360071
1361071
1362071
1363071
1364071
1365071
1366071
1367071
1368071
1369071
1370071
1371071
1372071
1373071
1374071
1375071
1376071
1377071
1378071
1379071
1380071
1381071
1382071
1383071
1384071
1385071
1386071
1387071
1388071
1389071
1390071
1391071
1392071
1393071
1394071
1395071
1396071
1397071
1398071
1399071
1400071
1401071
1402071
1403071
1404071
1405071
1406071
1407071
1408071
1409071
1410071
1411071
1412071
1413071
1414071
1415071
1416071
1417071
1418071
1419071
1420071
1421071
1422071
1423071
1424071
1425071
1426071
1427071
1428071
1429071
1430071
1431071
1432071
1433071
1434071
1435071
1436071
1437071
1438071
1439071
1440071
1441071
1442071
1443071
1444071
1445071
1446071
1447071
1448071
1449071
1450071
1451071
1452071
1453071
1454071
1455071
1456071
1457071
1458071
1459071
1460071
1461071
1462071
1463071
1464071
1465071
1466071
1467071
1468071
1469071
1470071
1471071
1472071
1473071
1474071
1475071
1476071
1477071
1478071
1479071
1480071
1481071
1482071
1483071
1484071
1485071
1486071
1487071
1488071
1489071
1490071
1491071
1492071
1493071
1494071
1495071
1496071
1497071
1498071
1499071
1500071
1501071
1502071
1503071
1504071
1505071
1506071
1507071
1508071
1509071
1510071
1511071
1512071
1513071
1514071
1515071
1516071
1517071
1518071
1519071
1520071
1521071
1522071
1523071
1524071
1525071
1526071
1527071
1528071
1529071
1530071
1531071
1532071
1533071
1534071
1535071
1536071
1537071
1538071
1539071
1540071
1541071
1542071
1543071
1544071
1545071
1546071
1547071
1548071
1549071
1550071
1551071
1552071
1553071
1554071
1555071
1556071
1557071
1558071
1559071
1560071
1561071
1562071
1563071
1564071
1565071
1566071
1567071
1568071
1569071
1570071
1571071
1572071
1573071
1574071
1575071
1576071
1577071
1578071
1579071
1580071
1581071
1582071
1583071
1584071
1585071
1586071
1587071
1588071
1589071
1590071
1591071
1592071
1593071
1594071
1595071
1596071
1597071
1598071
1599071
1600071
1601071
1602071
1603071
1604071
1605071
1606071
1607071
1608071
1609071
1610071
1611071
1612071
1613071
1614071
1615071
1616071
1617071
1618071
1619071
1620071
1621071
1622071
1623071
1624071
1625071
1626071
1627071
1628071
1629071
1630071
1631071
1632071
1633071
1634071
1635071
1636071
1637071
1638071
1639071
1640071
1641071
1642071
1643071
1644071
1645071
1646071
1647071
1648071
1649071
1650071
1651071
1652071
1653071
1654071
1655071
1656071
1657071
1658071
1659071
1660071
1661071
1662071
1663071
1664071
1665071
1666071
1667071
1668071
1669071
1670071
1671071
1672071
1673071
1674071
1675071
1676071
1677071
1678071
1679071
1680071
1681071
1682071
1683071
1684071
1685071
1686071
1687071
1688071
1689071
1690071
1691071
1692071
1693071
1694071
1695071
1696071
1697071
1698071
1699071
1700071
1701071
1702071
1703071
1704071
1705071
1706071
1707071
1708071
1709071
1710071
1711071
1712071
1713071
1714071
1715071
1716071
1717071
1718071
1719071
1720071
1721071
1722071
1723071
1724071
1725071
1726071
1727071
1728071
1729071
1730071
1731071
1732071
1733071
1734071
1735071
1736071
1737071
1738071
1739071
1740071
1741071
1742071
1743071
1744071
1745071
1746071
1747071
1748071
1749071
1750071
1751071
1752071
1753071
1754071
1755071
1756071
1757071
1758071
1759071
1760071
1761071
1762071
1763071
1764071
1765071
1766071
1767071
1768071
1769071
1770071
1771071
1772071
1773071
1774071
1775071
1776071
1777071
1778071
1779071
1780071
1781071
1782071
1783071
1784071
1785071
1786071
1787071
1788071
1789071
1790071
1791071
1792071
1793071
1794071
1795071
1796071
1797071
1798071
1799071
800072
801072
802072
803072
804072
805072
806072
807072
808072
809072
810072
811072
812072
813072
814072
815072
816072
817072
818072
819072
820072
821072
822072
823072
824072
825072
826072
827072
828072
829072
830072
831072
832072
833072
834072
835072
836072
837072
838072
839072
840072
841072
842072
843072
844072
845072
846072
847072
848072
849072
850072
851072
852072
853072
854072
855072
856072
857072
858072
859072
860072
861072
862072
863072
864072
865072
866072
867072
868072
869072
870072
871072
872072
873072
874072
875072
876072
877072
878072
879072
880072
881072
882072
883072
884072
885072
886072
887072
888072
889072
890072
891072
892072
893072
894072
895072
896072
897072
898072
899072
900072
901072
902072
903072
904072
905072
906072
907072
908072
909072
910072
911072
912072
913072
914072
915072
916072
917072
918072
919072
920072
921072
922072
923072
924072
925072
926072
927072
928072
929072
930072
931072
932072
933072
934072
935072
936072
937072
938072
939072
940072
941072
942072
943072
944072
945072
946072
947072
948072
949072
950072
951072
952072
953072
954072
955072
956072
957072
958072
959072
960072
961072
962072
963072
964072
965072
966072
967072
968072
969072
970072
971072
972072
973072
974072
975072
976072
977072
978072
979072
980072
981072
982072
983072
984072
985072
986072
987072
988072
989072
990072
991072
992072
993072
994072
995072
996072
997072
998072
999072
1000072
1001072
1002072
1003072
1004072
1005072
1006072
1007072
1008072
1009072
1010072
1011072
1012072
1013072
1014072
1015072
1016072
1017072
1018072
1019072
1020072
1021072
1022072
1023072
1024072
1025072
1026072
1027072
1028072
1029072
1030072
1031072
1032072
1033072
1034072
1035072
1036072
1037072
1038072
1039072
1040072
1041072
1042072
1043072
1044072
1045072
1046072
1047072
1048072
1049072
1050072
1051072
1052072
1053072
1054072
1055072
1056072
1057072
1058072
1059072
1060072
1061072
1062072
1063072
1064072
1065072
1066072
1067072
1068072
1069072
1070072
1071072
1072072
1073072
1074072
1075072
1076072
1077072
1078072
1079072
1080072
1081072
1082072
1083072
1084072
1085072
1086072
1087072
1088072
1089072
1090072
1091072
1092072
1093072
1094072
1095072
1096072
1097072
1098072
1099072
1100072
1101072
1102072
1103072
1104072
1105072
1106072
1107072
1108072
1109072
1110072
1111072
1112072
1113072
1114072
1115072
1116072
1117072
1118072
1119072
1120072
1121072
1122072
1123072
1124072
1125072
1126072
1127072
1128072
1129072
1130072
1131072
1132072
1133072
1134072
1135072
1136072
1137072
1138072
1139072
1140072
1141072
1142072
1143072
1144072
1145072
1146072
1147072
1148072
1149072
1150072
1151072
1152072
1153072
1154072
1155072
1156072
1157072
1158072
1159072
1160072
1161072
1162072
1163072
1164072
1165072
1166072
1167072
1168072
1169072
1170072
1171072
1172072
1173072
1174072
1175072
1176072
1177072
1178072
1179072
1180072
1181072
1182072
1183072
1184072
1185072
1186072
1187072
1188072
1189072
1190072
1191072
1192072
1193072
1194072
1195072
1196072
1197072
1198072
1199072
1200072
1201072
1202072
1203072
1204072
1205072
1206072
1207072
1208072
1209072
1210072
1211072
1212072
1213072
1214072
1215072
1216072
1217072
1218072
1219072
1220072
1221072
1222072
1223072
1224072
1225072
1226072
1227072
1228072
1229072
1230072
1231072
1232072
1233072
1234072
1235072
1236072
1237072
1238072
1239072
1240072
1241072
1242072
1243072
1244072
1245072
1246072
1247072
1248072
1249072
1250072
1251072
1252072
1253072
1254072
1255072
1256072
1257072
1258072
1259072
1260072
1261072
1262072
1263072
1264072
1265072
1266072
1267072
1268072
1269072
1270072
1271072
1272072
1273072
1274072
1275072
1276072
1277072
1278072
1279072
1280072
1281072
1282072
1283072
1284072
1285072
1286072
1287072
1288072
1289072
1290072
1291072
1292072
1293072
1294072
1295072
1296072
1297072
1298072
1299072
1300072
1301072
1302072
1303072
1304072
1305072
1306072
1307072
1308072
1309072
1310072
1311072
1312072
1313072
1314072
1315072
1316072
1317072
1318072
1319072
1320072
1321072
1322072
1323072
1324072
1325072
1326072
1327072
1328072
1329072
1330072
1331072
1332072
1333072
1334072
1335072
1336072
1337072
1338072
1339072
1340072
1341072
1342072
1343072
1344072
1345072
1346072
1347072
1348072
1349072
1350072
1351072
1352072
1353072
1354072
1355072
1356072
1357072
1358072
1359072
1360072
1361072
1362072
1363072
1364072
1365072
1366072
1367072
1368072
1369072
1370072
1371072
1372072
1373072
1374072
1375072
1376072
1377072
1378072
1379072
1380072
1381072
1382072
1383072
1384072
1385072
1386072
1387072
1388072
1389072
1390072
1391072
1392072
1393072
1394072
1395072
1396072
1397072
1398072
1399072
1400072
1401072
1402072
1403072
1404072
1405072
1406072
1407072
1408072
1409072
1410072
1411072
1412072
1413072
1414072
1415072
1416072
1417072
1418072
1419072
1420072
1421072
1422072
1423072
1424072
1425072
1426072
1427072
1428072
1429072
1430072
1431072
1432072
1433072
1434072
1435072
1436072
1437072
1438072
1439072
1440072
1441072
1442072
1443072
1444072
1445072
1446072
1447072
1448072
1449072
1450072
1451072
1452072
1453072
1454072
1455072
1456072
1457072
1458072
1459072
1460072
1461072
1462072
1463072
1464072
1465072
1466072
1467072
1468072
1469072
1470072
1471072
1472072
1473072
1474072
1475072
1476072
1477072
1478072
1479072
1480072
1481072
1482072
1483072
1484072
1485072
1486072
1487072
1488072
1489072
1490072
1491072
1492072
1493072
1494072
1495072
1496072
1497072
1498072
1499072
1500072
1501072
1502072
1503072
1504072
1505072
1506072
1507072
1508072
1509072
1510072
1511072
1512072
1513072
1514072
1515072
1516072
1517072
1518072
1519072
1520072
1521072
1522072
1523072
1524072
1525072
1526072
1527072
1528072
1529072
1530072
1531072
1532072
1533072
1534072
1535072
1536072
1537072
1538072
1539072
1540072
1541072
1542072
1543072
1544072
1545072
1546072
1547072
1548072
1549072
1550072
1551072
1552072
1553072
1554072
1555072
1556072
1557072
1558072
1559072
1560072
1561072
1562072
1563072
1564072
1565072
1566072
1567072
1568072
1569072
1570072
1571072
1572072
1573072
1574072
1575072
1576072
1577072
1578072
1579072
1580072
1581072
1582072
1583072
1584072
1585072
1586072
1587072
1588072
1589072
1590072
1591072
1592072
1593072
1594072
1595072
1596072
1597072
1598072
1599072
1600072
1601072
1602072
1603072
1604072
1605072
1606072
1607072
1608072
1609072
1610072
1611072
1612072
1613072
1614072
1615072
1616072
1617072
1618072
1619072
1620072
1621072
1622072
1623072
1624072
1625072
1626072
1627072
1628072
1629072
1630072
1631072
1632072
1633072
1634072
1635072
1636072
1637072
1638072
1639072
1640072
1641072
1642072
1643072
1644072
1645072
1646072
1647072
1648072
1649072
1650072
1651072
1652072
1653072
1654072
1655072
1656072
1657072
1658072
1659072
1660072
1661072
1662072
1663072
1664072
1665072
1666072
1667072
1668072
1669072
1670072
1671072
1672072
1673072
1674072
1675072
1676072
1677072
1678072
1679072
1680072
1681072
1682072
1683072
1684072
1685072
1686072
1687072
1688072
1689072
1690072
1691072
1692072
1693072
1694072
1695072
1696072
1697072
1698072
1699072
1700072
1701072
1702072
1703072
1704072
1705072
1706072
1707072
1708072
1709072
1710072
1711072
1712072
1713072
1714072
1715072
1716072
1717072
1718072
1719072
1720072
1721072
1722072
1723072
1724072
1725072
1726072
1727072
1728072
1729072
1730072
1731072
1732072
1733072
1734072
1735072
1736072
1737072
1738072
1739072
1740072
1741072
1742072
1743072
1744072
1745072
1746072
1747072
1748072
1749072
1750072
1751072
1752072
1753072
1754072
1755072
1756072
1757072
1758072
1759072
1760072
1761072
1762072
1763072
1764072
1765072
1766072
1767072
1768072
1769072
1770072
1771072
1772072
1773072
1774072
1775072
1776072
1777072
1778072
1779072
1780072
1781072
1782072
1783072
1784072
1785072
1786072
1787072
1788072
1789072
1790072
1791072
1792072
1793072
1794072
1795072
1796072
1797072
1798072
1799072
800073
801073
802073
803073
804073
805073
806073
807073
808073
809073
810073
811073
812073
813073
814073
815073
816073
817073
818073
819073
820073
821073
822073
823073
824073
825073
826073
827073
828073
829073
830073
831073
832073
833073
834073
835073
836073
837073
838073
839073
840073
841073
842073
843073
844073
845073
846073
847073
848073
849073
850073
851073
852073
853073
854073
855073
856073
857073
858073
859073
860073
861073
862073
863073
864073
865073
866073
867073
868073
869073
870073
871073
872073
873073
874073
875073
876073
877073
878073
879073
880073
881073
882073
883073
884073
885073
886073
887073
888073
889073
890073
891073
892073
893073
894073
895073
896073
897073
898073
899073
900073
901073
902073
903073
904073
905073
906073
907073
908073
909073
910073
911073
912073
913073
914073
915073
916073
917073
918073
919073
920073
921073
922073
923073
924073
925073
926073
927073
928073
929073
930073
931073
932073
933073
934073
935073
936073
937073
938073
939073
940073
941073
942073
943073
944073
945073
946073
947073
948073
949073
950073
951073
952073
953073
954073
955073
956073
957073
958073
959073
960073
961073
962073
963073
964073
965073
966073
967073
968073
969073
970073
971073
972073
973073
974073
975073
976073
977073
978073
979073
980073
981073
982073
983073
984073
985073
986073
987073
988073
989073
990073
991073
992073
993073
994073
995073
996073
997073
998073
999073
1000073
1001073
1002073
1003073
1004073
1005073
1006073
1007073
1008073
1009073
1010073
1011073
1012073
1013073
1014073
1015073
1016073
1017073
1018073
1019073
1020073
1021073
1022073
1023073
1024073
1025073
1026073
1027073
1028073
1029073
1030073
1031073
1032073
1033073
1034073
1035073
1036073
1037073
1038073
1039073
1040073
1041073
1042073
1043073
1044073
1045073
1046073
1047073
1048073
1049073
1050073
1051073
1052073
1053073
1054073
1055073
1056073
1057073
1058073
1059073
1060073
1061073
1062073
1063073
1064073
1065073
1066073
1067073
1068073
1069073
1070073
1071073
1072073
1073073
1074073
1075073
1076073
1077073
1078073
1079073
1080073
1081073
1082073
1083073
1084073
1085073
1086073
1087073
1088073
1089073
1090073
1091073
1092073
1093073
1094073
1095073
1096073
1097073
1098073
1099073
1100073
1101073
1102073
1103073
1104073
1105073
1106073
1107073
1108073
1109073
1110073
1111073
1112073
1113073
1114073
1115073
1116073
1117073
1118073
1119073
1120073
1121073
1122073
1123073
1124073
1125073
1126073
1127073
1128073
1129073
1130073
1131073
1132073
1133073
1134073
1135073
1136073
1137073
1138073
1139073
1140073
1141073
1142073
1143073
1144073
1145073
1146073
1147073
1148073
1149073
1150073
1151073
1152073
1153073
1154073
1155073
1156073
1157073
1158073
1159073
1160073
1161073
1162073
1163073
1164073
1165073
1166073
1167073
1168073
1169073
1170073
1171073
1172073
1173073
1174073
1175073
1176073
1177073
1178073
1179073
1180073
1181073
1182073
1183073
1184073
1185073
1186073
1187073
1188073
1189073
1190073
1191073
1192073
1193073
1194073
1195073
1196073
1197073
1198073
1199073
1200073
1201073
1202073
1203073
1204073
1205073
1206073
1207073
1208073
1209073
1210073
1211073
1212073
1213073
1214073
1215073
1216073
1217073
1218073
1219073
1220073
1221073
1222073
1223073
1224073
1225073
1226073
1227073
1228073
1229073
1230073
1231073
1232073
1233073
1234073
1235073
1236073
1237073
1238073
1239073
1240073
1241073
1242073
1243073
1244073
1245073
1246073
1247073
1248073
1249073
1250073
1251073
1252073
1253073
1254073
1255073
1256073
1257073
1258073
1259073
1260073
1261073
1262073
1263073
1264073
1265073
1266073
1267073
1268073
1269073
1270073
1271073
1272073
1273073
1274073
1275073
1276073
1277073
1278073
1279073
1280073
1281073
1282073
1283073
1284073
1285073
1286073
1287073
1288073
1289073
1290073
1291073
1292073
1293073
1294073
1295073
1296073
1297073
1298073
1299073
1300073
1301073
1302073
1303073
1304073
1305073
1306073
1307073
1308073
1309073
1310073
1311073
1312073
1313073
1314073
1315073
1316073
1317073
1318073
1319073
1320073
1321073
1322073
1323073
1324073
1325073
1326073
1327073
1328073
1329073
1330073
1331073
1332073
1333073
1334073
1335073
1336073
1337073
1338073
1339073
1340073
1341073
1342073
1343073
1344073
1345073
1346073
1347073
1348073
1349073
1350073
1351073
1352073
1353073
1354073
1355073
1356073
1357073
1358073
1359073
1360073
1361073
1362073
1363073
1364073
1365073
1366073
1367073
1368073
1369073
1370073
1371073
1372073
1373073
1374073
1375073
1376073
1377073
1378073
1379073
1380073
1381073
1382073
1383073
1384073
1385073
1386073
1387073
1388073
1389073
1390073
1391073
1392073
1393073
1394073
1395073
1396073
1397073
1398073
1399073
1400073
1401073
1402073
1403073
1404073
1405073
1406073
1407073
1408073
1409073
1410073
1411073
1412073
1413073
1414073
1415073
1416073
1417073
1418073
1419073
1420073
1421073
1422073
1423073
1424073
1425073
1426073
1427073
1428073
1429073
1430073
1431073
1432073
1433073
1434073
1435073
1436073
1437073
1438073
1439073
1440073
1441073
1442073
1443073
1444073
1445073
1446073
1447073
1448073
1449073
1450073
1451073
1452073
1453073
1454073
1455073
1456073
1457073
1458073
1459073
1460073
1461073
1462073
1463073
1464073
1465073
1466073
1467073
1468073
1469073
1470073
1471073
1472073
1473073
1474073
1475073
1476073
1477073
1478073
1479073
1480073
1481073
1482073
1483073
1484073
1485073
1486073
1487073
1488073
1489073
1490073
1491073
1492073
1493073
1494073
1495073
1496073
1497073
1498073
1499073
1500073
1501073
1502073
1503073
1504073
1505073
1506073
1507073
1508073
1509073
1510073
1511073
1512073
1513073
1514073
1515073
1516073
1517073
1518073
1519073
1520073
1521073
1522073
1523073
1524073
1525073
1526073
1527073
1528073
1529073
1530073
1531073
1532073
1533073
1534073
1535073
1536073
1537073
1538073
1539073
1540073
1541073
1542073
1543073
1544073
1545073
1546073
1547073
1548073
1549073
1550073
1551073
1552073
1553073
1554073
1555073
1556073
1557073
1558073
1559073
1560073
1561073
1562073
1563073
1564073
1565073
1566073
1567073
1568073
1569073
1570073
1571073
1572073
1573073
1574073
1575073
1576073
1577073
1578073
1579073
1580073
1581073
1582073
1583073
1584073
1585073
1586073
1587073
1588073
1589073
1590073
1591073
1592073
1593073
1594073
1595073
1596073
1597073
1598073
1599073
1600073
1601073
1602073
1603073
1604073
1605073
1606073
1607073
1608073
1609073
1610073
1611073
1612073
1613073
1614073
1615073
1616073
1617073
1618073
1619073
1620073
1621073
1622073
1623073
1624073
1625073
1626073
1627073
1628073
1629073
1630073
1631073
1632073
1633073
1634073
1635073
1636073
1637073
1638073
1639073
1640073
1641073
1642073
1643073
1644073
1645073
1646073
1647073
1648073
1649073
1650073
1651073
1652073
1653073
1654073
1655073
1656073
1657073
1658073
1659073
1660073
1661073
1662073
1663073
1664073
1665073
1666073
1667073
1668073
1669073
1670073
1671073
1672073
1673073
1674073
1675073
1676073
1677073
1678073
1679073
1680073
1681073
1682073
1683073
1684073
1685073
1686073
1687073
1688073
1689073
1690073
1691073
1692073
1693073
1694073
1695073
1696073
1697073
1698073
1699073
1700073
1701073
1702073
1703073
1704073
1705073
1706073
1707073
1708073
1709073
1710073
1711073
1712073
1713073
1714073
1715073
1716073
1717073
1718073
1719073
1720073
1721073
1722073
1723073
1724073
1725073
1726073
1727073
1728073
1729073
1730073
1731073
1732073
1733073
1734073
1735073
1736073
1737073
1738073
1739073
1740073
1741073
1742073
1743073
1744073
1745073
1746073
1747073
1748073
1749073
1750073
1751073
1752073
1753073
1754073
1755073
1756073
1757073
1758073
1759073
1760073
1761073
1762073
1763073
1764073
1765073
1766073
1767073
1768073
1769073
1770073
1771073
1772073
1773073
1774073
1775073
1776073
1777073
1778073
1779073
1780073
1781073
1782073
1783073
1784073
1785073
1786073
1787073
1788073
1789073
1790073
1791073
1792073
1793073
1794073
1795073
1796073
1797073
1798073
1799073
800074
801074
802074
803074
804074
805074
806074
807074
808074
809074
810074
811074
812074
813074
814074
815074
816074
817074
818074
819074
820074
821074
822074
823074
824074
825074
826074
827074
828074
829074
830074
831074
832074
833074
834074
835074
836074
837074
838074
839074
840074
841074
842074
843074
844074
845074
846074
847074
848074
849074
850074
851074
852074
853074
854074
855074
856074
857074
858074
859074
860074
861074
862074
863074
864074
865074
866074
867074
868074
869074
870074
871074
872074
873074
874074
875074
876074
877074
878074
879074
880074
881074
882074
883074
884074
885074
886074
887074
888074
889074
890074
891074
892074
893074
894074
895074
896074
897074
898074
899074
900074
901074
902074
903074
904074
905074
906074
907074
908074
909074
910074
911074
912074
913074
914074
915074
916074
917074
918074
919074
920074
921074
922074
923074
924074
925074
926074
927074
928074
929074
930074
931074
932074
933074
934074
935074
936074
937074
938074
939074
940074
941074
942074
943074
944074
945074
946074
947074
948074
949074
950074
951074
952074
953074
954074
955074
956074
957074
958074
959074
960074
961074
962074
963074
964074
965074
966074
967074
968074
969074
970074
971074
972074
973074
974074
975074
976074
977074
978074
979074
980074
981074
982074
983074
984074
985074
986074
987074
988074
989074
990074
991074
992074
993074
994074
995074
996074
997074
998074
999074
1000074
1001074
1002074
1003074
1004074
1005074
1006074
1007074
1008074
1009074
1010074
1011074
1012074
1013074
1014074
1015074
1016074
1017074
1018074
1019074
1020074
1021074
1022074
1023074
1024074
1025074
1026074
1027074
1028074
1029074
1030074
1031074
1032074
1033074
1034074
1035074
1036074
1037074
1038074
1039074
1040074
1041074
1042074
1043074
1044074
1045074
1046074
1047074
1048074
1049074
1050074
1051074
1052074
1053074
1054074
1055074
1056074
1057074
1058074
1059074
1060074
1061074
1062074
1063074
1064074
1065074
1066074
1067074
1068074
1069074
1070074
1071074
1072074
1073074
1074074
1075074
1076074
1077074
1078074
1079074
1080074
1081074
1082074
1083074
1084074
1085074
1086074
1087074
1088074
1089074
1090074
1091074
1092074
1093074
1094074
1095074
1096074
1097074
1098074
1099074
1100074
1101074
1102074
1103074
1104074
1105074
1106074
1107074
1108074
1109074
1110074
1111074
1112074
1113074
1114074
1115074
1116074
1117074
1118074
1119074
1120074
1121074
1122074
1123074
1124074
1125074
1126074
1127074
1128074
1129074
1130074
1131074
1132074
1133074
1134074
1135074
1136074
1137074
1138074
1139074
1140074
1141074
1142074
1143074
1144074
1145074
1146074
1147074
1148074
1149074
1150074
1151074
1152074
1153074
1154074
1155074
1156074
1157074
1158074
1159074
1160074
1161074
1162074
1163074
1164074
1165074
1166074
1167074
1168074
1169074
1170074
1171074
1172074
1173074
1174074
1175074
1176074
1177074
1178074
1179074
1180074
1181074
1182074
1183074
1184074
1185074
1186074
1187074
1188074
1189074
1190074
1191074
1192074
1193074
1194074
1195074
1196074
1197074
1198074
1199074
1200074
1201074
1202074
1203074
1204074
1205074
1206074
1207074
1208074
1209074
1210074
1211074
1212074
1213074
1214074
1215074
1216074
1217074
1218074
1219074
1220074
1221074
1222074
1223074
1224074
1225074
1226074
1227074
1228074
1229074
1230074
1231074
1232074
1233074
1234074
1235074
1236074
1237074
1238074
1239074
1240074
1241074
1242074
1243074
1244074
1245074
1246074
1247074
1248074
1249074
1250074
1251074
1252074
1253074
1254074
1255074
1256074
1257074
1258074
1259074
1260074
1261074
1262074
1263074
1264074
1265074
1266074
1267074
1268074
1269074
1270074
1271074
1272074
1273074
1274074
1275074
1276074
1277074
1278074
1279074
1280074
1281074
1282074
1283074
1284074
1285074
1286074
1287074
1288074
1289074
1290074
1291074
1292074
1293074
1294074
1295074
1296074
1297074
1298074
1299074
1300074
1301074
1302074
1303074
1304074
1305074
1306074
1307074
1308074
1309074
1310074
1311074
1312074
1313074
1314074
1315074
1316074
1317074
1318074
1319074
1320074
1321074
1322074
1323074
1324074
1325074
1326074
1327074
1328074
1329074
1330074
1331074
1332074
1333074
1334074
1335074
1336074
1337074
1338074
1339074
1340074
1341074
1342074
1343074
1344074
1345074
1346074
1347074
1348074
1349074
1350074
1351074
1352074
1353074
1354074
1355074
1356074
1357074
1358074
1359074
1360074
1361074
1362074
1363074
1364074
1365074
1366074
1367074
1368074
1369074
1370074
1371074
1372074
1373074
1374074
1375074
1376074
1377074
1378074
1379074
1380074
1381074
1382074
1383074
1384074
1385074
1386074
1387074
1388074
1389074
1390074
1391074
1392074
1393074
1394074
1395074
1396074
1397074
1398074
1399074
1400074
1401074
1402074
1403074
1404074
1405074
1406074
1407074
1408074
1409074
1410074
1411074
1412074
1413074
1414074
1415074
1416074
1417074
1418074
1419074
1420074
1421074
1422074
1423074
1424074
1425074
1426074
1427074
1428074
1429074
1430074
1431074
1432074
1433074
1434074
1435074
1436074
1437074
1438074
1439074
1440074
1441074
1442074
1443074
1444074
1445074
1446074
1447074
1448074
1449074
1450074
1451074
1452074
1453074
1454074
1455074
1456074
1457074
1458074
1459074
1460074
1461074
1462074
1463074
1464074
1465074
1466074
1467074
1468074
1469074
1470074
1471074
1472074
1473074
1474074
1475074
1476074
1477074
1478074
1479074
1480074
1481074
1482074
1483074
1484074
1485074
1486074
1487074
1488074
1489074
1490074
1491074
1492074
1493074
1494074
1495074
1496074
1497074
1498074
1499074
1500074
1501074
1502074
1503074
1504074
1505074
1506074
1507074
1508074
1509074
1510074
1511074
1512074
1513074
1514074
1515074
1516074
1517074
1518074
1519074
1520074
1521074
1522074
1523074
1524074
1525074
1526074
1527074
1528074
1529074
1530074
1531074
1532074
1533074
1534074
1535074
1536074
1537074
1538074
1539074
1540074
1541074
1542074
1543074
1544074
1545074
1546074
1547074
1548074
1549074
1550074
1551074
1552074
1553074
1554074
1555074
1556074
1557074
1558074
1559074
1560074
1561074
1562074
1563074
1564074
1565074
1566074
1567074
1568074
1569074
1570074
1571074
1572074
1573074
1574074
1575074
1576074
1577074
1578074
1579074
1580074
1581074
1582074
1583074
1584074
1585074
1586074
1587074
1588074
1589074
1590074
1591074
1592074
1593074
1594074
1595074
1596074
1597074
1598074
1599074
1600074
1601074
1602074
1603074
1604074
1605074
1606074
1607074
1608074
1609074
1610074
1611074
1612074
1613074
1614074
1615074
1616074
1617074
1618074
1619074
1620074
1621074
1622074
1623074
1624074
1625074
1626074
1627074
1628074
1629074
1630074
1631074
1632074
1633074
1634074
1635074
1636074
1637074
1638074
1639074
1640074
1641074
1642074
1643074
1644074
1645074
1646074
1647074
1648074
1649074
1650074
1651074
1652074
1653074
1654074
1655074
1656074
1657074
1658074
1659074
1660074
1661074
1662074
1663074
1664074
1665074
1666074
1667074
1668074
1669074
1670074
1671074
1672074
1673074
1674074
1675074
1676074
1677074
1678074
1679074
1680074
1681074
1682074
1683074
1684074
1685074
1686074
1687074
1688074
1689074
1690074
1691074
1692074
1693074
1694074
1695074
1696074
1697074
1698074
1699074
1700074
1701074
1702074
1703074
1704074
1705074
1706074
1707074
1708074
1709074
1710074
1711074
1712074
1713074
1714074
1715074
1716074
1717074
1718074
1719074
1720074
1721074
1722074
1723074
1724074
1725074
1726074
1727074
1728074
1729074
1730074
1731074
1732074
1733074
1734074
1735074
1736074
1737074
1738074
1739074
1740074
1741074
1742074
1743074
1744074
1745074
1746074
1747074
1748074
1749074
1750074
1751074
1752074
1753074
1754074
1755074
1756074
1757074
1758074
1759074
1760074
1761074
1762074
1763074
1764074
1765074
1766074
1767074
1768074
1769074
1770074
1771074
1772074
1773074
1774074
1775074
1776074
1777074
1778074
1779074
1780074
1781074
1782074
1783074
1784074
1785074
1786074
1787074
1788074
1789074
1790074
1791074
1792074
1793074
1794074
1795074
1796074
1797074
1798074
1799074
800075
801075
802075
803075
804075
805075
806075
807075
808075
809075
810075
811075
812075
813075
814075
815075
816075
817075
818075
819075
820075
821075
822075
823075
824075
825075
826075
827075
828075
829075
830075
831075
832075
833075
834075
835075
836075
837075
838075
839075
840075
841075
842075
843075
844075
845075
846075
847075
848075
849075
850075
851075
852075
853075
854075
855075
856075
857075
858075
859075
860075
861075
862075
863075
864075
865075
866075
867075
868075
869075
870075
871075
872075
873075
874075
875075
876075
877075
878075
879075
880075
881075
882075
883075
884075
885075
886075
887075
888075
889075
890075
891075
892075
893075
894075
895075
896075
897075
898075
899075
900075
901075
902075
903075
904075
905075
906075
907075
908075
909075
910075
911075
912075
913075
914075
915075
916075
917075
918075
919075
920075
921075
922075
923075
924075
925075
926075
927075
928075
929075
930075
931075
932075
933075
934075
935075
936075
937075
938075
939075
940075
941075
942075
943075
944075
945075
946075
947075
948075
949075
950075
951075
952075
953075
954075
955075
956075
957075
958075
959075
960075
961075
962075
963075
964075
965075
966075
967075
968075
969075
970075
971075
972075
973075
974075
975075
976075
977075
978075
979075
980075
981075
982075
983075
984075
985075
986075
987075
988075
989075
990075
991075
992075
993075
994075
995075
996075
997075
998075
999075
1000075
1001075
1002075
1003075
1004075
1005075
1006075
1007075
1008075
1009075
1010075
1011075
1012075
1013075
1014075
1015075
1016075
1017075
1018075
1019075
1020075
1021075
1022075
1023075
1024075
1025075
1026075
1027075
1028075
1029075
1030075
1031075
1032075
1033075
1034075
1035075
1036075
1037075
1038075
1039075
1040075
1041075
1042075
1043075
1044075
1045075
1046075
1047075
1048075
1049075
1050075
1051075
1052075
1053075
1054075
1055075
1056075
1057075
1058075
1059075
1060075
1061075
1062075
1063075
1064075
1065075
1066075
1067075
1068075
1069075
1070075
1071075
1072075
1073075
1074075
1075075
1076075
1077075
1078075
1079075
1080075
1081075
1082075
1083075
1084075
1085075
1086075
1087075
1088075
1089075
1090075
1091075
1092075
1093075
1094075
1095075
1096075
1097075
1098075
1099075
1100075
1101075
1102075
1103075
1104075
1105075
1106075
1107075
1108075
1109075
1110075
1111075
1112075
1113075
1114075
1115075
1116075
1117075
1118075
1119075
1120075
1121075
1122075
1123075
1124075
1125075
1126075
1127075
1128075
1129075
1130075
1131075
1132075
1133075
1134075
1135075
1136075
1137075
1138075
1139075
1140075
1141075
1142075
1143075
1144075
1145075
1146075
1147075
1148075
1149075
1150075
1151075
1152075
1153075
1154075
1155075
1156075
1157075
1158075
1159075
1160075
1161075
1162075
1163075
1164075
1165075
1166075
1167075
1168075
1169075
1170075
1171075
1172075
1173075
1174075
1175075
1176075
1177075
1178075
1179075
1180075
1181075
1182075
1183075
1184075
1185075
1186075
1187075
1188075
1189075
1190075
1191075
1192075
1193075
1194075
1195075
1196075
1197075
1198075
1199075
1200075
1201075
1202075
1203075
1204075
1205075
1206075
1207075
1208075
1209075
1210075
1211075
1212075
1213075
1214075
1215075
1216075
1217075
1218075
1219075
1220075
1221075
1222075
1223075
1224075
1225075
1226075
1227075
1228075
1229075
1230075
1231075
1232075
1233075
1234075
1235075
1236075
1237075
1238075
1239075
1240075
1241075
1242075
1243075
1244075
1245075
1246075
1247075
1248075
1249075
1250075
1251075
1252075
1253075
1254075
1255075
1256075
1257075
1258075
1259075
1260075
1261075
1262075
1263075
1264075
1265075
1266075
1267075
1268075
1269075
1270075
1271075
1272075
1273075
1274075
1275075
1276075
1277075
1278075
1279075
1280075
1281075
1282075
1283075
1284075
1285075
1286075
1287075
1288075
1289075
1290075
1291075
1292075
1293075
1294075
1295075
1296075
1297075
1298075
1299075
1300075
1301075
1302075
1303075
1304075
1305075
1306075
1307075
1308075
1309075
1310075
1311075
1312075
1313075
1314075
1315075
1316075
1317075
1318075
1319075
1320075
1321075
1322075
1323075
1324075
1325075
1326075
1327075
1328075
1329075
1330075
1331075
1332075
1333075
1334075
1335075
1336075
1337075
1338075
1339075
1340075
1341075
1342075
1343075
1344075
1345075
1346075
1347075
1348075
1349075
1350075
1351075
1352075
1353075
1354075
1355075
1356075
1357075
1358075
1359075
1360075
1361075
1362075
1363075
1364075
1365075
1366075
1367075
1368075
1369075
1370075
1371075
1372075
1373075
1374075
1375075
1376075
1377075
1378075
1379075
1380075
1381075
1382075
1383075
1384075
1385075
1386075
1387075
1388075
1389075
1390075
1391075
1392075
1393075
1394075
1395075
1396075
1397075
1398075
1399075
1400075
1401075
1402075
1403075
1404075
1405075
1406075
1407075
1408075
1409075
1410075
1411075
1412075
1413075
1414075
1415075
1416075
1417075
1418075
1419075
1420075
1421075
1422075
1423075
1424075
1425075
1426075
1427075
1428075
1429075
1430075
1431075
1432075
1433075
1434075
1435075
1436075
1437075
1438075
1439075
1440075
1441075
1442075
1443075
1444075
1445075
1446075
1447075
1448075
1449075
1450075
1451075
1452075
1453075
1454075
1455075
1456075
1457075
1458075
1459075
1460075
1461075
1462075
1463075
1464075
1465075
1466075
1467075
1468075
1469075
1470075
1471075
1472075
1473075
1474075
1475075
1476075
1477075
1478075
1479075
1480075
1481075
1482075
1483075
1484075
1485075
1486075
1487075
1488075
1489075
1490075
1491075
1492075
1493075
1494075
1495075
1496075
1497075
1498075
1499075
1500075
1501075
1502075
1503075
1504075
1505075
1506075
1507075
1508075
1509075
1510075
1511075
1512075
1513075
1514075
1515075
1516075
1517075
1518075
1519075
1520075
1521075
1522075
1523075
1524075
1525075
1526075
1527075
1528075
1529075
1530075
1531075
1532075
1533075
1534075
1535075
1536075
1537075
1538075
1539075
1540075
1541075
1542075
1543075
1544075
1545075
1546075
1547075
1548075
1549075
1550075
1551075
1552075
1553075
1554075
1555075
1556075
1557075
1558075
1559075
1560075
1561075
1562075
1563075
1564075
1565075
1566075
1567075
1568075
1569075
1570075
1571075
1572075
1573075
1574075
1575075
1576075
1577075
1578075
1579075
1580075
1581075
1582075
1583075
1584075
1585075
1586075
1587075
1588075
1589075
1590075
1591075
1592075
1593075
1594075
1595075
1596075
1597075
1598075
1599075
1600075
1601075
1602075
1603075
1604075
1605075
1606075
1607075
1608075
1609075
1610075
1611075
1612075
1613075
1614075
1615075
1616075
1617075
1618075
1619075
1620075
1621075
1622075
1623075
1624075
1625075
1626075
1627075
1628075
1629075
1630075
1631075
1632075
1633075
1634075
1635075
1636075
1637075
1638075
1639075
1640075
1641075
1642075
1643075
1644075
1645075
1646075
1647075
1648075
1649075
1650075
1651075
1652075
1653075
1654075
1655075
1656075
1657075
1658075
1659075
1660075
1661075
1662075
1663075
1664075
1665075
1666075
1667075
1668075
1669075
1670075
1671075
1672075
1673075
1674075
1675075
1676075
1677075
1678075
1679075
1680075
1681075
1682075
1683075
1684075
1685075
1686075
1687075
1688075
1689075
1690075
1691075
1692075
1693075
1694075
1695075
1696075
1697075
1698075
1699075
1700075
1701075
1702075
1703075
1704075
1705075
1706075
1707075
1708075
1709075
1710075
1711075
1712075
1713075
1714075
1715075
1716075
1717075
1718075
1719075
1720075
1721075
1722075
1723075
1724075
1725075
1726075
1727075
1728075
1729075
1730075
1731075
1732075
1733075
1734075
1735075
1736075
1737075
1738075
1739075
1740075
1741075
1742075
1743075
1744075
1745075
1746075
1747075
1748075
1749075
1750075
1751075
1752075
1753075
1754075
1755075
1756075
1757075
1758075
1759075
1760075
1761075
1762075
1763075
1764075
1765075
1766075
1767075
1768075
1769075
1770075
1771075
1772075
1773075
1774075
1775075
1776075
1777075
1778075
1779075
1780075
1781075
1782075
1783075
1784075
1785075
1786075
1787075
1788075
1789075
1790075
1791075
1792075
1793075
1794075
1795075
1796075
1797075
1798075
1799075
800076
801076
802076
803076
804076
805076
806076
807076
808076
809076
810076
811076
812076
813076
814076
815076
816076
817076
818076
819076
820076
821076
822076
823076
824076
825076
826076
827076
828076
829076
830076
831076
832076
833076
834076
835076
836076
837076
838076
839076
840076
841076
842076
843076
844076
845076
846076
847076
848076
849076
850076
851076
852076
853076
854076
855076
856076
857076
858076
859076
860076
861076
862076
863076
864076
865076
866076
867076
868076
869076
870076
871076
872076
873076
874076
875076
876076
877076
878076
879076
880076
881076
882076
883076
884076
885076
886076
887076
888076
889076
890076
891076
892076
893076
894076
895076
896076
897076
898076
899076
900076
901076
902076
903076
904076
905076
906076
907076
908076
909076
910076
911076
912076
913076
914076
915076
916076
917076
918076
919076
920076
921076
922076
923076
924076
925076
926076
927076
928076
929076
930076
931076
932076
933076
934076
935076
936076
937076
938076
939076
940076
941076
942076
943076
944076
945076
946076
947076
948076
949076
950076
951076
952076
953076
954076
955076
956076
957076
958076
959076
960076
961076
962076
963076
964076
965076
966076
967076
968076
969076
970076
971076
972076
973076
974076
975076
976076
977076
978076
979076
980076
981076
982076
983076
984076
985076
986076
987076
988076
989076
990076
991076
992076
993076
994076
995076
996076
997076
998076
999076
1000076
1001076
1002076
1003076
1004076
1005076
1006076
1007076
1008076
1009076
1010076
1011076
1012076
1013076
1014076
1015076
1016076
1017076
1018076
1019076
1020076
1021076
1022076
1023076
1024076
1025076
1026076
1027076
1028076
1029076
1030076
1031076
1032076
1033076
1034076
1035076
1036076
1037076
1038076
1039076
1040076
1041076
1042076
1043076
1044076
1045076
1046076
1047076
1048076
1049076
1050076
1051076
1052076
1053076
1054076
1055076
1056076
1057076
1058076
1059076
1060076
1061076
1062076
1063076
1064076
1065076
1066076
1067076
1068076
1069076
1070076
1071076
1072076
1073076
1074076
1075076
1076076
1077076
1078076
1079076
1080076
1081076
1082076
1083076
1084076
1085076
1086076
1087076
1088076
1089076
1090076
1091076
1092076
1093076
1094076
1095076
1096076
1097076
1098076
1099076
1100076
1101076
1102076
1103076
1104076
1105076
1106076
1107076
1108076
1109076
1110076
1111076
1112076
1113076
1114076
1115076
1116076
1117076
1118076
1119076
1120076
1121076
1122076
1123076
1124076
1125076
1126076
1127076
1128076
1129076
1130076
1131076
1132076
1133076
1134076
1135076
1136076
1137076
1138076
1139076
1140076
1141076
1142076
1143076
1144076
1145076
1146076
1147076
1148076
1149076
1150076
1151076
1152076
1153076
1154076
1155076
1156076
1157076
1158076
1159076
1160076
1161076
1162076
1163076
1164076
1165076
1166076
1167076
1168076
1169076
1170076
1171076
1172076
1173076
1174076
1175076
1176076
1177076
1178076
1179076
1180076
1181076
1182076
1183076
1184076
1185076
1186076
1187076
1188076
1189076
1190076
1191076
1192076
1193076
1194076
1195076
1196076
1197076
1198076
1199076
1200076
1201076
1202076
1203076
1204076
1205076
1206076
1207076
1208076
1209076
1210076
1211076
1212076
1213076
1214076
1215076
1216076
1217076
1218076
1219076
1220076
1221076
1222076
1223076
1224076
1225076
1226076
1227076
1228076
1229076
1230076
1231076
1232076
1233076
1234076
1235076
1236076
1237076
1238076
1239076
1240076
1241076
1242076
1243076
1244076
1245076
1246076
1247076
1248076
1249076
1250076
1251076
1252076
1253076
1254076
1255076
1256076
1257076
1258076
1259076
1260076
1261076
1262076
1263076
1264076
1265076
1266076
1267076
1268076
1269076
1270076
1271076
1272076
1273076
1274076
1275076
1276076
1277076
1278076
1279076
1280076
1281076
1282076
1283076
1284076
1285076
1286076
1287076
1288076
1289076
1290076
1291076
1292076
1293076
1294076
1295076
1296076
1297076
1298076
1299076
1300076
1301076
1302076
1303076
1304076
1305076
1306076
1307076
1308076
1309076
1310076
1311076
1312076
1313076
1314076
1315076
1316076
1317076
1318076
1319076
1320076
1321076
1322076
1323076
1324076
1325076
1326076
1327076
1328076
1329076
1330076
1331076
1332076
1333076
1334076
1335076
1336076
1337076
1338076
1339076
1340076
1341076
1342076
1343076
1344076
1345076
1346076
1347076
1348076
1349076
1350076
1351076
1352076
1353076
1354076
1355076
1356076
1357076
1358076
1359076
1360076
1361076
1362076
1363076
1364076
1365076
1366076
1367076
1368076
1369076
1370076
1371076
1372076
1373076
1374076
1375076
1376076
1377076
1378076
1379076
1380076
1381076
1382076
1383076
1384076
1385076
1386076
1387076
1388076
1389076
1390076
1391076
1392076
1393076
1394076
1395076
1396076
1397076
1398076
1399076
1400076
1401076
1402076
1403076
1404076
1405076
1406076
1407076
1408076
1409076
1410076
1411076
1412076
1413076
1414076
1415076
1416076
1417076
1418076
1419076
1420076
1421076
1422076
1423076
1424076
1425076
1426076
1427076
1428076
1429076
1430076
1431076
1432076
1433076
1434076
1435076
1436076
1437076
1438076
1439076
1440076
1441076
1442076
1443076
1444076
1445076
1446076
1447076
1448076
1449076
1450076
1451076
1452076
1453076
1454076
1455076
1456076
1457076
1458076
1459076
1460076
1461076
1462076
1463076
1464076
1465076
1466076
1467076
1468076
1469076
1470076
1471076
1472076
1473076
1474076
1475076
1476076
1477076
1478076
1479076
1480076
1481076
1482076
1483076
1484076
1485076
1486076
1487076
1488076
1489076
1490076
1491076
1492076
1493076
1494076
1495076
1496076
1497076
1498076
1499076
1500076
1501076
1502076
1503076
1504076
1505076
1506076
1507076
1508076
1509076
1510076
1511076
1512076
1513076
1514076
1515076
1516076
1517076
1518076
1519076
1520076
1521076
1522076
1523076
1524076
1525076
1526076
1527076
1528076
1529076
1530076
1531076
1532076
1533076
1534076
1535076
1536076
1537076
1538076
1539076
1540076
1541076
1542076
1543076
1544076
1545076
1546076
1547076
1548076
1549076
1550076
1551076
1552076
1553076
1554076
1555076
1556076
1557076
1558076
1559076
1560076
1561076
1562076
1563076
1564076
1565076
1566076
1567076
1568076
1569076
1570076
1571076
1572076
1573076
1574076
1575076
1576076
1577076
1578076
1579076
1580076
1581076
1582076
1583076
1584076
1585076
1586076
1587076
1588076
1589076
1590076
1591076
1592076
1593076
1594076
1595076
1596076
1597076
1598076
1599076
1600076
1601076
1602076
1603076
1604076
1605076
1606076
1607076
1608076
1609076
1610076
1611076
1612076
1613076
1614076
1615076
1616076
1617076
1618076
1619076
1620076
1621076
1622076
1623076
1624076
1625076
1626076
1627076
1628076
1629076
1630076
1631076
1632076
1633076
1634076
1635076
1636076
1637076
1638076
1639076
1640076
1641076
1642076
1643076
1644076
1645076
1646076
1647076
1648076
1649076
1650076
1651076
1652076
1653076
1654076
1655076
1656076
1657076
1658076
1659076
1660076
1661076
1662076
1663076
1664076
1665076
1666076
1667076
1668076
1669076
1670076
1671076
1672076
1673076
1674076
1675076
1676076
1677076
1678076
1679076
1680076
1681076
1682076
1683076
1684076
1685076
1686076
1687076
1688076
1689076
1690076
1691076
1692076
1693076
1694076
1695076
1696076
1697076
1698076
1699076
1700076
1701076
1702076
1703076
1704076
1705076
1706076
1707076
1708076
1709076
1710076
1711076
1712076
1713076
1714076
1715076
1716076
1717076
1718076
1719076
1720076
1721076
1722076
1723076
1724076
1725076
1726076
1727076
1728076
1729076
1730076
1731076
1732076
1733076
1734076
1735076
1736076
1737076
1738076
1739076
1740076
1741076
1742076
1743076
1744076
1745076
1746076
1747076
1748076
1749076
1750076
1751076
1752076
1753076
1754076
1755076
1756076
1757076
1758076
1759076
1760076
1761076
1762076
1763076
1764076
1765076
1766076
1767076
1768076
1769076
1770076
1771076
1772076
1773076
1774076
1775076
1776076
1777076
1778076
1779076
1780076
1781076
1782076
1783076
1784076
1785076
1786076
1787076
1788076
1789076
1790076
1791076
1792076
1793076
1794076
1795076
1796076
1797076
1798076
1799076
800077
801077
802077
803077
804077
805077
806077
807077
808077
809077
810077
811077
812077
813077
814077
815077
816077
817077
818077
819077
820077
821077
822077
823077
824077
825077
826077
827077
828077
829077
830077
831077
832077
833077
834077
835077
836077
837077
838077
839077
840077
841077
842077
843077
844077
845077
846077
847077
848077
849077
850077
851077
852077
853077
854077
855077
856077
857077
858077
859077
860077
861077
862077
863077
864077
865077
866077
867077
868077
869077
870077
871077
872077
873077
874077
875077
876077
877077
878077
879077
880077
881077
882077
883077
884077
885077
886077
887077
888077
889077
890077
891077
892077
893077
894077
895077
896077
897077
898077
899077
900077
901077
902077
903077
904077
905077
906077
907077
908077
909077
910077
911077
912077
913077
914077
915077
916077
917077
918077
919077
920077
921077
922077
923077
924077
925077
926077
927077
928077
929077
930077
931077
932077
933077
934077
935077
936077
937077
938077
939077
940077
941077
942077
943077
944077
945077
946077
947077
948077
949077
950077
951077
952077
953077
954077
955077
956077
957077
958077
959077
960077
961077
962077
963077
964077
965077
966077
967077
968077
969077
970077
971077
972077
973077
974077
975077
976077
977077
978077
979077
980077
981077
982077
983077
984077
985077
986077
987077
988077
989077
990077
991077
992077
993077
994077
995077
996077
997077
998077
999077
1000077
1001077
1002077
1003077
1004077
1005077
1006077
1007077
1008077
1009077
1010077
1011077
1012077
1013077
1014077
1015077
1016077
1017077
1018077
1019077
1020077
1021077
1022077
1023077
1024077
1025077
1026077
1027077
1028077
1029077
1030077
1031077
1032077
1033077
1034077
1035077
1036077
1037077
1038077
1039077
1040077
1041077
1042077
1043077
1044077
1045077
1046077
1047077
1048077
1049077
1050077
1051077
1052077
1053077
1054077
1055077
1056077
1057077
1058077
1059077
1060077
1061077
1062077
1063077
1064077
1065077
1066077
1067077
1068077
1069077
1070077
1071077
1072077
1073077
1074077
1075077
1076077
1077077
1078077
1079077
1080077
1081077
1082077
1083077
1084077
1085077
1086077
1087077
1088077
1089077
1090077
1091077
1092077
1093077
1094077
1095077
1096077
1097077
1098077
1099077
1100077
1101077
1102077
1103077
1104077
1105077
1106077
1107077
1108077
1109077
1110077
1111077
1112077
1113077
1114077
1115077
1116077
1117077
1118077
1119077
1120077
1121077
1122077
1123077
1124077
1125077
1126077
1127077
1128077
1129077
1130077
1131077
1132077
1133077
1134077
1135077
1136077
1137077
1138077
1139077
1140077
1141077
1142077
1143077
1144077
1145077
1146077
1147077
1148077
1149077
1150077
1151077
1152077
1153077
1154077
1155077
1156077
1157077
1158077
1159077
1160077
1161077
1162077
1163077
1164077
1165077
1166077
1167077
1168077
1169077
1170077
1171077
1172077
1173077
1174077
1175077
1176077
1177077
1178077
1179077
1180077
1181077
1182077
1183077
1184077
1185077
1186077
1187077
1188077
1189077
1190077
1191077
1192077
1193077
1194077
1195077
1196077
1197077
1198077
1199077
1200077
1201077
1202077
1203077
1204077
1205077
1206077
1207077
1208077
1209077
1210077
1211077
1212077
1213077
1214077
1215077
1216077
1217077
1218077
1219077
1220077
1221077
1222077
1223077
1224077
1225077
1226077
1227077
1228077
1229077
1230077
1231077
1232077
1233077
1234077
1235077
1236077
1237077
1238077
1239077
1240077
1241077
1242077
1243077
1244077
1245077
1246077
1247077
1248077
1249077
1250077
1251077
1252077
1253077
1254077
1255077
1256077
1257077
1258077
1259077
1260077
1261077
1262077
1263077
1264077
1265077
1266077
1267077
1268077
1269077
1270077
1271077
1272077
1273077
1274077
1275077
1276077
1277077
1278077
1279077
1280077
1281077
1282077
1283077
1284077
1285077
1286077
1287077
1288077
1289077
1290077
1291077
1292077
1293077
1294077
1295077
1296077
1297077
1298077
1299077
1300077
1301077
1302077
1303077
1304077
1305077
1306077
1307077
1308077
1309077
1310077
1311077
1312077
1313077
1314077
1315077
1316077
1317077
1318077
1319077
1320077
1321077
1322077
1323077
1324077
1325077
1326077
1327077
1328077
1329077
1330077
1331077
1332077
1333077
1334077
1335077
1336077
1337077
1338077
1339077
1340077
1341077
1342077
1343077
1344077
1345077
1346077
1347077
1348077
1349077
1350077
1351077
1352077
1353077
1354077
1355077
1356077
1357077
1358077
1359077
1360077
1361077
1362077
1363077
1364077
1365077
1366077
1367077
1368077
1369077
1370077
1371077
1372077
1373077
1374077
1375077
1376077
1377077
1378077
1379077
1380077
1381077
1382077
1383077
1384077
1385077
1386077
1387077
1388077
1389077
1390077
1391077
1392077
1393077
1394077
1395077
1396077
1397077
1398077
1399077
1400077
1401077
1402077
1403077
1404077
1405077
1406077
1407077
1408077
1409077
1410077
1411077
1412077
1413077
1414077
1415077
1416077
1417077
1418077
1419077
1420077
1421077
1422077
1423077
1424077
1425077
1426077
1427077
1428077
1429077
1430077
1431077
1432077
1433077
1434077
1435077
1436077
1437077
1438077
1439077
1440077
1441077
1442077
1443077
1444077
1445077
1446077
1447077
1448077
1449077
1450077
1451077
1452077
1453077
1454077
1455077
1456077
1457077
1458077
1459077
1460077
1461077
1462077
1463077
1464077
1465077
1466077
1467077
1468077
1469077
1470077
1471077
1472077
1473077
1474077
1475077
1476077
1477077
1478077
1479077
1480077
1481077
1482077
1483077
1484077
1485077
1486077
1487077
1488077
1489077
1490077
1491077
1492077
1493077
1494077
1495077
1496077
1497077
1498077
1499077
1500077
1501077
1502077
1503077
1504077
1505077
1506077
1507077
1508077
1509077
1510077
1511077
1512077
1513077
1514077
1515077
1516077
1517077
1518077
1519077
1520077
1521077
1522077
1523077
1524077
1525077
1526077
1527077
1528077
1529077
1530077
1531077
1532077
1533077
1534077
1535077
1536077
1537077
1538077
1539077
1540077
1541077
1542077
1543077
1544077
1545077
1546077
1547077
1548077
1549077
1550077
1551077
1552077
1553077
1554077
1555077
1556077
1557077
1558077
1559077
1560077
1561077
1562077
1563077
1564077
1565077
1566077
1567077
1568077
1569077
1570077
1571077
1572077
1573077
1574077
1575077
1576077
1577077
1578077
1579077
1580077
1581077
1582077
1583077
1584077
1585077
1586077
1587077
1588077
1589077
1590077
1591077
1592077
1593077
1594077
1595077
1596077
1597077
1598077
1599077
1600077
1601077
1602077
1603077
1604077
1605077
1606077
1607077
1608077
1609077
1610077
1611077
1612077
1613077
1614077
1615077
1616077
1617077
1618077
1619077
1620077
1621077
1622077
1623077
1624077
1625077
1626077
1627077
1628077
1629077
1630077
1631077
1632077
1633077
1634077
1635077
1636077
1637077
1638077
1639077
1640077
1641077
1642077
1643077
1644077
1645077
1646077
1647077
1648077
1649077
1650077
1651077
1652077
1653077
1654077
1655077
1656077
1657077
1658077
1659077
1660077
1661077
1662077
1663077
1664077
1665077
1666077
1667077
1668077
1669077
1670077
1671077
1672077
1673077
1674077
1675077
1676077
1677077
1678077
1679077
1680077
1681077
1682077
1683077
1684077
1685077
1686077
1687077
1688077
1689077
1690077
1691077
1692077
1693077
1694077
1695077
1696077
1697077
1698077
1699077
1700077
1701077
1702077
1703077
1704077
1705077
1706077
1707077
1708077
1709077
1710077
1711077
1712077
1713077
1714077
1715077
1716077
1717077
1718077
1719077
1720077
1721077
1722077
1723077
1724077
1725077
1726077
1727077
1728077
1729077
1730077
1731077
1732077
1733077
1734077
1735077
1736077
1737077
1738077
1739077
1740077
1741077
1742077
1743077
1744077
1745077
1746077
1747077
1748077
1749077
1750077
1751077
1752077
1753077
1754077
1755077
1756077
1757077
1758077
1759077
1760077
1761077
1762077
1763077
1764077
1765077
1766077
1767077
1768077
1769077
1770077
1771077
1772077
1773077
1774077
1775077
1776077
1777077
1778077
1779077
1780077
1781077
1782077
1783077
1784077
1785077
1786077
1787077
1788077
1789077
1790077
1791077
1792077
1793077
1794077
1795077
1796077
1797077
1798077
1799077
800078
801078
802078
803078
804078
805078
806078
807078
808078
809078
810078
811078
812078
813078
814078
815078
816078
817078
818078
819078
820078
821078
822078
823078
824078
825078
826078
827078
828078
829078
830078
831078
832078
833078
834078
835078
836078
837078
838078
839078
840078
841078
842078
843078
844078
845078
846078
847078
848078
849078
850078
851078
852078
853078
854078
855078
856078
857078
858078
859078
860078
861078
862078
863078
864078
865078
866078
867078
868078
869078
870078
871078
872078
873078
874078
875078
876078
877078
878078
879078
880078
881078
882078
883078
884078
885078
886078
887078
888078
889078
890078
891078
892078
893078
894078
895078
896078
897078
898078
899078
900078
901078
902078
903078
904078
905078
906078
907078
908078
909078
910078
911078
912078
913078
914078
915078
916078
917078
918078
919078
920078
921078
922078
923078
924078
925078
926078
927078
928078
929078
930078
931078
932078
933078
934078
935078
936078
937078
938078
939078
940078
941078
942078
943078
944078
945078
946078
947078
948078
949078
950078
951078
952078
953078
954078
955078
956078
957078
958078
959078
960078
961078
962078
963078
964078
965078
966078
967078
968078
969078
970078
971078
972078
973078
974078
975078
976078
977078
978078
979078
980078
981078
982078
983078
984078
985078
986078
987078
988078
989078
990078
991078
992078
993078
994078
995078
996078
997078
998078
999078
1000078
1001078
1002078
1003078
1004078
1005078
1006078
1007078
1008078
1009078
1010078
1011078
1012078
1013078
1014078
1015078
1016078
1017078
1018078
1019078
1020078
1021078
1022078
1023078
1024078
1025078
1026078
1027078
1028078
1029078
1030078
1031078
1032078
1033078
1034078
1035078
1036078
1037078
1038078
1039078
1040078
1041078
1042078
1043078
1044078
1045078
1046078
1047078
1048078
1049078
1050078
1051078
1052078
1053078
1054078
1055078
1056078
1057078
1058078
1059078
1060078
1061078
1062078
1063078
1064078
1065078
1066078
1067078
1068078
1069078
1070078
1071078
1072078
1073078
1074078
1075078
1076078
1077078
1078078
1079078
1080078
1081078
1082078
1083078
1084078
1085078
1086078
1087078
1088078
1089078
1090078
1091078
1092078
1093078
1094078
1095078
1096078
1097078
1098078
1099078
1100078
1101078
1102078
1103078
1104078
1105078
1106078
1107078
1108078
1109078
1110078
1111078
1112078
1113078
1114078
1115078
1116078
1117078
1118078
1119078
1120078
1121078
1122078
1123078
1124078
1125078
1126078
1127078
1128078
1129078
1130078
1131078
1132078
1133078
1134078
1135078
1136078
1137078
1138078
1139078
1140078
1141078
1142078
1143078
1144078
1145078
1146078
1147078
1148078
1149078
1150078
1151078
1152078
1153078
1154078
1155078
1156078
1157078
1158078
1159078
1160078
1161078
1162078
1163078
1164078
1165078
1166078
1167078
1168078
1169078
1170078
1171078
1172078
1173078
1174078
1175078
1176078
1177078
1178078
1179078
1180078
1181078
1182078
1183078
1184078
1185078
1186078
1187078
1188078
1189078
1190078
1191078
1192078
1193078
1194078
1195078
1196078
1197078
1198078
1199078
1200078
1201078
1202078
1203078
1204078
1205078
1206078
1207078
1208078
1209078
1210078
1211078
1212078
1213078
1214078
1215078
1216078
1217078
1218078
1219078
1220078
1221078
1222078
1223078
1224078
1225078
1226078
1227078
1228078
1229078
1230078
1231078
1232078
1233078
1234078
1235078
1236078
1237078
1238078
1239078
1240078
1241078
1242078
1243078
1244078
1245078
1246078
1247078
1248078
1249078
1250078
1251078
1252078
1253078
1254078
1255078
1256078
1257078
1258078
1259078
1260078
1261078
1262078
1263078
1264078
1265078
1266078
1267078
1268078
1269078
1270078
1271078
1272078
1273078
1274078
1275078
1276078
1277078
1278078
1279078
1280078
1281078
1282078
1283078
1284078
1285078
1286078
1287078
1288078
1289078
1290078
1291078
1292078
1293078
1294078
1295078
1296078
1297078
1298078
1299078
1300078
1301078
1302078
1303078
1304078
1305078
1306078
1307078
1308078
1309078
1310078
1311078
1312078
1313078
1314078
1315078
1316078
1317078
1318078
1319078
1320078
1321078
1322078
1323078
1324078
1325078
1326078
1327078
1328078
1329078
1330078
1331078
1332078
1333078
1334078
1335078
1336078
1337078
1338078
1339078
1340078
1341078
1342078
1343078
1344078
1345078
1346078
1347078
1348078
1349078
1350078
1351078
1352078
1353078
1354078
1355078
1356078
1357078
1358078
1359078
1360078
1361078
1362078
1363078
1364078
1365078
1366078
1367078
1368078
1369078
1370078
1371078
1372078
1373078
1374078
1375078
1376078
1377078
1378078
1379078
1380078
1381078
1382078
1383078
1384078
1385078
1386078
1387078
1388078
1389078
1390078
1391078
1392078
1393078
1394078
1395078
1396078
1397078
1398078
1399078
1400078
1401078
1402078
1403078
1404078
1405078
1406078
1407078
1408078
1409078
1410078
1411078
1412078
1413078
1414078
1415078
1416078
1417078
1418078
1419078
1420078
1421078
1422078
1423078
1424078
1425078
1426078
1427078
1428078
1429078
1430078
1431078
1432078
1433078
1434078
1435078
1436078
1437078
1438078
1439078
1440078
1441078
1442078
1443078
1444078
1445078
1446078
1447078
1448078
1449078
1450078
1451078
1452078
1453078
1454078
1455078
1456078
1457078
1458078
1459078
1460078
1461078
1462078
1463078
1464078
1465078
1466078
1467078
1468078
1469078
1470078
1471078
1472078
1473078
1474078
1475078
1476078
1477078
1478078
1479078
1480078
1481078
1482078
1483078
1484078
1485078
1486078
1487078
1488078
1489078
1490078
1491078
1492078
1493078
1494078
1495078
1496078
1497078
1498078
1499078
1500078
1501078
1502078
1503078
1504078
1505078
1506078
1507078
1508078
1509078
1510078
1511078
1512078
1513078
1514078
1515078
1516078
1517078
1518078
1519078
1520078
1521078
1522078
1523078
1524078
1525078
1526078
1527078
1528078
1529078
1530078
1531078
1532078
1533078
1534078
1535078
1536078
1537078
1538078
1539078
1540078
1541078
1542078
1543078
1544078
1545078
1546078
1547078
1548078
1549078
1550078
1551078
1552078
1553078
1554078
1555078
1556078
1557078
1558078
1559078
1560078
1561078
1562078
1563078
1564078
1565078
1566078
1567078
1568078
1569078
1570078
1571078
1572078
1573078
1574078
1575078
1576078
1577078
1578078
1579078
1580078
1581078
1582078
1583078
1584078
1585078
1586078
1587078
1588078
1589078
1590078
1591078
1592078
1593078
1594078
1595078
1596078
1597078
1598078
1599078
1600078
1601078
1602078
1603078
1604078
1605078
1606078
1607078
1608078
1609078
1610078
1611078
1612078
1613078
1614078
1615078
1616078
1617078
1618078
1619078
1620078
1621078
1622078
1623078
1624078
1625078
1626078
1627078
1628078
1629078
1630078
1631078
1632078
1633078
1634078
1635078
1636078
1637078
1638078
1639078
1640078
1641078
1642078
1643078
1644078
1645078
1646078
1647078
1648078
1649078
1650078
1651078
1652078
1653078
1654078
1655078
1656078
1657078
1658078
1659078
1660078
1661078
1662078
1663078
1664078
1665078
1666078
1667078
1668078
1669078
1670078
1671078
1672078
1673078
1674078
1675078
1676078
1677078
1678078
1679078
1680078
1681078
1682078
1683078
1684078
1685078
1686078
1687078
1688078
1689078
1690078
1691078
1692078
1693078
1694078
1695078
1696078
1697078
1698078
1699078
1700078
1701078
1702078
1703078
1704078
1705078
1706078
1707078
1708078
1709078
1710078
1711078
1712078
1713078
1714078
1715078
1716078
1717078
1718078
1719078
1720078
1721078
1722078
1723078
1724078
1725078
1726078
1727078
1728078
1729078
1730078
1731078
1732078
1733078
1734078
1735078
1736078
1737078
1738078
1739078
1740078
1741078
1742078
1743078
1744078
1745078
1746078
1747078
1748078
1749078
1750078
1751078
1752078
1753078
1754078
1755078
1756078
1757078
1758078
1759078
1760078
1761078
1762078
1763078
1764078
1765078
1766078
1767078
1768078
1769078
1770078
1771078
1772078
1773078
1774078
1775078
1776078
1777078
1778078
1779078
1780078
1781078
1782078
1783078
1784078
1785078
1786078
1787078
1788078
1789078
1790078
1791078
1792078
1793078
1794078
1795078
1796078
1797078
1798078
1799078
800079
801079
802079
803079
804079
805079
806079
807079
808079
809079
810079
811079
812079
813079
814079
815079
816079
817079
818079
819079
820079
821079
822079
823079
824079
825079
826079
827079
828079
829079
830079
831079
832079
833079
834079
835079
836079
837079
838079
839079
840079
841079
842079
843079
844079
845079
846079
847079
848079
849079
850079
851079
852079
853079
854079
855079
856079
857079
858079
859079
860079
861079
862079
863079
864079
865079
866079
867079
868079
869079
870079
871079
872079
873079
874079
875079
876079
877079
878079
879079
880079
881079
882079
883079
884079
885079
886079
887079
888079
889079
890079
891079
892079
893079
894079
895079
896079
897079
898079
899079
900079
901079
902079
903079
904079
905079
906079
907079
908079
909079
910079
911079
912079
913079
914079
915079
916079
917079
918079
919079
920079
921079
922079
923079
924079
925079
926079
927079
928079
929079
930079
931079
932079
933079
934079
935079
936079
937079
938079
939079
940079
941079
942079
943079
944079
945079
946079
947079
948079
949079
950079
951079
952079
953079
954079
955079
956079
957079
958079
959079
960079
961079
962079
963079
964079
965079
966079
967079
968079
969079
970079
971079
972079
973079
974079
975079
976079
977079
978079
979079
980079
981079
982079
983079
984079
985079
986079
987079
988079
989079
990079
991079
992079
993079
994079
995079
996079
997079
998079
999079
1000079
1001079
1002079
1003079
1004079
1005079
1006079
1007079
1008079
1009079
1010079
1011079
1012079
1013079
1014079
1015079
1016079
1017079
1018079
1019079
1020079
1021079
1022079
1023079
1024079
1025079
1026079
1027079
1028079
1029079
1030079
1031079
1032079
1033079
1034079
1035079
1036079
1037079
1038079
1039079
1040079
1041079
1042079
1043079
1044079
1045079
1046079
1047079
1048079
1049079
1050079
1051079
1052079
1053079
1054079
1055079
1056079
1057079
1058079
1059079
1060079
1061079
1062079
1063079
1064079
1065079
1066079
1067079
1068079
1069079
1070079
1071079
1072079
1073079
1074079
1075079
1076079
1077079
1078079
1079079
1080079
1081079
1082079
1083079
1084079
1085079
1086079
1087079
1088079
1089079
1090079
1091079
1092079
1093079
1094079
1095079
1096079
1097079
1098079
1099079
1100079
1101079
1102079
1103079
1104079
1105079
1106079
1107079
1108079
1109079
1110079
1111079
1112079
1113079
1114079
1115079
1116079
1117079
1118079
1119079
1120079
1121079
1122079
1123079
1124079
1125079
1126079
1127079
1128079
1129079
1130079
1131079
1132079
1133079
1134079
1135079
1136079
1137079
1138079
1139079
1140079
1141079
1142079
1143079
1144079
1145079
1146079
1147079
1148079
1149079
1150079
1151079
1152079
1153079
1154079
1155079
1156079
1157079
1158079
1159079
1160079
1161079
1162079
1163079
1164079
1165079
1166079
1167079
1168079
1169079
1170079
1171079
1172079
1173079
1174079
1175079
1176079
1177079
1178079
1179079
1180079
1181079
1182079
1183079
1184079
1185079
1186079
1187079
1188079
1189079
1190079
1191079
1192079
1193079
1194079
1195079
1196079
1197079
1198079
1199079
1200079
1201079
1202079
1203079
1204079
1205079
1206079
1207079
1208079
1209079
1210079
1211079
1212079
1213079
1214079
1215079
1216079
1217079
1218079
1219079
1220079
1221079
1222079
1223079
1224079
1225079
1226079
1227079
1228079
1229079
1230079
1231079
1232079
1233079
1234079
1235079
1236079
1237079
1238079
1239079
1240079
1241079
1242079
1243079
1244079
1245079
1246079
1247079
1248079
1249079
1250079
1251079
1252079
1253079
1254079
1255079
1256079
1257079
1258079
1259079
1260079
1261079
1262079
1263079
1264079
1265079
1266079
1267079
1268079
1269079
1270079
1271079
1272079
1273079
1274079
1275079
1276079
1277079
1278079
1279079
1280079
1281079
1282079
1283079
1284079
1285079
1286079
1287079
1288079
1289079
1290079
1291079
1292079
1293079
1294079
1295079
1296079
1297079
1298079
1299079
1300079
1301079
1302079
1303079
1304079
1305079
1306079
1307079
1308079
1309079
1310079
1311079
1312079
1313079
1314079
1315079
1316079
1317079
1318079
1319079
1320079
1321079
1322079
1323079
1324079
1325079
1326079
1327079
1328079
1329079
1330079
1331079
1332079
1333079
1334079
1335079
1336079
1337079
1338079
1339079
1340079
1341079
1342079
1343079
1344079
1345079
1346079
1347079
1348079
1349079
1350079
1351079
1352079
1353079
1354079
1355079
1356079
1357079
1358079
1359079
1360079
1361079
1362079
1363079
1364079
1365079
1366079
1367079
1368079
1369079
1370079
1371079
1372079
1373079
1374079
1375079
1376079
1377079
1378079
1379079
1380079
1381079
1382079
1383079
1384079
1385079
1386079
1387079
1388079
1389079
1390079
1391079
1392079
1393079
1394079
1395079
1396079
1397079
1398079
1399079
1400079
1401079
1402079
1403079
1404079
1405079
1406079
1407079
1408079
1409079
1410079
1411079
1412079
1413079
1414079
1415079
1416079
1417079
1418079
1419079
1420079
1421079
1422079
1423079
1424079
1425079
1426079
1427079
1428079
1429079
1430079
1431079
1432079
1433079
1434079
1435079
1436079
1437079
1438079
1439079
1440079
1441079
1442079
1443079
1444079
1445079
1446079
1447079
1448079
1449079
1450079
1451079
1452079
1453079
1454079
1455079
1456079
1457079
1458079
1459079
1460079
1461079
1462079
1463079
1464079
1465079
1466079
1467079
1468079
1469079
1470079
1471079
1472079
1473079
1474079
1475079
1476079
1477079
1478079
1479079
1480079
1481079
1482079
1483079
1484079
1485079
1486079
1487079
1488079
1489079
1490079
1491079
1492079
1493079
1494079
1495079
1496079
1497079
1498079
1499079
1500079
1501079
1502079
1503079
1504079
1505079
1506079
1507079
1508079
1509079
1510079
1511079
1512079
1513079
1514079
1515079
1516079
1517079
1518079
1519079
1520079
1521079
1522079
1523079
1524079
1525079
1526079
1527079
1528079
1529079
1530079
1531079
1532079
1533079
1534079
1535079
1536079
1537079
1538079
1539079
1540079
1541079
1542079
1543079
1544079
1545079
1546079
1547079
1548079
1549079
1550079
1551079
1552079
1553079
1554079
1555079
1556079
1557079
1558079
1559079
1560079
1561079
1562079
1563079
1564079
1565079
1566079
1567079
1568079
1569079
1570079
1571079
1572079
1573079
1574079
1575079
1576079
1577079
1578079
1579079
1580079
1581079
1582079
1583079
1584079
1585079
1586079
1587079
1588079
1589079
1590079
1591079
1592079
1593079
1594079
1595079
1596079
1597079
1598079
1599079
1600079
1601079
1602079
1603079
1604079
1605079
1606079
1607079
1608079
1609079
1610079
1611079
1612079
1613079
1614079
1615079
1616079
1617079
1618079
1619079
1620079
1621079
1622079
1623079
1624079
1625079
1626079
1627079
1628079
1629079
1630079
1631079
1632079
1633079
1634079
1635079
1636079
1637079
1638079
1639079
1640079
1641079
1642079
1643079
1644079
1645079
1646079
1647079
1648079
1649079
1650079
1651079
1652079
1653079
1654079
1655079
1656079
1657079
1658079
1659079
1660079
1661079
1662079
1663079
1664079
1665079
1666079
1667079
1668079
1669079
1670079
1671079
1672079
1673079
1674079
1675079
1676079
1677079
1678079
1679079
1680079
1681079
1682079
1683079
1684079
1685079
1686079
1687079
1688079
1689079
1690079
1691079
1692079
1693079
1694079
1695079
1696079
1697079
1698079
1699079
1700079
1701079
1702079
1703079
1704079
1705079
1706079
1707079
1708079
1709079
1710079
1711079
1712079
1713079
1714079
1715079
1716079
1717079
1718079
1719079
1720079
1721079
1722079
1723079
1724079
1725079
1726079
1727079
1728079
1729079
1730079
1731079
1732079
1733079
1734079
1735079
1736079
1737079
1738079
1739079
1740079
1741079
1742079
1743079
1744079
1745079
1746079
1747079
1748079
1749079
1750079
1751079
1752079
1753079
1754079
1755079
1756079
1757079
1758079
1759079
1760079
1761079
1762079
1763079
1764079
1765079
1766079
1767079
1768079
1769079
1770079
1771079
1772079
1773079
1774079
1775079
1776079
1777079
1778079
1779079
1780079
1781079
1782079
1783079
1784079
1785079
1786079
1787079
1788079
1789079
1790079
1791079
1792079
1793079
1794079
1795079
1796079
1797079
1798079
1799079
800080
801080
802080
803080
804080
805080
806080
807080
808080
809080
810080
811080
812080
813080
814080
815080
816080
817080
818080
819080
820080
821080
822080
823080
824080
825080
826080
827080
828080
829080
830080
831080
832080
833080
834080
835080
836080
837080
838080
839080
840080
841080
842080
843080
844080
845080
846080
847080
848080
849080
850080
851080
852080
853080
854080
855080
856080
857080
858080
859080
860080
861080
862080
863080
864080
865080
866080
867080
868080
869080
870080
871080
872080
873080
874080
875080
876080
877080
878080
879080
880080
881080
882080
883080
884080
885080
886080
887080
888080
889080
890080
891080
892080
893080
894080
895080
896080
897080
898080
899080
900080
901080
902080
903080
904080
905080
906080
907080
908080
909080
910080
911080
912080
913080
914080
915080
916080
917080
918080
919080
920080
921080
922080
923080
924080
925080
926080
927080
928080
929080
930080
931080
932080
933080
934080
935080
936080
937080
938080
939080
940080
941080
942080
943080
944080
945080
946080
947080
948080
949080
950080
951080
952080
953080
954080
955080
956080
957080
958080
959080
960080
961080
962080
963080
964080
965080
966080
967080
968080
969080
970080
971080
972080
973080
974080
975080
976080
977080
978080
979080
980080
981080
982080
983080
984080
985080
986080
987080
988080
989080
990080
991080
992080
993080
994080
995080
996080
997080
998080
999080
1000080
1001080
1002080
1003080
1004080
1005080
1006080
1007080
1008080
1009080
1010080
1011080
1012080
1013080
1014080
1015080
1016080
1017080
1018080
1019080
1020080
1021080
1022080
1023080
1024080
1025080
1026080
1027080
1028080
1029080
1030080
1031080
1032080
1033080
1034080
1035080
1036080
1037080
1038080
1039080
1040080
1041080
1042080
1043080
1044080
1045080
1046080
1047080
1048080
1049080
1050080
1051080
1052080
1053080
1054080
1055080
1056080
1057080
1058080
1059080
1060080
1061080
1062080
1063080
1064080
1065080
1066080
1067080
1068080
1069080
1070080
1071080
1072080
1073080
1074080
1075080
1076080
1077080
1078080
1079080
1080080
1081080
1082080
1083080
1084080
1085080
1086080
1087080
1088080
1089080
1090080
1091080
1092080
1093080
1094080
1095080
1096080
1097080
1098080
1099080
1100080
1101080
1102080
1103080
1104080
1105080
1106080
1107080
1108080
1109080
1110080
1111080
1112080
1113080
1114080
1115080
1116080
1117080
1118080
1119080
1120080
1121080
1122080
1123080
1124080
1125080
1126080
1127080
1128080
1129080
1130080
1131080
1132080
1133080
1134080
1135080
1136080
1137080
1138080
1139080
1140080
1141080
1142080
1143080
1144080
1145080
1146080
1147080
1148080
1149080
1150080
1151080
1152080
1153080
1154080
1155080
1156080
1157080
1158080
1159080
1160080
1161080
1162080
1163080
1164080
1165080
1166080
1167080
1168080
1169080
1170080
1171080
1172080
1173080
1174080
1175080
1176080
1177080
1178080
1179080
1180080
1181080
1182080
1183080
1184080
1185080
1186080
1187080
1188080
1189080
1190080
1191080
1192080
1193080
1194080
1195080
1196080
1197080
1198080
1199080
1200080
1201080
1202080
1203080
1204080
1205080
1206080
1207080
1208080
1209080
1210080
1211080
1212080
1213080
1214080
1215080
1216080
1217080
1218080
1219080
1220080
1221080
1222080
1223080
1224080
1225080
1226080
1227080
1228080
1229080
1230080
1231080
1232080
1233080
1234080
1235080
1236080
1237080
1238080
1239080
1240080
1241080
1242080
1243080
1244080
1245080
1246080
1247080
1248080
1249080
1250080
1251080
1252080
1253080
1254080
1255080
1256080
1257080
1258080
1259080
1260080
1261080
1262080
1263080
1264080
1265080
1266080
1267080
1268080
1269080
1270080
1271080
1272080
1273080
1274080
1275080
1276080
1277080
1278080
1279080
1280080
1281080
1282080
1283080
1284080
1285080
1286080
1287080
1288080
1289080
1290080
1291080
1292080
1293080
1294080
1295080
1296080
1297080
1298080
1299080
1300080
1301080
1302080
1303080
1304080
1305080
1306080
1307080
1308080
1309080
1310080
1311080
1312080
1313080
1314080
1315080
1316080
1317080
1318080
1319080
1320080
1321080
1322080
1323080
1324080
1325080
1326080
1327080
1328080
1329080
1330080
1331080
1332080
1333080
1334080
1335080
1336080
1337080
1338080
1339080
1340080
1341080
1342080
1343080
1344080
1345080
1346080
1347080
1348080
1349080
1350080
1351080
1352080
1353080
1354080
1355080
1356080
1357080
1358080
1359080
1360080
1361080
1362080
1363080
1364080
1365080
1366080
1367080
1368080
1369080
1370080
1371080
1372080
1373080
1374080
1375080
1376080
1377080
1378080
1379080
1380080
1381080
1382080
1383080
1384080
1385080
1386080
1387080
1388080
1389080
1390080
1391080
1392080
1393080
1394080
1395080
1396080
1397080
1398080
1399080
1400080
1401080
1402080
1403080
1404080
1405080
1406080
1407080
1408080
1409080
1410080
1411080
1412080
1413080
1414080
1415080
1416080
1417080
1418080
1419080
1420080
1421080
1422080
1423080
1424080
1425080
1426080
1427080
1428080
1429080
1430080
1431080
1432080
1433080
1434080
1435080
1436080
1437080
1438080
1439080
1440080
1441080
1442080
1443080
1444080
1445080
1446080
1447080
1448080
1449080
1450080
1451080
1452080
1453080
1454080
1455080
1456080
1457080
1458080
1459080
1460080
1461080
1462080
1463080
1464080
1465080
1466080
1467080
1468080
1469080
1470080
1471080
1472080
1473080
1474080
1475080
1476080
1477080
1478080
1479080
1480080
1481080
1482080
1483080
1484080
1485080
1486080
1487080
1488080
1489080
1490080
1491080
1492080
1493080
1494080
1495080
1496080
1497080
1498080
1499080
1500080
1501080
1502080
1503080
1504080
1505080
1506080
1507080
1508080
1509080
1510080
1511080
1512080
1513080
1514080
1515080
1516080
1517080
1518080
1519080
1520080
1521080
1522080
1523080
1524080
1525080
1526080
1527080
1528080
1529080
1530080
1531080
1532080
1533080
1534080
1535080
1536080
1537080
1538080
1539080
1540080
1541080
1542080
1543080
1544080
1545080
1546080
1547080
1548080
1549080
1550080
1551080
1552080
1553080
1554080
1555080
1556080
1557080
1558080
1559080
1560080
1561080
1562080
1563080
1564080
1565080
1566080
1567080
1568080
1569080
1570080
1571080
1572080
1573080
1574080
1575080
1576080
1577080
1578080
1579080
1580080
1581080
1582080
1583080
1584080
1585080
1586080
1587080
1588080
1589080
1590080
1591080
1592080
1593080
1594080
1595080
1596080
1597080
1598080
1599080
1600080
1601080
1602080
1603080
1604080
1605080
1606080
1607080
1608080
1609080
1610080
1611080
1612080
1613080
1614080
1615080
1616080
1617080
1618080
1619080
1620080
1621080
1622080
1623080
1624080
1625080
1626080
1627080
1628080
1629080
1630080
1631080
1632080
1633080
1634080
1635080
1636080
1637080
1638080
1639080
1640080
1641080
1642080
1643080
1644080
1645080
1646080
1647080
1648080
1649080
1650080
1651080
1652080
1653080
1654080
1655080
1656080
1657080
1658080
1659080
1660080
1661080
1662080
1663080
1664080
1665080
1666080
1667080
1668080
1669080
1670080
1671080
1672080
1673080
1674080
1675080
1676080
1677080
1678080
1679080
1680080
1681080
1682080
1683080
1684080
1685080
1686080
1687080
1688080
1689080
1690080
1691080
1692080
1693080
1694080
1695080
1696080
1697080
1698080
1699080
1700080
1701080
1702080
1703080
1704080
1705080
1706080
1707080
1708080
1709080
1710080
1711080
1712080
1713080
1714080
1715080
1716080
1717080
1718080
1719080
1720080
1721080
1722080
1723080
1724080
1725080
1726080
1727080
1728080
1729080
1730080
1731080
1732080
1733080
1734080
1735080
1736080
1737080
1738080
1739080
1740080
1741080
1742080
1743080
1744080
1745080
1746080
1747080
1748080
1749080
1750080
1751080
1752080
1753080
1754080
1755080
1756080
1757080
1758080
1759080
1760080
1761080
1762080
1763080
1764080
1765080
1766080
1767080
1768080
1769080
1770080
1771080
1772080
1773080
1774080
1775080
1776080
1777080
1778080
1779080
1780080
1781080
1782080
1783080
1784080
1785080
1786080
1787080
1788080
1789080
1790080
1791080
1792080
1793080
1794080
1795080
1796080
1797080
1798080
1799080
800081
801081
802081
803081
804081
805081
806081
807081
808081
809081
810081
811081
812081
813081
814081
815081
816081
817081
818081
819081
820081
821081
822081
823081
824081
825081
826081
827081
828081
829081
830081
831081
832081
833081
834081
835081
836081
837081
838081
839081
840081
841081
842081
843081
844081
845081
846081
847081
848081
849081
850081
851081
852081
853081
854081
855081
856081
857081
858081
859081
860081
861081
862081
863081
864081
865081
866081
867081
868081
869081
870081
871081
872081
873081
874081
875081
876081
877081
878081
879081
880081
881081
882081
883081
884081
885081
886081
887081
888081
889081
890081
891081
892081
893081
894081
895081
896081
897081
898081
899081
900081
901081
902081
903081
904081
905081
906081
907081
908081
909081
910081
911081
912081
913081
914081
915081
916081
917081
918081
919081
920081
921081
922081
923081
924081
925081
926081
927081
928081
929081
930081
931081
932081
933081
934081
935081
936081
937081
938081
939081
940081
941081
942081
943081
944081
945081
946081
947081
948081
949081
950081
951081
952081
953081
954081
955081
956081
957081
958081
959081
960081
961081
962081
963081
964081
965081
966081
967081
968081
969081
970081
971081
972081
973081
974081
975081
976081
977081
978081
979081
980081
981081
982081
983081
984081
985081
986081
987081
988081
989081
990081
991081
992081
993081
994081
995081
996081
997081
998081
999081
1000081
1001081
1002081
1003081
1004081
1005081
1006081
1007081
1008081
1009081
1010081
1011081
1012081
1013081
1014081
1015081
1016081
1017081
1018081
1019081
1020081
1021081
1022081
1023081
1024081
1025081
1026081
1027081
1028081
1029081
1030081
1031081
1032081
1033081
1034081
1035081
1036081
1037081
1038081
1039081
1040081
1041081
1042081
1043081
1044081
1045081
1046081
1047081
1048081
1049081
1050081
1051081
1052081
1053081
1054081
1055081
1056081
1057081
1058081
1059081
1060081
1061081
1062081
1063081
1064081
1065081
1066081
1067081
1068081
1069081
1070081
1071081
1072081
1073081
1074081
1075081
1076081
1077081
1078081
1079081
1080081
1081081
1082081
1083081
1084081
1085081
1086081
1087081
1088081
1089081
1090081
1091081
1092081
1093081
1094081
1095081
1096081
1097081
1098081
1099081
1100081
1101081
1102081
1103081
1104081
1105081
1106081
1107081
1108081
1109081
1110081
1111081
1112081
1113081
1114081
1115081
1116081
1117081
1118081
1119081
1120081
1121081
1122081
1123081
1124081
1125081
1126081
1127081
1128081
1129081
1130081
1131081
1132081
1133081
1134081
1135081
1136081
1137081
1138081
1139081
1140081
1141081
1142081
1143081
1144081
1145081
1146081
1147081
1148081
1149081
1150081
1151081
1152081
1153081
1154081
1155081
1156081
1157081
1158081
1159081
1160081
1161081
1162081
1163081
1164081
1165081
1166081
1167081
1168081
1169081
1170081
1171081
1172081
1173081
1174081
1175081
1176081
1177081
1178081
1179081
1180081
1181081
1182081
1183081
1184081
1185081
1186081
1187081
1188081
1189081
1190081
1191081
1192081
1193081
1194081
1195081
1196081
1197081
1198081
1199081
1200081
1201081
1202081
1203081
1204081
1205081
1206081
1207081
1208081
1209081
1210081
1211081
1212081
1213081
1214081
1215081
1216081
1217081
1218081
1219081
1220081
1221081
1222081
1223081
1224081
1225081
1226081
1227081
1228081
1229081
1230081
1231081
1232081
1233081
1234081
1235081
1236081
1237081
1238081
1239081
1240081
1241081
1242081
1243081
1244081
1245081
1246081
1247081
1248081
1249081
1250081
1251081
1252081
1253081
1254081
1255081
1256081
1257081
1258081
1259081
1260081
1261081
1262081
1263081
1264081
1265081
1266081
1267081
1268081
1269081
1270081
1271081
1272081
1273081
1274081
1275081
1276081
1277081
1278081
1279081
1280081
1281081
1282081
1283081
1284081
1285081
1286081
1287081
1288081
1289081
1290081
1291081
1292081
1293081
1294081
1295081
1296081
1297081
1298081
1299081
1300081
1301081
1302081
1303081
1304081
1305081
1306081
1307081
1308081
1309081
1310081
1311081
1312081
1313081
1314081
1315081
1316081
1317081
1318081
1319081
1320081
1321081
1322081
1323081
1324081
1325081
1326081
1327081
1328081
1329081
1330081
1331081
1332081
1333081
1334081
1335081
1336081
1337081
1338081
1339081
1340081
1341081
1342081
1343081
1344081
1345081
1346081
1347081
1348081
1349081
1350081
1351081
1352081
1353081
1354081
1355081
1356081
1357081
1358081
1359081
1360081
1361081
1362081
1363081
1364081
1365081
1366081
1367081
1368081
1369081
1370081
1371081
1372081
1373081
1374081
1375081
1376081
1377081
1378081
1379081
1380081
1381081
1382081
1383081
1384081
1385081
1386081
1387081
1388081
1389081
1390081
1391081
1392081
1393081
1394081
1395081
1396081
1397081
1398081
1399081
1400081
1401081
1402081
1403081
1404081
1405081
1406081
1407081
1408081
1409081
1410081
1411081
1412081
1413081
1414081
1415081
1416081
1417081
1418081
1419081
1420081
1421081
1422081
1423081
1424081
1425081
1426081
1427081
1428081
1429081
1430081
1431081
1432081
1433081
1434081
1435081
1436081
1437081
1438081
1439081
1440081
1441081
1442081
1443081
1444081
1445081
1446081
1447081
1448081
1449081
1450081
1451081
1452081
1453081
1454081
1455081
1456081
1457081
1458081
1459081
1460081
1461081
1462081
1463081
1464081
1465081
1466081
1467081
1468081
1469081
1470081
1471081
1472081
1473081
1474081
1475081
1476081
1477081
1478081
1479081
1480081
1481081
1482081
1483081
1484081
1485081
1486081
1487081
1488081
1489081
1490081
1491081
1492081
1493081
1494081
1495081
1496081
1497081
1498081
1499081
1500081
1501081
1502081
1503081
1504081
1505081
1506081
1507081
1508081
1509081
1510081
1511081
1512081
1513081
1514081
1515081
1516081
1517081
1518081
1519081
1520081
1521081
1522081
1523081
1524081
1525081
1526081
1527081
1528081
1529081
1530081
1531081
1532081
1533081
1534081
1535081
1536081
1537081
1538081
1539081
1540081
1541081
1542081
1543081
1544081
1545081
1546081
1547081
1548081
1549081
1550081
1551081
1552081
1553081
1554081
1555081
1556081
1557081
1558081
1559081
1560081
1561081
1562081
1563081
1564081
1565081
1566081
1567081
1568081
1569081
1570081
1571081
1572081
1573081
1574081
1575081
1576081
1577081
1578081
1579081
1580081
1581081
1582081
1583081
1584081
1585081
1586081
1587081
1588081
1589081
1590081
1591081
1592081
1593081
1594081
1595081
1596081
1597081
1598081
1599081
1600081
1601081
1602081
1603081
1604081
1605081
1606081
1607081
1608081
1609081
1610081
1611081
1612081
1613081
1614081
1615081
1616081
1617081
1618081
1619081
1620081
1621081
1622081
1623081
1624081
1625081
1626081
1627081
1628081
1629081
1630081
1631081
1632081
1633081
1634081
1635081
1636081
1637081
1638081
1639081
1640081
1641081
1642081
1643081
1644081
1645081
1646081
1647081
1648081
1649081
1650081
1651081
1652081
1653081
1654081
1655081
1656081
1657081
1658081
1659081
1660081
1661081
1662081
1663081
1664081
1665081
1666081
1667081
1668081
1669081
1670081
1671081
1672081
1673081
1674081
1675081
1676081
1677081
1678081
1679081
1680081
1681081
1682081
1683081
1684081
1685081
1686081
1687081
1688081
1689081
1690081
1691081
1692081
1693081
1694081
1695081
1696081
1697081
1698081
1699081
1700081
1701081
1702081
1703081
1704081
1705081
1706081
1707081
1708081
1709081
1710081
1711081
1712081
1713081
1714081
1715081
1716081
1717081
1718081
1719081
1720081
1721081
1722081
1723081
1724081
1725081
1726081
1727081
1728081
1729081
1730081
1731081
1732081
1733081
1734081
1735081
1736081
1737081
1738081
1739081
1740081
1741081
1742081
1743081
1744081
1745081
1746081
1747081
1748081
1749081
1750081
1751081
1752081
1753081
1754081
1755081
1756081
1757081
1758081
1759081
1760081
1761081
1762081
1763081
1764081
1765081
1766081
1767081
1768081
1769081
1770081
1771081
1772081
1773081
1774081
1775081
1776081
1777081
1778081
1779081
1780081
1781081
1782081
1783081
1784081
1785081
1786081
1787081
1788081
1789081
1790081
1791081
1792081
1793081
1794081
1795081
1796081
1797081
1798081
1799081
800082
801082
802082
803082
804082
805082
806082
807082
808082
809082
810082
811082
812082
813082
814082
815082
816082
817082
818082
819082
820082
821082
822082
823082
824082
825082
826082
827082
828082
829082
830082
831082
832082
833082
834082
835082
836082
837082
838082
839082
840082
841082
842082
843082
844082
845082
846082
847082
848082
849082
850082
851082
852082
853082
854082
855082
856082
857082
858082
859082
860082
861082
862082
863082
864082
865082
866082
867082
868082
869082
870082
871082
872082
873082
874082
875082
876082
877082
878082
879082
880082
881082
882082
883082
884082
885082
886082
887082
888082
889082
890082
891082
892082
893082
894082
895082
896082
897082
898082
899082
900082
901082
902082
903082
904082
905082
906082
907082
908082
909082
910082
911082
912082
913082
914082
915082
916082
917082
918082
919082
920082
921082
922082
923082
924082
925082
926082
927082
928082
929082
930082
931082
932082
933082
934082
935082
936082
937082
938082
939082
940082
941082
942082
943082
944082
945082
946082
947082
948082
949082
950082
951082
952082
953082
954082
955082
956082
957082
958082
959082
960082
961082
962082
963082
964082
965082
966082
967082
968082
969082
970082
971082
972082
973082
974082
975082
976082
977082
978082
979082
980082
981082
982082
983082
984082
985082
986082
987082
988082
989082
990082
991082
992082
993082
994082
995082
996082
997082
998082
999082
1000082
1001082
1002082
1003082
1004082
1005082
1006082
1007082
1008082
1009082
1010082
1011082
1012082
1013082
1014082
1015082
1016082
1017082
1018082
1019082
1020082
1021082
1022082
1023082
1024082
1025082
1026082
1027082
1028082
1029082
1030082
1031082
1032082
1033082
1034082
1035082
1036082
1037082
1038082
1039082
1040082
1041082
1042082
1043082
1044082
1045082
1046082
1047082
1048082
1049082
1050082
1051082
1052082
1053082
1054082
1055082
1056082
1057082
1058082
1059082
1060082
1061082
1062082
1063082
1064082
1065082
1066082
1067082
1068082
1069082
1070082
1071082
1072082
1073082
1074082
1075082
1076082
1077082
1078082
1079082
1080082
1081082
1082082
1083082
1084082
1085082
1086082
1087082
1088082
1089082
1090082
1091082
1092082
1093082
1094082
1095082
1096082
1097082
1098082
1099082
1100082
1101082
1102082
1103082
1104082
1105082
1106082
1107082
1108082
1109082
1110082
1111082
1112082
1113082
1114082
1115082
1116082
1117082
1118082
1119082
1120082
1121082
1122082
1123082
1124082
1125082
1126082
1127082
1128082
1129082
1130082
1131082
1132082
1133082
1134082
1135082
1136082
1137082
1138082
1139082
1140082
1141082
1142082
1143082
1144082
1145082
1146082
1147082
1148082
1149082
1150082
1151082
1152082
1153082
1154082
1155082
1156082
1157082
1158082
1159082
1160082
1161082
1162082
1163082
1164082
1165082
1166082
1167082
1168082
1169082
1170082
1171082
1172082
1173082
1174082
1175082
1176082
1177082
1178082
1179082
1180082
1181082
1182082
1183082
1184082
1185082
1186082
1187082
1188082
1189082
1190082
1191082
1192082
1193082
1194082
1195082
1196082
1197082
1198082
1199082
1200082
1201082
1202082
1203082
1204082
1205082
1206082
1207082
1208082
1209082
1210082
1211082
1212082
1213082
1214082
1215082
1216082
1217082
1218082
1219082
1220082
1221082
1222082
1223082
1224082
1225082
1226082
1227082
1228082
1229082
1230082
1231082
1232082
1233082
1234082
1235082
1236082
1237082
1238082
1239082
1240082
1241082
1242082
1243082
1244082
1245082
1246082
1247082
1248082
1249082
1250082
1251082
1252082
1253082
1254082
1255082
1256082
1257082
1258082
1259082
1260082
1261082
1262082
1263082
1264082
1265082
1266082
1267082
1268082
1269082
1270082
1271082
1272082
1273082
1274082
1275082
1276082
1277082
1278082
1279082
1280082
1281082
1282082
1283082
1284082
1285082
1286082
1287082
1288082
1289082
1290082
1291082
1292082
1293082
1294082
1295082
1296082
1297082
1298082
1299082
1300082
1301082
1302082
1303082
1304082
1305082
1306082
1307082
1308082
1309082
1310082
1311082
1312082
1313082
1314082
1315082
1316082
1317082
1318082
1319082
1320082
1321082
1322082
1323082
1324082
1325082
1326082
1327082
1328082
1329082
1330082
1331082
1332082
1333082
1334082
1335082
1336082
1337082
1338082
1339082
1340082
1341082
1342082
1343082
1344082
1345082
1346082
1347082
1348082
1349082
1350082
1351082
1352082
1353082
1354082
1355082
1356082
1357082
1358082
1359082
1360082
1361082
1362082
1363082
1364082
1365082
1366082
1367082
1368082
1369082
1370082
1371082
1372082
1373082
1374082
1375082
1376082
1377082
1378082
1379082
1380082
1381082
1382082
1383082
1384082
1385082
1386082
1387082
1388082
1389082
1390082
1391082
1392082
1393082
1394082
1395082
1396082
1397082
1398082
1399082
1400082
1401082
1402082
1403082
1404082
1405082
1406082
1407082
1408082
1409082
1410082
1411082
1412082
1413082
1414082
1415082
1416082
1417082
1418082
1419082
1420082
1421082
1422082
1423082
1424082
1425082
1426082
1427082
1428082
1429082
1430082
1431082
1432082
1433082
1434082
1435082
1436082
1437082
1438082
1439082
1440082
1441082
1442082
1443082
1444082
1445082
1446082
1447082
1448082
1449082
1450082
1451082
1452082
1453082
1454082
1455082
1456082
1457082
1458082
1459082
1460082
1461082
1462082
1463082
1464082
1465082
1466082
1467082
1468082
1469082
1470082
1471082
1472082
1473082
1474082
1475082
1476082
1477082
1478082
1479082
1480082
1481082
1482082
1483082
1484082
1485082
1486082
1487082
1488082
1489082
1490082
1491082
1492082
1493082
1494082
1495082
1496082
1497082
1498082
1499082
1500082
1501082
1502082
1503082
1504082
1505082
1506082
1507082
1508082
1509082
1510082
1511082
1512082
1513082
1514082
1515082
1516082
1517082
1518082
1519082
1520082
1521082
1522082
1523082
1524082
1525082
1526082
1527082
1528082
1529082
1530082
1531082
1532082
1533082
1534082
1535082
1536082
1537082
1538082
1539082
1540082
1541082
1542082
1543082
1544082
1545082
1546082
1547082
1548082
1549082
1550082
1551082
1552082
1553082
1554082
1555082
1556082
1557082
1558082
1559082
1560082
1561082
1562082
1563082
1564082
1565082
1566082
1567082
1568082
1569082
1570082
1571082
1572082
1573082
1574082
1575082
1576082
1577082
1578082
1579082
1580082
1581082
1582082
1583082
1584082
1585082
1586082
1587082
1588082
1589082
1590082
1591082
1592082
1593082
1594082
1595082
1596082
1597082
1598082
1599082
1600082
1601082
1602082
1603082
1604082
1605082
1606082
1607082
1608082
1609082
1610082
1611082
1612082
1613082
1614082
1615082
1616082
1617082
1618082
1619082
1620082
1621082
1622082
1623082
1624082
1625082
1626082
1627082
1628082
1629082
1630082
1631082
1632082
1633082
1634082
1635082
1636082
1637082
1638082
1639082
1640082
1641082
1642082
1643082
1644082
1645082
1646082
1647082
1648082
1649082
1650082
1651082
1652082
1653082
1654082
1655082
1656082
1657082
1658082
1659082
1660082
1661082
1662082
1663082
1664082
1665082
1666082
1667082
1668082
1669082
1670082
1671082
1672082
1673082
1674082
1675082
1676082
1677082
1678082
1679082
1680082
1681082
1682082
1683082
1684082
1685082
1686082
1687082
1688082
1689082
1690082
1691082
1692082
1693082
1694082
1695082
1696082
1697082
1698082
1699082
1700082
1701082
1702082
1703082
1704082
1705082
1706082
1707082
1708082
1709082
1710082
1711082
1712082
1713082
1714082
1715082
1716082
1717082
1718082
1719082
1720082
1721082
1722082
1723082
1724082
1725082
1726082
1727082
1728082
1729082
1730082
1731082
1732082
1733082
1734082
1735082
1736082
1737082
1738082
1739082
1740082
1741082
1742082
1743082
1744082
1745082
1746082
1747082
1748082
1749082
1750082
1751082
1752082
1753082
1754082
1755082
1756082
1757082
1758082
1759082
1760082
1761082
1762082
1763082
1764082
1765082
1766082
1767082
1768082
1769082
1770082
1771082
1772082
1773082
1774082
1775082
1776082
1777082
1778082
1779082
1780082
1781082
1782082
1783082
1784082
1785082
1786082
1787082
1788082
1789082
1790082
1791082
1792082
1793082
1794082
1795082
1796082
1797082
1798082
1799082
800083
801083
802083
803083
804083
805083
806083
807083
808083
809083
810083
811083
812083
813083
814083
815083
816083
817083
818083
819083
820083
821083
822083
823083
824083
825083
826083
827083
828083
829083
830083
831083
832083
833083
834083
835083
836083
837083
838083
839083
840083
841083
842083
843083
844083
845083
846083
847083
848083
849083
850083
851083
852083
853083
854083
855083
856083
857083
858083
859083
860083
861083
862083
863083
864083
865083
866083
867083
868083
869083
870083
871083
872083
873083
874083
875083
876083
877083
878083
879083
880083
881083
882083
883083
884083
885083
886083
887083
888083
889083
890083
891083
892083
893083
894083
895083
896083
897083
898083
899083
900083
901083
902083
903083
904083
905083
906083
907083
908083
909083
910083
911083
912083
913083
914083
915083
916083
917083
918083
919083
920083
921083
922083
923083
924083
925083
926083
927083
928083
929083
930083
931083
932083
933083
934083
935083
936083
937083
938083
939083
940083
941083
942083
943083
944083
945083
946083
947083
948083
949083
950083
951083
952083
953083
954083
955083
956083
957083
958083
959083
960083
961083
962083
963083
964083
965083
966083
967083
968083
969083
970083
971083
972083
973083
974083
975083
976083
977083
978083
979083
980083
981083
982083
983083
984083
985083
986083
987083
988083
989083
990083
991083
992083
993083
994083
995083
996083
997083
998083
999083
1000083
1001083
1002083
1003083
1004083
1005083
1006083
1007083
1008083
1009083
1010083
1011083
1012083
1013083
1014083
1015083
1016083
1017083
1018083
1019083
1020083
1021083
1022083
1023083
1024083
1025083
1026083
1027083
1028083
1029083
1030083
1031083
1032083
1033083
1034083
1035083
1036083
1037083
1038083
1039083
1040083
1041083
1042083
1043083
1044083
1045083
1046083
1047083
1048083
1049083
1050083
1051083
1052083
1053083
1054083
1055083
1056083
1057083
1058083
1059083
1060083
1061083
1062083
1063083
1064083
1065083
1066083
1067083
1068083
1069083
1070083
1071083
1072083
1073083
1074083
1075083
1076083
1077083
1078083
1079083
1080083
1081083
1082083
1083083
1084083
1085083
1086083
1087083
1088083
1089083
1090083
1091083
1092083
1093083
1094083
1095083
1096083
1097083
1098083
1099083
1100083
1101083
1102083
1103083
1104083
1105083
1106083
1107083
1108083
1109083
1110083
1111083
1112083
1113083
1114083
1115083
1116083
1117083
1118083
1119083
1120083
1121083
1122083
1123083
1124083
1125083
1126083
1127083
1128083
1129083
1130083
1131083
1132083
1133083
1134083
1135083
1136083
1137083
1138083
1139083
1140083
1141083
1142083
1143083
1144083
1145083
1146083
1147083
1148083
1149083
1150083
1151083
1152083
1153083
1154083
1155083
1156083
1157083
1158083
1159083
1160083
1161083
1162083
1163083
1164083
1165083
1166083
1167083
1168083
1169083
1170083
1171083
1172083
1173083
1174083
1175083
1176083
1177083
1178083
1179083
1180083
1181083
1182083
1183083
1184083
1185083
1186083
1187083
1188083
1189083
1190083
1191083
1192083
1193083
1194083
1195083
1196083
1197083
1198083
1199083
1200083
1201083
1202083
1203083
1204083
1205083
1206083
1207083
1208083
1209083
1210083
1211083
1212083
1213083
1214083
1215083
1216083
1217083
1218083
1219083
1220083
1221083
1222083
1223083
1224083
1225083
1226083
1227083
1228083
1229083
1230083
1231083
1232083
1233083
1234083
1235083
1236083
1237083
1238083
1239083
1240083
1241083
1242083
1243083
1244083
1245083
1246083
1247083
1248083
1249083
1250083
1251083
1252083
1253083
1254083
1255083
1256083
1257083
1258083
1259083
1260083
1261083
1262083
1263083
1264083
1265083
1266083
1267083
1268083
1269083
1270083
1271083
1272083
1273083
1274083
1275083
1276083
1277083
1278083
1279083
1280083
1281083
1282083
1283083
1284083
1285083
1286083
1287083
1288083
1289083
1290083
1291083
1292083
1293083
1294083
1295083
1296083
1297083
1298083
1299083
1300083
1301083
1302083
1303083
1304083
1305083
1306083
1307083
1308083
1309083
1310083
1311083
1312083
1313083
1314083
1315083
1316083
1317083
1318083
1319083
1320083
1321083
1322083
1323083
1324083
1325083
1326083
1327083
1328083
1329083
1330083
1331083
1332083
1333083
1334083
1335083
1336083
1337083
1338083
1339083
1340083
1341083
1342083
1343083
1344083
1345083
1346083
1347083
1348083
1349083
1350083
1351083
1352083
1353083
1354083
1355083
1356083
1357083
1358083
1359083
1360083
1361083
1362083
1363083
1364083
1365083
1366083
1367083
1368083
1369083
1370083
1371083
1372083
1373083
1374083
1375083
1376083
1377083
1378083
1379083
1380083
1381083
1382083
1383083
1384083
1385083
1386083
1387083
1388083
1389083
1390083
1391083
1392083
1393083
1394083
1395083
1396083
1397083
1398083
1399083
1400083
1401083
1402083
1403083
1404083
1405083
1406083
1407083
1408083
1409083
1410083
1411083
1412083
1413083
1414083
1415083
1416083
1417083
1418083
1419083
1420083
1421083
1422083
1423083
1424083
1425083
1426083
1427083
1428083
1429083
1430083
1431083
1432083
1433083
1434083
1435083
1436083
1437083
1438083
1439083
1440083
1441083
1442083
1443083
1444083
1445083
1446083
1447083
1448083
1449083
1450083
1451083
1452083
1453083
1454083
1455083
1456083
1457083
1458083
1459083
1460083
1461083
1462083
1463083
1464083
1465083
1466083
1467083
1468083
1469083
1470083
1471083
1472083
1473083
1474083
1475083
1476083
1477083
1478083
1479083
1480083
1481083
1482083
1483083
1484083
1485083
1486083
1487083
1488083
1489083
1490083
1491083
1492083
1493083
1494083
1495083
1496083
1497083
1498083
1499083
1500083
1501083
1502083
1503083
1504083
1505083
1506083
1507083
1508083
1509083
1510083
1511083
1512083
1513083
1514083
1515083
1516083
1517083
1518083
1519083
1520083
1521083
1522083
1523083
1524083
1525083
1526083
1527083
1528083
1529083
1530083
1531083
1532083
1533083
1534083
1535083
1536083
1537083
1538083
1539083
1540083
1541083
1542083
1543083
1544083
1545083
1546083
1547083
1548083
1549083
1550083
1551083
1552083
1553083
1554083
1555083
1556083
1557083
1558083
1559083
1560083
1561083
1562083
1563083
1564083
1565083
1566083
1567083
1568083
1569083
1570083
1571083
1572083
1573083
1574083
1575083
1576083
1577083
1578083
1579083
1580083
1581083
1582083
1583083
1584083
1585083
1586083
1587083
1588083
1589083
1590083
1591083
1592083
1593083
1594083
1595083
1596083
1597083
1598083
1599083
1600083
1601083
1602083
1603083
1604083
1605083
1606083
1607083
1608083
1609083
1610083
1611083
1612083
1613083
1614083
1615083
1616083
1617083
1618083
1619083
1620083
1621083
1622083
1623083
1624083
1625083
1626083
1627083
1628083
1629083
1630083
1631083
1632083
1633083
1634083
1635083
1636083
1637083
1638083
1639083
1640083
1641083
1642083
1643083
1644083
1645083
1646083
1647083
1648083
1649083
1650083
1651083
1652083
1653083
1654083
1655083
1656083
1657083
1658083
1659083
1660083
1661083
1662083
1663083
1664083
1665083
1666083
1667083
1668083
1669083
1670083
1671083
1672083
1673083
1674083
1675083
1676083
1677083
1678083
1679083
1680083
1681083
1682083
1683083
1684083
1685083
1686083
1687083
1688083
1689083
1690083
1691083
1692083
1693083
1694083
1695083
1696083
1697083
1698083
1699083
1700083
1701083
1702083
1703083
1704083
1705083
1706083
1707083
1708083
1709083
1710083
1711083
1712083
1713083
1714083
1715083
1716083
1717083
1718083
1719083
1720083
1721083
1722083
1723083
1724083
1725083
1726083
1727083
1728083
1729083
1730083
1731083
1732083
1733083
1734083
1735083
1736083
1737083
1738083
1739083
1740083
1741083
1742083
1743083
1744083
1745083
1746083
1747083
1748083
1749083
1750083
1751083
1752083
1753083
1754083
1755083
1756083
1757083
1758083
1759083
1760083
1761083
1762083
1763083
1764083
1765083
1766083
1767083
1768083
1769083
1770083
1771083
1772083
1773083
1774083
1775083
1776083
1777083
1778083
1779083
1780083
1781083
1782083
1783083
1784083
1785083
1786083
1787083
1788083
1789083
1790083
1791083
1792083
1793083
1794083
1795083
1796083
1797083
1798083
1799083
800084
801084
802084
803084
804084
805084
806084
807084
808084
809084
810084
811084
812084
813084
814084
815084
816084
817084
818084
819084
820084
821084
822084
823084
824084
825084
826084
827084
828084
829084
830084
831084
832084
833084
834084
835084
836084
837084
838084
839084
840084
841084
842084
843084
844084
845084
846084
847084
848084
849084
850084
851084
852084
853084
854084
855084
856084
857084
858084
859084
860084
861084
862084
863084
864084
865084
866084
867084
868084
869084
870084
871084
872084
873084
874084
875084
876084
877084
878084
879084
880084
881084
882084
883084
884084
885084
886084
887084
888084
889084
890084
891084
892084
893084
894084
895084
896084
897084
898084
899084
900084
901084
902084
903084
904084
905084
906084
907084
908084
909084
910084
911084
912084
913084
914084
915084
916084
917084
918084
919084
920084
921084
922084
923084
924084
925084
926084
927084
928084
929084
930084
931084
932084
933084
934084
935084
936084
937084
938084
939084
940084
941084
942084
943084
944084
945084
946084
947084
948084
949084
950084
951084
952084
953084
954084
955084
956084
957084
958084
959084
960084
961084
962084
963084
964084
965084
966084
967084
968084
969084
970084
971084
972084
973084
974084
975084
976084
977084
978084
979084
980084
981084
982084
983084
984084
985084
986084
987084
988084
989084
990084
991084
992084
993084
994084
995084
996084
997084
998084
999084
1000084
1001084
1002084
1003084
1004084
1005084
1006084
1007084
1008084
1009084
1010084
1011084
1012084
1013084
1014084
1015084
1016084
1017084
1018084
1019084
1020084
1021084
1022084
1023084
1024084
1025084
1026084
1027084
1028084
1029084
1030084
1031084
1032084
1033084
1034084
1035084
1036084
1037084
1038084
1039084
1040084
1041084
1042084
1043084
1044084
1045084
1046084
1047084
1048084
1049084
1050084
1051084
1052084
1053084
1054084
1055084
1056084
1057084
1058084
1059084
1060084
1061084
1062084
1063084
1064084
1065084
1066084
1067084
1068084
1069084
1070084
1071084
1072084
1073084
1074084
1075084
1076084
1077084
1078084
1079084
1080084
1081084
1082084
1083084
1084084
1085084
1086084
1087084
1088084
1089084
1090084
1091084
1092084
1093084
1094084
1095084
1096084
1097084
1098084
1099084
1100084
1101084
1102084
1103084
1104084
1105084
1106084
1107084
1108084
1109084
1110084
1111084
1112084
1113084
1114084
1115084
1116084
1117084
1118084
1119084
1120084
1121084
1122084
1123084
1124084
1125084
1126084
1127084
1128084
1129084
1130084
1131084
1132084
1133084
1134084
1135084
1136084
1137084
1138084
1139084
1140084
1141084
1142084
1143084
1144084
1145084
1146084
1147084
1148084
1149084
1150084
1151084
1152084
1153084
1154084
1155084
1156084
1157084
1158084
1159084
1160084
1161084
1162084
1163084
1164084
1165084
1166084
1167084
1168084
1169084
1170084
1171084
1172084
1173084
1174084
1175084
1176084
1177084
1178084
1179084
1180084
1181084
1182084
1183084
1184084
1185084
1186084
1187084
1188084
1189084
1190084
1191084
1192084
1193084
1194084
1195084
1196084
1197084
1198084
1199084
1200084
1201084
1202084
1203084
1204084
1205084
1206084
1207084
1208084
1209084
1210084
1211084
1212084
1213084
1214084
1215084
1216084
1217084
1218084
1219084
1220084
1221084
1222084
1223084
1224084
1225084
1226084
1227084
1228084
1229084
1230084
1231084
1232084
1233084
1234084
1235084
1236084
1237084
1238084
1239084
1240084
1241084
1242084
1243084
1244084
1245084
1246084
1247084
1248084
1249084
1250084
1251084
1252084
1253084
1254084
1255084
1256084
1257084
1258084
1259084
1260084
1261084
1262084
1263084
1264084
1265084
1266084
1267084
1268084
1269084
1270084
1271084
1272084
1273084
1274084
1275084
1276084
1277084
1278084
1279084
1280084
1281084
1282084
1283084
1284084
1285084
1286084
1287084
1288084
1289084
1290084
1291084
1292084
1293084
1294084
1295084
1296084
1297084
1298084
1299084
1300084
1301084
1302084
1303084
1304084
1305084
1306084
1307084
1308084
1309084
1310084
1311084
1312084
1313084
1314084
1315084
1316084
1317084
1318084
1319084
1320084
1321084
1322084
1323084
1324084
1325084
1326084
1327084
1328084
1329084
1330084
1331084
1332084
1333084
1334084
1335084
1336084
1337084
1338084
1339084
1340084
1341084
1342084
1343084
1344084
1345084
1346084
1347084
1348084
1349084
1350084
1351084
1352084
1353084
1354084
1355084
1356084
1357084
1358084
1359084
1360084
1361084
1362084
1363084
1364084
1365084
1366084
1367084
1368084
1369084
1370084
1371084
1372084
1373084
1374084
1375084
1376084
1377084
1378084
1379084
1380084
1381084
1382084
1383084
1384084
1385084
1386084
1387084
1388084
1389084
1390084
1391084
1392084
1393084
1394084
1395084
1396084
1397084
1398084
1399084
1400084
1401084
1402084
1403084
1404084
1405084
1406084
1407084
1408084
1409084
1410084
1411084
1412084
1413084
1414084
1415084
1416084
1417084
1418084
1419084
1420084
1421084
1422084
1423084
1424084
1425084
1426084
1427084
1428084
1429084
1430084
1431084
1432084
1433084
1434084
1435084
1436084
1437084
1438084
1439084
1440084
1441084
1442084
1443084
1444084
1445084
1446084
1447084
1448084
1449084
1450084
1451084
1452084
1453084
1454084
1455084
1456084
1457084
1458084
1459084
1460084
1461084
1462084
1463084
1464084
1465084
1466084
1467084
1468084
1469084
1470084
1471084
1472084
1473084
1474084
1475084
1476084
1477084
1478084
1479084
1480084
1481084
1482084
1483084
1484084
1485084
1486084
1487084
1488084
1489084
1490084
1491084
1492084
1493084
1494084
1495084
1496084
1497084
1498084
1499084
1500084
1501084
1502084
1503084
1504084
1505084
1506084
1507084
1508084
1509084
1510084
1511084
1512084
1513084
1514084
1515084
1516084
1517084
1518084
1519084
1520084
1521084
1522084
1523084
1524084
1525084
1526084
1527084
1528084
1529084
1530084
1531084
1532084
1533084
1534084
1535084
1536084
1537084
1538084
1539084
1540084
1541084
1542084
1543084
1544084
1545084
1546084
1547084
1548084
1549084
1550084
1551084
1552084
1553084
1554084
1555084
1556084
1557084
1558084
1559084
1560084
1561084
1562084
1563084
1564084
1565084
1566084
1567084
1568084
1569084
1570084
1571084
1572084
1573084
1574084
1575084
1576084
1577084
1578084
1579084
1580084
1581084
1582084
1583084
1584084
1585084
1586084
1587084
1588084
1589084
1590084
1591084
1592084
1593084
1594084
1595084
1596084
1597084
1598084
1599084
1600084
1601084
1602084
1603084
1604084
1605084
1606084
1607084
1608084
1609084
1610084
1611084
1612084
1613084
1614084
1615084
1616084
1617084
1618084
1619084
1620084
1621084
1622084
1623084
1624084
1625084
1626084
1627084
1628084
1629084
1630084
1631084
1632084
1633084
1634084
1635084
1636084
1637084
1638084
1639084
1640084
1641084
1642084
1643084
1644084
1645084
1646084
1647084
1648084
1649084
1650084
1651084
1652084
1653084
1654084
1655084
1656084
1657084
1658084
1659084
1660084
1661084
1662084
1663084
1664084
1665084
1666084
1667084
1668084
1669084
1670084
1671084
1672084
1673084
1674084
1675084
1676084
1677084
1678084
1679084
1680084
1681084
1682084
1683084
1684084
1685084
1686084
1687084
1688084
1689084
1690084
1691084
1692084
1693084
1694084
1695084
1696084
1697084
1698084
1699084
1700084
1701084
1702084
1703084
1704084
1705084
1706084
1707084
1708084
1709084
1710084
1711084
1712084
1713084
1714084
1715084
1716084
1717084
1718084
1719084
1720084
1721084
1722084
1723084
1724084
1725084
1726084
1727084
1728084
1729084
1730084
1731084
1732084
1733084
1734084
1735084
1736084
1737084
1738084
1739084
1740084
1741084
1742084
1743084
1744084
1745084
1746084
1747084
1748084
1749084
1750084
1751084
1752084
1753084
1754084
1755084
1756084
1757084
1758084
1759084
1760084
1761084
1762084
1763084
1764084
1765084
1766084
1767084
1768084
1769084
1770084
1771084
1772084
1773084
1774084
1775084
1776084
1777084
1778084
1779084
1780084
1781084
1782084
1783084
1784084
1785084
1786084
1787084
1788084
1789084
1790084
1791084
1792084
1793084
1794084
1795084
1796084
1797084
1798084
1799084
800085
801085
802085
803085
804085
805085
806085
807085
808085
809085
810085
811085
812085
813085
814085
815085
816085
817085
818085
819085
820085
821085
822085
823085
824085
825085
826085
827085
828085
829085
830085
831085
832085
833085
834085
835085
836085
837085
838085
839085
840085
841085
842085
843085
844085
845085
846085
847085
848085
849085
850085
851085
852085
853085
854085
855085
856085
857085
858085
859085
860085
861085
862085
863085
864085
865085
866085
867085
868085
869085
870085
871085
872085
873085
874085
875085
876085
877085
878085
879085
880085
881085
882085
883085
884085
885085
886085
887085
888085
889085
890085
891085
892085
893085
894085
895085
896085
897085
898085
899085
900085
901085
902085
903085
904085
905085
906085
907085
908085
909085
910085
911085
912085
913085
914085
915085
916085
917085
918085
919085
920085
921085
922085
923085
924085
925085
926085
927085
928085
929085
930085
931085
932085
933085
934085
935085
936085
937085
938085
939085
940085
941085
942085
943085
944085
945085
946085
947085
948085
949085
950085
951085
952085
953085
954085
955085
956085
957085
958085
959085
960085
961085
962085
963085
964085
965085
966085
967085
968085
969085
970085
971085
972085
973085
974085
975085
976085
977085
978085
979085
980085
981085
982085
983085
984085
985085
986085
987085
988085
989085
990085
991085
992085
993085
994085
995085
996085
997085
998085
999085
1000085
1001085
1002085
1003085
1004085
1005085
1006085
1007085
1008085
1009085
1010085
1011085
1012085
1013085
1014085
1015085
1016085
1017085
1018085
1019085
1020085
1021085
1022085
1023085
1024085
1025085
1026085
1027085
1028085
1029085
1030085
1031085
1032085
1033085
1034085
1035085
1036085
1037085
1038085
1039085
1040085
1041085
1042085
1043085
1044085
1045085
1046085
1047085
1048085
1049085
1050085
1051085
1052085
1053085
1054085
1055085
1056085
1057085
1058085
1059085
1060085
1061085
1062085
1063085
1064085
1065085
1066085
1067085
1068085
1069085
1070085
1071085
1072085
1073085
1074085
1075085
1076085
1077085
1078085
1079085
1080085
1081085
1082085
1083085
1084085
1085085
1086085
1087085
1088085
1089085
1090085
1091085
1092085
1093085
1094085
1095085
1096085
1097085
1098085
1099085
1100085
1101085
1102085
1103085
1104085
1105085
1106085
1107085
1108085
1109085
1110085
1111085
1112085
1113085
1114085
1115085
1116085
1117085
1118085
1119085
1120085
1121085
1122085
1123085
1124085
1125085
1126085
1127085
1128085
1129085
1130085
1131085
1132085
1133085
1134085
1135085
1136085
1137085
1138085
1139085
1140085
1141085
1142085
1143085
1144085
1145085
1146085
1147085
1148085
1149085
1150085
1151085
1152085
1153085
1154085
1155085
1156085
1157085
1158085
1159085
1160085
1161085
1162085
1163085
1164085
1165085
1166085
1167085
1168085
1169085
1170085
1171085
1172085
1173085
1174085
1175085
1176085
1177085
1178085
1179085
1180085
1181085
1182085
1183085
1184085
1185085
1186085
1187085
1188085
1189085
1190085
1191085
1192085
1193085
1194085
1195085
1196085
1197085
1198085
1199085
1200085
1201085
1202085
1203085
1204085
1205085
1206085
1207085
1208085
1209085
1210085
1211085
1212085
1213085
1214085
1215085
1216085
1217085
1218085
1219085
1220085
1221085
1222085
1223085
1224085
1225085
1226085
1227085
1228085
1229085
1230085
1231085
1232085
1233085
1234085
1235085
1236085
1237085
1238085
1239085
1240085
1241085
1242085
1243085
1244085
1245085
1246085
1247085
1248085
1249085
1250085
1251085
1252085
1253085
1254085
1255085
1256085
1257085
1258085
1259085
1260085
1261085
1262085
1263085
1264085
1265085
1266085
1267085
1268085
1269085
1270085
1271085
1272085
1273085
1274085
1275085
1276085
1277085
1278085
1279085
1280085
1281085
1282085
1283085
1284085
1285085
1286085
1287085
1288085
1289085
1290085
1291085
1292085
1293085
1294085
1295085
1296085
1297085
1298085
1299085
1300085
1301085
1302085
1303085
1304085
1305085
1306085
1307085
1308085
1309085
1310085
1311085
1312085
1313085
1314085
1315085
1316085
1317085
1318085
1319085
1320085
1321085
1322085
1323085
1324085
1325085
1326085
1327085
1328085
1329085
1330085
1331085
1332085
1333085
1334085
1335085
1336085
1337085
1338085
1339085
1340085
1341085
1342085
1343085
1344085
1345085
1346085
1347085
1348085
1349085
1350085
1351085
1352085
1353085
1354085
1355085
1356085
1357085
1358085
1359085
1360085
1361085
1362085
1363085
1364085
1365085
1366085
1367085
1368085
1369085
1370085
1371085
1372085
1373085
1374085
1375085
1376085
1377085
1378085
1379085
1380085
1381085
1382085
1383085
1384085
1385085
1386085
1387085
1388085
1389085
1390085
1391085
1392085
1393085
1394085
1395085
1396085
1397085
1398085
1399085
1400085
1401085
1402085
1403085
1404085
1405085
1406085
1407085
1408085
1409085
1410085
1411085
1412085
1413085
1414085
1415085
1416085
1417085
1418085
1419085
1420085
1421085
1422085
1423085
1424085
1425085
1426085
1427085
1428085
1429085
1430085
1431085
1432085
1433085
1434085
1435085
1436085
1437085
1438085
1439085
1440085
1441085
1442085
1443085
1444085
1445085
1446085
1447085
1448085
1449085
1450085
1451085
1452085
1453085
1454085
1455085
1456085
1457085
1458085
1459085
1460085
1461085
1462085
1463085
1464085
1465085
1466085
1467085
1468085
1469085
1470085
1471085
1472085
1473085
1474085
1475085
1476085
1477085
1478085
1479085
1480085
1481085
1482085
1483085
1484085
1485085
1486085
1487085
1488085
1489085
1490085
1491085
1492085
1493085
1494085
1495085
1496085
1497085
1498085
1499085
1500085
1501085
1502085
1503085
1504085
1505085
1506085
1507085
1508085
1509085
1510085
1511085
1512085
1513085
1514085
1515085
1516085
1517085
1518085
1519085
1520085
1521085
1522085
1523085
1524085
1525085
1526085
1527085
1528085
1529085
1530085
1531085
1532085
1533085
1534085
1535085
1536085
1537085
1538085
1539085
1540085
1541085
1542085
1543085
1544085
1545085
1546085
1547085
1548085
1549085
1550085
1551085
1552085
1553085
1554085
1555085
1556085
1557085
1558085
1559085
1560085
1561085
1562085
1563085
1564085
1565085
1566085
1567085
1568085
1569085
1570085
1571085
1572085
1573085
1574085
1575085
1576085
1577085
1578085
1579085
1580085
1581085
1582085
1583085
1584085
1585085
1586085
1587085
1588085
1589085
1590085
1591085
1592085
1593085
1594085
1595085
1596085
1597085
1598085
1599085
1600085
1601085
1602085
1603085
1604085
1605085
1606085
1607085
1608085
1609085
1610085
1611085
1612085
1613085
1614085
1615085
1616085
1617085
1618085
1619085
1620085
1621085
1622085
1623085
1624085
1625085
1626085
1627085
1628085
1629085
1630085
1631085
1632085
1633085
1634085
1635085
1636085
1637085
1638085
1639085
1640085
1641085
1642085
1643085
1644085
1645085
1646085
1647085
1648085
1649085
1650085
1651085
1652085
1653085
1654085
1655085
1656085
1657085
1658085
1659085
1660085
1661085
1662085
1663085
1664085
1665085
1666085
1667085
1668085
1669085
1670085
1671085
1672085
1673085
1674085
1675085
1676085
1677085
1678085
1679085
1680085
1681085
1682085
1683085
1684085
1685085
1686085
1687085
1688085
1689085
1690085
1691085
1692085
1693085
1694085
1695085
1696085
1697085
1698085
1699085
1700085
1701085
1702085
1703085
1704085
1705085
1706085
1707085
1708085
1709085
1710085
1711085
1712085
1713085
1714085
1715085
1716085
1717085
1718085
1719085
1720085
1721085
1722085
1723085
1724085
1725085
1726085
1727085
1728085
1729085
1730085
1731085
1732085
1733085
1734085
1735085
1736085
1737085
1738085
1739085
1740085
1741085
1742085
1743085
1744085
1745085
1746085
1747085
1748085
1749085
1750085
1751085
1752085
1753085
1754085
1755085
1756085
1757085
1758085
1759085
1760085
1761085
1762085
1763085
1764085
1765085
1766085
1767085
1768085
1769085
1770085
1771085
1772085
1773085
1774085
1775085
1776085
1777085
1778085
1779085
1780085
1781085
1782085
1783085
1784085
1785085
1786085
1787085
1788085
1789085
1790085
1791085
1792085
1793085
1794085
1795085
1796085
1797085
1798085
1799085
800086
801086
802086
803086
804086
805086
806086
807086
808086
809086
810086
811086
812086
813086
814086
815086
816086
817086
818086
819086
820086
821086
822086
823086
824086
825086
826086
827086
828086
829086
830086
831086
832086
833086
834086
835086
836086
837086
838086
839086
840086
841086
842086
843086
844086
845086
846086
847086
848086
849086
850086
851086
852086
853086
854086
855086
856086
857086
858086
859086
860086
861086
862086
863086
864086
865086
866086
867086
868086
869086
870086
871086
872086
873086
874086
875086
876086
877086
878086
879086
880086
881086
882086
883086
884086
885086
886086
887086
888086
889086
890086
891086
892086
893086
894086
895086
896086
897086
898086
899086
900086
901086
902086
903086
904086
905086
906086
907086
908086
909086
910086
911086
912086
913086
914086
915086
916086
917086
918086
919086
920086
921086
922086
923086
924086
925086
926086
927086
928086
929086
930086
931086
932086
933086
934086
935086
936086
937086
938086
939086
940086
941086
942086
943086
944086
945086
946086
947086
948086
949086
950086
951086
952086
953086
954086
955086
956086
957086
958086
959086
960086
961086
962086
963086
964086
965086
966086
967086
968086
969086
970086
971086
972086
973086
974086
975086
976086
977086
978086
979086
980086
981086
982086
983086
984086
985086
986086
987086
988086
989086
990086
991086
992086
993086
994086
995086
996086
997086
998086
999086
1000086
1001086
1002086
1003086
1004086
1005086
1006086
1007086
1008086
1009086
1010086
1011086
1012086
1013086
1014086
1015086
1016086
1017086
1018086
1019086
1020086
1021086
1022086
1023086
1024086
1025086
1026086
1027086
1028086
1029086
1030086
1031086
1032086
1033086
1034086
1035086
1036086
1037086
1038086
1039086
1040086
1041086
1042086
1043086
1044086
1045086
1046086
1047086
1048086
1049086
1050086
1051086
1052086
1053086
1054086
1055086
1056086
1057086
1058086
1059086
1060086
1061086
1062086
1063086
1064086
1065086
1066086
1067086
1068086
1069086
1070086
1071086
1072086
1073086
1074086
1075086
1076086
1077086
1078086
1079086
1080086
1081086
1082086
1083086
1084086
1085086
1086086
1087086
1088086
1089086
1090086
1091086
1092086
1093086
1094086
1095086
1096086
1097086
1098086
1099086
1100086
1101086
1102086
1103086
1104086
1105086
1106086
1107086
1108086
1109086
1110086
1111086
1112086
1113086
1114086
1115086
1116086
1117086
1118086
1119086
1120086
1121086
1122086
1123086
1124086
1125086
1126086
1127086
1128086
1129086
1130086
1131086
1132086
1133086
1134086
1135086
1136086
1137086
1138086
1139086
1140086
1141086
1142086
1143086
1144086
1145086
1146086
1147086
1148086
1149086
1150086
1151086
1152086
1153086
1154086
1155086
1156086
1157086
1158086
1159086
1160086
1161086
1162086
1163086
1164086
1165086
1166086
1167086
1168086
1169086
1170086
1171086
1172086
1173086
1174086
1175086
1176086
1177086
1178086
1179086
1180086
1181086
1182086
1183086
1184086
1185086
1186086
1187086
1188086
1189086
1190086
1191086
1192086
1193086
1194086
1195086
1196086
1197086
1198086
1199086
1200086
1201086
1202086
1203086
1204086
1205086
1206086
1207086
1208086
1209086
1210086
1211086
1212086
1213086
1214086
1215086
1216086
1217086
1218086
1219086
1220086
1221086
1222086
1223086
1224086
1225086
1226086
1227086
1228086
1229086
1230086
1231086
1232086
1233086
1234086
1235086
1236086
1237086
1238086
1239086
1240086
1241086
1242086
1243086
1244086
1245086
1246086
1247086
1248086
1249086
1250086
1251086
1252086
1253086
1254086
1255086
1256086
1257086
1258086
1259086
1260086
1261086
1262086
1263086
1264086
1265086
1266086
1267086
1268086
1269086
1270086
1271086
1272086
1273086
1274086
1275086
1276086
1277086
1278086
1279086
1280086
1281086
1282086
1283086
1284086
1285086
1286086
1287086
1288086
1289086
1290086
1291086
1292086
1293086
1294086
1295086
1296086
1297086
1298086
1299086
1300086
1301086
1302086
1303086
1304086
1305086
1306086
1307086
1308086
1309086
1310086
1311086
1312086
1313086
1314086
1315086
1316086
1317086
1318086
1319086
1320086
1321086
1322086
1323086
1324086
1325086
1326086
1327086
1328086
1329086
1330086
1331086
1332086
1333086
1334086
1335086
1336086
1337086
1338086
1339086
1340086
1341086
1342086
1343086
1344086
1345086
1346086
1347086
1348086
1349086
1350086
1351086
1352086
1353086
1354086
1355086
1356086
1357086
1358086
1359086
1360086
1361086
1362086
1363086
1364086
1365086
1366086
1367086
1368086
1369086
1370086
1371086
1372086
1373086
1374086
1375086
1376086
1377086
1378086
1379086
1380086
1381086
1382086
1383086
1384086
1385086
1386086
1387086
1388086
1389086
1390086
1391086
1392086
1393086
1394086
1395086
1396086
1397086
1398086
1399086
1400086
1401086
1402086
1403086
1404086
1405086
1406086
1407086
1408086
1409086
1410086
1411086
1412086
1413086
1414086
1415086
1416086
1417086
1418086
1419086
1420086
1421086
1422086
1423086
1424086
1425086
1426086
1427086
1428086
1429086
1430086
1431086
1432086
1433086
1434086
1435086
1436086
1437086
1438086
1439086
1440086
1441086
1442086
1443086
1444086
1445086
1446086
1447086
1448086
1449086
1450086
1451086
1452086
1453086
1454086
1455086
1456086
1457086
1458086
1459086
1460086
1461086
1462086
1463086
1464086
1465086
1466086
1467086
1468086
1469086
1470086
1471086
1472086
1473086
1474086
1475086
1476086
1477086
1478086
1479086
1480086
1481086
1482086
1483086
1484086
1485086
1486086
1487086
1488086
1489086
1490086
1491086
1492086
1493086
1494086
1495086
1496086
1497086
1498086
1499086
1500086
1501086
1502086
1503086
1504086
1505086
1506086
1507086
1508086
1509086
1510086
1511086
1512086
1513086
1514086
1515086
1516086
1517086
1518086
1519086
1520086
1521086
1522086
1523086
1524086
1525086
1526086
1527086
1528086
1529086
1530086
1531086
1532086
1533086
1534086
1535086
1536086
1537086
1538086
1539086
1540086
1541086
1542086
1543086
1544086
1545086
1546086
1547086
1548086
1549086
1550086
1551086
1552086
1553086
1554086
1555086
1556086
1557086
1558086
1559086
1560086
1561086
1562086
1563086
1564086
1565086
1566086
1567086
1568086
1569086
1570086
1571086
1572086
1573086
1574086
1575086
1576086
1577086
1578086
1579086
1580086
1581086
1582086
1583086
1584086
1585086
1586086
1587086
1588086
1589086
1590086
1591086
1592086
1593086
1594086
1595086
1596086
1597086
1598086
1599086
1600086
1601086
1602086
1603086
1604086
1605086
1606086
1607086
1608086
1609086
1610086
1611086
1612086
1613086
1614086
1615086
1616086
1617086
1618086
1619086
1620086
1621086
1622086
1623086
1624086
1625086
1626086
1627086
1628086
1629086
1630086
1631086
1632086
1633086
1634086
1635086
1636086
1637086
1638086
1639086
1640086
1641086
1642086
1643086
1644086
1645086
1646086
1647086
1648086
1649086
1650086
1651086
1652086
1653086
1654086
1655086
1656086
1657086
1658086
1659086
1660086
1661086
1662086
1663086
1664086
1665086
1666086
1667086
1668086
1669086
1670086
1671086
1672086
1673086
1674086
1675086
1676086
1677086
1678086
1679086
1680086
1681086
1682086
1683086
1684086
1685086
1686086
1687086
1688086
1689086
1690086
1691086
1692086
1693086
1694086
1695086
1696086
1697086
1698086
1699086
1700086
1701086
1702086
1703086
1704086
1705086
1706086
1707086
1708086
1709086
1710086
1711086
1712086
1713086
1714086
1715086
1716086
1717086
1718086
1719086
1720086
1721086
1722086
1723086
1724086
1725086
1726086
1727086
1728086
1729086
1730086
1731086
1732086
1733086
1734086
1735086
1736086
1737086
1738086
1739086
1740086
1741086
1742086
1743086
1744086
1745086
1746086
1747086
1748086
1749086
1750086
1751086
1752086
1753086
1754086
1755086
1756086
1757086
1758086
1759086
1760086
1761086
1762086
1763086
1764086
1765086
1766086
1767086
1768086
1769086
1770086
1771086
1772086
1773086
1774086
1775086
1776086
1777086
1778086
1779086
1780086
1781086
1782086
1783086
1784086
1785086
1786086
1787086
1788086
1789086
1790086
1791086
1792086
1793086
1794086
1795086
1796086
1797086
1798086
1799086
800087
801087
802087
803087
804087
805087
806087
807087
808087
809087
810087
811087
812087
813087
814087
815087
816087
817087
818087
819087
820087
821087
822087
823087
824087
825087
826087
827087
828087
829087
830087
831087
832087
833087
834087
835087
836087
837087
838087
839087
840087
841087
842087
843087
844087
845087
846087
847087
848087
849087
850087
851087
852087
853087
854087
855087
856087
857087
858087
859087
860087
861087
862087
863087
864087
865087
866087
867087
868087
869087
870087
871087
872087
873087
874087
875087
876087
877087
878087
879087
880087
881087
882087
883087
884087
885087
886087
887087
888087
889087
890087
891087
892087
893087
894087
895087
896087
897087
898087
899087
900087
901087
902087
903087
904087
905087
906087
907087
908087
909087
910087
911087
912087
913087
914087
915087
916087
917087
918087
919087
920087
921087
922087
923087
924087
925087
926087
927087
928087
929087
930087
931087
932087
933087
934087
935087
936087
937087
938087
939087
940087
941087
942087
943087
944087
945087
946087
947087
948087
949087
950087
951087
952087
953087
954087
955087
956087
957087
958087
959087
960087
961087
962087
963087
964087
965087
966087
967087
968087
969087
970087
971087
972087
973087
974087
975087
976087
977087
978087
979087
980087
981087
982087
983087
984087
985087
986087
987087
988087
989087
990087
991087
992087
993087
994087
995087
996087
997087
998087
999087
1000087
1001087
1002087
1003087
1004087
1005087
1006087
1007087
1008087
1009087
1010087
1011087
1012087
1013087
1014087
1015087
1016087
1017087
1018087
1019087
1020087
1021087
1022087
1023087
1024087
1025087
1026087
1027087
1028087
1029087
1030087
1031087
1032087
1033087
1034087
1035087
1036087
1037087
1038087
1039087
1040087
1041087
1042087
1043087
1044087
1045087
1046087
1047087
1048087
1049087
1050087
1051087
1052087
1053087
1054087
1055087
1056087
1057087
1058087
1059087
1060087
1061087
1062087
1063087
1064087
1065087
1066087
1067087
1068087
1069087
1070087
1071087
1072087
1073087
1074087
1075087
1076087
1077087
1078087
1079087
1080087
1081087
1082087
1083087
1084087
1085087
1086087
1087087
1088087
1089087
1090087
1091087
1092087
1093087
1094087
1095087
1096087
1097087
1098087
1099087
1100087
1101087
1102087
1103087
1104087
1105087
1106087
1107087
1108087
1109087
1110087
1111087
1112087
1113087
1114087
1115087
1116087
1117087
1118087
1119087
1120087
1121087
1122087
1123087
1124087
1125087
1126087
1127087
1128087
1129087
1130087
1131087
1132087
1133087
1134087
1135087
1136087
1137087
1138087
1139087
1140087
1141087
1142087
1143087
1144087
1145087
1146087
1147087
1148087
1149087
1150087
1151087
1152087
1153087
1154087
1155087
1156087
1157087
1158087
1159087
1160087
1161087
1162087
1163087
1164087
1165087
1166087
1167087
1168087
1169087
1170087
1171087
1172087
1173087
1174087
1175087
1176087
1177087
1178087
1179087
1180087
1181087
1182087
1183087
1184087
1185087
1186087
1187087
1188087
1189087
1190087
1191087
1192087
1193087
1194087
1195087
1196087
1197087
1198087
1199087
1200087
1201087
1202087
1203087
1204087
1205087
1206087
1207087
1208087
1209087
1210087
1211087
1212087
1213087
1214087
1215087
1216087
1217087
1218087
1219087
1220087
1221087
1222087
1223087
1224087
1225087
1226087
1227087
1228087
1229087
1230087
1231087
1232087
1233087
1234087
1235087
1236087
1237087
1238087
1239087
1240087
1241087
1242087
1243087
1244087
1245087
1246087
1247087
1248087
1249087
1250087
1251087
1252087
1253087
1254087
1255087
1256087
1257087
1258087
1259087
1260087
1261087
1262087
1263087
1264087
1265087
1266087
1267087
1268087
1269087
1270087
1271087
1272087
1273087
1274087
1275087
1276087
1277087
1278087
1279087
1280087
1281087
1282087
1283087
1284087
1285087
1286087
1287087
1288087
1289087
1290087
1291087
1292087
1293087
1294087
1295087
1296087
1297087
1298087
1299087
1300087
1301087
1302087
1303087
1304087
1305087
1306087
1307087
1308087
1309087
1310087
1311087
1312087
1313087
1314087
1315087
1316087
1317087
1318087
1319087
1320087
1321087
1322087
1323087
1324087
1325087
1326087
1327087
1328087
1329087
1330087
1331087
1332087
1333087
1334087
1335087
1336087
1337087
1338087
1339087
1340087
1341087
1342087
1343087
1344087
1345087
1346087
1347087
1348087
1349087
1350087
1351087
1352087
1353087
1354087
1355087
1356087
1357087
1358087
1359087
1360087
1361087
1362087
1363087
1364087
1365087
1366087
1367087
1368087
1369087
1370087
1371087
1372087
1373087
1374087
1375087
1376087
1377087
1378087
1379087
1380087
1381087
1382087
1383087
1384087
1385087
1386087
1387087
1388087
1389087
1390087
1391087
1392087
1393087
1394087
1395087
1396087
1397087
1398087
1399087
1400087
1401087
1402087
1403087
1404087
1405087
1406087
1407087
1408087
1409087
1410087
1411087
1412087
1413087
1414087
1415087
1416087
1417087
1418087
1419087
1420087
1421087
1422087
1423087
1424087
1425087
1426087
1427087
1428087
1429087
1430087
1431087
1432087
1433087
1434087
1435087
1436087
1437087
1438087
1439087
1440087
1441087
1442087
1443087
1444087
1445087
1446087
1447087
1448087
1449087
1450087
1451087
1452087
1453087
1454087
1455087
1456087
1457087
1458087
1459087
1460087
1461087
1462087
1463087
1464087
1465087
1466087
1467087
1468087
1469087
1470087
1471087
1472087
1473087
1474087
1475087
1476087
1477087
1478087
1479087
1480087
1481087
1482087
1483087
1484087
1485087
1486087
1487087
1488087
1489087
1490087
1491087
1492087
1493087
1494087
1495087
1496087
1497087
1498087
1499087
1500087
1501087
1502087
1503087
1504087
1505087
1506087
1507087
1508087
1509087
1510087
1511087
1512087
1513087
1514087
1515087
1516087
1517087
1518087
1519087
1520087
1521087
1522087
1523087
1524087
1525087
1526087
1527087
1528087
1529087
1530087
1531087
1532087
1533087
1534087
1535087
1536087
1537087
1538087
1539087
1540087
1541087
1542087
1543087
1544087
1545087
1546087
1547087
1548087
1549087
1550087
1551087
1552087
1553087
1554087
1555087
1556087
1557087
1558087
1559087
1560087
1561087
1562087
1563087
1564087
1565087
1566087
1567087
1568087
1569087
1570087
1571087
1572087
1573087
1574087
1575087
1576087
1577087
1578087
1579087
1580087
1581087
1582087
1583087
1584087
1585087
1586087
1587087
1588087
1589087
1590087
1591087
1592087
1593087
1594087
1595087
1596087
1597087
1598087
1599087
1600087
1601087
1602087
1603087
1604087
1605087
1606087
1607087
1608087
1609087
1610087
1611087
1612087
1613087
1614087
1615087
1616087
1617087
1618087
1619087
1620087
1621087
1622087
1623087
1624087
1625087
1626087
1627087
1628087
1629087
1630087
1631087
1632087
1633087
1634087
1635087
1636087
1637087
1638087
1639087
1640087
1641087
1642087
1643087
1644087
1645087
1646087
1647087
1648087
1649087
1650087
1651087
1652087
1653087
1654087
1655087
1656087
1657087
1658087
1659087
1660087
1661087
1662087
1663087
1664087
1665087
1666087
1667087
1668087
1669087
1670087
1671087
1672087
1673087
1674087
1675087
1676087
1677087
1678087
1679087
1680087
1681087
1682087
1683087
1684087
1685087
1686087
1687087
1688087
1689087
1690087
1691087
1692087
1693087
1694087
1695087
1696087
1697087
1698087
1699087
1700087
1701087
1702087
1703087
1704087
1705087
1706087
1707087
1708087
1709087
1710087
1711087
1712087
1713087
1714087
1715087
1716087
1717087
1718087
1719087
1720087
1721087
1722087
1723087
1724087
1725087
1726087
1727087
1728087
1729087
1730087
1731087
1732087
1733087
1734087
1735087
1736087
1737087
1738087
1739087
1740087
1741087
1742087
1743087
1744087
1745087
1746087
1747087
1748087
1749087
1750087
1751087
1752087
1753087
1754087
1755087
1756087
1757087
1758087
1759087
1760087
1761087
1762087
1763087
1764087
1765087
1766087
1767087
1768087
1769087
1770087
1771087
1772087
1773087
1774087
1775087
1776087
1777087
1778087
1779087
1780087
1781087
1782087
1783087
1784087
1785087
1786087
1787087
1788087
1789087
1790087
1791087
1792087
1793087
1794087
1795087
1796087
1797087
1798087
1799087
800088
801088
802088
803088
804088
805088
806088
807088
808088
809088
810088
811088
812088
813088
814088
815088
816088
817088
818088
819088
820088
821088
822088
823088
824088
825088
826088
827088
828088
829088
830088
831088
832088
833088
834088
835088
836088
837088
838088
839088
840088
841088
842088
843088
844088
845088
846088
847088
848088
849088
850088
851088
852088
853088
854088
855088
856088
857088
858088
859088
860088
861088
862088
863088
864088
865088
866088
867088
868088
869088
870088
871088
872088
873088
874088
875088
876088
877088
878088
879088
880088
881088
882088
883088
884088
885088
886088
887088
888088
889088
890088
891088
892088
893088
894088
895088
896088
897088
898088
899088
900088
901088
902088
903088
904088
905088
906088
907088
908088
909088
910088
911088
912088
913088
914088
915088
916088
917088
918088
919088
920088
921088
922088
923088
924088
925088
926088
927088
928088
929088
930088
931088
932088
933088
934088
935088
936088
937088
938088
939088
940088
941088
942088
943088
944088
945088
946088
947088
948088
949088
950088
951088
952088
953088
954088
955088
956088
957088
958088
959088
960088
961088
962088
963088
964088
965088
966088
967088
968088
969088
970088
971088
972088
973088
974088
975088
976088
977088
978088
979088
980088
981088
982088
983088
984088
985088
986088
987088
988088
989088
990088
991088
992088
993088
994088
995088
996088
997088
998088
999088
1000088
1001088
1002088
1003088
1004088
1005088
1006088
1007088
1008088
1009088
1010088
1011088
1012088
1013088
1014088
1015088
1016088
1017088
1018088
1019088
1020088
1021088
1022088
1023088
1024088
1025088
1026088
1027088
1028088
1029088
1030088
1031088
1032088
1033088
1034088
1035088
1036088
1037088
1038088
1039088
1040088
1041088
1042088
1043088
1044088
1045088
1046088
1047088
1048088
1049088
1050088
1051088
1052088
1053088
1054088
1055088
1056088
1057088
1058088
1059088
1060088
1061088
1062088
1063088
1064088
1065088
1066088
1067088
1068088
1069088
1070088
1071088
1072088
1073088
1074088
1075088
1076088
1077088
1078088
1079088
1080088
1081088
1082088
1083088
1084088
1085088
1086088
1087088
1088088
1089088
1090088
1091088
1092088
1093088
1094088
1095088
1096088
1097088
1098088
1099088
1100088
1101088
1102088
1103088
1104088
1105088
1106088
1107088
1108088
1109088
1110088
1111088
1112088
1113088
1114088
1115088
1116088
1117088
1118088
1119088
1120088
1121088
1122088
1123088
1124088
1125088
1126088
1127088
1128088
1129088
1130088
1131088
1132088
1133088
1134088
1135088
1136088
1137088
1138088
1139088
1140088
1141088
1142088
1143088
1144088
1145088
1146088
1147088
1148088
1149088
1150088
1151088
1152088
1153088
1154088
1155088
1156088
1157088
1158088
1159088
1160088
1161088
1162088
1163088
1164088
1165088
1166088
1167088
1168088
1169088
1170088
1171088
1172088
1173088
1174088
1175088
1176088
1177088
1178088
1179088
1180088
1181088
1182088
1183088
1184088
1185088
1186088
1187088
1188088
1189088
1190088
1191088
1192088
1193088
1194088
1195088
1196088
1197088
1198088
1199088
1200088
1201088
1202088
1203088
1204088
1205088
1206088
1207088
1208088
1209088
1210088
1211088
1212088
1213088
1214088
1215088
1216088
1217088
1218088
1219088
1220088
1221088
1222088
1223088
1224088
1225088
1226088
1227088
1228088
1229088
1230088
1231088
1232088
1233088
1234088
1235088
1236088
1237088
1238088
1239088
1240088
1241088
1242088
1243088
1244088
1245088
1246088
1247088
1248088
1249088
1250088
1251088
1252088
1253088
1254088
1255088
1256088
1257088
1258088
1259088
1260088
1261088
1262088
1263088
1264088
1265088
1266088
1267088
1268088
1269088
1270088
1271088
1272088
1273088
1274088
1275088
1276088
1277088
1278088
1279088
1280088
1281088
1282088
1283088
1284088
1285088
1286088
1287088
1288088
1289088
1290088
1291088
1292088
1293088
1294088
1295088
1296088
1297088
1298088
1299088
1300088
1301088
1302088
1303088
1304088
1305088
1306088
1307088
1308088
1309088
1310088
1311088
1312088
1313088
1314088
1315088
1316088
1317088
1318088
1319088
1320088
1321088
1322088
1323088
1324088
1325088
1326088
1327088
1328088
1329088
1330088
1331088
1332088
1333088
1334088
1335088
1336088
1337088
1338088
1339088
1340088
1341088
1342088
1343088
1344088
1345088
1346088
1347088
1348088
1349088
1350088
1351088
1352088
1353088
1354088
1355088
1356088
1357088
1358088
1359088
1360088
1361088
1362088
1363088
1364088
1365088
1366088
1367088
1368088
1369088
1370088
1371088
1372088
1373088
1374088
1375088
1376088
1377088
1378088
1379088
1380088
1381088
1382088
1383088
1384088
1385088
1386088
1387088
1388088
1389088
1390088
1391088
1392088
1393088
1394088
1395088
1396088
1397088
1398088
1399088
1400088
1401088
1402088
1403088
1404088
1405088
1406088
1407088
1408088
1409088
1410088
1411088
1412088
1413088
1414088
1415088
1416088
1417088
1418088
1419088
1420088
1421088
1422088
1423088
1424088
1425088
1426088
1427088
1428088
1429088
1430088
1431088
1432088
1433088
1434088
1435088
1436088
1437088
1438088
1439088
1440088
1441088
1442088
1443088
1444088
1445088
1446088
1447088
1448088
1449088
1450088
1451088
1452088
1453088
1454088
1455088
1456088
1457088
1458088
1459088
1460088
1461088
1462088
1463088
1464088
1465088
1466088
1467088
1468088
1469088
1470088
1471088
1472088
1473088
1474088
1475088
1476088
1477088
1478088
1479088
1480088
1481088
1482088
1483088
1484088
1485088
1486088
1487088
1488088
1489088
1490088
1491088
1492088
1493088
1494088
1495088
1496088
1497088
1498088
1499088
1500088
1501088
1502088
1503088
1504088
1505088
1506088
1507088
1508088
1509088
1510088
1511088
1512088
1513088
1514088
1515088
1516088
1517088
1518088
1519088
1520088
1521088
1522088
1523088
1524088
1525088
1526088
1527088
1528088
1529088
1530088
1531088
1532088
1533088
1534088
1535088
1536088
1537088
1538088
1539088
1540088
1541088
1542088
1543088
1544088
1545088
1546088
1547088
1548088
1549088
1550088
1551088
1552088
1553088
1554088
1555088
1556088
1557088
1558088
1559088
1560088
1561088
1562088
1563088
1564088
1565088
1566088
1567088
1568088
1569088
1570088
1571088
1572088
1573088
1574088
1575088
1576088
1577088
1578088
1579088
1580088
1581088
1582088
1583088
1584088
1585088
1586088
1587088
1588088
1589088
1590088
1591088
1592088
1593088
1594088
1595088
1596088
1597088
1598088
1599088
1600088
1601088
1602088
1603088
1604088
1605088
1606088
1607088
1608088
1609088
1610088
1611088
1612088
1613088
1614088
1615088
1616088
1617088
1618088
1619088
1620088
1621088
1622088
1623088
1624088
1625088
1626088
1627088
1628088
1629088
1630088
1631088
1632088
1633088
1634088
1635088
1636088
1637088
1638088
1639088
1640088
1641088
1642088
1643088
1644088
1645088
1646088
1647088
1648088
1649088
1650088
1651088
1652088
1653088
1654088
1655088
1656088
1657088
1658088
1659088
1660088
1661088
1662088
1663088
1664088
1665088
1666088
1667088
1668088
1669088
1670088
1671088
1672088
1673088
1674088
1675088
1676088
1677088
1678088
1679088
1680088
1681088
1682088
1683088
1684088
1685088
1686088
1687088
1688088
1689088
1690088
1691088
1692088
1693088
1694088
1695088
1696088
1697088
1698088
1699088
1700088
1701088
1702088
1703088
1704088
1705088
1706088
1707088
1708088
1709088
1710088
1711088
1712088
1713088
1714088
1715088
1716088
1717088
1718088
1719088
1720088
1721088
1722088
1723088
1724088
1725088
1726088
1727088
1728088
1729088
1730088
1731088
1732088
1733088
1734088
1735088
1736088
1737088
1738088
1739088
1740088
1741088
1742088
1743088
1744088
1745088
1746088
1747088
1748088
1749088
1750088
1751088
1752088
1753088
1754088
1755088
1756088
1757088
1758088
1759088
1760088
1761088
1762088
1763088
1764088
1765088
1766088
1767088
1768088
1769088
1770088
1771088
1772088
1773088
1774088
1775088
1776088
1777088
1778088
1779088
1780088
1781088
1782088
1783088
1784088
1785088
1786088
1787088
1788088
1789088
1790088
1791088
1792088
1793088
1794088
1795088
1796088
1797088
1798088
1799088
800089
801089
802089
803089
804089
805089
806089
807089
808089
809089
810089
811089
812089
813089
814089
815089
816089
817089
818089
819089
820089
821089
822089
823089
824089
825089
826089
827089
828089
829089
830089
831089
832089
833089
834089
835089
836089
837089
838089
839089
840089
841089
842089
843089
844089
845089
846089
847089
848089
849089
850089
851089
852089
853089
854089
855089
856089
857089
858089
859089
860089
861089
862089
863089
864089
865089
866089
867089
868089
869089
870089
871089
872089
873089
874089
875089
876089
877089
878089
879089
880089
881089
882089
883089
884089
885089
886089
887089
888089
889089
890089
891089
892089
893089
894089
895089
896089
897089
898089
899089
900089
901089
902089
903089
904089
905089
906089
907089
908089
909089
910089
911089
912089
913089
914089
915089
916089
917089
918089
919089
920089
921089
922089
923089
924089
925089
926089
927089
928089
929089
930089
931089
932089
933089
934089
935089
936089
937089
938089
939089
940089
941089
942089
943089
944089
945089
946089
947089
948089
949089
950089
951089
952089
953089
954089
955089
956089
957089
958089
959089
960089
961089
962089
963089
964089
965089
966089
967089
968089
969089
970089
971089
972089
973089
974089
975089
976089
977089
978089
979089
980089
981089
982089
983089
984089
985089
986089
987089
988089
989089
990089
991089
992089
993089
994089
995089
996089
997089
998089
999089
1000089
1001089
1002089
1003089
1004089
1005089
1006089
1007089
1008089
1009089
1010089
1011089
1012089
1013089
1014089
1015089
1016089
1017089
1018089
1019089
1020089
1021089
1022089
1023089
1024089
1025089
1026089
1027089
1028089
1029089
1030089
1031089
1032089
1033089
1034089
1035089
1036089
1037089
1038089
1039089
1040089
1041089
1042089
1043089
1044089
1045089
1046089
1047089
1048089
1049089
1050089
1051089
1052089
1053089
1054089
1055089
1056089
1057089
1058089
1059089
1060089
1061089
1062089
1063089
1064089
1065089
1066089
1067089
1068089
1069089
1070089
1071089
1072089
1073089
1074089
1075089
1076089
1077089
1078089
1079089
1080089
1081089
1082089
1083089
1084089
1085089
1086089
1087089
1088089
1089089
1090089
1091089
1092089
1093089
1094089
1095089
1096089
1097089
1098089
1099089
1100089
1101089
1102089
1103089
1104089
1105089
1106089
1107089
1108089
1109089
1110089
1111089
1112089
1113089
1114089
1115089
1116089
1117089
1118089
1119089
1120089
1121089
1122089
1123089
1124089
1125089
1126089
1127089
1128089
1129089
1130089
1131089
1132089
1133089
1134089
1135089
1136089
1137089
1138089
1139089
1140089
1141089
1142089
1143089
1144089
1145089
1146089
1147089
1148089
1149089
1150089
1151089
1152089
1153089
1154089
1155089
1156089
1157089
1158089
1159089
1160089
1161089
1162089
1163089
1164089
1165089
1166089
1167089
1168089
1169089
1170089
1171089
1172089
1173089
1174089
1175089
1176089
1177089
1178089
1179089
1180089
1181089
1182089
1183089
1184089
1185089
1186089
1187089
1188089
1189089
1190089
1191089
1192089
1193089
1194089
1195089
1196089
1197089
1198089
1199089
1200089
1201089
1202089
1203089
1204089
1205089
1206089
1207089
1208089
1209089
1210089
1211089
1212089
1213089
1214089
1215089
1216089
1217089
1218089
1219089
1220089
1221089
1222089
1223089
1224089
1225089
1226089
1227089
1228089
1229089
1230089
1231089
1232089
1233089
1234089
1235089
1236089
1237089
1238089
1239089
1240089
1241089
1242089
1243089
1244089
1245089
1246089
1247089
1248089
1249089
1250089
1251089
1252089
1253089
1254089
1255089
1256089
1257089
1258089
1259089
1260089
1261089
1262089
1263089
1264089
1265089
1266089
1267089
1268089
1269089
1270089
1271089
1272089
1273089
1274089
1275089
1276089
1277089
1278089
1279089
1280089
1281089
1282089
1283089
1284089
1285089
1286089
1287089
1288089
1289089
1290089
1291089
1292089
1293089
1294089
1295089
1296089
1297089
1298089
1299089
1300089
1301089
1302089
1303089
1304089
1305089
1306089
1307089
1308089
1309089
1310089
1311089
1312089
1313089
1314089
1315089
1316089
1317089
1318089
1319089
1320089
1321089
1322089
1323089
1324089
1325089
1326089
1327089
1328089
1329089
1330089
1331089
1332089
1333089
1334089
1335089
1336089
1337089
1338089
1339089
1340089
1341089
1342089
1343089
1344089
1345089
1346089
1347089
1348089
1349089
1350089
1351089
1352089
1353089
1354089
1355089
1356089
1357089
1358089
1359089
1360089
1361089
1362089
1363089
1364089
1365089
1366089
1367089
1368089
1369089
1370089
1371089
1372089
1373089
1374089
1375089
1376089
1377089
1378089
1379089
1380089
1381089
1382089
1383089
1384089
1385089
1386089
1387089
1388089
1389089
1390089
1391089
1392089
1393089
1394089
1395089
1396089
1397089
1398089
1399089
1400089
1401089
1402089
1403089
1404089
1405089
1406089
1407089
1408089
1409089
1410089
1411089
1412089
1413089
1414089
1415089
1416089
1417089
1418089
1419089
1420089
1421089
1422089
1423089
1424089
1425089
1426089
1427089
1428089
1429089
1430089
1431089
1432089
1433089
1434089
1435089
1436089
1437089
1438089
1439089
1440089
1441089
1442089
1443089
1444089
1445089
1446089
1447089
1448089
1449089
1450089
1451089
1452089
1453089
1454089
1455089
1456089
1457089
1458089
1459089
1460089
1461089
1462089
1463089
1464089
1465089
1466089
1467089
1468089
1469089
1470089
1471089
1472089
1473089
1474089
1475089
1476089
1477089
1478089
1479089
1480089
1481089
1482089
1483089
1484089
1485089
1486089
1487089
1488089
1489089
1490089
1491089
1492089
1493089
1494089
1495089
1496089
1497089
1498089
1499089
1500089
1501089
1502089
1503089
1504089
1505089
1506089
1507089
1508089
1509089
1510089
1511089
1512089
1513089
1514089
1515089
1516089
1517089
1518089
1519089
1520089
1521089
1522089
1523089
1524089
1525089
1526089
1527089
1528089
1529089
1530089
1531089
1532089
1533089
1534089
1535089
1536089
1537089
1538089
1539089
1540089
1541089
1542089
1543089
1544089
1545089
1546089
1547089
1548089
1549089
1550089
1551089
1552089
1553089
1554089
1555089
1556089
1557089
1558089
1559089
1560089
1561089
1562089
1563089
1564089
1565089
1566089
1567089
1568089
1569089
1570089
1571089
1572089
1573089
1574089
1575089
1576089
1577089
1578089
1579089
1580089
1581089
1582089
1583089
1584089
1585089
1586089
1587089
1588089
1589089
1590089
1591089
1592089
1593089
1594089
1595089
1596089
1597089
1598089
1599089
1600089
1601089
1602089
1603089
1604089
1605089
1606089
1607089
1608089
1609089
1610089
1611089
1612089
1613089
1614089
1615089
1616089
1617089
1618089
1619089
1620089
1621089
1622089
1623089
1624089
1625089
1626089
1627089
1628089
1629089
1630089
1631089
1632089
1633089
1634089
1635089
1636089
1637089
1638089
1639089
1640089
1641089
1642089
1643089
1644089
1645089
1646089
1647089
1648089
1649089
1650089
1651089
1652089
1653089
1654089
1655089
1656089
1657089
1658089
1659089
1660089
1661089
1662089
1663089
1664089
1665089
1666089
1667089
1668089
1669089
1670089
1671089
1672089
1673089
1674089
1675089
1676089
1677089
1678089
1679089
1680089
1681089
1682089
1683089
1684089
1685089
1686089
1687089
1688089
1689089
1690089
1691089
1692089
1693089
1694089
1695089
1696089
1697089
1698089
1699089
1700089
1701089
1702089
1703089
1704089
1705089
1706089
1707089
1708089
1709089
1710089
1711089
1712089
1713089
1714089
1715089
1716089
1717089
1718089
1719089
1720089
1721089
1722089
1723089
1724089
1725089
1726089
1727089
1728089
1729089
1730089
1731089
1732089
1733089
1734089
1735089
1736089
1737089
1738089
1739089
1740089
1741089
1742089
1743089
1744089
1745089
1746089
1747089
1748089
1749089
1750089
1751089
1752089
1753089
1754089
1755089
1756089
1757089
1758089
1759089
1760089
1761089
1762089
1763089
1764089
1765089
1766089
1767089
1768089
1769089
1770089
1771089
1772089
1773089
1774089
1775089
1776089
1777089
1778089
1779089
1780089
1781089
1782089
1783089
1784089
1785089
1786089
1787089
1788089
1789089
1790089
1791089
1792089
1793089
1794089
1795089
1796089
1797089
1798089
1799089
800090
801090
802090
803090
804090
805090
806090
807090
808090
809090
810090
811090
812090
813090
814090
815090
816090
817090
818090
819090
820090
821090
822090
823090
824090
825090
826090
827090
828090
829090
830090
831090
832090
833090
834090
835090
836090
837090
838090
839090
840090
841090
842090
843090
844090
845090
846090
847090
848090
849090
850090
851090
852090
853090
854090
855090
856090
857090
858090
859090
860090
861090
862090
863090
864090
865090
866090
867090
868090
869090
870090
871090
872090
873090
874090
875090
876090
877090
878090
879090
880090
881090
882090
883090
884090
885090
886090
887090
888090
889090
890090
891090
892090
893090
894090
895090
896090
897090
898090
899090
900090
901090
902090
903090
904090
905090
906090
907090
908090
909090
910090
911090
912090
913090
914090
915090
916090
917090
918090
919090
920090
921090
922090
923090
924090
925090
926090
927090
928090
929090
930090
931090
932090
933090
934090
935090
936090
937090
938090
939090
940090
941090
942090
943090
944090
945090
946090
947090
948090
949090
950090
951090
952090
953090
954090
955090
956090
957090
958090
959090
960090
961090
962090
963090
964090
965090
966090
967090
968090
969090
970090
971090
972090
973090
974090
975090
976090
977090
978090
979090
980090
981090
982090
983090
984090
985090
986090
987090
988090
989090
990090
991090
992090
993090
994090
995090
996090
997090
998090
999090
1000090
1001090
1002090
1003090
1004090
1005090
1006090
1007090
1008090
1009090
1010090
1011090
1012090
1013090
1014090
1015090
1016090
1017090
1018090
1019090
1020090
1021090
1022090
1023090
1024090
1025090
1026090
1027090
1028090
1029090
1030090
1031090
1032090
1033090
1034090
1035090
1036090
1037090
1038090
1039090
1040090
1041090
1042090
1043090
1044090
1045090
1046090
1047090
1048090
1049090
1050090
1051090
1052090
1053090
1054090
1055090
1056090
1057090
1058090
1059090
1060090
1061090
1062090
1063090
1064090
1065090
1066090
1067090
1068090
1069090
1070090
1071090
1072090
1073090
1074090
1075090
1076090
1077090
1078090
1079090
1080090
1081090
1082090
1083090
1084090
1085090
1086090
1087090
1088090
1089090
1090090
1091090
1092090
1093090
1094090
1095090
1096090
1097090
1098090
1099090
1100090
1101090
1102090
1103090
1104090
1105090
1106090
1107090
1108090
1109090
1110090
1111090
1112090
1113090
1114090
1115090
1116090
1117090
1118090
1119090
1120090
1121090
1122090
1123090
1124090
1125090
1126090
1127090
1128090
1129090
1130090
1131090
1132090
1133090
1134090
1135090
1136090
1137090
1138090
1139090
1140090
1141090
1142090
1143090
1144090
1145090
1146090
1147090
1148090
1149090
1150090
1151090
1152090
1153090
1154090
1155090
1156090
1157090
1158090
1159090
1160090
1161090
1162090
1163090
1164090
1165090
1166090
1167090
1168090
1169090
1170090
1171090
1172090
1173090
1174090
1175090
1176090
1177090
1178090
1179090
1180090
1181090
1182090
1183090
1184090
1185090
1186090
1187090
1188090
1189090
1190090
1191090
1192090
1193090
1194090
1195090
1196090
1197090
1198090
1199090
1200090
1201090
1202090
1203090
1204090
1205090
1206090
1207090
1208090
1209090
1210090
1211090
1212090
1213090
1214090
1215090
1216090
1217090
1218090
1219090
1220090
1221090
1222090
1223090
1224090
1225090
1226090
1227090
1228090
1229090
1230090
1231090
1232090
1233090
1234090
1235090
1236090
1237090
1238090
1239090
1240090
1241090
1242090
1243090
1244090
1245090
1246090
1247090
1248090
1249090
1250090
1251090
1252090
1253090
1254090
1255090
1256090
1257090
1258090
1259090
1260090
1261090
1262090
1263090
1264090
1265090
1266090
1267090
1268090
1269090
1270090
1271090
1272090
1273090
1274090
1275090
1276090
1277090
1278090
1279090
1280090
1281090
1282090
1283090
1284090
1285090
1286090
1287090
1288090
1289090
1290090
1291090
1292090
1293090
1294090
1295090
1296090
1297090
1298090
1299090
1300090
1301090
1302090
1303090
1304090
1305090
1306090
1307090
1308090
1309090
1310090
1311090
1312090
1313090
1314090
1315090
1316090
1317090
1318090
1319090
1320090
1321090
1322090
1323090
1324090
1325090
1326090
1327090
1328090
1329090
1330090
1331090
1332090
1333090
1334090
1335090
1336090
1337090
1338090
1339090
1340090
1341090
1342090
1343090
1344090
1345090
1346090
1347090
1348090
1349090
1350090
1351090
1352090
1353090
1354090
1355090
1356090
1357090
1358090
1359090
1360090
1361090
1362090
1363090
1364090
1365090
1366090
1367090
1368090
1369090
1370090
1371090
1372090
1373090
1374090
1375090
1376090
1377090
1378090
1379090
1380090
1381090
1382090
1383090
1384090
1385090
1386090
1387090
1388090
1389090
1390090
1391090
1392090
1393090
1394090
1395090
1396090
1397090
1398090
1399090
1400090
1401090
1402090
1403090
1404090
1405090
1406090
1407090
1408090
1409090
1410090
1411090
1412090
1413090
1414090
1415090
1416090
1417090
1418090
1419090
1420090
1421090
1422090
1423090
1424090
1425090
1426090
1427090
1428090
1429090
1430090
1431090
1432090
1433090
1434090
1435090
1436090
1437090
1438090
1439090
1440090
1441090
1442090
1443090
1444090
1445090
1446090
1447090
1448090
1449090
1450090
1451090
1452090
1453090
1454090
1455090
1456090
1457090
1458090
1459090
1460090
1461090
1462090
1463090
1464090
1465090
1466090
1467090
1468090
1469090
1470090
1471090
1472090
1473090
1474090
1475090
1476090
1477090
1478090
1479090
1480090
1481090
1482090
1483090
1484090
1485090
1486090
1487090
1488090
1489090
1490090
1491090
1492090
1493090
1494090
1495090
1496090
1497090
1498090
1499090
1500090
1501090
1502090
1503090
1504090
1505090
1506090
1507090
1508090
1509090
1510090
1511090
1512090
1513090
1514090
1515090
1516090
1517090
1518090
1519090
1520090
1521090
1522090
1523090
1524090
1525090
1526090
1527090
1528090
1529090
1530090
1531090
1532090
1533090
1534090
1535090
1536090
1537090
1538090
1539090
1540090
1541090
1542090
1543090
1544090
1545090
1546090
1547090
1548090
1549090
1550090
1551090
1552090
1553090
1554090
1555090
1556090
1557090
1558090
1559090
1560090
1561090
1562090
1563090
1564090
1565090
1566090
1567090
1568090
1569090
1570090
1571090
1572090
1573090
1574090
1575090
1576090
1577090
1578090
1579090
1580090
1581090
1582090
1583090
1584090
1585090
1586090
1587090
1588090
1589090
1590090
1591090
1592090
1593090
1594090
1595090
1596090
1597090
1598090
1599090
1600090
1601090
1602090
1603090
1604090
1605090
1606090
1607090
1608090
1609090
1610090
1611090
1612090
1613090
1614090
1615090
1616090
1617090
1618090
1619090
1620090
1621090
1622090
1623090
1624090
1625090
1626090
1627090
1628090
1629090
1630090
1631090
1632090
1633090
1634090
1635090
1636090
1637090
1638090
1639090
1640090
1641090
1642090
1643090
1644090
1645090
1646090
1647090
1648090
1649090
1650090
1651090
1652090
1653090
1654090
1655090
1656090
1657090
1658090
1659090
1660090
1661090
1662090
1663090
1664090
1665090
1666090
1667090
1668090
1669090
1670090
1671090
1672090
1673090
1674090
1675090
1676090
1677090
1678090
1679090
1680090
1681090
1682090
1683090
1684090
1685090
1686090
1687090
1688090
1689090
1690090
1691090
1692090
1693090
1694090
1695090
1696090
1697090
1698090
1699090
1700090
1701090
1702090
1703090
1704090
1705090
1706090
1707090
1708090
1709090
1710090
1711090
1712090
1713090
1714090
1715090
1716090
1717090
1718090
1719090
1720090
1721090
1722090
1723090
1724090
1725090
1726090
1727090
1728090
1729090
1730090
1731090
1732090
1733090
1734090
1735090
1736090
1737090
1738090
1739090
1740090
1741090
1742090
1743090
1744090
1745090
1746090
1747090
1748090
1749090
1750090
1751090
1752090
1753090
1754090
1755090
1756090
1757090
1758090
1759090
1760090
1761090
1762090
1763090
1764090
1765090
1766090
1767090
1768090
1769090
1770090
1771090
1772090
1773090
1774090
1775090
1776090
1777090
1778090
1779090
1780090
1781090
1782090
1783090
1784090
1785090
1786090
1787090
1788090
1789090
1790090
1791090
1792090
1793090
1794090
1795090
1796090
1797090
1798090
1799090
800091
801091
802091
803091
804091
805091
806091
807091
808091
809091
810091
811091
812091
813091
814091
815091
816091
817091
818091
819091
820091
821091
822091
823091
824091
825091
826091
827091
828091
829091
830091
831091
832091
833091
834091
835091
836091
837091
838091
839091
840091
841091
842091
843091
844091
845091
846091
847091
848091
849091
850091
851091
852091
853091
854091
855091
856091
857091
858091
859091
860091
861091
862091
863091
864091
865091
866091
867091
868091
869091
870091
871091
872091
873091
874091
875091
876091
877091
878091
879091
880091
881091
882091
883091
884091
885091
886091
887091
888091
889091
890091
891091
892091
893091
894091
895091
896091
897091
898091
899091
900091
901091
902091
903091
904091
905091
906091
907091
908091
909091
910091
911091
912091
913091
914091
915091
916091
917091
918091
919091
920091
921091
922091
923091
924091
925091
926091
927091
928091
929091
930091
931091
932091
933091
934091
935091
936091
937091
938091
939091
940091
941091
942091
943091
944091
945091
946091
947091
948091
949091
950091
951091
952091
953091
954091
955091
956091
957091
958091
959091
960091
961091
962091
963091
964091
965091
966091
967091
968091
969091
970091
971091
972091
973091
974091
975091
976091
977091
978091
979091
980091
981091
982091
983091
984091
985091
986091
987091
988091
989091
990091
991091
992091
993091
994091
995091
996091
997091
998091
999091
1000091
1001091
1002091
1003091
1004091
1005091
1006091
1007091
1008091
1009091
1010091
1011091
1012091
1013091
1014091
1015091
1016091
1017091
1018091
1019091
1020091
1021091
1022091
1023091
1024091
1025091
1026091
1027091
1028091
1029091
1030091
1031091
1032091
1033091
1034091
1035091
1036091
1037091
1038091
1039091
1040091
1041091
1042091
1043091
1044091
1045091
1046091
1047091
1048091
1049091
1050091
1051091
1052091
1053091
1054091
1055091
1056091
1057091
1058091
1059091
1060091
1061091
1062091
1063091
1064091
1065091
1066091
1067091
1068091
1069091
1070091
1071091
1072091
1073091
1074091
1075091
1076091
1077091
1078091
1079091
1080091
1081091
1082091
1083091
1084091
1085091
1086091
1087091
1088091
1089091
1090091
1091091
1092091
1093091
1094091
1095091
1096091
1097091
1098091
1099091
1100091
1101091
1102091
1103091
1104091
1105091
1106091
1107091
1108091
1109091
1110091
1111091
1112091
1113091
1114091
1115091
1116091
1117091
1118091
1119091
1120091
1121091
1122091
1123091
1124091
1125091
1126091
1127091
1128091
1129091
1130091
1131091
1132091
1133091
1134091
1135091
1136091
1137091
1138091
1139091
1140091
1141091
1142091
1143091
1144091
1145091
1146091
1147091
1148091
1149091
1150091
1151091
1152091
1153091
1154091
1155091
1156091
1157091
1158091
1159091
1160091
1161091
1162091
1163091
1164091
1165091
1166091
1167091
1168091
1169091
1170091
1171091
1172091
1173091
1174091
1175091
1176091
1177091
1178091
1179091
1180091
1181091
1182091
1183091
1184091
1185091
1186091
1187091
1188091
1189091
1190091
1191091
1192091
1193091
1194091
1195091
1196091
1197091
1198091
1199091
1200091
1201091
1202091
1203091
1204091
1205091
1206091
1207091
1208091
1209091
1210091
1211091
1212091
1213091
1214091
1215091
1216091
1217091
1218091
1219091
1220091
1221091
1222091
1223091
1224091
1225091
1226091
1227091
1228091
1229091
1230091
1231091
1232091
1233091
1234091
1235091
1236091
1237091
1238091
1239091
1240091
1241091
1242091
1243091
1244091
1245091
1246091
1247091
1248091
1249091
1250091
1251091
1252091
1253091
1254091
1255091
1256091
1257091
1258091
1259091
1260091
1261091
1262091
1263091
1264091
1265091
1266091
1267091
1268091
1269091
1270091
1271091
1272091
1273091
1274091
1275091
1276091
1277091
1278091
1279091
1280091
1281091
1282091
1283091
1284091
1285091
1286091
1287091
1288091
1289091
1290091
1291091
1292091
1293091
1294091
1295091
1296091
1297091
1298091
1299091
1300091
1301091
1302091
1303091
1304091
1305091
1306091
1307091
1308091
1309091
1310091
1311091
1312091
1313091
1314091
1315091
1316091
1317091
1318091
1319091
1320091
1321091
1322091
1323091
1324091
1325091
1326091
1327091
1328091
1329091
1330091
1331091
1332091
1333091
1334091
1335091
1336091
1337091
1338091
1339091
1340091
1341091
1342091
1343091
1344091
1345091
1346091
1347091
1348091
1349091
1350091
1351091
1352091
1353091
1354091
1355091
1356091
1357091
1358091
1359091
1360091
1361091
1362091
1363091
1364091
1365091
1366091
1367091
1368091
1369091
1370091
1371091
1372091
1373091
1374091
1375091
1376091
1377091
1378091
1379091
1380091
1381091
1382091
1383091
1384091
1385091
1386091
1387091
1388091
1389091
1390091
1391091
1392091
1393091
1394091
1395091
1396091
1397091
1398091
1399091
1400091
1401091
1402091
1403091
1404091
1405091
1406091
1407091
1408091
1409091
1410091
1411091
1412091
1413091
1414091
1415091
1416091
1417091
1418091
1419091
1420091
1421091
1422091
1423091
1424091
1425091
1426091
1427091
1428091
1429091
1430091
1431091
1432091
1433091
1434091
1435091
1436091
1437091
1438091
1439091
1440091
1441091
1442091
1443091
1444091
1445091
1446091
1447091
1448091
1449091
1450091
1451091
1452091
1453091
1454091
1455091
1456091
1457091
1458091
1459091
1460091
1461091
1462091
1463091
1464091
1465091
1466091
1467091
1468091
1469091
1470091
1471091
1472091
1473091
1474091
1475091
1476091
1477091
1478091
1479091
1480091
1481091
1482091
1483091
1484091
1485091
1486091
1487091
1488091
1489091
1490091
1491091
1492091
1493091
1494091
1495091
1496091
1497091
1498091
1499091
1500091
1501091
1502091
1503091
1504091
1505091
1506091
1507091
1508091
1509091
1510091
1511091
1512091
1513091
1514091
1515091
1516091
1517091
1518091
1519091
1520091
1521091
1522091
1523091
1524091
1525091
1526091
1527091
1528091
1529091
1530091
1531091
1532091
1533091
1534091
1535091
1536091
1537091
1538091
1539091
1540091
1541091
1542091
1543091
1544091
1545091
1546091
1547091
1548091
1549091
1550091
1551091
1552091
1553091
1554091
1555091
1556091
1557091
1558091
1559091
1560091
1561091
1562091
1563091
1564091
1565091
1566091
1567091
1568091
1569091
1570091
1571091
1572091
1573091
1574091
1575091
1576091
1577091
1578091
1579091
1580091
1581091
1582091
1583091
1584091
1585091
1586091
1587091
1588091
1589091
1590091
1591091
1592091
1593091
1594091
1595091
1596091
1597091
1598091
1599091
1600091
1601091
1602091
1603091
1604091
1605091
1606091
1607091
1608091
1609091
1610091
1611091
1612091
1613091
1614091
1615091
1616091
1617091
1618091
1619091
1620091
1621091
1622091
1623091
1624091
1625091
1626091
1627091
1628091
1629091
1630091
1631091
1632091
1633091
1634091
1635091
1636091
1637091
1638091
1639091
1640091
1641091
1642091
1643091
1644091
1645091
1646091
1647091
1648091
1649091
1650091
1651091
1652091
1653091
1654091
1655091
1656091
1657091
1658091
1659091
1660091
1661091
1662091
1663091
1664091
1665091
1666091
1667091
1668091
1669091
1670091
1671091
1672091
1673091
1674091
1675091
1676091
1677091
1678091
1679091
1680091
1681091
1682091
1683091
1684091
1685091
1686091
1687091
1688091
1689091
1690091
1691091
1692091
1693091
1694091
1695091
1696091
1697091
1698091
1699091
1700091
1701091
1702091
1703091
1704091
1705091
1706091
1707091
1708091
1709091
1710091
1711091
1712091
1713091
1714091
1715091
1716091
1717091
1718091
1719091
1720091
1721091
1722091
1723091
1724091
1725091
1726091
1727091
1728091
1729091
1730091
1731091
1732091
1733091
1734091
1735091
1736091
1737091
1738091
1739091
1740091
1741091
1742091
1743091
1744091
1745091
1746091
1747091
1748091
1749091
1750091
1751091
1752091
1753091
1754091
1755091
1756091
1757091
1758091
1759091
1760091
1761091
1762091
1763091
1764091
1765091
1766091
1767091
1768091
1769091
1770091
1771091
1772091
1773091
1774091
1775091
1776091
1777091
1778091
1779091
1780091
1781091
1782091
1783091
1784091
1785091
1786091
1787091
1788091
1789091
1790091
1791091
1792091
1793091
1794091
1795091
1796091
1797091
1798091
1799091
800092
801092
802092
803092
804092
805092
806092
807092
808092
809092
810092
811092
812092
813092
814092
815092
816092
817092
818092
819092
820092
821092
822092
823092
824092
825092
826092
827092
828092
829092
830092
831092
832092
833092
834092
835092
836092
837092
838092
839092
840092
841092
842092
843092
844092
845092
846092
847092
848092
849092
850092
851092
852092
853092
854092
855092
856092
857092
858092
859092
860092
861092
862092
863092
864092
865092
866092
867092
868092
869092
870092
871092
872092
873092
874092
875092
876092
877092
878092
879092
880092
881092
882092
883092
884092
885092
886092
887092
888092
889092
890092
891092
892092
893092
894092
895092
896092
897092
898092
899092
900092
901092
902092
903092
904092
905092
906092
907092
908092
909092
910092
911092
912092
913092
914092
915092
916092
917092
918092
919092
920092
921092
922092
923092
924092
925092
926092
927092
928092
929092
930092
931092
932092
933092
934092
935092
936092
937092
938092
939092
940092
941092
942092
943092
944092
945092
946092
947092
948092
949092
950092
951092
952092
953092
954092
955092
956092
957092
958092
959092
960092
961092
962092
963092
964092
965092
966092
967092
968092
969092
970092
971092
972092
973092
974092
975092
976092
977092
978092
979092
980092
981092
982092
983092
984092
985092
986092
987092
988092
989092
990092
991092
992092
993092
994092
995092
996092
997092
998092
999092
1000092
1001092
1002092
1003092
1004092
1005092
1006092
1007092
1008092
1009092
1010092
1011092
1012092
1013092
1014092
1015092
1016092
1017092
1018092
1019092
1020092
1021092
1022092
1023092
1024092
1025092
1026092
1027092
1028092
1029092
1030092
1031092
1032092
1033092
1034092
1035092
1036092
1037092
1038092
1039092
1040092
1041092
1042092
1043092
1044092
1045092
1046092
1047092
1048092
1049092
1050092
1051092
1052092
1053092
1054092
1055092
1056092
1057092
1058092
1059092
1060092
1061092
1062092
1063092
1064092
1065092
1066092
1067092
1068092
1069092
1070092
1071092
1072092
1073092
1074092
1075092
1076092
1077092
1078092
1079092
1080092
1081092
1082092
1083092
1084092
1085092
1086092
1087092
1088092
1089092
1090092
1091092
1092092
1093092
1094092
1095092
1096092
1097092
1098092
1099092
1100092
1101092
1102092
1103092
1104092
1105092
1106092
1107092
1108092
1109092
1110092
1111092
1112092
1113092
1114092
1115092
1116092
1117092
1118092
1119092
1120092
1121092
1122092
1123092
1124092
1125092
1126092
1127092
1128092
1129092
1130092
1131092
1132092
1133092
1134092
1135092
1136092
1137092
1138092
1139092
1140092
1141092
1142092
1143092
1144092
1145092
1146092
1147092
1148092
1149092
1150092
1151092
1152092
1153092
1154092
1155092
1156092
1157092
1158092
1159092
1160092
1161092
1162092
1163092
1164092
1165092
1166092
1167092
1168092
1169092
1170092
1171092
1172092
1173092
1174092
1175092
1176092
1177092
1178092
1179092
1180092
1181092
1182092
1183092
1184092
1185092
1186092
1187092
1188092
1189092
1190092
1191092
1192092
1193092
1194092
1195092
1196092
1197092
1198092
1199092
1200092
1201092
1202092
1203092
1204092
1205092
1206092
1207092
1208092
1209092
1210092
1211092
1212092
1213092
1214092
1215092
1216092
1217092
1218092
1219092
1220092
1221092
1222092
1223092
1224092
1225092
1226092
1227092
1228092
1229092
1230092
1231092
1232092
1233092
1234092
1235092
1236092
1237092
1238092
1239092
1240092
1241092
1242092
1243092
1244092
1245092
1246092
1247092
1248092
1249092
1250092
1251092
1252092
1253092
1254092
1255092
1256092
1257092
1258092
1259092
1260092
1261092
1262092
1263092
1264092
1265092
1266092
1267092
1268092
1269092
1270092
1271092
1272092
1273092
1274092
1275092
1276092
1277092
1278092
1279092
1280092
1281092
1282092
1283092
1284092
1285092
1286092
1287092
1288092
1289092
1290092
1291092
1292092
1293092
1294092
1295092
1296092
1297092
1298092
1299092
1300092
1301092
1302092
1303092
1304092
1305092
1306092
1307092
1308092
1309092
1310092
1311092
1312092
1313092
1314092
1315092
1316092
1317092
1318092
1319092
1320092
1321092
1322092
1323092
1324092
1325092
1326092
1327092
1328092
1329092
1330092
1331092
1332092
1333092
1334092
1335092
1336092
1337092
1338092
1339092
1340092
1341092
1342092
1343092
1344092
1345092
1346092
1347092
1348092
1349092
1350092
1351092
1352092
1353092
1354092
1355092
1356092
1357092
1358092
1359092
1360092
1361092
1362092
1363092
1364092
1365092
1366092
1367092
1368092
1369092
1370092
1371092
1372092
1373092
1374092
1375092
1376092
1377092
1378092
1379092
1380092
1381092
1382092
1383092
1384092
1385092
1386092
1387092
1388092
1389092
1390092
1391092
1392092
1393092
1394092
1395092
1396092
1397092
1398092
1399092
1400092
1401092
1402092
1403092
1404092
1405092
1406092
1407092
1408092
1409092
1410092
1411092
1412092
1413092
1414092
1415092
1416092
1417092
1418092
1419092
1420092
1421092
1422092
1423092
1424092
1425092
1426092
1427092
1428092
1429092
1430092
1431092
1432092
1433092
1434092
1435092
1436092
1437092
1438092
1439092
1440092
1441092
1442092
1443092
1444092
1445092
1446092
1447092
1448092
1449092
1450092
1451092
1452092
1453092
1454092
1455092
1456092
1457092
1458092
1459092
1460092
1461092
1462092
1463092
1464092
1465092
1466092
1467092
1468092
1469092
1470092
1471092
1472092
1473092
1474092
1475092
1476092
1477092
1478092
1479092
1480092
1481092
1482092
1483092
1484092
1485092
1486092
1487092
1488092
1489092
1490092
1491092
1492092
1493092
1494092
1495092
1496092
1497092
1498092
1499092
1500092
1501092
1502092
1503092
1504092
1505092
1506092
1507092
1508092
1509092
1510092
1511092
1512092
1513092
1514092
1515092
1516092
1517092
1518092
1519092
1520092
1521092
1522092
1523092
1524092
1525092
1526092
1527092
1528092
1529092
1530092
1531092
1532092
1533092
1534092
1535092
1536092
1537092
1538092
1539092
1540092
1541092
1542092
1543092
1544092
1545092
1546092
1547092
1548092
1549092
1550092
1551092
1552092
1553092
1554092
1555092
1556092
1557092
1558092
1559092
1560092
1561092
1562092
1563092
1564092
1565092
1566092
1567092
1568092
1569092
1570092
1571092
1572092
1573092
1574092
1575092
1576092
1577092
1578092
1579092
1580092
1581092
1582092
1583092
1584092
1585092
1586092
1587092
1588092
1589092
1590092
1591092
1592092
1593092
1594092
1595092
1596092
1597092
1598092
1599092
1600092
1601092
1602092
1603092
1604092
1605092
1606092
1607092
1608092
1609092
1610092
1611092
1612092
1613092
1614092
1615092
1616092
1617092
1618092
1619092
1620092
1621092
1622092
1623092
1624092
1625092
1626092
1627092
1628092
1629092
1630092
1631092
1632092
1633092
1634092
1635092
1636092
1637092
1638092
1639092
1640092
1641092
1642092
1643092
1644092
1645092
1646092
1647092
1648092
1649092
1650092
1651092
1652092
1653092
1654092
1655092
1656092
1657092
1658092
1659092
1660092
1661092
1662092
1663092
1664092
1665092
1666092
1667092
1668092
1669092
1670092
1671092
1672092
1673092
1674092
1675092
1676092
1677092
1678092
1679092
1680092
1681092
1682092
1683092
1684092
1685092
1686092
1687092
1688092
1689092
1690092
1691092
1692092
1693092
1694092
1695092
1696092
1697092
1698092
1699092
1700092
1701092
1702092
1703092
1704092
1705092
1706092
1707092
1708092
1709092
1710092
1711092
1712092
1713092
1714092
1715092
1716092
1717092
1718092
1719092
1720092
1721092
1722092
1723092
1724092
1725092
1726092
1727092
1728092
1729092
1730092
1731092
1732092
1733092
1734092
1735092
1736092
1737092
1738092
1739092
1740092
1741092
1742092
1743092
1744092
1745092
1746092
1747092
1748092
1749092
1750092
1751092
1752092
1753092
1754092
1755092
1756092
1757092
1758092
1759092
1760092
1761092
1762092
1763092
1764092
1765092
1766092
1767092
1768092
1769092
1770092
1771092
1772092
1773092
1774092
1775092
1776092
1777092
1778092
1779092
1780092
1781092
1782092
1783092
1784092
1785092
1786092
1787092
1788092
1789092
1790092
1791092
1792092
1793092
1794092
1795092
1796092
1797092
1798092
1799092
800093
801093
802093
803093
804093
805093
806093
807093
808093
809093
810093
811093
812093
813093
814093
815093
816093
817093
818093
819093
820093
821093
822093
823093
824093
825093
826093
827093
828093
829093
830093
831093
832093
833093
834093
835093
836093
837093
838093
839093
840093
841093
842093
843093
844093
845093
846093
847093
848093
849093
850093
851093
852093
853093
854093
855093
856093
857093
858093
859093
860093
861093
862093
863093
864093
865093
866093
867093
868093
869093
870093
871093
872093
873093
874093
875093
876093
877093
878093
879093
880093
881093
882093
883093
884093
885093
886093
887093
888093
889093
890093
891093
892093
893093
894093
895093
896093
897093
898093
899093
900093
901093
902093
903093
904093
905093
906093
907093
908093
909093
910093
911093
912093
913093
914093
915093
916093
917093
918093
919093
920093
921093
922093
923093
924093
925093
926093
927093
928093
929093
930093
931093
932093
933093
934093
935093
936093
937093
938093
939093
940093
941093
942093
943093
944093
945093
946093
947093
948093
949093
950093
951093
952093
953093
954093
955093
956093
957093
958093
959093
960093
961093
962093
963093
964093
965093
966093
967093
968093
969093
970093
971093
972093
973093
974093
975093
976093
977093
978093
979093
980093
981093
982093
983093
984093
985093
986093
987093
988093
989093
990093
991093
992093
993093
994093
995093
996093
997093
998093
999093
1000093
1001093
1002093
1003093
1004093
1005093
1006093
1007093
1008093
1009093
1010093
1011093
1012093
1013093
1014093
1015093
1016093
1017093
1018093
1019093
1020093
1021093
1022093
1023093
1024093
1025093
1026093
1027093
1028093
1029093
1030093
1031093
1032093
1033093
1034093
1035093
1036093
1037093
1038093
1039093
1040093
1041093
1042093
1043093
1044093
1045093
1046093
1047093
1048093
1049093
1050093
1051093
1052093
1053093
1054093
1055093
1056093
1057093
1058093
1059093
1060093
1061093
1062093
1063093
1064093
1065093
1066093
1067093
1068093
1069093
1070093
1071093
1072093
1073093
1074093
1075093
1076093
1077093
1078093
1079093
1080093
1081093
1082093
1083093
1084093
1085093
1086093
1087093
1088093
1089093
1090093
1091093
1092093
1093093
1094093
1095093
1096093
1097093
1098093
1099093
1100093
1101093
1102093
1103093
1104093
1105093
1106093
1107093
1108093
1109093
1110093
1111093
1112093
1113093
1114093
1115093
1116093
1117093
1118093
1119093
1120093
1121093
1122093
1123093
1124093
1125093
1126093
1127093
1128093
1129093
1130093
1131093
1132093
1133093
1134093
1135093
1136093
1137093
1138093
1139093
1140093
1141093
1142093
1143093
1144093
1145093
1146093
1147093
1148093
1149093
1150093
1151093
1152093
1153093
1154093
1155093
1156093
1157093
1158093
1159093
1160093
1161093
1162093
1163093
1164093
1165093
1166093
1167093
1168093
1169093
1170093
1171093
1172093
1173093
1174093
1175093
1176093
1177093
1178093
1179093
1180093
1181093
1182093
1183093
1184093
1185093
1186093
1187093
1188093
1189093
1190093
1191093
1192093
1193093
1194093
1195093
1196093
1197093
1198093
1199093
1200093
1201093
1202093
1203093
1204093
1205093
1206093
1207093
1208093
1209093
1210093
1211093
1212093
1213093
1214093
1215093
1216093
1217093
1218093
1219093
1220093
1221093
1222093
1223093
1224093
1225093
1226093
1227093
1228093
1229093
1230093
1231093
1232093
1233093
1234093
1235093
1236093
1237093
1238093
1239093
1240093
1241093
1242093
1243093
1244093
1245093
1246093
1247093
1248093
1249093
1250093
1251093
1252093
1253093
1254093
1255093
1256093
1257093
1258093
1259093
1260093
1261093
1262093
1263093
1264093
1265093
1266093
1267093
1268093
1269093
1270093
1271093
1272093
1273093
1274093
1275093
1276093
1277093
1278093
1279093
1280093
1281093
1282093
1283093
1284093
1285093
1286093
1287093
1288093
1289093
1290093
1291093
1292093
1293093
1294093
1295093
1296093
1297093
1298093
1299093
1300093
1301093
1302093
1303093
1304093
1305093
1306093
1307093
1308093
1309093
1310093
1311093
1312093
1313093
1314093
1315093
1316093
1317093
1318093
1319093
1320093
1321093
1322093
1323093
1324093
1325093
1326093
1327093
1328093
1329093
1330093
1331093
1332093
1333093
1334093
1335093
1336093
1337093
1338093
1339093
1340093
1341093
1342093
1343093
1344093
1345093
1346093
1347093
1348093
1349093
1350093
1351093
1352093
1353093
1354093
1355093
1356093
1357093
1358093
1359093
1360093
1361093
1362093
1363093
1364093
1365093
1366093
1367093
1368093
1369093
1370093
1371093
1372093
1373093
1374093
1375093
1376093
1377093
1378093
1379093
1380093
1381093
1382093
1383093
1384093
1385093
1386093
1387093
1388093
1389093
1390093
1391093
1392093
1393093
1394093
1395093
1396093
1397093
1398093
1399093
1400093
1401093
1402093
1403093
1404093
1405093
1406093
1407093
1408093
1409093
1410093
1411093
1412093
1413093
1414093
1415093
1416093
1417093
1418093
1419093
1420093
1421093
1422093
1423093
1424093
1425093
1426093
1427093
1428093
1429093
1430093
1431093
1432093
1433093
1434093
1435093
1436093
1437093
1438093
1439093
1440093
1441093
1442093
1443093
1444093
1445093
1446093
1447093
1448093
1449093
1450093
1451093
1452093
1453093
1454093
1455093
1456093
1457093
1458093
1459093
1460093
1461093
1462093
1463093
1464093
1465093
1466093
1467093
1468093
1469093
1470093
1471093
1472093
1473093
1474093
1475093
1476093
1477093
1478093
1479093
1480093
1481093
1482093
1483093
1484093
1485093
1486093
1487093
1488093
1489093
1490093
1491093
1492093
1493093
1494093
1495093
1496093
1497093
1498093
1499093
1500093
1501093
1502093
1503093
1504093
1505093
1506093
1507093
1508093
1509093
1510093
1511093
1512093
1513093
1514093
1515093
1516093
1517093
1518093
1519093
1520093
1521093
1522093
1523093
1524093
1525093
1526093
1527093
1528093
1529093
1530093
1531093
1532093
1533093
1534093
1535093
1536093
1537093
1538093
1539093
1540093
1541093
1542093
1543093
1544093
1545093
1546093
1547093
1548093
1549093
1550093
1551093
1552093
1553093
1554093
1555093
1556093
1557093
1558093
1559093
1560093
1561093
1562093
1563093
1564093
1565093
1566093
1567093
1568093
1569093
1570093
1571093
1572093
1573093
1574093
1575093
1576093
1577093
1578093
1579093
1580093
1581093
1582093
1583093
1584093
1585093
1586093
1587093
1588093
1589093
1590093
1591093
1592093
1593093
1594093
1595093
1596093
1597093
1598093
1599093
1600093
1601093
1602093
1603093
1604093
1605093
1606093
1607093
1608093
1609093
1610093
1611093
1612093
1613093
1614093
1615093
1616093
1617093
1618093
1619093
1620093
1621093
1622093
1623093
1624093
1625093
1626093
1627093
1628093
1629093
1630093
1631093
1632093
1633093
1634093
1635093
1636093
1637093
1638093
1639093
1640093
1641093
1642093
1643093
1644093
1645093
1646093
1647093
1648093
1649093
1650093
1651093
1652093
1653093
1654093
1655093
1656093
1657093
1658093
1659093
1660093
1661093
1662093
1663093
1664093
1665093
1666093
1667093
1668093
1669093
1670093
1671093
1672093
1673093
1674093
1675093
1676093
1677093
1678093
1679093
1680093
1681093
1682093
1683093
1684093
1685093
1686093
1687093
1688093
1689093
1690093
1691093
1692093
1693093
1694093
1695093
1696093
1697093
1698093
1699093
1700093
1701093
1702093
1703093
1704093
1705093
1706093
1707093
1708093
1709093
1710093
1711093
1712093
1713093
1714093
1715093
1716093
1717093
1718093
1719093
1720093
1721093
1722093
1723093
1724093
1725093
1726093
1727093
1728093
1729093
1730093
1731093
1732093
1733093
1734093
1735093
1736093
1737093
1738093
1739093
1740093
1741093
1742093
1743093
1744093
1745093
1746093
1747093
1748093
1749093
1750093
1751093
1752093
1753093
1754093
1755093
1756093
1757093
1758093
1759093
1760093
1761093
1762093
1763093
1764093
1765093
1766093
1767093
1768093
1769093
1770093
1771093
1772093
1773093
1774093
1775093
1776093
1777093
1778093
1779093
1780093
1781093
1782093
1783093
1784093
1785093
1786093
1787093
1788093
1789093
1790093
1791093
1792093
1793093
1794093
1795093
1796093
1797093
1798093
1799093
800094
801094
802094
803094
804094
805094
806094
807094
808094
809094
810094
811094
812094
813094
814094
815094
816094
817094
818094
819094
820094
821094
822094
823094
824094
825094
826094
827094
828094
829094
830094
831094
832094
833094
834094
835094
836094
837094
838094
839094
840094
841094
842094
843094
844094
845094
846094
847094
848094
849094
850094
851094
852094
853094
854094
855094
856094
857094
858094
859094
860094
861094
862094
863094
864094
865094
866094
867094
868094
869094
870094
871094
872094
873094
874094
875094
876094
877094
878094
879094
880094
881094
882094
883094
884094
885094
886094
887094
888094
889094
890094
891094
892094
893094
894094
895094
896094
897094
898094
899094
900094
901094
902094
903094
904094
905094
906094
907094
908094
909094
910094
911094
912094
913094
914094
915094
916094
917094
918094
919094
920094
921094
922094
923094
924094
925094
926094
927094
928094
929094
930094
931094
932094
933094
934094
935094
936094
937094
938094
939094
940094
941094
942094
943094
944094
945094
946094
947094
948094
949094
950094
951094
952094
953094
954094
955094
956094
957094
958094
959094
960094
961094
962094
963094
964094
965094
966094
967094
968094
969094
970094
971094
972094
973094
974094
975094
976094
977094
978094
979094
980094
981094
982094
983094
984094
985094
986094
987094
988094
989094
990094
991094
992094
993094
994094
995094
996094
997094
998094
999094
1000094
1001094
1002094
1003094
1004094
1005094
1006094
1007094
1008094
1009094
1010094
1011094
1012094
1013094
1014094
1015094
1016094
1017094
1018094
1019094
1020094
1021094
1022094
1023094
1024094
1025094
1026094
1027094
1028094
1029094
1030094
1031094
1032094
1033094
1034094
1035094
1036094
1037094
1038094
1039094
1040094
1041094
1042094
1043094
1044094
1045094
1046094
1047094
1048094
1049094
1050094
1051094
1052094
1053094
1054094
1055094
1056094
1057094
1058094
1059094
1060094
1061094
1062094
1063094
1064094
1065094
1066094
1067094
1068094
1069094
1070094
1071094
1072094
1073094
1074094
1075094
1076094
1077094
1078094
1079094
1080094
1081094
1082094
1083094
1084094
1085094
1086094
1087094
1088094
1089094
1090094
1091094
1092094
1093094
1094094
1095094
1096094
1097094
1098094
1099094
1100094
1101094
1102094
1103094
1104094
1105094
1106094
1107094
1108094
1109094
1110094
1111094
1112094
1113094
1114094
1115094
1116094
1117094
1118094
1119094
1120094
1121094
1122094
1123094
1124094
1125094
1126094
1127094
1128094
1129094
1130094
1131094
1132094
1133094
1134094
1135094
1136094
1137094
1138094
1139094
1140094
1141094
1142094
1143094
1144094
1145094
1146094
1147094
1148094
1149094
1150094
1151094
1152094
1153094
1154094
1155094
1156094
1157094
1158094
1159094
1160094
1161094
1162094
1163094
1164094
1165094
1166094
1167094
1168094
1169094
1170094
1171094
1172094
1173094
1174094
1175094
1176094
1177094
1178094
1179094
1180094
1181094
1182094
1183094
1184094
1185094
1186094
1187094
1188094
1189094
1190094
1191094
1192094
1193094
1194094
1195094
1196094
1197094
1198094
1199094
1200094
1201094
1202094
1203094
1204094
1205094
1206094
1207094
1208094
1209094
1210094
1211094
1212094
1213094
1214094
1215094
1216094
1217094
1218094
1219094
1220094
1221094
1222094
1223094
1224094
1225094
1226094
1227094
1228094
1229094
1230094
1231094
1232094
1233094
1234094
1235094
1236094
1237094
1238094
1239094
1240094
1241094
1242094
1243094
1244094
1245094
1246094
1247094
1248094
1249094
1250094
1251094
1252094
1253094
1254094
1255094
1256094
1257094
1258094
1259094
1260094
1261094
1262094
1263094
1264094
1265094
1266094
1267094
1268094
1269094
1270094
1271094
1272094
1273094
1274094
1275094
1276094
1277094
1278094
1279094
1280094
1281094
1282094
1283094
1284094
1285094
1286094
1287094
1288094
1289094
1290094
1291094
1292094
1293094
1294094
1295094
1296094
1297094
1298094
1299094
1300094
1301094
1302094
1303094
1304094
1305094
1306094
1307094
1308094
1309094
1310094
1311094
1312094
1313094
1314094
1315094
1316094
1317094
1318094
1319094
1320094
1321094
1322094
1323094
1324094
1325094
1326094
1327094
1328094
1329094
1330094
1331094
1332094
1333094
1334094
1335094
1336094
1337094
1338094
1339094
1340094
1341094
1342094
1343094
1344094
1345094
1346094
1347094
1348094
1349094
1350094
1351094
1352094
1353094
1354094
1355094
1356094
1357094
1358094
1359094
1360094
1361094
1362094
1363094
1364094
1365094
1366094
1367094
1368094
1369094
1370094
1371094
1372094
1373094
1374094
1375094
1376094
1377094
1378094
1379094
1380094
1381094
1382094
1383094
1384094
1385094
1386094
1387094
1388094
1389094
1390094
1391094
1392094
1393094
1394094
1395094
1396094
1397094
1398094
1399094
1400094
1401094
1402094
1403094
1404094
1405094
1406094
1407094
1408094
1409094
1410094
1411094
1412094
1413094
1414094
1415094
1416094
1417094
1418094
1419094
1420094
1421094
1422094
1423094
1424094
1425094
1426094
1427094
1428094
1429094
1430094
1431094
1432094
1433094
1434094
1435094
1436094
1437094
1438094
1439094
1440094
1441094
1442094
1443094
1444094
1445094
1446094
1447094
1448094
1449094
1450094
1451094
1452094
1453094
1454094
1455094
1456094
1457094
1458094
1459094
1460094
1461094
1462094
1463094
1464094
1465094
1466094
1467094
1468094
1469094
1470094
1471094
1472094
1473094
1474094
1475094
1476094
1477094
1478094
1479094
1480094
1481094
1482094
1483094
1484094
1485094
1486094
1487094
1488094
1489094
1490094
1491094
1492094
1493094
1494094
1495094
1496094
1497094
1498094
1499094
1500094
1501094
1502094
1503094
1504094
1505094
1506094
1507094
1508094
1509094
1510094
1511094
1512094
1513094
1514094
1515094
1516094
1517094
1518094
1519094
1520094
1521094
1522094
1523094
1524094
1525094
1526094
1527094
1528094
1529094
1530094
1531094
1532094
1533094
1534094
1535094
1536094
1537094
1538094
1539094
1540094
1541094
1542094
1543094
1544094
1545094
1546094
1547094
1548094
1549094
1550094
1551094
1552094
1553094
1554094
1555094
1556094
1557094
1558094
1559094
1560094
1561094
1562094
1563094
1564094
1565094
1566094
1567094
1568094
1569094
1570094
1571094
1572094
1573094
1574094
1575094
1576094
1577094
1578094
1579094
1580094
1581094
1582094
1583094
1584094
1585094
1586094
1587094
1588094
1589094
1590094
1591094
1592094
1593094
1594094
1595094
1596094
1597094
1598094
1599094
1600094
1601094
1602094
1603094
1604094
1605094
1606094
1607094
1608094
1609094
1610094
1611094
1612094
1613094
1614094
1615094
1616094
1617094
1618094
1619094
1620094
1621094
1622094
1623094
1624094
1625094
1626094
1627094
1628094
1629094
1630094
1631094
1632094
1633094
1634094
1635094
1636094
1637094
1638094
1639094
1640094
1641094
1642094
1643094
1644094
1645094
1646094
1647094
1648094
1649094
1650094
1651094
1652094
1653094
1654094
1655094
1656094
1657094
1658094
1659094
1660094
1661094
1662094
1663094
1664094
1665094
1666094
1667094
1668094
1669094
1670094
1671094
1672094
1673094
1674094
1675094
1676094
1677094
1678094
1679094
1680094
1681094
1682094
1683094
1684094
1685094
1686094
1687094
1688094
1689094
1690094
1691094
1692094
1693094
1694094
1695094
1696094
1697094
1698094
1699094
1700094
1701094
1702094
1703094
1704094
1705094
1706094
1707094
1708094
1709094
1710094
1711094
1712094
1713094
1714094
1715094
1716094
1717094
1718094
1719094
1720094
1721094
1722094
1723094
1724094
1725094
1726094
1727094
1728094
1729094
1730094
1731094
1732094
1733094
1734094
1735094
1736094
1737094
1738094
1739094
1740094
1741094
1742094
1743094
1744094
1745094
1746094
1747094
1748094
1749094
1750094
1751094
1752094
1753094
1754094
1755094
1756094
1757094
1758094
1759094
1760094
1761094
1762094
1763094
1764094
1765094
1766094
1767094
1768094
1769094
1770094
1771094
1772094
1773094
1774094
1775094
1776094
1777094
1778094
1779094
1780094
1781094
1782094
1783094
1784094
1785094
1786094
1787094
1788094
1789094
1790094
1791094
1792094
1793094
1794094
1795094
1796094
1797094
1798094
1799094
800095
801095
802095
803095
804095
805095
806095
807095
808095
809095
810095
811095
812095
813095
814095
815095
816095
817095
818095
819095
820095
821095
822095
823095
824095
825095
826095
827095
828095
829095
830095
831095
832095
833095
834095
835095
836095
837095
838095
839095
840095
841095
842095
843095
844095
845095
846095
847095
848095
849095
850095
851095
852095
853095
854095
855095
856095
857095
858095
859095
860095
861095
862095
863095
864095
865095
866095
867095
868095
869095
870095
871095
872095
873095
874095
875095
876095
877095
878095
879095
880095
881095
882095
883095
884095
885095
886095
887095
888095
889095
890095
891095
892095
893095
894095
895095
896095
897095
898095
899095
900095
901095
902095
903095
904095
905095
906095
907095
908095
909095
910095
911095
912095
913095
914095
915095
916095
917095
918095
919095
920095
921095
922095
923095
924095
925095
926095
927095
928095
929095
930095
931095
932095
933095
934095
935095
936095
937095
938095
939095
940095
941095
942095
943095
944095
945095
946095
947095
948095
949095
950095
951095
952095
953095
954095
955095
956095
957095
958095
959095
960095
961095
962095
963095
964095
965095
966095
967095
968095
969095
970095
971095
972095
973095
974095
975095
976095
977095
978095
979095
980095
981095
982095
983095
984095
985095
986095
987095
988095
989095
990095
991095
992095
993095
994095
995095
996095
997095
998095
999095
1000095
1001095
1002095
1003095
1004095
1005095
1006095
1007095
1008095
1009095
1010095
1011095
1012095
1013095
1014095
1015095
1016095
1017095
1018095
1019095
1020095
1021095
1022095
1023095
1024095
1025095
1026095
1027095
1028095
1029095
1030095
1031095
1032095
1033095
1034095
1035095
1036095
1037095
1038095
1039095
1040095
1041095
1042095
1043095
1044095
1045095
1046095
1047095
1048095
1049095
1050095
1051095
1052095
1053095
1054095
1055095
1056095
1057095
1058095
1059095
1060095
1061095
1062095
1063095
1064095
1065095
1066095
1067095
1068095
1069095
1070095
1071095
1072095
1073095
1074095
1075095
1076095
1077095
1078095
1079095
1080095
1081095
1082095
1083095
1084095
1085095
1086095
1087095
1088095
1089095
1090095
1091095
1092095
1093095
1094095
1095095
1096095
1097095
1098095
1099095
1100095
1101095
1102095
1103095
1104095
1105095
1106095
1107095
1108095
1109095
1110095
1111095
1112095
1113095
1114095
1115095
1116095
1117095
1118095
1119095
1120095
1121095
1122095
1123095
1124095
1125095
1126095
1127095
1128095
1129095
1130095
1131095
1132095
1133095
1134095
1135095
1136095
1137095
1138095
1139095
1140095
1141095
1142095
1143095
1144095
1145095
1146095
1147095
1148095
1149095
1150095
1151095
1152095
1153095
1154095
1155095
1156095
1157095
1158095
1159095
1160095
1161095
1162095
1163095
1164095
1165095
1166095
1167095
1168095
1169095
1170095
1171095
1172095
1173095
1174095
1175095
1176095
1177095
1178095
1179095
1180095
1181095
1182095
1183095
1184095
1185095
1186095
1187095
1188095
1189095
1190095
1191095
1192095
1193095
1194095
1195095
1196095
1197095
1198095
1199095
1200095
1201095
1202095
1203095
1204095
1205095
1206095
1207095
1208095
1209095
1210095
1211095
1212095
1213095
1214095
1215095
1216095
1217095
1218095
1219095
1220095
1221095
1222095
1223095
1224095
1225095
1226095
1227095
1228095
1229095
1230095
1231095
1232095
1233095
1234095
1235095
1236095
1237095
1238095
1239095
1240095
1241095
1242095
1243095
1244095
1245095
1246095
1247095
1248095
1249095
1250095
1251095
1252095
1253095
1254095
1255095
1256095
1257095
1258095
1259095
1260095
1261095
1262095
1263095
1264095
1265095
1266095
1267095
1268095
1269095
1270095
1271095
1272095
1273095
1274095
1275095
1276095
1277095
1278095
1279095
1280095
1281095
1282095
1283095
1284095
1285095
1286095
1287095
1288095
1289095
1290095
1291095
1292095
1293095
1294095
1295095
1296095
1297095
1298095
1299095
1300095
1301095
1302095
1303095
1304095
1305095
1306095
1307095
1308095
1309095
1310095
1311095
1312095
1313095
1314095
1315095
1316095
1317095
1318095
1319095
1320095
1321095
1322095
1323095
1324095
1325095
1326095
1327095
1328095
1329095
1330095
1331095
1332095
1333095
1334095
1335095
1336095
1337095
1338095
1339095
1340095
1341095
1342095
1343095
1344095
1345095
1346095
1347095
1348095
1349095
1350095
1351095
1352095
1353095
1354095
1355095
1356095
1357095
1358095
1359095
1360095
1361095
1362095
1363095
1364095
1365095
1366095
1367095
1368095
1369095
1370095
1371095
1372095
1373095
1374095
1375095
1376095
1377095
1378095
1379095
1380095
1381095
1382095
1383095
1384095
1385095
1386095
1387095
1388095
1389095
1390095
1391095
1392095
1393095
1394095
1395095
1396095
1397095
1398095
1399095
1400095
1401095
1402095
1403095
1404095
1405095
1406095
1407095
1408095
1409095
1410095
1411095
1412095
1413095
1414095
1415095
1416095
1417095
1418095
1419095
1420095
1421095
1422095
1423095
1424095
1425095
1426095
1427095
1428095
1429095
1430095
1431095
1432095
1433095
1434095
1435095
1436095
1437095
1438095
1439095
1440095
1441095
1442095
1443095
1444095
1445095
1446095
1447095
1448095
1449095
1450095
1451095
1452095
1453095
1454095
1455095
1456095
1457095
1458095
1459095
1460095
1461095
1462095
1463095
1464095
1465095
1466095
1467095
1468095
1469095
1470095
1471095
1472095
1473095
1474095
1475095
1476095
1477095
1478095
1479095
1480095
1481095
1482095
1483095
1484095
1485095
1486095
1487095
1488095
1489095
1490095
1491095
1492095
1493095
1494095
1495095
1496095
1497095
1498095
1499095
1500095
1501095
1502095
1503095
1504095
1505095
1506095
1507095
1508095
1509095
1510095
1511095
1512095
1513095
1514095
1515095
1516095
1517095
1518095
1519095
1520095
1521095
1522095
1523095
1524095
1525095
1526095
1527095
1528095
1529095
1530095
1531095
1532095
1533095
1534095
1535095
1536095
1537095
1538095
1539095
1540095
1541095
1542095
1543095
1544095
1545095
1546095
1547095
1548095
1549095
1550095
1551095
1552095
1553095
1554095
1555095
1556095
1557095
1558095
1559095
1560095
1561095
1562095
1563095
1564095
1565095
1566095
1567095
1568095
1569095
1570095
1571095
1572095
1573095
1574095
1575095
1576095
1577095
1578095
1579095
1580095
1581095
1582095
1583095
1584095
1585095
1586095
1587095
1588095
1589095
1590095
1591095
1592095
1593095
1594095
1595095
1596095
1597095
1598095
1599095
1600095
1601095
1602095
1603095
1604095
1605095
1606095
1607095
1608095
1609095
1610095
1611095
1612095
1613095
1614095
1615095
1616095
1617095
1618095
1619095
1620095
1621095
1622095
1623095
1624095
1625095
1626095
1627095
1628095
1629095
1630095
1631095
1632095
1633095
1634095
1635095
1636095
1637095
1638095
1639095
1640095
1641095
1642095
1643095
1644095
1645095
1646095
1647095
1648095
1649095
1650095
1651095
1652095
1653095
1654095
1655095
1656095
1657095
1658095
1659095
1660095
1661095
1662095
1663095
1664095
1665095
1666095
1667095
1668095
1669095
1670095
1671095
1672095
1673095
1674095
1675095
1676095
1677095
1678095
1679095
1680095
1681095
1682095
1683095
1684095
1685095
1686095
1687095
1688095
1689095
1690095
1691095
1692095
1693095
1694095
1695095
1696095
1697095
1698095
1699095
1700095
1701095
1702095
1703095
1704095
1705095
1706095
1707095
1708095
1709095
1710095
1711095
1712095
1713095
1714095
1715095
1716095
1717095
1718095
1719095
1720095
1721095
1722095
1723095
1724095
1725095
1726095
1727095
1728095
1729095
1730095
1731095
1732095
1733095
1734095
1735095
1736095
1737095
1738095
1739095
1740095
1741095
1742095
1743095
1744095
1745095
1746095
1747095
1748095
1749095
1750095
1751095
1752095
1753095
1754095
1755095
1756095
1757095
1758095
1759095
1760095
1761095
1762095
1763095
1764095
1765095
1766095
1767095
1768095
1769095
1770095
1771095
1772095
1773095
1774095
1775095
1776095
1777095
1778095
1779095
1780095
1781095
1782095
1783095
1784095
1785095
1786095
1787095
1788095
1789095
1790095
1791095
1792095
1793095
1794095
1795095
1796095
1797095
1798095
1799095
800096
801096
802096
803096
804096
805096
806096
807096
808096
809096
810096
811096
812096
813096
814096
815096
816096
817096
818096
819096
820096
821096
822096
823096
824096
825096
826096
827096
828096
829096
830096
831096
832096
833096
834096
835096
836096
837096
838096
839096
840096
841096
842096
843096
844096
845096
846096
847096
848096
849096
850096
851096
852096
853096
854096
855096
856096
857096
858096
859096
860096
861096
862096
863096
864096
865096
866096
867096
868096
869096
870096
871096
872096
873096
874096
875096
876096
877096
878096
879096
880096
881096
882096
883096
884096
885096
886096
887096
888096
889096
890096
891096
892096
893096
894096
895096
896096
897096
898096
899096
900096
901096
902096
903096
904096
905096
906096
907096
908096
909096
910096
911096
912096
913096
914096
915096
916096
917096
918096
919096
920096
921096
922096
923096
924096
925096
926096
927096
928096
929096
930096
931096
932096
933096
934096
935096
936096
937096
938096
939096
940096
941096
942096
943096
944096
945096
946096
947096
948096
949096
950096
951096
952096
953096
954096
955096
956096
957096
958096
959096
960096
961096
962096
963096
964096
965096
966096
967096
968096
969096
970096
971096
972096
973096
974096
975096
976096
977096
978096
979096
980096
981096
982096
983096
984096
985096
986096
987096
988096
989096
990096
991096
992096
993096
994096
995096
996096
997096
998096
999096
1000096
1001096
1002096
1003096
1004096
1005096
1006096
1007096
1008096
1009096
1010096
1011096
1012096
1013096
1014096
1015096
1016096
1017096
1018096
1019096
1020096
1021096
1022096
1023096
1024096
1025096
1026096
1027096
1028096
1029096
1030096
1031096
1032096
1033096
1034096
1035096
1036096
1037096
1038096
1039096
1040096
1041096
1042096
1043096
1044096
1045096
1046096
1047096
1048096
1049096
1050096
1051096
1052096
1053096
1054096
1055096
1056096
1057096
1058096
1059096
1060096
1061096
1062096
1063096
1064096
1065096
1066096
1067096
1068096
1069096
1070096
1071096
1072096
1073096
1074096
1075096
1076096
1077096
1078096
1079096
1080096
1081096
1082096
1083096
1084096
1085096
1086096
1087096
1088096
1089096
1090096
1091096
1092096
1093096
1094096
1095096
1096096
1097096
1098096
1099096
1100096
1101096
1102096
1103096
1104096
1105096
1106096
1107096
1108096
1109096
1110096
1111096
1112096
1113096
1114096
1115096
1116096
1117096
1118096
1119096
1120096
1121096
1122096
1123096
1124096
1125096
1126096
1127096
1128096
1129096
1130096
1131096
1132096
1133096
1134096
1135096
1136096
1137096
1138096
1139096
1140096
1141096
1142096
1143096
1144096
1145096
1146096
1147096
1148096
1149096
1150096
1151096
1152096
1153096
1154096
1155096
1156096
1157096
1158096
1159096
1160096
1161096
1162096
1163096
1164096
1165096
1166096
1167096
1168096
1169096
1170096
1171096
1172096
1173096
1174096
1175096
1176096
1177096
1178096
1179096
1180096
1181096
1182096
1183096
1184096
1185096
1186096
1187096
1188096
1189096
1190096
1191096
1192096
1193096
1194096
1195096
1196096
1197096
1198096
1199096
1200096
1201096
1202096
1203096
1204096
1205096
1206096
1207096
1208096
1209096
1210096
1211096
1212096
1213096
1214096
1215096
1216096
1217096
1218096
1219096
1220096
1221096
1222096
1223096
1224096
1225096
1226096
1227096
1228096
1229096
1230096
1231096
1232096
1233096
1234096
1235096
1236096
1237096
1238096
1239096
1240096
1241096
1242096
1243096
1244096
1245096
1246096
1247096
1248096
1249096
1250096
1251096
1252096
1253096
1254096
1255096
1256096
1257096
1258096
1259096
1260096
1261096
1262096
1263096
1264096
1265096
1266096
1267096
1268096
1269096
1270096
1271096
1272096
1273096
1274096
1275096
1276096
1277096
1278096
1279096
1280096
1281096
1282096
1283096
1284096
1285096
1286096
1287096
1288096
1289096
1290096
1291096
1292096
1293096
1294096
1295096
1296096
1297096
1298096
1299096
1300096
1301096
1302096
1303096
1304096
1305096
1306096
1307096
1308096
1309096
1310096
1311096
1312096
1313096
1314096
1315096
1316096
1317096
1318096
1319096
1320096
1321096
1322096
1323096
1324096
1325096
1326096
1327096
1328096
1329096
1330096
1331096
1332096
1333096
1334096
1335096
1336096
1337096
1338096
1339096
1340096
1341096
1342096
1343096
1344096
1345096
1346096
1347096
1348096
1349096
1350096
1351096
1352096
1353096
1354096
1355096
1356096
1357096
1358096
1359096
1360096
1361096
1362096
1363096
1364096
1365096
1366096
1367096
1368096
1369096
1370096
1371096
1372096
1373096
1374096
1375096
1376096
1377096
1378096
1379096
1380096
1381096
1382096
1383096
1384096
1385096
1386096
1387096
1388096
1389096
1390096
1391096
1392096
1393096
1394096
1395096
1396096
1397096
1398096
1399096
1400096
1401096
1402096
1403096
1404096
1405096
1406096
1407096
1408096
1409096
1410096
1411096
1412096
1413096
1414096
1415096
1416096
1417096
1418096
1419096
1420096
1421096
1422096
1423096
1424096
1425096
1426096
1427096
1428096
1429096
1430096
1431096
1432096
1433096
1434096
1435096
1436096
1437096
1438096
1439096
1440096
1441096
1442096
1443096
1444096
1445096
1446096
1447096
1448096
1449096
1450096
1451096
1452096
1453096
1454096
1455096
1456096
1457096
1458096
1459096
1460096
1461096
1462096
1463096
1464096
1465096
1466096
1467096
1468096
1469096
1470096
1471096
1472096
1473096
1474096
1475096
1476096
1477096
1478096
1479096
1480096
1481096
1482096
1483096
1484096
1485096
1486096
1487096
1488096
1489096
1490096
1491096
1492096
1493096
1494096
1495096
1496096
1497096
1498096
1499096
1500096
1501096
1502096
1503096
1504096
1505096
1506096
1507096
1508096
1509096
1510096
1511096
1512096
1513096
1514096
1515096
1516096
1517096
1518096
1519096
1520096
1521096
1522096
1523096
1524096
1525096
1526096
1527096
1528096
1529096
1530096
1531096
1532096
1533096
1534096
1535096
1536096
1537096
1538096
1539096
1540096
1541096
1542096
1543096
1544096
1545096
1546096
1547096
1548096
1549096
1550096
1551096
1552096
1553096
1554096
1555096
1556096
1557096
1558096
1559096
1560096
1561096
1562096
1563096
1564096
1565096
1566096
1567096
1568096
1569096
1570096
1571096
1572096
1573096
1574096
1575096
1576096
1577096
1578096
1579096
1580096
1581096
1582096
1583096
1584096
1585096
1586096
1587096
1588096
1589096
1590096
1591096
1592096
1593096
1594096
1595096
1596096
1597096
1598096
1599096
1600096
1601096
1602096
1603096
1604096
1605096
1606096
1607096
1608096
1609096
1610096
1611096
1612096
1613096
1614096
1615096
1616096
1617096
1618096
1619096
1620096
1621096
1622096
1623096
1624096
1625096
1626096
1627096
1628096
1629096
1630096
1631096
1632096
1633096
1634096
1635096
1636096
1637096
1638096
1639096
1640096
1641096
1642096
1643096
1644096
1645096
1646096
1647096
1648096
1649096
1650096
1651096
1652096
1653096
1654096
1655096
1656096
1657096
1658096
1659096
1660096
1661096
1662096
1663096
1664096
1665096
1666096
1667096
1668096
1669096
1670096
1671096
1672096
1673096
1674096
1675096
1676096
1677096
1678096
1679096
1680096
1681096
1682096
1683096
1684096
1685096
1686096
1687096
1688096
1689096
1690096
1691096
1692096
1693096
1694096
1695096
1696096
1697096
1698096
1699096
1700096
1701096
1702096
1703096
1704096
1705096
1706096
1707096
1708096
1709096
1710096
1711096
1712096
1713096
1714096
1715096
1716096
1717096
1718096
1719096
1720096
1721096
1722096
1723096
1724096
1725096
1726096
1727096
1728096
1729096
1730096
1731096
1732096
1733096
1734096
1735096
1736096
1737096
1738096
1739096
1740096
1741096
1742096
1743096
1744096
1745096
1746096
1747096
1748096
1749096
1750096
1751096
1752096
1753096
1754096
1755096
1756096
1757096
1758096
1759096
1760096
1761096
1762096
1763096
1764096
1765096
1766096
1767096
1768096
1769096
1770096
1771096
1772096
1773096
1774096
1775096
1776096
1777096
1778096
1779096
1780096
1781096
1782096
1783096
1784096
1785096
1786096
1787096
1788096
1789096
1790096
1791096
1792096
1793096
1794096
1795096
1796096
1797096
1798096
1799096
800097
801097
802097
803097
804097
805097
806097
807097
808097
809097
810097
811097
812097
813097
814097
815097
816097
817097
818097
819097
820097
821097
822097
823097
824097
825097
826097
827097
828097
829097
830097
831097
832097
833097
834097
835097
836097
837097
838097
839097
840097
841097
842097
843097
844097
845097
846097
847097
848097
849097
850097
851097
852097
853097
854097
855097
856097
857097
858097
859097
860097
861097
862097
863097
864097
865097
866097
867097
868097
869097
870097
871097
872097
873097
874097
875097
876097
877097
878097
879097
880097
881097
882097
883097
884097
885097
886097
887097
888097
889097
890097
891097
892097
893097
894097
895097
896097
897097
898097
899097
900097
901097
902097
903097
904097
905097
906097
907097
908097
909097
910097
911097
912097
913097
914097
915097
916097
917097
918097
919097
920097
921097
922097
923097
924097
925097
926097
927097
928097
929097
930097
931097
932097
933097
934097
935097
936097
937097
938097
939097
940097
941097
942097
943097
944097
945097
946097
947097
948097
949097
950097
951097
952097
953097
954097
955097
956097
957097
958097
959097
960097
961097
962097
963097
964097
965097
966097
967097
968097
969097
970097
971097
972097
973097
974097
975097
976097
977097
978097
979097
980097
981097
982097
983097
984097
985097
986097
987097
988097
989097
990097
991097
992097
993097
994097
995097
996097
997097
998097
999097
1000097
1001097
1002097
1003097
1004097
1005097
1006097
1007097
1008097
1009097
1010097
1011097
1012097
1013097
1014097
1015097
1016097
1017097
1018097
1019097
1020097
1021097
1022097
1023097
1024097
1025097
1026097
1027097
1028097
1029097
1030097
1031097
1032097
1033097
1034097
1035097
1036097
1037097
1038097
1039097
1040097
1041097
1042097
1043097
1044097
1045097
1046097
1047097
1048097
1049097
1050097
1051097
1052097
1053097
1054097
1055097
1056097
1057097
1058097
1059097
1060097
1061097
1062097
1063097
1064097
1065097
1066097
1067097
1068097
1069097
1070097
1071097
1072097
1073097
1074097
1075097
1076097
1077097
1078097
1079097
1080097
1081097
1082097
1083097
1084097
1085097
1086097
1087097
1088097
1089097
1090097
1091097
1092097
1093097
1094097
1095097
1096097
1097097
1098097
1099097
1100097
1101097
1102097
1103097
1104097
1105097
1106097
1107097
1108097
1109097
1110097
1111097
1112097
1113097
1114097
1115097
1116097
1117097
1118097
1119097
1120097
1121097
1122097
1123097
1124097
1125097
1126097
1127097
1128097
1129097
1130097
1131097
1132097
1133097
1134097
1135097
1136097
1137097
1138097
1139097
1140097
1141097
1142097
1143097
1144097
1145097
1146097
1147097
1148097
1149097
1150097
1151097
1152097
1153097
1154097
1155097
1156097
1157097
1158097
1159097
1160097
1161097
1162097
1163097
1164097
1165097
1166097
1167097
1168097
1169097
1170097
1171097
1172097
1173097
1174097
1175097
1176097
1177097
1178097
1179097
1180097
1181097
1182097
1183097
1184097
1185097
1186097
1187097
1188097
1189097
1190097
1191097
1192097
1193097
1194097
1195097
1196097
1197097
1198097
1199097
1200097
1201097
1202097
1203097
1204097
1205097
1206097
1207097
1208097
1209097
1210097
1211097
1212097
1213097
1214097
1215097
1216097
1217097
1218097
1219097
1220097
1221097
1222097
1223097
1224097
1225097
1226097
1227097
1228097
1229097
1230097
1231097
1232097
1233097
1234097
1235097
1236097
1237097
1238097
1239097
1240097
1241097
1242097
1243097
1244097
1245097
1246097
1247097
1248097
1249097
1250097
1251097
1252097
1253097
1254097
1255097
1256097
1257097
1258097
1259097
1260097
1261097
1262097
1263097
1264097
1265097
1266097
1267097
1268097
1269097
1270097
1271097
1272097
1273097
1274097
1275097
1276097
1277097
1278097
1279097
1280097
1281097
1282097
1283097
1284097
1285097
1286097
1287097
1288097
1289097
1290097
1291097
1292097
1293097
1294097
1295097
1296097
1297097
1298097
1299097
1300097
1301097
1302097
1303097
1304097
1305097
1306097
1307097
1308097
1309097
1310097
1311097
1312097
1313097
1314097
1315097
1316097
1317097
1318097
1319097
1320097
1321097
1322097
1323097
1324097
1325097
1326097
1327097
1328097
1329097
1330097
1331097
1332097
1333097
1334097
1335097
1336097
1337097
1338097
1339097
1340097
1341097
1342097
1343097
1344097
1345097
1346097
1347097
1348097
1349097
1350097
1351097
1352097
1353097
1354097
1355097
1356097
1357097
1358097
1359097
1360097
1361097
1362097
1363097
1364097
1365097
1366097
1367097
1368097
1369097
1370097
1371097
1372097
1373097
1374097
1375097
1376097
1377097
1378097
1379097
1380097
1381097
1382097
1383097
1384097
1385097
1386097
1387097
1388097
1389097
1390097
1391097
1392097
1393097
1394097
1395097
1396097
1397097
1398097
1399097
1400097
1401097
1402097
1403097
1404097
1405097
1406097
1407097
1408097
1409097
1410097
1411097
1412097
1413097
1414097
1415097
1416097
1417097
1418097
1419097
1420097
1421097
1422097
1423097
1424097
1425097
1426097
1427097
1428097
1429097
1430097
1431097
1432097
1433097
1434097
1435097
1436097
1437097
1438097
1439097
1440097
1441097
1442097
1443097
1444097
1445097
1446097
1447097
1448097
1449097
1450097
1451097
1452097
1453097
1454097
1455097
1456097
1457097
1458097
1459097
1460097
1461097
1462097
1463097
1464097
1465097
1466097
1467097
1468097
1469097
1470097
1471097
1472097
1473097
1474097
1475097
1476097
1477097
1478097
1479097
1480097
1481097
1482097
1483097
1484097
1485097
1486097
1487097
1488097
1489097
1490097
1491097
1492097
1493097
1494097
1495097
1496097
1497097
1498097
1499097
1500097
1501097
1502097
1503097
1504097
1505097
1506097
1507097
1508097
1509097
1510097
1511097
1512097
1513097
1514097
1515097
1516097
1517097
1518097
1519097
1520097
1521097
1522097
1523097
1524097
1525097
1526097
1527097
1528097
1529097
1530097
1531097
1532097
1533097
1534097
1535097
1536097
1537097
1538097
1539097
1540097
1541097
1542097
1543097
1544097
1545097
1546097
1547097
1548097
1549097
1550097
1551097
1552097
1553097
1554097
1555097
1556097
1557097
1558097
1559097
1560097
1561097
1562097
1563097
1564097
1565097
1566097
1567097
1568097
1569097
1570097
1571097
1572097
1573097
1574097
1575097
1576097
1577097
1578097
1579097
1580097
1581097
1582097
1583097
1584097
1585097
1586097
1587097
1588097
1589097
1590097
1591097
1592097
1593097
1594097
1595097
1596097
1597097
1598097
1599097
1600097
1601097
1602097
1603097
1604097
1605097
1606097
1607097
1608097
1609097
1610097
1611097
1612097
1613097
1614097
1615097
1616097
1617097
1618097
1619097
1620097
1621097
1622097
1623097
1624097
1625097
1626097
1627097
1628097
1629097
1630097
1631097
1632097
1633097
1634097
1635097
1636097
1637097
1638097
1639097
1640097
1641097
1642097
1643097
1644097
1645097
1646097
1647097
1648097
1649097
1650097
1651097
1652097
1653097
1654097
1655097
1656097
1657097
1658097
1659097
1660097
1661097
1662097
1663097
1664097
1665097
1666097
1667097
1668097
1669097
1670097
1671097
1672097
1673097
1674097
1675097
1676097
1677097
1678097
1679097
1680097
1681097
1682097
1683097
1684097
1685097
1686097
1687097
1688097
1689097
1690097
1691097
1692097
1693097
1694097
1695097
1696097
1697097
1698097
1699097
1700097
1701097
1702097
1703097
1704097
1705097
1706097
1707097
1708097
1709097
1710097
1711097
1712097
1713097
1714097
1715097
1716097
1717097
1718097
1719097
1720097
1721097
1722097
1723097
1724097
1725097
1726097
1727097
1728097
1729097
1730097
1731097
1732097
1733097
1734097
1735097
1736097
1737097
1738097
1739097
1740097
1741097
1742097
1743097
1744097
1745097
1746097
1747097
1748097
1749097
1750097
1751097
1752097
1753097
1754097
1755097
1756097
1757097
1758097
1759097
1760097
1761097
1762097
1763097
1764097
1765097
1766097
1767097
1768097
1769097
1770097
1771097
1772097
1773097
1774097
1775097
1776097
1777097
1778097
1779097
1780097
1781097
1782097
1783097
1784097
1785097
1786097
1787097
1788097
1789097
1790097
1791097
1792097
1793097
1794097
1795097
1796097
1797097
1798097
1799097
800098
801098
802098
803098
804098
805098
806098
807098
808098
809098
810098
811098
812098
813098
814098
815098
816098
817098
818098
819098
820098
821098
822098
823098
824098
825098
826098
827098
828098
829098
830098
831098
832098
833098
834098
835098
836098
837098
838098
839098
840098
841098
842098
843098
844098
845098
846098
847098
848098
849098
850098
851098
852098
853098
854098
855098
856098
857098
858098
859098
860098
861098
862098
863098
864098
865098
866098
867098
868098
869098
870098
871098
872098
873098
874098
875098
876098
877098
878098
879098
880098
881098
882098
883098
884098
885098
886098
887098
888098
889098
890098
891098
892098
893098
894098
895098
896098
897098
898098
899098
900098
901098
902098
903098
904098
905098
906098
907098
908098
909098
910098
911098
912098
913098
914098
915098
916098
917098
918098
919098
920098
921098
922098
923098
924098
925098
926098
927098
928098
929098
930098
931098
932098
933098
934098
935098
936098
937098
938098
939098
940098
941098
942098
943098
944098
945098
946098
947098
948098
949098
950098
951098
952098
953098
954098
955098
956098
957098
958098
959098
960098
961098
962098
963098
964098
965098
966098
967098
968098
969098
970098
971098
972098
973098
974098
975098
976098
977098
978098
979098
980098
981098
982098
983098
984098
985098
986098
987098
988098
989098
990098
991098
992098
993098
994098
995098
996098
997098
998098
999098
1000098
1001098
1002098
1003098
1004098
1005098
1006098
1007098
1008098
1009098
1010098
1011098
1012098
1013098
1014098
1015098
1016098
1017098
1018098
1019098
1020098
1021098
1022098
1023098
1024098
1025098
1026098
1027098
1028098
1029098
1030098
1031098
1032098
1033098
1034098
1035098
1036098
1037098
1038098
1039098
1040098
1041098
1042098
1043098
1044098
1045098
1046098
1047098
1048098
1049098
1050098
1051098
1052098
1053098
1054098
1055098
1056098
1057098
1058098
1059098
1060098
1061098
1062098
1063098
1064098
1065098
1066098
1067098
1068098
1069098
1070098
1071098
1072098
1073098
1074098
1075098
1076098
1077098
1078098
1079098
1080098
1081098
1082098
1083098
1084098
1085098
1086098
1087098
1088098
1089098
1090098
1091098
1092098
1093098
1094098
1095098
1096098
1097098
1098098
1099098
1100098
1101098
1102098
1103098
1104098
1105098
1106098
1107098
1108098
1109098
1110098
1111098
1112098
1113098
1114098
1115098
1116098
1117098
1118098
1119098
1120098
1121098
1122098
1123098
1124098
1125098
1126098
1127098
1128098
1129098
1130098
1131098
1132098
1133098
1134098
1135098
1136098
1137098
1138098
1139098
1140098
1141098
1142098
1143098
1144098
1145098
1146098
1147098
1148098
1149098
1150098
1151098
1152098
1153098
1154098
1155098
1156098
1157098
1158098
1159098
1160098
1161098
1162098
1163098
1164098
1165098
1166098
1167098
1168098
1169098
1170098
1171098
1172098
1173098
1174098
1175098
1176098
1177098
1178098
1179098
1180098
1181098
1182098
1183098
1184098
1185098
1186098
1187098
1188098
1189098
1190098
1191098
1192098
1193098
1194098
1195098
1196098
1197098
1198098
1199098
1200098
1201098
1202098
1203098
1204098
1205098
1206098
1207098
1208098
1209098
1210098
1211098
1212098
1213098
1214098
1215098
1216098
1217098
1218098
1219098
1220098
1221098
1222098
1223098
1224098
1225098
1226098
1227098
1228098
1229098
1230098
1231098
1232098
1233098
1234098
1235098
1236098
1237098
1238098
1239098
1240098
1241098
1242098
1243098
1244098
1245098
1246098
1247098
1248098
1249098
1250098
1251098
1252098
1253098
1254098
1255098
1256098
1257098
1258098
1259098
1260098
1261098
1262098
1263098
1264098
1265098
1266098
1267098
1268098
1269098
1270098
1271098
1272098
1273098
1274098
1275098
1276098
1277098
1278098
1279098
1280098
1281098
1282098
1283098
1284098
1285098
1286098
1287098
1288098
1289098
1290098
1291098
1292098
1293098
1294098
1295098
1296098
1297098
1298098
1299098
1300098
1301098
1302098
1303098
1304098
1305098
1306098
1307098
1308098
1309098
1310098
1311098
1312098
1313098
1314098
1315098
1316098
1317098
1318098
1319098
1320098
1321098
1322098
1323098
1324098
1325098
1326098
1327098
1328098
1329098
1330098
1331098
1332098
1333098
1334098
1335098
1336098
1337098
1338098
1339098
1340098
1341098
1342098
1343098
1344098
1345098
1346098
1347098
1348098
1349098
1350098
1351098
1352098
1353098
1354098
1355098
1356098
1357098
1358098
1359098
1360098
1361098
1362098
1363098
1364098
1365098
1366098
1367098
1368098
1369098
1370098
1371098
1372098
1373098
1374098
1375098
1376098
1377098
1378098
1379098
1380098
1381098
1382098
1383098
1384098
1385098
1386098
1387098
1388098
1389098
1390098
1391098
1392098
1393098
1394098
1395098
1396098
1397098
1398098
1399098
1400098
1401098
1402098
1403098
1404098
1405098
1406098
1407098
1408098
1409098
1410098
1411098
1412098
1413098
1414098
1415098
1416098
1417098
1418098
1419098
1420098
1421098
1422098
1423098
1424098
1425098
1426098
1427098
1428098
1429098
1430098
1431098
1432098
1433098
1434098
1435098
1436098
1437098
1438098
1439098
1440098
1441098
1442098
1443098
1444098
1445098
1446098
1447098
1448098
1449098
1450098
1451098
1452098
1453098
1454098
1455098
1456098
1457098
1458098
1459098
1460098
1461098
1462098
1463098
1464098
1465098
1466098
1467098
1468098
1469098
1470098
1471098
1472098
1473098
1474098
1475098
1476098
1477098
1478098
1479098
1480098
1481098
1482098
1483098
1484098
1485098
1486098
1487098
1488098
1489098
1490098
1491098
1492098
1493098
1494098
1495098
1496098
1497098
1498098
1499098
1500098
1501098
1502098
1503098
1504098
1505098
1506098
1507098
1508098
1509098
1510098
1511098
1512098
1513098
1514098
1515098
1516098
1517098
1518098
1519098
1520098
1521098
1522098
1523098
1524098
1525098
1526098
1527098
1528098
1529098
1530098
1531098
1532098
1533098
1534098
1535098
1536098
1537098
1538098
1539098
1540098
1541098
1542098
1543098
1544098
1545098
1546098
1547098
1548098
1549098
1550098
1551098
1552098
1553098
1554098
1555098
1556098
1557098
1558098
1559098
1560098
1561098
1562098
1563098
1564098
1565098
1566098
1567098
1568098
1569098
1570098
1571098
1572098
1573098
1574098
1575098
1576098
1577098
1578098
1579098
1580098
1581098
1582098
1583098
1584098
1585098
1586098
1587098
1588098
1589098
1590098
1591098
1592098
1593098
1594098
1595098
1596098
1597098
1598098
1599098
1600098
1601098
1602098
1603098
1604098
1605098
1606098
1607098
1608098
1609098
1610098
1611098
1612098
1613098
1614098
1615098
1616098
1617098
1618098
1619098
1620098
1621098
1622098
1623098
1624098
1625098
1626098
1627098
1628098
1629098
1630098
1631098
1632098
1633098
1634098
1635098
1636098
1637098
1638098
1639098
1640098
1641098
1642098
1643098
1644098
1645098
1646098
1647098
1648098
1649098
1650098
1651098
1652098
1653098
1654098
1655098
1656098
1657098
1658098
1659098
1660098
1661098
1662098
1663098
1664098
1665098
1666098
1667098
1668098
1669098
1670098
1671098
1672098
1673098
1674098
1675098
1676098
1677098
1678098
1679098
1680098
1681098
1682098
1683098
1684098
1685098
1686098
1687098
1688098
1689098
1690098
1691098
1692098
1693098
1694098
1695098
1696098
1697098
1698098
1699098
1700098
1701098
1702098
1703098
1704098
1705098
1706098
1707098
1708098
1709098
1710098
1711098
1712098
1713098
1714098
1715098
1716098
1717098
1718098
1719098
1720098
1721098
1722098
1723098
1724098
1725098
1726098
1727098
1728098
1729098
1730098
1731098
1732098
1733098
1734098
1735098
1736098
1737098
1738098
1739098
1740098
1741098
1742098
1743098
1744098
1745098
1746098
1747098
1748098
1749098
1750098
1751098
1752098
1753098
1754098
1755098
1756098
1757098
1758098
1759098
1760098
1761098
1762098
1763098
1764098
1765098
1766098
1767098
1768098
1769098
1770098
1771098
1772098
1773098
1774098
1775098
1776098
1777098
1778098
1779098
1780098
1781098
1782098
1783098
1784098
1785098
1786098
1787098
1788098
1789098
1790098
1791098
1792098
1793098
1794098
1795098
1796098
1797098
1798098
1799098
800099
801099
802099
803099
804099
805099
806099
807099
808099
809099
810099
811099
812099
813099
814099
815099
816099
817099
818099
819099
820099
821099
822099
823099
824099
825099
826099
827099
828099
829099
830099
831099
832099
833099
834099
835099
836099
837099
838099
839099
840099
841099
842099
843099
844099
845099
846099
847099
848099
849099
850099
851099
852099
853099
854099
855099
856099
857099
858099
859099
860099
861099
862099
863099
864099
865099
866099
867099
868099
869099
870099
871099
872099
873099
874099
875099
876099
877099
878099
879099
880099
881099
882099
883099
884099
885099
886099
887099
888099
889099
890099
891099
892099
893099
894099
895099
896099
897099
898099
899099
900099
901099
902099
903099
904099
905099
906099
907099
908099
909099
910099
911099
912099
913099
914099
915099
916099
917099
918099
919099
920099
921099
922099
923099
924099
925099
926099
927099
928099
929099
930099
931099
932099
933099
934099
935099
936099
937099
938099
939099
940099
941099
942099
943099
944099
945099
946099
947099
948099
949099
950099
951099
952099
953099
954099
955099
956099
957099
958099
959099
960099
961099
962099
963099
964099
965099
966099
967099
968099
969099
970099
971099
972099
973099
974099
975099
976099
977099
978099
979099
980099
981099
982099
983099
984099
985099
986099
987099
988099
989099
990099
991099
992099
993099
994099
995099
996099
997099
998099
999099
1000099
1001099
1002099
1003099
1004099
1005099
1006099
1007099
1008099
1009099
1010099
1011099
1012099
1013099
1014099
1015099
1016099
1017099
1018099
1019099
1020099
1021099
1022099
1023099
1024099
1025099
1026099
1027099
1028099
1029099
1030099
1031099
1032099
1033099
1034099
1035099
1036099
1037099
1038099
1039099
1040099
1041099
1042099
1043099
1044099
1045099
1046099
1047099
1048099
1049099
1050099
1051099
1052099
1053099
1054099
1055099
1056099
1057099
1058099
1059099
1060099
1061099
1062099
1063099
1064099
1065099
1066099
1067099
1068099
1069099
1070099
1071099
1072099
1073099
1074099
1075099
1076099
1077099
1078099
1079099
1080099
1081099
1082099
1083099
1084099
1085099
1086099
1087099
1088099
1089099
1090099
1091099
1092099
1093099
1094099
1095099
1096099
1097099
1098099
1099099
1100099
1101099
1102099
1103099
1104099
1105099
1106099
1107099
1108099
1109099
1110099
1111099
1112099
1113099
1114099
1115099
1116099
1117099
1118099
1119099
1120099
1121099
1122099
1123099
1124099
1125099
1126099
1127099
1128099
1129099
1130099
1131099
1132099
1133099
1134099
1135099
1136099
1137099
1138099
1139099
1140099
1141099
1142099
1143099
1144099
1145099
1146099
1147099
1148099
1149099
1150099
1151099
1152099
1153099
1154099
1155099
1156099
1157099
1158099
1159099
1160099
1161099
1162099
1163099
1164099
1165099
1166099
1167099
1168099
1169099
1170099
1171099
1172099
1173099
1174099
1175099
1176099
1177099
1178099
1179099
1180099
1181099
1182099
1183099
1184099
1185099
1186099
1187099
1188099
1189099
1190099
1191099
1192099
1193099
1194099
1195099
1196099
1197099
1198099
1199099
1200099
1201099
1202099
1203099
1204099
1205099
1206099
1207099
1208099
1209099
1210099
1211099
1212099
1213099
1214099
1215099
1216099
1217099
1218099
1219099
1220099
1221099
1222099
1223099
1224099
1225099
1226099
1227099
1228099
1229099
1230099
1231099
1232099
1233099
1234099
1235099
1236099
1237099
1238099
1239099
1240099
1241099
1242099
1243099
1244099
1245099
1246099
1247099
1248099
1249099
1250099
1251099
1252099
1253099
1254099
1255099
1256099
1257099
1258099
1259099
1260099
1261099
1262099
1263099
1264099
1265099
1266099
1267099
1268099
1269099
1270099
1271099
1272099
1273099
1274099
1275099
1276099
1277099
1278099
1279099
1280099
1281099
1282099
1283099
1284099
1285099
1286099
1287099
1288099
1289099
1290099
1291099
1292099
1293099
1294099
1295099
1296099
1297099
1298099
1299099
1300099
1301099
1302099
1303099
1304099
1305099
1306099
1307099
1308099
1309099
1310099
1311099
1312099
1313099
1314099
1315099
1316099
1317099
1318099
1319099
1320099
1321099
1322099
1323099
1324099
1325099
1326099
1327099
1328099
1329099
1330099
1331099
1332099
1333099
1334099
1335099
1336099
1337099
1338099
1339099
1340099
1341099
1342099
1343099
1344099
1345099
1346099
1347099
1348099
1349099
1350099
1351099
1352099
1353099
1354099
1355099
1356099
1357099
1358099
1359099
1360099
1361099
1362099
1363099
1364099
1365099
1366099
1367099
1368099
1369099
1370099
1371099
1372099
1373099
1374099
1375099
1376099
1377099
1378099
1379099
1380099
1381099
1382099
1383099
1384099
1385099
1386099
1387099
1388099
1389099
1390099
1391099
1392099
1393099
1394099
1395099
1396099
1397099
1398099
1399099
1400099
1401099
1402099
1403099
1404099
1405099
1406099
1407099
1408099
1409099
1410099
1411099
1412099
1413099
1414099
1415099
1416099
1417099
1418099
1419099
1420099
1421099
1422099
1423099
1424099
1425099
1426099
1427099
1428099
1429099
1430099
1431099
1432099
1433099
1434099
1435099
1436099
1437099
1438099
1439099
1440099
1441099
1442099
1443099
1444099
1445099
1446099
1447099
1448099
1449099
1450099
1451099
1452099
1453099
1454099
1455099
1456099
1457099
1458099
1459099
1460099
1461099
1462099
1463099
1464099
1465099
1466099
1467099
1468099
1469099
1470099
1471099
1472099
1473099
1474099
1475099
1476099
1477099
1478099
1479099
1480099
1481099
1482099
1483099
1484099
1485099
1486099
1487099
1488099
1489099
1490099
1491099
1492099
1493099
1494099
1495099
1496099
1497099
1498099
1499099
1500099
1501099
1502099
1503099
1504099
1505099
1506099
1507099
1508099
1509099
1510099
1511099
1512099
1513099
1514099
1515099
1516099
1517099
1518099
1519099
1520099
1521099
1522099
1523099
1524099
1525099
1526099
1527099
1528099
1529099
1530099
1531099
1532099
1533099
1534099
1535099
1536099
1537099
1538099
1539099
1540099
1541099
1542099
1543099
1544099
1545099
1546099
1547099
1548099
1549099
1550099
1551099
1552099
1553099
1554099
1555099
1556099
1557099
1558099
1559099
1560099
1561099
1562099
1563099
1564099
1565099
1566099
1567099
1568099
1569099
1570099
1571099
1572099
1573099
1574099
1575099
1576099
1577099
1578099
1579099
1580099
1581099
1582099
1583099
1584099
1585099
1586099
1587099
1588099
1589099
1590099
1591099
1592099
1593099
1594099
1595099
1596099
1597099
1598099
1599099
1600099
1601099
1602099
1603099
1604099
1605099
1606099
1607099
1608099
1609099
1610099
1611099
1612099
1613099
1614099
1615099
1616099
1617099
1618099
1619099
1620099
1621099
1622099
1623099
1624099
1625099
1626099
1627099
1628099
1629099
1630099
1631099
1632099
1633099
1634099
1635099
1636099
1637099
1638099
1639099
1640099
1641099
1642099
1643099
1644099
1645099
1646099
1647099
1648099
1649099
1650099
1651099
1652099
1653099
1654099
1655099
1656099
1657099
1658099
1659099
1660099
1661099
1662099
1663099
1664099
1665099
1666099
1667099
1668099
1669099
1670099
1671099
1672099
1673099
1674099
1675099
1676099
1677099
1678099
1679099
1680099
1681099
1682099
1683099
1684099
1685099
1686099
1687099
1688099
1689099
1690099
1691099
1692099
1693099
1694099
1695099
1696099
1697099
1698099
1699099
1700099
1701099
1702099
1703099
1704099
1705099
1706099
1707099
1708099
1709099
1710099
1711099
1712099
1713099
1714099
1715099
1716099
1717099
1718099
1719099
1720099
1721099
1722099
1723099
1724099
1725099
1726099
1727099
1728099
1729099
1730099
1731099
1732099
1733099
1734099
1735099
1736099
1737099
1738099
1739099
1740099
1741099
1742099
1743099
1744099
1745099
1746099
1747099
1748099
1749099
1750099
1751099
1752099
1753099
1754099
1755099
1756099
1757099
1758099
1759099
1760099
1761099
1762099
1763099
1764099
1765099
1766099
1767099
1768099
1769099
1770099
1771099
1772099
1773099
1774099
1775099
1776099
1777099
1778099
1779099
1780099
1781099
1782099
1783099
1784099
1785099
1786099
1787099
1788099
1789099
1790099
1791099
1792099
1793099
1794099
1795099
1796099
1797099
1798099
1799099